-2.3704704157781893,-3.8043157596599926,0
2.3816349799558703,-3.7948936470016905,4
-1.0363092473737703,3.7965388589196953,2
0.8272563538792479,0.14702319858924354,3
-1.2507457274595344,-1.215484723866826,1
4.228856550200559,-2.538921967703565,4
-0.6534628957248072,3.6134583841022403,2
-0.1850976494212187,5.212129204233486,2
3.6110709051105707,-3.7664664310197877,4
0.2783486346446696,3.4907866374008654,2
0.5873916998060122,5.41418728833109,2
-0.8366555484593694,-1.7631675338727335,4
-0.88917371513135,0.562749322506393,1
0.6709112482768751,4.603790520277894,2
-4.252393444413119,-2.636368117375032,0
5.943048335268621,-2.2755089396182724,4
-1.8758872800139865,-2.052473537877142,0
2.2043448661741927,-1.600582073346117,4
-0.7165734884241052,4.809594435971886,2
-2.697364534760967,-3.754275850019358,0
-0.36234755754610226,4.7418222943901265,2
1.0454069955167244,-3.3103968037559692,4
-1.3155278055371222,0.1066500637608188,1
-3.275051697151644,-5.301921164735585,0
-4.189411892867328,-1.3573270467440366,0
1.81244683322496,-2.421090181930866,4
-2.075972980793099,-3.184902136442989,0
0.8080213437201191,-4.422234501506874,4
1.1734422766324448,3.7274552786381907,2
1.8921917608330678,3.116280859308937,2
-0.9006713825124801,3.0357999285767554,2
1.3254321090950785,2.5931849905024618,2
1.2554036094598964,4.945869643684146,2
3.1017883337073275,-2.6936524660679773,4
0.9324348709546673,3.5848997110366305,2
-0.2796810049156765,0.08421592190882818,1
3.3590550934803667,-1.6657708058273095,4
-1.1511537365528692,1.160921340514573,2
-1.9461978893145981,-0.48169466637050534,1
0.05920704066383953,-0.8954773620035957,3
-2.8132332355229215,-3.7553829323533225,0
0.07957353494216583,4.758824416163609,2
-2.4310169208147245,-1.371603376871462,0
-3.1156482823882405,-3.3011036955892887,0
-0.7961368031864954,3.049936502533873,2
-1.4194593134316265,-4.015094191827869,0
-4.3471262895296965,-3.9716140385106513,0
0.3344385148485215,5.478071898356444,2
5.45987198502938,-2.218502760539368,4
2.6415964244871115,-4.224999888660051,4
1.5486392950240366,4.320216577948829,2
-2.2410714102132347,-2.718808576030624,0
2.9818657564919184,-2.706715570995148,4
-2.1047495057190146,6.042177910534731,2
2.265189102465809,-4.399228259224631,4
-0.9116252952192725,-3.1395896281551736,0
1.8425842097845664,-4.980836470922634,4
5.824220426395203,-3.3542063885087883,4
4.536061181709528,-2.4024622941052716,4
-2.6062027017837486,-4.92767257934561,0
-2.6911669874010364,-1.297785055364762,0
-0.6143231440962944,3.290211007766465,2
3.3097267791360023,-2.524248008168468,4
-0.16494068037213272,-1.4309433053703493,3
-3.8222203955664313,-2.7563127885080876,0
-2.8089009319800966,-2.953563451843851,0
0.6962865633487983,-0.10770874492348809,3
-3.9993022322949106,-3.5047749212282175,0
-3.6248185776956787,-2.973908949789166,0
3.5446245744993385,-2.550566484052738,4
-3.0194196058877325,-3.3031797828342753,0
0.03754184148682145,5.091805339074646,2
3.268413273694562,-2.749048979287957,4
-3.6006386899188048,-3.291693749793277,0
1.7939776285918811,-3.8859707338977767,4
2.8848116712235212,-4.183085515249765,4
0.015182942540433121,3.025193424077158,2
0.550350407825816,0.20265965943276082,3
-1.3639020329294438,0.2735425171024216,1
0.39542098538803816,3.042431044984788,2
-0.8786027221463188,0.9791141394534653,1
0.44477380783159476,3.174346317197858,2
0.612332214002512,3.0214116100113455,2
0.1949319813228403,-0.49923678290991397,1
-1.3569355696995753,4.223153054747697,2
3.272236725327388,-3.0572704108221025,4
0.779677639472951,0.17253834310039687,3
2.8965372101530766,-3.4895706470306718,4
4.575875809501969,-3.0477992503847897,4
-0.37920690897002496,-4.111967025774163,0
-4.222127808891946,-2.287001569827612,0
-1.8126139484352488,-0.4104363579813861,0
2.178562173991662,4.194333463338233,2
3.5870575345945355,-2.9934513421954607,4
0.20475888240178416,4.7658782794806145,2
-3.440044486696984,-2.8692594227139088,0
-3.7848983130822402,-2.3517195661561408,0
-0.05592044852221312,4.337957528232118,2
-2.02480237021757,-2.4989058300601545,0
-3.835142901630023,-0.9104612783052266,0
4.056724911280418,-2.0331928957494556,4
3.9049620414942,-3.225806749076042,4
0.32208231076698546,3.988907996051398,2
4.966916962508254,-3.039144026968342,4
-0.9528537821685101,-1.2772404566488873,1
-4.072743025739807,-2.7607531358888506,0
-2.2216389238333623,-3.5511857163285336,0
-2.8551121669031088,-2.9760969567150446,0
-4.070892498061112,-2.517527584756815,0
-0.29737607924310644,3.753616597485452,2
3.281230492218604,-1.510400590552351,4
-3.3540407109410237,-3.573601772896901,0
1.315508290940104,4.210496298921504,2
3.776228504724106,-3.483933444951233,4
-3.128537511438931,-4.881849045497639,0
-2.31794793428738,-1.5127538446640727,0
-2.829134561872058,-3.183983336352679,0
-5.211861911329507,-1.4665662987036745,0
4.495458245242957,-3.284625504253679,4
-0.8290572825021862,-3.1758858124323366,0
-0.29424250563645765,5.356583385827982,2
-3.186871644161359,-3.439731058274175,0
0.543047280978268,-0.18360837261444532,3
3.0199954862064193,-3.3998267342865267,4
0.03175945658145075,4.075673540613386,2
0.5764513451224227,2.4914440317871436,2
1.0908444343748664,-0.17561127538516616,3
1.643378155804534,4.360647891435795,2
-3.718444221252436,-3.213447151711847,0
-2.981581620810448,-1.3235626877247173,0
-3.6056155397368643,-1.1739902864530638,0
-2.7576692140013606,1.2317832147009977,1
1.592669998282884,4.019344070811754,2
-4.4075116947178214,-3.7778166875908754,0
4.420184938781949,-2.4078860997150815,4
-5.067442100039877,-3.0891200395127885,0
1.9740351825192222,-2.392710984898307,4
3.4096853437465495,-3.5969935884209323,4
-0.14888119291117807,-1.4926851939210477,1
-0.1683004231716427,4.599103331863595,2
-2.9511399296742957,-2.959408308796118,0
4.744861406623493,-0.595162457746027,4
3.3120621317267385,-2.1417295698181285,4
4.209230647223938,-3.024286495670026,4
4.26084951999931,-2.383336023528882,4
0.9259751007146168,3.908924139646973,2
-0.07022036151761657,1.4777220825120496,2
-0.8807540896027302,5.798725018351312,2
-2.929947836886819,-1.8381216973918095,0
-1.2395622860802396,2.4971293913176105,2
0.3383574419359596,3.007421993271177,2
-0.12373268009975662,4.457805609925785,2
2.8803410975268497,-1.4857192642795163,4
0.07450959382677262,5.025632113872582,2
-1.216896710340167,5.3633765135383396,2
-2.7034244548592383,-2.5368152047324153,0
-2.5851344996380896,-2.5367114698818938,0
-3.0349884904969615,-1.22919936436449,0
-2.6325183345256957,-3.313529686172398,0
4.304834763319329,-2.864823758657331,4
3.9140771642240337,-3.9870461789363154,4
-3.4367197360405957,-3.0661326146258223,0
0.4975565648107052,-1.2641334687756485,3
-3.6373077470287947,-2.541613296448516,0
-2.314492261209796,-1.1513911667035885,0
-2.8189784412962933,-4.296831947955846,0
-0.21415031071118876,4.837154486331384,2
-2.831539023730386,-1.6824024643920403,0
1.2294599894155211,-0.7872979207173106,3
-3.772877667823609,-2.592947712875465,0
-1.382787425031376,-2.895644062476787,0
-3.033612564703713,-2.5452590878588657,0
-3.0660797986473165,-4.211016199762456,0
-1.443604262169765,3.517090160539482,2
-3.264656833237956,-0.2798308334103812,0
3.4607972436159673,-4.522334318281744,4
0.5861658003927833,3.5875861817835197,2
-4.328186048898431,-2.8031387641308765,0
-2.2905481828609604,-3.4354863705698433,0
3.054051662846001,-2.8744514133488517,4
1.897767016745977,3.0521072827310136,2
0.5101243612500749,3.350635180386119,2
-3.9824873935383094,-3.2246331499970244,0
1.9424853297065685,-2.3766576993251713,4
0.990166238959289,3.7828689250537977,2
3.1487806348073053,-3.1712563048249347,4
3.6312243569717833,-4.151226657507144,4
2.300399191297636,-3.2093756133119133,4
-2.6808254895808195,-1.6595495539768554,0
-0.41294673278317895,0.3132855275603615,1
3.5587238369444854,-3.1564773761231586,4
-3.643549832317462,-1.9700391824188388,0
2.6336583228622423,-2.823237896749736,4
-0.6011265526688468,5.165916520255223,2
-2.367218133893715,-0.7293071421956041,0
3.733179317422558,-1.621857319502387,4
-3.562168026578302,-3.2092218737445277,0
0.8080361894020714,3.1519344019694913,2
-3.4070363129267807,-2.313681543043299,0
3.501900233700672,-3.0288166015886233,4
-4.556629173523904,-2.39399004865436,0
-3.5736620068802365,-3.546858941240392,0
-1.8194944932492634,-0.08938158586037814,1
5.111296334099585,-3.860565403813887,4
-2.333687499090788,-2.537408707146049,0
-2.668736568596436,-2.024454872877641,0
-3.223462785325851,-2.285999505907908,0
3.1902232218448936,-3.3796244966768336,4
-0.7717719573928751,5.609520665775973,2
1.5487737010988416,-3.9242684025950716,4
1.2949855848169558,4.544220352340347,2
0.46795042213185173,2.829719293603225,2
2.717759408076771,-1.9492257095278867,4
1.7120402840178925,2.2523634901717386,2
-1.6270049208667487,6.022590230569481,2
3.8515910458931972,-3.9096804393124756,4
2.415599023403969,-0.5476300871312763,4
-2.0346025154088294,-1.7638692781937821,0
-3.5466800845872655,-3.271655110326053,0
3.4283529137714486,-2.6081712922838984,4
-2.1048067799722676,-2.3648281983180306,0
-2.380845738994802,-0.9425045302883013,0
2.679216138148001,-4.3620433708547575,4
2.569572301199284,-0.9915269890183005,4
-2.1515691177947156,-5.246889333984605,0
-1.4768759227303427,-2.4610899563153414,0
-3.1032547601490474,-4.643188811154167,0
0.6214926695254862,-0.17872008297411673,3
1.029413100955326,4.7967019270707425,2
1.6533096371785305,4.623087347889095,2
0.8435546229949673,-3.371257370670394,4
-2.615934551060693,-3.032694748094093,0
-2.23391972161531,-1.7730667761156924,0
-3.045586016355498,-2.7566605506773083,0
3.2488939691332566,-3.3911563722528424,4
2.806390488964492,-2.25541360152687,4
0.7453607240778758,4.09352349643861,2
2.462021471178045,-2.5335554031597387,4
-0.3918767653868664,2.982235690923047,2
-0.23644883673585937,3.8803803756312285,2
-3.546244448252483,-2.6081959945974535,0
-1.57725186390006,-2.0737845977584075,0
-2.6658235827551024,-3.1552590488247487,0
2.397375695385443,-2.9982169588953913,4
4.6000978468204785,-1.4716684365137545,4
-0.6994145401232875,4.161698526704753,2
0.7814300340489004,-0.5812222206865365,4
-0.2563406783724922,3.4619522415098616,2
2.1996645938346964,-3.4989872559791118,4
2.5510916126869936,-3.4061103570234033,4
1.1400678464951604,3.16290986638496,2
0.5859042011646491,3.263229864052378,2
2.6145067590876416,-5.071377179338157,4
4.101737861786209,-2.5080065131635036,4
0.33011379047094364,3.1859893307084444,2
-0.4432634648179029,3.7114248828458987,2
-0.07651511992966165,0.6498871275964406,3
-2.7550334288912772,-3.5069431753711298,0
-2.3779300096939515,-1.6710666804645904,0
-2.777866228366287,-3.4787486216634775,0
-3.6047446645382126,-5.20556605709907,0
-2.756199286228801,-3.5640786307367285,0
-3.5893647569442115,-2.1503979029789755,0
0.8307245338396533,0.7384217429906821,3
4.495571736482426,-1.721565042034285,4
0.6870657958589163,5.466540859278603,2
0.750872779401332,4.6544310271056215,2
2.3439027639943584,-1.7307443281013795,4
-0.9951484818533795,3.8184968378643327,2
-0.11348064588214118,4.221558473624211,2
-3.0548940006162866,-2.714445925142343,0
-2.8664590952177176,-3.152469836380544,0
-1.6622018971182215,-0.1984735345965344,1
-1.2077593925433523,4.809112790731379,2
-3.114539845252618,-1.7621836880265382,0
-3.2293907440680276,-3.0434769498138623,0
-1.3805987058996512,3.563844558492515,2
-0.02549412858519966,3.7828411928631436,2
3.7032538280959475,-4.773775132202519,4
1.1249325453032408,2.257228026118959,2
2.3378277453883,3.13924319829818,2
-0.856348518281204,3.388366263305441,2
0.7841464163534985,3.1019727736755414,2
2.0604348327460418,-4.808295328499515,4
-4.19363683175648,-2.0808458263899983,0
-5.604213856627134,-2.8010518532035054,0
1.082651113989701,-4.471126405373518,4
3.8931883472072517,-2.358105877141362,4
-2.8804196315858466,-3.9730689408815554,0
1.689188933651679,5.6699227814046385,2
-2.9672030045884137,-3.7584953347000694,0
0.5148835960763722,4.819925252635234,2
2.8070186322393105,-4.782115081984829,4
0.7310006267854814,4.538434957216452,2
-3.248691126183547,-1.3926544239800074,0
-2.7193635955098636,-1.2413795158048666,0
2.348557450136319,-4.866700586803942,4
-0.44594371386116016,4.113140457053023,2
1.94529554503408,-3.067230307196131,4
-2.18648278263033,-4.230864316433955,0
-4.615131815905509,-1.8352606455428286,0
-1.0548397345054688,-0.04852709871927678,1
2.456579570223483,-1.7361440609036116,4
0.3374820747263991,3.736692193122084,2
0.93511660576515,0.667260371532803,3
1.2445651603552557,6.2314989110277486,2
-1.406813373360603,-3.5112156764311853,0
0.4306283033387931,-0.5441417248332365,3
2.3588350706031496,-3.2650649968885794,4
2.160015848628614,0.15405047919707254,3
-0.2194122585790308,-0.7929334719066305,3
2.0190532729866306,-3.7708136306140894,4
-0.4235985817281771,2.634382595809851,2
-1.8756466401294973,-3.3340772309799407,0
-2.3921034902834606,-2.8133908768436418,0
-2.243211320013018,-2.387531205986398,0
2.349343378663805,-3.3266475631886117,4
3.8096575301482414,-2.7692882509250376,4
-2.0011595553269172,0.6352371179303273,1
-1.0455294856740531,3.973739206730148,2
-1.056032115339969,-0.3175992674690225,1
-0.6074722876203072,3.595638007309977,2
1.6537219498459843,1.419244663199984,3
0.6569608983481592,-3.614038161549411,4
0.29523257504060313,3.7617663249443827,2
1.6290399326881246,-0.04864026326125028,3
4.187077678741756,-3.9647897376296855,4
-1.7729845704781226,0.17562928928511204,1
-4.379319228014527,-3.730930039941919,0
-3.319053935666618,-3.796025856803489,0
-3.379127740987487,-3.203580360102362,0
3.068906133120972,-3.132604078240497,4
2.161499383616048,-3.7424867777695994,4
4.230460047759975,-2.4725191669722695,4
2.613887223913858,-1.9847791081856947,4
-3.4700421477595014,-2.7341217703479517,0
1.1818910929599615,4.480908092748895,2
-0.3348029874445019,2.206078886808037,2
2.7162932716352683,-1.8095250148065178,4
4.031653774575175,-4.408919102690525,4
1.8413967363405148,-4.815648975878817,4
-2.257904627990693,-2.700707419593508,0
-1.5073114310404783,-3.271123601042569,0
-3.6353623888256292,-4.189666659090362,0
2.095843501809159,5.5944423917491966,2
-3.5305011476105275,-3.57581824064468,0
-2.586565096776299,-1.123204187441934,0
-0.22159969438503932,2.5590183654750813,2
-3.362440941403132,-4.119669894626144,0
-0.3707757241500619,0.9932442678529771,1
-1.5674476364180685,0.3649477150109811,1
-2.6422126396517167,-2.4392154736317657,0
0.2731184342936442,3.0017877414885947,2
-1.9819644857387133,2.500818798042302,2
2.0668809113138584,-2.3265272038417693,4
-1.8311448783383502,2.7715561687342376,2
-1.2611003362024211,-2.0211419492182046,0
-0.0681234251679531,4.363970630852738,2
0.5680062800668365,-0.5544376844046393,3
0.3019609001717647,3.452592477233127,2
1.231449980909017,0.4215959990995835,3
-0.6108576398050658,4.504483256383017,2
1.221294945685148,4.133958380580236,2
-1.4411820764091714,0.4328875942544059,1
2.806917925993387,-1.949680447723645,4
-1.8996702808588812,3.871736519516169,2
-3.4876062240724934,-3.432558187819621,0
3.188073356991773,-3.851180482447485,4
0.9868859515347258,0.42433882428256603,3
-0.17529452990401284,4.399317601719131,2
-0.26864575330974255,2.1636402162296027,2
-2.7108313560921817,-0.5446998600891058,0
1.9314792459175611,-2.6545858183561464,4
-3.2453881160028706,-3.7537361643574894,0
1.8905444445537802,-1.2872885887237273,4
-3.2234659823718523,-3.3493167961181975,0
-2.67325523539768,-2.6995256403891714,0
-0.7734558440334302,5.898734981355239,2
3.97048845961338,-4.258264629367288,4
-1.8800711143694062,-0.300841288131382,1
2.5685443554401153,-5.120087215120174,4
2.9758708895450265,-2.4893993095896865,4
-0.3009803123932219,3.3685629725168167,2
-4.0003313246055745,-3.6777449705248513,0
1.2000219107565269,-1.495686299637212,3
0.6291037307898235,0.5391070227309387,3
0.3576613666310894,4.064505972862571,2
-0.6003856928711058,4.139653689565351,2
-2.375880182947845,-2.37165449073572,0
-5.0841129394985884,-1.2753033502388915,0
1.2201248917918326,-1.9358292976589562,4
3.1144760588187794,-3.1085278425648477,4
0.7426115695765482,0.5788619365814673,3
-3.3583401520212224,-3.647541805635159,0
1.959837254744675,4.4506130494313885,2
4.311162296603617,-2.135930017861053,4
-1.722335104211575,-3.59157138883583,0
1.3931812579349059,4.839349114231602,2
-1.5428032182428997,3.8393688804745056,2
-0.427058995923997,0.1155909195888148,3
-3.186896158161985,-4.63047324371514,0
2.184096733380456,4.570507208354516,2
-3.0985881322842617,-2.9811503770551524,0
1.5544818522546766,-2.6380857292694735,4
2.5001275695891483,-2.4569677207103475,4
-0.7493576894227776,3.778463402416262,2
2.3270946679905986,-2.3371589069783676,4
-1.7442438744264792,-3.894607302219504,0
2.942163387622406,-1.8722119728883542,4
-0.9384964233636022,-1.7916337694068576,0
3.6469045232565658,-3.6844404020861825,4
0.491445510894402,3.7709189690782905,2
-4.592993733531669,-2.559525262039601,0
-1.497642947903972,-2.925905219580225,0
0.1680153405325285,4.9452115346114836,2
3.3624498815945265,-3.5098939528656325,4
0.058370290817895645,3.396141068763045,2
-1.1706307897639057,0.9543492435707102,1
0.4879027119631951,-0.40166214818009427,3
2.8261261796854136,-1.6614078617043933,4
-3.6690727386599167,-1.9600953126039236,0
4.734041954422619,-2.615790778350538,4
-1.275454186131395,-0.4167602214978868,1
3.3857108405314524,-3.809890099089408,4
-3.7925207384327004,-3.114736441466899,0
-2.6235904739024836,-3.9020515543575103,0
1.3902553275119895,5.787346414429825,2
0.8422973270139027,4.023195978557375,2
-0.26265952031616774,3.663613054588864,2
-3.294949678292028,-1.7522579273262662,0
4.410692320420894,-3.3097108118065726,4
3.9792597442869626,-3.2496555382189194,4
3.8918630221607486,-4.113294834114631,4
-3.717918890747602,-3.2305246251802506,0
2.781994368878876,-3.031261414154246,4
-2.648551792458417,-1.9298497616835726,0
-2.1706611184231748,0.0861527619030961,1
-1.3345255555374234,-1.9856299349818696,0
3.489178350637794,-4.179776749374509,4
-2.1131126099026996,-3.420761793681053,0
-2.1705944188165107,-5.211135309007885,0
-1.3481770454274902,4.0156822364716245,2
-2.916173372070639,-1.5895408547964962,0
0.7519457376181352,0.019437728210147238,3
2.6621222245261933,-2.997768377837598,4
-1.5427686249962598,0.7036541071604668,1
-2.4036686011005304,5.3924559414830675,2
1.5396975647907774,-2.8120582235672433,4
0.8425138964550043,4.754958766141964,2
-1.8739497492278319,-3.051393723588486,0
1.9530782498930939,-2.3220300291034714,4
0.20084509311570958,4.100791072644807,2
2.673464147465429,-4.170924893807454,4
-2.484952313693952,0.8527314906547212,0
5.53036966864169,-3.2278925587658343,4
3.8687983383055493,-2.976895653999269,4
-0.7406422296195068,0.28202651242092125,1
1.9903437779397086,-0.3775272897176654,3
4.493003104443203,-3.1601301395979373,4
2.805508515135224,-2.3341221762936097,4
2.5634851367344567,-1.9283196261094102,4
-0.023050556085466193,5.278575167939374,2
1.2907584241224281,6.587908973530684,2
1.4306104046253163,-3.6368823889389574,4
-3.966976143129213,-3.04771135614198,0
-2.267359922784421,-3.0807165801085823,0
3.039713821719635,-4.422876907811554,4
-2.0016891018520395,-3.4316203127180485,0
-1.4961588131646497,3.0817878334902087,2
2.5446575768546875,-3.353858962820104,4
2.0578111770977623,2.561588833205441,2
-3.7859894605079494,-4.3312329535577785,0
-0.7083782263494178,-0.9283823933630193,1
-0.917976104610736,5.731169631767299,2
0.3418749523696084,0.49323964681951643,3
2.369857169857653,-2.42595806911597,4
-3.8323555731042287,-2.528584443613596,0
-3.9273531341905743,-2.761631017265215,0
2.7854623354820363,-6.601085104459518,4
0.22907468820570256,5.074318012715562,2
-4.193925006399056,-2.857056905236293,0
-3.529760203767039,-2.486732566886644,0
0.1351903409873859,3.6737662955586403,2
1.3227444668851356,3.8308773143571835,2
0.3733485597113982,4.312378210466572,2
-3.3357846992901283,-1.330978474710607,0
0.45096263477647686,5.006730071227064,2
-3.0265212592490602,-3.881874651227718,0
1.0100537301788752,-2.66762316648039,4
-0.9849931258170151,4.198680009547407,2
3.1175886298872024,-2.8485926039279814,4
0.1263141994832002,3.530869145789591,2
4.0271510358931515,-2.1916404503342917,4
-0.43229517910733023,5.272714733971265,2
0.9788895585567792,2.6282568707364944,2
-0.8063769291180498,4.075694940005094,2
-0.6866496183893329,-0.05874914786574243,1
3.197675566954245,-5.521604801462043,4
4.153502849781544,-1.8374263318121598,4
1.7152722335825328,-3.3310243342080805,4
1.5273783838423907,0.2883651560084084,3
3.4223247974498747,-4.128634514379208,4
3.975200541684766,-2.6307362223500954,4
2.9650584995413674,-3.9073265593722657,4
-2.1943824698200243,5.59947094011379,2
0.957993941480019,4.663545618498435,2
2.9634199601231543,-4.7378046158465,4
3.4448958950098842,-2.149280605539353,4
2.79931478162467,-3.4046958568633263,4
-0.7404901063321585,4.864824438491011,2
0.9596335210518793,-0.6447966236597178,3
-0.09294420661358828,3.76049807797825,2
1.898713510160172,-2.2678487739452646,4
3.4966346149798953,-2.3648999884020747,4
-4.04691098268194,-2.463347247472714,0
2.9806816957281645,-2.8983699464665755,4
3.4287612588807637,-2.2295364043127734,4
-2.1308454075031036,-3.4555395260238706,0
-1.803368513354349,-3.609782904319382,0
0.5907443355103258,3.7798862687451713,2
3.187107100125092,-2.6115753863224938,4
-3.4293022245172597,-3.692420979873856,0
-0.16270370156909178,3.128806969992369,2
0.4011432233385789,-1.0525709116934994,3
-2.1768294160380854,-2.926682032811596,0
-0.3883469383011584,3.694380888931687,2
0.8396638644311888,2.6424824601580648,2
-3.8604133652839523,-3.3845555442298254,0
2.285804232750946,-0.2818586786022821,3
-3.622649361734452,-2.8053925447627575,0
2.6105964384746234,-1.6441946605684987,4
1.6087808557343735,4.828229690184623,2
-0.0809173376626882,0.8295742641219443,2
-1.095863410426993,-1.3740410846379367,0
3.3144445908748525,-3.3589583851794136,4
3.3429263773213425,-1.7565308716540364,4
4.052211155957059,-2.902565889702697,4
2.766102199546406,-3.196093210676938,4
0.16429476537056906,6.1962231421528,2
-1.426018117120452,4.393873218164743,2
-0.6982618487513923,4.124175684744613,2
1.5057364709337613,-2.8191288885175676,4
-2.9718188426308716,-3.0091189966442036,0
0.8139808601977412,4.128617450404967,2
-0.14037505890533644,4.307612668189196,2
0.06364906149651771,3.6282209884765115,2
3.7399440513793163,-1.3202526177784708,4
-1.181981996068219,4.995973678846446,2
-2.0738224524683586,-1.0905833595298695,0
0.1386451837100845,2.9138737008185904,2
-0.35084943007647457,1.7816522399489187,2
-3.25617975249538,-3.241497445870779,0
1.813407698515423,3.657121138442436,2
1.4023802708315436,-1.5098624779001588,4
-4.180812815308845,-1.885678305331128,0
-0.8050951810305088,4.188475761018103,2
2.576166461793517,-3.765611157030188,4
0.0011099446872931465,2.4555661517517557,2
3.9481429504720493,-3.305954431531592,4
4.194214483013992,-1.6988979369759072,4
-1.9624600557421008,-3.510016398854747,0
-0.8561698406617501,4.035566074032993,2
1.0973001875437087,2.4343519683944037,2
-0.8927875154918841,4.513614464231097,2
2.1461769124956227,-3.6431833420270303,4
0.4217800742508709,5.310191908080897,2
2.6604698433340133,-2.039067821391739,4
2.602451303454222,-4.384518019424997,4
-2.0351483669025425,-1.3844171764517683,0
-2.149102037832028,-3.137371788399397,0
3.65863195279051,-2.7678054953576723,4
3.318808339628256,-3.020921037383077,4
-3.2297996305751937,-3.851406434260314,0
1.4285800016616996,-3.9323712431819873,4
-0.7114621940837048,3.6155431210229083,2
3.3051508358749726,-1.8519091336025673,4
-2.706927526701319,-3.714351418026368,0
-2.9279631387162555,-3.212208969901152,0
1.0645700402861937,-3.5491589417637766,4
-2.703879722935424,-2.738944727820111,0
1.1013301648895504,4.7163400805404105,2
2.7848036764398194,-1.8566018928504473,4
2.618368904586789,-2.2598743358947555,4
-0.009288561567815747,4.306981072686238,2
-0.02230028371805305,3.3111144574245945,2
-3.4830610516834395,-2.853206988014451,0
2.1567016887150476,-2.2979696763326736,4
-5.153342919871244,-1.9028472882463043,0
1.9483426447898131,5.0251091525817735,2
-3.023552150874238,-3.1743542579028357,0
5.12099356584511,-2.0221524353456686,4
0.22668424849459717,3.4384422536693746,2
4.104997201804414,-3.377531148559825,4
0.6662696720435232,4.577978523639557,2
1.4469647221601794,-4.403558629563663,4
-4.021232817130713,-2.2916435527006467,0
-0.3432059268430377,1.914207561094996,2
3.380826418345254,-1.6572781386488145,4
0.521449399059529,5.33696907355596,2
3.291378984815946,-2.9678149129631604,4
0.9513062442994834,4.526897923665794,2
4.515413815348209,-1.8535128412669617,4
4.346571662610296,-1.5563296808337617,4
2.027172107417043,-3.037563509366191,4
1.8227735825487896,-2.531459838453931,4
4.143361530205828,-2.8151413459396353,4
-4.17011302605936,-4.80198043758002,0
-2.4160718146740363,-3.3592920907870596,0
-1.3833407769716104,4.901728697140274,2
2.497415126419854,4.046006386736341,2
-1.941858659379406,3.9961958663292005,2
1.4697208640702124,-3.1224359897473977,4
-0.6931002547828832,1.1610924240361375,1
-0.34406395670422657,3.625465849249749,2
-2.775315274248114,-2.0674091681269102,0
-0.34516470544979644,4.489254535076328,2
-0.9258899038911499,3.8863333109185647,2
-3.1891203907770334,-2.0783498880755404,0
0.5141650985396297,0.1126802028255132,3
0.8731665122007346,-2.968378026089752,4
2.046750322045149,0.5159001368804746,3
2.132024577471668,-3.2135932422050426,4
-0.8208789224096867,3.5731958050647425,2
1.512138296509377,-4.1251861017311615,4
-2.923178108939745,-4.28299222418857,0
1.3510157524870003,2.4874710347011244,2
-4.598124351883747,-2.5378273339180573,0
-1.5776395391707674,-0.12396676781762798,1
0.14945608966330953,4.770750209618788,2
0.993782214530439,5.3739143852114495,2
-0.7051423283678802,0.34185621431918817,1
-1.7880560146135995,-2.738749468766144,0
-0.8147560028235481,4.176150451887692,2
3.386586229905192,-1.6407024006351942,4
-1.5803969954863628,-3.600423565738705,0
-3.5449190868089495,-2.600863885647929,0
-4.778720248904278,-1.503955688510817,0
1.618787639660868,4.415826629455343,2
-1.0663992211343976,-0.5379853363891248,1
3.8364841379649413,-4.067722577038545,4
4.4364295195588666,-3.7039163254155447,4
-3.465805569118163,-3.1508377115666955,0
-1.3000426254236195,-1.9284568477651143,0
1.167509822986446,3.276035269532213,2
1.2495049007061587,2.6672226025203503,2
2.958751871020797,-0.8408788453967082,4
-0.6786430612941032,3.68176247225738,2
-3.9746816702273216,-2.212915396257548,0
-0.45763324933761523,4.185688580418739,2
-0.0070449854805546995,3.7843904214319775,2
-2.0809235170122315,-3.290274544188651,0
1.9956621737060936,-2.8731753148650383,4
-0.20252422706483003,3.471702953337021,2
3.313723182896907,-4.4846047919196526,4
-2.8313453280332723,-2.558059350430591,0
1.4744282919389162,-4.154163384779541,4
1.9222792542083984,-2.6568414458025833,4
-3.3080342841857413,-2.22033946773066,0
2.3026357720838293,-1.8618496690323816,4
-2.5179332726646138,-2.6312668526824803,0
-2.0678084357396154,-3.236555287218946,0
-3.6255627015095295,-2.604196466562591,0
-0.33524408186802673,2.6589352866984313,2
3.6823387820596594,-2.0534229964266135,4
-1.776916932904675,-3.258854400369832,0
-3.926930471578083,-3.0595253560618,0
-4.594427658794367,-3.599375022953773,0
-3.7924199209999614,-3.3079615296390403,0
-3.4606387709597874,-1.9428777737810843,0
-3.3216350512173825,-0.9232520164391591,0
-0.27999330187447974,2.720969263780214,2
2.294462052721539,-3.8460396726276347,4
1.8434447829326637,-1.7187613464770197,4
-3.3609661658190797,-1.840670196635752,0
2.3664104845061873,-4.9062366200893806,4
-3.100154076479953,-3.203673750176966,0
-2.304211935943967,3.6389907767474305,2
-3.9637589262106108,-3.957150914895043,0
-2.4537157519963007,-2.9935777301890623,0
-0.8648415296514703,0.4156336530701156,1
0.31996519114516303,2.5930565994868306,2
-1.534351231078446,-3.225776300486536,0
-4.225765663002341,-4.46437488020982,0
-0.7717408145967823,3.502038153182158,2
-2.605547857621703,-3.420984480820263,0
-0.8857456660449654,0.26953123277102053,1
3.158093898576786,-2.966556532026849,4
-3.822419932382201,-1.8789693326755286,0
2.8288206302036008,-3.066112393952007,4
1.4111740508265807,0.8412055955514731,3
3.0030601167385726,-2.4153770475132594,4
0.1909165241437107,3.963669391957658,2
-1.366568467698904,-4.146345393018688,0
-1.4377614818844457,0.21685039036386172,1
-3.4653104567800534,-3.1059483543041355,0
1.5927065565075975,-4.298103903687158,4
1.534482101794515,5.122374218703159,2
-1.4966016982328494,-2.1226377094243287,0
-0.3807634038618044,2.730534733987187,2
-2.4353123317828884,4.684163208608955,2
3.516396667786579,-4.245051223503995,4
0.7007006121205837,6.814654444472553,2
-0.6080061429373236,2.985520273292586,2
0.5720062783004729,3.2952715643891164,2
2.374083982315398,-3.9782549380604775,4
2.9356579023277782,2.9266719677771045,2
-2.8201058488465214,-1.6079977136554007,0
-3.476220873544659,-2.1256108192872727,0
0.7556658387443146,3.7781117287077315,2
-0.9511843703879561,3.6581781797538646,2
0.07215323682176132,4.738237230816162,2
-2.1218450198172523,-0.23311246510980554,1
3.418704578292368,-3.013973228476073,4
2.549631808743332,-2.593152364860217,4
3.2811920179102754,-1.1674387596439875,4
3.220189314205133,-1.9676106018736033,4
0.9573048225935312,3.8939093646585796,2
2.1858467434023963,-4.165201999965289,4
4.313782176571808,-3.0154716407267395,4
2.425513294583724,-2.1282974144011866,4
0.1799143695464168,4.837830535229481,2
4.607915061119158,-1.6465463523787969,4
0.05586393984449697,3.6903502860119386,2
-3.5245202662797737,-2.510625438772082,0
4.807630805670685,-1.3585713722776855,4
0.5045003360571715,1.1078375523595487,3
-0.986612752473377,-2.8634646689172625,0
-0.6966464548984752,0.8934678649969737,1
3.5105353784512365,-2.798261345203956,4
4.46644239118858,-4.409215798024514,4
0.18497057507315626,4.452756352076695,2
-0.856498237409199,4.097670376748336,2
-1.0129388883005588,-3.5309708978119643,0
0.8524686434329506,2.770816402199584,2
-0.5703140677864661,2.820891785637152,2
1.1170165533282734,-4.523597810668167,4
-3.6292633936927885,-1.4662722900835008,0
1.3477573226465103,-2.0330433546551836,4
0.43494103836789866,3.6060133187568795,2
4.6053559623618066,-1.77606365576211,4
-3.088282048351255,-0.42029066234568146,0
1.8902498721117258,-2.6767528124664377,4
2.7973942270819263,-2.019995763866106,4
-1.2719190011127228,4.211396567470659,2
3.938957178234851,-4.529774080109336,4
0.5232231857370332,2.779679310056024,2
1.146030144142065,3.2226285151540934,2
1.034718428456054,-0.15935557995744684,3
-2.526762375426455,-3.0728289126568726,0
-4.091933900395313,-2.1097524991634913,0
0.1996104184027828,5.094179547521476,2
-0.045254301964336476,2.766898694985145,2
3.3602260370774286,-2.458678705991722,4
-1.8512342996278965,-4.7397137787781,0
-2.3166710071889307,-3.2093138195793616,0
0.8503782248965113,-0.6978255901707611,3
3.138078408417547,-4.886128703951027,4
0.18932830729237413,4.297244273380124,2
0.3896045240919878,1.779578991064874,2
-1.176962112769968,5.820543907941816,2
0.242882013150275,1.9179012968110127,2
1.0126556487103524,-0.6786403413015526,3
-2.13039407989434,-1.644362141195049,0
-5.038124535177854,-4.008086310917404,0
4.918606333876208,-3.3532641354381583,4
1.1522423780648998,-1.0758458387474337,3
-0.45784838618248924,3.8406377678540933,2
-2.2660520941492828,3.649221794398446,2
0.8595848723435562,4.079801484058733,2
2.8445775674722404,-4.1557075749169154,4
2.590659424781376,-4.056111569187086,4
-2.908247515551627,-2.7477596035733227,0
3.2469060634166116,-4.125197827737724,4
-1.0984092179625526,3.380877051750068,2
-1.9400636159533782,-2.3829940504233025,0
2.7530816725105454,-4.9259778184451015,4
2.6378817522602,4.301873380721012,2
1.44194500580189,3.4876257593233064,2
4.316007419718498,-3.5387848378473885,4
-0.8451539584261589,4.553388983074427,2
-2.7468347619620186,-2.179655987387544,0
-3.0346848873867813,-2.765785267463479,0
0.9826831427699412,2.599929276816991,2
-0.8888946779020516,0.25526691851050337,1
0.827115428565768,4.157974312251452,2
0.1916476494511905,-0.5392798861463025,3
-4.406317463671834,-3.083105572628695,0
-1.2458119555776985,0.42739329574809726,1
-1.2168776600163915,0.24986762286087158,1
-0.9163209190734197,3.16307929620372,2
2.3108882022782096,-2.5323098961411143,4
-3.1726272999408196,-2.1163400625133275,0
-2.730873058754893,-3.3431922754974104,0
-2.83303029014274,5.359189494164025,2
0.0923767916399243,2.435377872664196,2
0.5062409893059261,5.447305699391807,2
1.901320626565615,-2.9554303891107283,4
-2.638363974952366,-3.6451197546051244,0
1.3909723580014006,2.644029655140036,2
2.549005982970691,-2.706050612056838,4
4.542547211374117,-4.419877164270929,4
4.612978170593054,-2.270763050689247,4
2.291911266818686,5.867462004161351,2
-2.1446845347264345,-0.5162310064677011,1
0.03402741107223205,4.111372601840053,2
-4.912254975419777,-3.0686340460854686,0
-3.7837656655863965,-3.6905410523162594,0
-4.345870923473215,-3.819257859721498,0
3.175574084925822,-4.02475075007639,4
0.24789639257694307,-0.12897290284737067,3
-3.122708933595724,-2.906627625723349,0
0.7746198035695959,-0.7828901342597696,3
2.5411231549750033,-4.017584777213376,4
-0.0827150238964932,4.2430917276606985,2
0.4168015744831139,5.167120788003297,2
0.10267507810107768,-0.0073790695848345664,3
0.697586970339199,3.1639083297803734,2
-2.5001358762596286,-4.399306174801941,0
-3.185287658877708,-3.1298206997334264,0
4.237180800289009,-3.2544760766453416,4
2.01527511046064,5.290644460922547,2
-2.8281606602064686,-2.4467487800152163,0
-3.2645148413106106,-5.0038623644067535,0
-0.5530898169141323,4.695863839093786,2
3.777797630877715,-3.7322995497370886,4
1.5786500546814528,-1.2477080908779683,4
0.003147726906326633,5.229990368438683,2
4.574146786032409,-3.345907280666828,4
-0.5723727826832012,-1.1298901248351503,1
-3.0524044505774697,-1.2958944837445088,0
-1.448848024477477,-2.8843253657071415,0
2.185094895036112,3.3132846569967045,2
-0.9846547848472624,3.2074765528847875,2
-0.15011695125380659,2.7359938320526362,2
0.5008315910042116,3.12152619865794,2
-2.17793984000551,-1.1032070173460526,0
2.3490757867007575,3.2839565637241597,2
0.23962751823899794,4.733054281465998,2
3.150135653956203,-2.2875182355661954,4
-2.3197838945495506,-1.807492487522025,0
-0.8105286298216263,4.856975536982786,2
-3.7345915767980493,-3.810252437014381,0
3.292168828207326,-2.885154909722247,4
3.4853599075531903,-3.8491048509902237,4
0.8891538247878059,2.878248897144112,2
-1.3453354874152414,3.718835957535443,2
-1.381591718463581,2.2017852605908925,2
-0.17611243395986265,4.08298741881251,2
0.7617308010592883,-0.0248830667994886,3
3.385212652259354,-1.8793142935774048,4
-1.6300844437612874,0.4544970896024913,1
-3.327894716512918,-2.844809316141021,0
3.9954151904494744,-2.4244380741696347,4
-2.5079811520072006,-3.5260348426675803,0
1.01531205855409,-3.267137485941755,4
-2.344099223470239,-2.8052638052812253,0
-1.0084487325473497,1.9141021222666628,2
1.8761215948744059,-2.621953739572117,4
1.5910392532079607,-2.7249977017081894,4
-0.10496770756362395,4.612790741583289,2
-0.9392520751180129,-1.2446591575567956,0
-3.6067002947652966,-2.7887163077205273,0
1.837061013147087,-3.3574150481707,4
0.01282864354368512,4.479827035366833,2
-2.912952931761829,-3.2990073504658675,0
-4.993735642571456,-2.625943430152428,0
-3.7424842325383842,-3.4853058353678685,0
2.601554725010633,-3.4466430468146063,4
-2.4093451693076906,-1.8912964194170923,0
-2.7422474598572495,-4.241760575481624,0
-2.7903405847253744,-3.4916361856320473,0
-3.637739984251316,-3.5309969550018176,0
3.2651639227465874,-3.6489985204731576,4
0.964207412804685,-1.0209995149724498,3
-1.6178410089624728,-2.351290112410357,0
-2.30177668638641,-2.6065146145782503,0
-4.478521990367428,-3.7198442083947088,0
-0.6051562356059974,4.91041849968557,2
-0.17537845589869072,4.491505647246783,2
2.5005488071147868,-2.330914789732476,4
2.278430917659971,-2.8611439675691197,4
-1.1793691216326172,4.172254386411037,2
-2.3208572245618044,-3.3020454994898643,0
-1.2172826922204794,4.159462506804129,2
-3.209023257286025,-3.8505204542093,0
-1.5100412119852522,3.779461770843463,2
1.7146544098877148,-0.08811211275318052,3
-2.6769207268839708,-3.2523535021262875,0
3.3726481864800553,-2.8335068728848753,4
-3.0358260391099514,-1.4353563441859938,0
-1.4681194774704776,0.7983449424234241,1
1.2376537575119981,4.379767636040896,2
3.237642656299959,-4.210742626629164,4
-1.1267022237824544,-1.9199519342853515,0
-0.17767831360197195,0.4171217400503996,1
0.8705277242030682,-0.7066568747948148,3
-3.956436376818009,-2.5275937221196227,0
-0.017006074483830996,4.505021088273767,2
-3.949398888831943,-0.3676179351626092,0
3.237829540758336,-2.520374680448427,4
-0.06844649266641564,4.028775564080998,2
-2.6429845140349526,-3.6929095952606543,0
0.6928557558178116,4.73463754545933,2
2.767726497200527,-2.9894542882589743,4
-1.6006445634139979,-2.075366317087231,0
-3.5505368494915834,-4.220712425914159,0
-3.701991687806755,-3.662900917550948,0
-0.7661208306106709,2.871937445192306,2
3.0310634263989313,-3.161767281165669,4
2.220624674739883,-3.651888582531381,4
-3.3597686457890856,-4.326047686082038,0
2.6833204540657505,-1.6255150185724407,4
1.427010742927139,-4.052547191870111,4
1.6786746733725662,2.0883594493482427,2
-2.40120561043809,-2.331659511281919,0
-1.4494995071859231,-3.998354040738791,0
4.923513487603454,-3.9530404633648497,4
2.80093744624013,-2.815172966378346,4
-2.959080824604279,-4.002187455781472,0
-4.389572466763596,-4.645398746956892,0
-2.303045595489264,-3.33381948975601,0
2.6769242573229755,-1.6644295444632435,4
2.6002294885569426,-2.8428542162974653,4
1.6709923627765517,-3.742328012876572,4
2.8864118863789496,-3.3825838427224335,4
-0.49653173548196905,2.846507574015216,2
0.7157342411708404,6.394361900582451,2
-4.245717376446384,-2.9450658890001513,0
-0.09195678260426586,4.0160252822951605,2
-3.7184072655691973,-2.1050756230555585,0
3.8174671266983724,-3.9134585796322225,4
-3.307778234953001,-2.780849672336061,0
0.5914421517518549,4.680220360476691,2
-2.924566361098407,-4.601965811897168,0
-0.6083507646793376,4.5925303073177615,2
5.206468979884672,-2.920350417386075,4
0.53102609489421,4.148876803917691,2
-0.7390286580232329,4.65233033817668,2
3.2074887978521818,-2.554322092918076,4
0.4096361186839937,4.3569727592669265,2
2.467856109826898,-3.388568220491203,4
-0.16024321291252397,-0.805276649091069,1
-0.9983067752910549,4.5187930174517215,2
-2.556180571853772,-2.2253659465706632,0
-1.2724568298992887,-2.563676330325968,0
-5.172669546014037,-2.1525783228495783,0
0.18106274277108234,5.303278037316064,2
0.7841775749793318,-3.195434846522764,4
2.675142073501454,-2.1403692131451537,4
-2.2918913233114093,-2.0432976832054157,0
-0.6220348055543814,4.582737583173865,2
-3.0036025390905685,-4.158364689192543,0
0.1675701058009903,5.162259597505667,2
2.5409683268210994,-2.418276635029494,4
3.9230448272267617,-2.593905981151333,4
3.8790141545570074,-3.946490795988428,4
-2.2922480645445247,-3.5624667758942676,0
-3.372206776071053,-1.911251380295814,0
2.9243289273429367,-1.4624486809656565,4
2.211952376766992,-2.343070933657912,4
1.4488201083377155,3.684918072091077,2
-2.941791281554,-4.142970297830623,0
3.307039237251822,-3.0512358355321916,4
4.031380525277331,-2.611814204345267,4
-0.3863224754471755,1.794705627244094,2
0.2620668090867255,2.050438282245633,2
3.02012112958086,-2.1082994189304247,4
1.378467355453808,3.3284877930194545,2
-2.518990768263287,-2.7761159757208684,0
2.574182001633449,-4.657143585132305,4
4.143566044928613,-2.8935060197099083,4
-0.21406769772786138,4.37940539760511,2
3.8100272385061165,-3.724861083800052,4
1.471034690817104,3.300504779832357,2
0.48730523704499484,5.071929865211797,2
-2.542719595384759,-1.5441776778532335,0
1.0883788002334505,-0.4082964286584286,3
3.6229440304133083,-2.358458355063988,4
1.4273053642892164,3.5805652473414495,2
0.6900314807439354,-0.6139519340253506,3
0.14562513268143595,0.10711750183228672,3
0.678946987762233,3.18759765106258,2
-0.3689394390314622,4.213808793941063,2
-2.0366238707556783,-2.5872190730635016,0
1.001655032855374,-3.705316723915848,4
3.2177182010871666,-3.8246503402906873,4
-0.34673820746999684,-0.2257804349549976,1
2.123302914380707,-2.3395400476484496,4
2.1226446893848685,-0.5105304534233391,3
1.1947628618769377,4.894647187573872,2
3.2206308043071634,-3.352087747453881,4
-3.234153374723336,-3.2341369569491807,0
0.4861847915619389,2.0506282446775765,2
2.858337368127757,-2.697677099651725,4
-0.5349067035791302,0.33182405151141503,1
-2.359520204799176,-3.1905031059978115,0
1.040430892644839,2.0449512296817174,2
-0.657134962278058,3.3022810961017552,2
-0.11447237179886294,4.1477559074001285,2
2.815710998167288,-3.205839859921344,4
-0.4124790118879367,3.2613025016704373,2
-3.2058594308803405,-3.7465783465402387,0
-2.732949734130741,-2.110369204376563,0
1.9608888316322608,-1.3124519447632064,4
4.030249693969567,-3.3800368462893537,4
-4.0589075870566,-1.5183365975374012,0
-0.25762048551099404,3.930366546699892,2
-0.7316317389085281,5.890440685155783,2
-1.9782252493748103,4.04693490206037,2
0.012223548415169466,2.803334407715604,2
0.26606786196284204,0.854776639246346,3
-0.4547947173776929,2.9601934689731157,2
3.6353291952162063,-3.1176673021928534,4
2.5958428405206972,-2.998205127121893,4
-1.1294005825285793,-0.5237766542722202,1
-0.4597646158304763,4.54339082787181,2
-1.8437935834807457,3.1096821519801283,2
3.1311193246751468,-2.1151574171988416,4
0.6324542166423008,3.525821824896035,2
-2.3098560082888877,-3.401220471885836,0
-2.8093644087349756,-2.0586894192325165,0
3.9210258397309934,-3.479718896766136,4
1.0715159355810386,2.493465969809601,2
-0.9028089269627998,4.809264698241986,2
-3.6237689606958052,-1.0859686461332139,0
0.7639706213532058,-0.45745077036174864,3
1.8430586027705287,-2.677495339710095,4
-3.7632861041785817,-2.962062164552398,0
-4.087245938862803,-4.085825128885185,0
1.0134035435911648,1.0161282800482032,3
1.8658288547222095,-1.970819563872033,4
0.2475034078026377,-0.33301002092646564,3
-0.9214510234289213,3.4346070297145985,2
-1.8230042183382795,-0.42566460145652796,1
0.2243396567780826,4.904017554761315,2
2.8129424835263372,-2.9045379586417033,4
-2.9029224506519595,-2.0313550094671107,0
-1.4635956671624943,0.4981150871175661,1
-2.0650830462563206,4.028457581183159,2
0.4968735905075971,5.06977145498385,2
0.3216785413765001,4.16805980596682,2
-3.7271371758248684,-3.2475186355515047,0
-0.5800163326536847,2.8435841832561435,2
-3.8096035199216463,-2.5759389555359102,0
2.2886967730505208,-2.8828757838501486,4
3.938969468704792,-3.0638778328313467,4
-1.6920103063575755,0.6823887254188375,1
0.5276955580078022,0.12201567599926064,3
1.474337590713158,-3.5969720279011153,4
-0.4519493719118777,3.2106614942803255,2
0.9930909471540129,0.6183958849449357,3
2.8733359726523364,-3.5511162400406286,4
-1.2167863371803742,-0.03851049677329157,1
-0.33767359401024544,0.28510064789722894,1
0.5560220968422908,3.4087152111981056,2
2.557410707225844,-2.9922721068243154,4
-2.486092150341085,-2.820418218060402,0
1.090861670603698,3.537060487974742,2
-3.245743064085944,-3.2727235697476704,0
-4.703871586826719,-3.9244659881295543,0
2.0641687702094345,-4.07589382872426,4
-2.7346376506003716,-3.582758657611582,0
4.120936512406246,-1.430371413060507,4
1.1218615047942522,3.813321037686555,2
2.92727009247333,3.0056449343691267,2
-0.9437928700596778,-4.103208365721683,0
3.536807469224904,-4.249564911924005,4
-0.97536602727825,5.303507931934759,2
1.2710653260070335,3.019937698159386,2
1.3897368812081998,-2.246810050267451,4
-3.651836107802159,-2.952601328683586,0
4.605619832565118,-5.080740525390978,4
-1.1290348246282178,-2.6103858226290964,0
-0.12517442838316423,4.846882103884914,2
1.146027575013415,1.162493558602621,2
-2.0095952164736115,-0.6144171545318277,1
1.7611499413884815,0.2948476538133162,3
2.0114709921340994,-0.7590734437942075,4
1.1170461552535613,0.3224872227638571,3
-0.15830547800966377,3.8161461068407903,2
2.3326666187835197,-5.2419159345089135,4
3.3350543519121714,-2.435210894092352,4
1.3119656748023218,-3.6007479306385677,4
-0.20035257779416388,4.231842092134848,2
-2.917560247065497,-4.45755149946493,0
-4.096275086895202,-4.440050882594294,0
-0.601944441935177,3.366768603285023,2
-1.0736886589177526,4.081082542900823,2
2.219856118612228,-2.2647306900250124,4
-3.3351377811714515,-2.6576621655103785,0
-1.764217808177846,-4.071053679649049,0
0.7788283805285803,0.48422784996401236,3
3.714745649888945,-3.2337240578517257,4
-4.820603300548517,-2.729942641608578,0
0.08127842205619876,3.962106918283169,2
2.8164596779835342,-3.1149509314918427,4
-2.1802418221522912,-0.6703118770242015,1
2.5716817422022444,-3.0104651290527293,4
0.2990336406839613,0.7143291566061576,1
2.317925201976217,-1.8476513610380743,4
-1.5234596502741042,-1.6199086458525485,0
4.274683849679486,-4.135635904757829,4
-2.406898742031616,-3.30954643931399,0
2.5433023849767538,-2.6610064861905802,4
4.434177036520326,-4.739425244232278,4
-0.5109891701957271,1.4464504039441017,2
-1.360035470628607,-2.2578725089281075,0
2.481362002515424,-1.2816360042361243,4
-2.188603445508408,-4.148263288752618,0
0.02263085267686914,2.5944369461437136,2
0.505735432472799,3.913298863851791,2
-1.3274276131622966,-2.5809809906339547,0
-0.8426917867344965,-3.6057149230033385,0
-2.458537271795212,-2.240844839697353,0
-1.1674429565207982,-2.1858482378817334,0
2.29871042920845,-3.8758148246462936,4
4.89514861210897,-3.2631612720598264,4
-1.7102472459172544,-2.3268186487300415,0
-2.4654943515194496,-2.1123445741261637,0
1.8814765157883677,-2.357144506037052,4
-3.1073021440042288,-2.5522830741897224,0
3.1821706277121016,-2.1081223654297254,4
-2.0807710654247966,-3.668144085538994,0
1.5560744529262431,-2.555146462442512,4
-1.0669052962857661,-0.4829798885115365,1
1.5027676055158268,-2.2734883776639396,4
-2.783224436237371,-4.097302527632844,0
0.8223504708957536,3.163019645560413,2
-3.3692771392462033,-2.856611532657749,0
-4.195883062035184,-2.5553973317798593,0
-2.2890400317965085,-2.55573668851396,0
-2.7506163162892445,-1.4225467202365256,0
-0.561842099351699,4.479360953429422,2
-0.05310680169691065,3.4490181964617506,2
-1.040193719815898,5.945195074276933,2
-2.090787535232293,0.45582737729050105,1
-0.21596052035023222,4.937477492506925,2
-3.2304007142057674,-3.9242331442683045,0
-2.7190081322649675,-3.6226995198205936,0
3.1143087530592477,-2.9981964936435856,4
3.2625028908518336,-3.784163858359833,4
4.075221541181916,-1.9527235914405374,4
-3.083437969790361,-4.44964521969853,0
0.43477006455689116,4.475430682526623,2
3.626877063529022,-3.0487656518431154,4
4.433625019820946,-2.8085492840426474,4
-0.1131280525157404,2.700783636554176,2
2.636687991611455,-2.703427323305692,4
-0.1309258051261265,5.128239783268837,2
-2.456520621329907,-2.8001895662812863,0
2.1422668233949804,-3.3847920236040707,4
-2.9397697900589734,-0.5367578875147139,0
-1.515883971464035,-2.64438665121434,0
-0.005560293648070566,5.178512689798422,2
-3.1517850950355832,-2.4116827935154235,0
1.530334564354411,3.2219052141672857,2
1.9913704184169045,4.392913510548216,2
-2.4268721867588,-4.785866491934112,0
-1.1148221873524142,5.196910948761352,2
-2.306521088086006,-3.3920126399191295,0
2.7119372016487215,-2.5689770419891067,4
0.4316316296375973,4.7396754681178335,2
1.8081252958087501,-1.0564711188778029,4
-3.9254246260595873,-2.744616244325683,0
3.4202685290565613,-1.6950373112095811,4
-3.3206676255571916,-1.2047886440876778,0
-3.5698329282387586,-2.6704912644269907,0
2.5648612520379657,-4.314878664404412,4
-0.7908817916945654,4.034008096228146,2
-3.0347117697052433,-4.168678037619532,0
0.8338663865387179,-0.4030324735548464,3
3.7654021560133497,-1.9265872975895548,4
2.2758254276476375,3.1477753570026756,2
-3.2471773825205967,-3.6819842479977987,0
-3.5536493053471823,-4.197877892588848,0
0.08701648039238655,2.963856428024803,2
1.3204140097838342,3.1255643516600817,2
1.6713475754374763,3.0986243201028256,2
2.11428620020031,-3.624834618434482,4
2.9654357601561965,-2.0942823995026347,4
-3.1312569670923045,-2.9231481170412317,0
2.401720665802152,-3.8687675445729095,4
1.4768275358261522,-3.531411401138425,4
2.240197868012225,-3.710015442891552,4
4.178252847548002,-2.5918640872216434,4
-4.211171929280781,-2.2692358809334756,0
-1.0425776946705763,2.82776624656336,2
0.23842533685413747,0.9216940637129671,3
0.04930833152022263,4.768839675968897,2
-3.6769220003059586,-2.3883237111591322,0
-1.2706953150453992,0.33104447994655223,1
2.918105620427507,-2.0088088870733336,4
3.6882053064528826,-3.443606830207386,4
1.7110288091907877,4.5239605120767346,2
-1.1996975283653082,1.6838561370311234,2
2.279544929324941,-2.588642368848561,4
-0.05790774987690872,3.264883199275412,2
0.9897833454339371,-4.323951084219563,4
-2.61367668218844,-3.2044712209861217,0
0.6455170773033978,-2.9817475391438872,4
-2.764385441891434,-2.2291348061130334,0
2.3216653706645065,-3.614143531247185,4
-0.6807962807068342,0.21699663674820993,1
-2.0634031524794545,3.682649507757465,2
0.19839351717748668,3.990817646614861,2
-2.8401436080025997,-4.027675140925958,0
0.30783237251388496,6.068226041505824,2
-0.4611697320346189,4.75656467491314,2
-1.4308312016246718,3.523446198566475,2
-2.1745836510119703,-2.1864903639993614,0
3.2071394367785686,-3.2392731471518514,4
3.675137056406921,-4.716033248310689,4
-3.0401579506443435,-4.430775102118048,0
1.1186323341542117,4.013043374376952,2
0.16540366029970424,2.6179824313075626,2
-3.464617297298393,-2.7988403441271608,0
0.03390272368233751,2.80959226432551,2
0.5055578532150077,4.436235704801055,2
3.679293819982349,-3.710136606837382,4
-4.012831120334424,-2.685752667404726,0
1.6550722129348276,-4.075103048116755,4
0.6325223466267218,-2.6462293691086103,4
2.64201191049262,4.598099155047466,2
0.11345604005655238,4.185837628902753,2
3.117707418460958,-4.671761273328167,4
-0.41481252491321274,0.30937685306637386,1
3.9714123576723597,-4.295258620667121,4
3.332719329585188,-4.333148008477209,4
-3.243383979375018,-3.2998381962748806,0
-0.6300249795338944,4.731955502509845,2
-3.1209481486077815,-2.580467556092972,0
0.14996989068281774,-2.455417599206372,4
3.435546318992364,-2.8335147274228527,4
0.0019768447558107757,5.532873355636312,2
-3.072010121580334,-1.9964671021079758,0
0.8316987679530295,-0.8417196943247128,3
0.34166023195262635,3.7286850219317027,2
-1.3300691697619234,-0.08821525405850998,1
-1.794005483453184,-2.222592647235489,0
-5.650969808393012,-1.9084931480775382,0
-1.936752702502465,3.2386447301910595,2
-0.8953543736592,5.062853693033216,2
-1.3644126599273267,-0.04633262713382734,1
-3.828995010922072,-3.5601810401969693,0
-2.4416730874782777,-2.9239946085875883,0
-3.3152692446403456,-2.2410307795067324,0
0.6729476620026458,1.0900533777450627,3
3.876605879842179,-3.311785573256025,4
-1.1510439050546548,-1.8734349704522426,0
0.8875039674140593,4.760846654311478,2
1.2454389630004343,0.3999767300741344,3
-2.9403696300798257,-3.646936777705574,0
2.7030275644050836,3.7693383333602917,2
-0.11522423255219759,3.615057111589919,2
2.5163413625624313,-3.2467244241144404,4
-1.4720370730267915,2.62616517510134,2
-2.3011715797974652,-2.5790270556106103,0
3.7570320650539775,-3.252624868802637,4
-3.3596296724524626,-2.6988926608082577,0
-1.0777103481180645,0.3479143711770793,1
-6.019512155820825,-2.816150455246305,0
-1.8202747916392898,-2.805892369046642,0
-2.9712551770651827,-1.7215481373927013,0
-1.9655558914765052,3.4128847293798525,2
-5.619745104089745,-2.178097495624776,0
1.9421633813897656,-2.7392331825169367,4
-4.122544806244414,-3.9175028210142635,0
-1.2326199498451367,-0.24816939937778565,1
1.3897641339463556,2.6547903291913975,2
1.180989905305672,4.403274563037172,2
-3.2248559818080786,-3.6500025808234597,0
3.988608793499175,-3.381137696673419,4
-1.3208783553773176,4.771401794903767,2
-2.6582440242228405,-1.1238291607841138,0
1.1484883285840628,-0.005798652788008313,3
-3.4634176928124623,-3.465729753570257,0
4.478121226099484,-4.482396786995769,4
-0.10415983087734104,0.7968996323743996,3
0.47924652234930787,0.3342825710420891,3
-2.0039523141941835,-3.7567950885694605,0
3.922977565140431,-3.5206306065622988,4
2.769213847897278,-3.7969866688138776,4
-3.0153098491729957,-2.4207085003989115,0
-1.0584406336416528,1.5019389825070606,2
-0.16041938197534772,6.500900497934282,2
-1.3675886960683648,-4.4301413779606325,0
-0.16985235767773066,5.6367399618306395,2
1.855503314794263,4.224234744535292,2
1.0018248536819372,3.502429161614793,2
1.1081769283020666,-0.48892088934560646,3
4.112634305203302,-3.071120290830336,4
2.929094637472631,-3.335166973226385,4
4.532380382587622,-2.579463294095931,4
1.0960699074773985,4.42532130833011,2
0.02620475277403566,3.6964356747340847,2
-2.766214088209252,-4.555895646203627,0
1.0841982440435427,4.210303040221995,2
3.571141242038074,-3.7234866224198,4
5.051246943269463,-3.6938044179018226,4
2.515371435399919,-2.8565823693185237,4
-0.49555931072227044,0.12468150441198804,1
4.157244547731025,-3.1714956003882393,4
-2.5177510473193427,-4.237662422327298,0
-3.3921081531321575,-4.463514948132119,0
3.8634372801898786,-3.015563088870294,4
1.5154448083522476,4.38173416896251,2
3.6055136511241654,-2.9355924775680577,4
-3.6751782749743818,-3.144518670715518,0
-4.979299810375788,-2.252089743882466,0
-1.5375847964491753,3.855095420918569,2
-3.269406834444558,-2.282457744204038,0
-0.2899037998660433,-0.7068245204258284,1
0.9760407193559466,5.399486426972343,2
-0.9087696708079733,5.684524834603452,2
4.048203967675276,-3.8381764823315314,4
3.686774070503355,-3.6418214039443413,4
-3.172946059923423,-1.2882915198576566,0
0.2766007655111807,5.195480650825479,2
4.391457966955942,-3.2122443098399307,4
-4.141689114133505,-3.193659459279718,0
3.2521948542342867,-4.970308581351401,4
-3.4363858905265685,-3.1096098039258306,0
0.2257615231117544,4.017613251933657,2
-3.0331269728737973,-1.2054421364822123,0
2.78488619982951,-1.457723372338698,4
2.69093376326174,-2.595176591191732,4
1.1417085117748926,-3.5076941283897107,4
-3.077101709414104,-2.658848025183356,0
-0.19370537980496205,4.540287944035695,2
2.624499959924429,-2.300535753104298,4
-2.8495810948564237,-2.6350389975337745,0
-2.9754898257410574,-2.50200170875455,0
-3.18289644110484,-1.6251235808518152,0
-3.070165711458647,-4.660960933515991,0
0.5377681903684838,4.306389482073414,2
1.5276459384892223,-2.2660495216357615,4
4.084500530290926,-3.0251886835294797,4
-0.12854629325195685,3.3483248778435843,2
0.7828737349485725,3.568874430424901,2
-1.9213191665687044,-3.0385084695007074,0
3.6603430545626816,-2.2524538742135407,4
-1.7523770951409967,3.1392708366046618,2
-4.6009039784765156,-3.828497024780246,0
-1.1140813582330875,3.36906916626221,2
-4.562545856886542,-3.5290526773462947,0
-1.820559879278713,-3.469175652104705,0
-3.9393353938187543,-3.1440875557216152,0
5.04870825769885,-4.625492270199833,4
0.40226807720129804,5.32099578954071,2
-0.8484586924020259,0.8307192285563437,1
3.3128222367668463,-2.426232890098099,4
0.5002404694365699,3.466399693560833,2
-2.8161654836774956,-0.3069663360195034,0
-3.6231405264247645,-3.5554771191602548,0
2.9317137922357093,-3.263423635119504,4
2.3718506002443576,-1.7136178630044665,4
1.4532754760425446,3.921769340941482,2
-3.020901593964148,-2.882672616691218,0
2.8551332448539055,-2.5941759133261857,4
0.3278110735741233,4.952478156952806,2
-0.9935895155940362,4.135924567218348,2
3.151657272145018,-4.02375594770785,4
-2.89462449385404,-4.334025494918205,0
-3.469474385934952,-2.4574399564140355,0
3.5647762643141503,-2.315513866447004,4
3.1061829194402164,-3.637808692859936,4
-0.10311117396324243,0.5388703944734085,3
-2.1288752965683075,-3.326023532167841,0
-4.581190702032133,-2.1049616859238847,0
2.4851899166788916,4.26477531097798,2
-2.6503499527003065,-4.564802771362055,0
1.243131300598498,-4.268982577254499,4
-2.758678065083219,-4.151014083619507,0
-4.280429352496283,-1.2452058180156353,0
-1.2165808041357096,2.8784698525749723,2
1.2347255963424364,0.3490690623770175,3
0.9332086907213196,0.17945144041266353,3
-4.6929568141953855,-3.09833962679475,0
-0.3600392687569827,3.271922902144679,2
-1.9368959334651157,0.9020518970573994,1
0.5519642593318276,3.6559019717376673,2
5.165521452206557,-1.9453793715126817,4
1.9736463776101039,-1.4105587164383016,4
-2.6772814396619107,-3.827230943552323,0
0.7899197221808523,4.969569025752907,2
1.1310333925265046,0.7733180551237814,3
-0.9741218462163683,4.703427916787309,2
1.3510728924131392,4.886191188584796,2
5.3674143640271215,-3.3777648875224773,4
4.6529130512304215,-0.9222224148015554,4
2.400360005178796,-2.5880470009381904,4
-1.4245755368932156,-0.4273043185056261,1
-3.44328225119151,-3.884802714026901,0
1.5233427764819467,-1.9421989924580816,4
3.19821732772082,-2.674740501770418,4
-0.4166253056154625,3.936876986888752,2
-4.423957152450145,-3.266652329234415,0
2.8789789689904355,-2.2728287404660508,4
2.5962965660020934,-2.170850964940458,4
1.3920387515870913,4.111129375296512,2
-3.089735694287227,-1.5598827845505272,0
0.9985786503203151,-0.3261641376558315,3
3.217207937528401,-3.4647672239117275,4
0.6523061516102304,2.3686648895829268,2
-1.0561817132435025,0.795477988525314,1
3.8728170831783344,-2.2679190485669776,4
1.7144008859472277,-4.615846470966832,4
-0.7597111680962028,0.07863911172950923,1
-3.348652134407859,-3.3492577043184286,0
2.493365166212081,-2.7601272477152747,4
-0.3631166611555665,1.9925431392549902,2
3.1026455285396644,-3.29779615622396,4
-0.17797348870338459,0.27649491924231917,3
-2.9301979150099813,-3.38531359686176,0
1.802042037659338,-3.4265712528305734,4
-1.3189684983025107,4.020106466869098,2
-1.3160723085421313,-3.4588842628689402,0
-1.3058840159145295,0.02066460702350481,1
-4.044809194021034,-4.9663565893760016,0
-1.5972056890639008,-4.4018510627922804,0
2.093784667952789,-2.8580200861259946,4
-3.5756378262377737,-2.8779901853546384,0
-2.5335700175664737,-3.0356414822974838,0
4.249710420184319,-4.0564970706252605,4
-2.361407541222626,-4.66152006226896,0
-0.635409880228737,3.958707312992717,2
-3.47917423784529,-3.185658976663817,0
1.1680272056184426,-1.6047402768924843,3
4.626430734608859,-2.7639569361756298,4
-1.350159595807603,0.6230273106115899,1
3.4359476297154723,-3.761941238135084,4
-1.4692491676563026,-1.7812381483026833,0
-3.1279175914807666,-3.9555404406004255,0
1.4998946599776608,-0.3781495770026618,3
3.9758233372885634,-2.9911422963311045,4
-2.9400673697336717,-2.722623062041808,0
2.285934882017821,-1.82158068243628,4
-3.4644042623093876,-2.5379391067481034,0
2.2250371759360155,-1.631905763185102,4
0.29094736433948537,4.957839631108268,2
0.8913036868697555,4.004229858994152,2
2.3883719928704386,5.184256645196173,2
-1.307369782230964,2.4021278655051623,2
-0.4765514232192414,2.695410556199527,2
2.0845229709097075,-2.87354078093931,4
-0.4711554826458574,0.43268121752734895,1
3.2430929695947333,6.307916250616111,2
1.8884369396142566,3.835758014967968,2
2.6979029589753942,-1.412599397584463,4
-1.8058905969526275,-3.9811655311396814,0
-2.0503574572842003,4.739180494701568,2
-2.4344903543684557,-4.760762759155818,0
0.3361449630262288,3.772523740046592,2
3.758981695460113,-2.551921658987108,4
-0.8839988567464406,4.1324971434956455,2
-2.627894527393137,-2.610840804332071,0
4.983704135478751,-2.2428231788979773,4
-3.1167659157952468,-3.6355578414044034,0
2.0124770375730052,-2.2586801830920855,4
-0.8935950137191204,2.3586198843979034,2
-2.367592260944479,-2.0274455503732702,0
1.9858357818730317,-2.6610241063317384,4
0.10744437434089255,4.38737148063299,2
-1.2681368049753126,3.8317408655124585,2
-0.15032046027187207,3.673303786813636,2
-1.2345457597189031,-2.5950182890390443,0
0.6182657724088421,-0.33903628413071546,3
4.725693792814771,-2.878155535867546,4
-0.9763937807703607,-2.993200155440002,0
3.8157544866520694,-2.3975265637176366,4
-2.628854126628691,-3.6039851867158204,0
-3.3871306497895146,-3.045411217932238,0
-0.05326273838642592,-0.41708961484612345,3
0.033719054901053244,4.268593581044298,2
3.7735577062068133,-3.4957059465749,4
-2.8773296840052045,-1.3753215415304394,0
2.267073961891465,-3.7402322525487084,4
1.7371352462718221,-4.229526251217386,4
3.6884959745615666,-3.234507535145891,4
1.0753434019568977,4.210668465203111,2
-2.6676859880204082,-3.7484865365565536,0
-1.486550256757869,-2.3691883154452222,0
1.368079350488601,4.125901388394959,2
-2.8079508835099682,-3.3091164642025013,0
2.92916315208391,-2.908875132746623,4
-2.0019898901403477,-5.89625537819369,0
-4.130203724673924,-0.5883233244215789,0
-1.6380290574360168,2.213624534645313,2
-0.6566893456274132,3.7396909587285623,2
1.791141135379278,-3.5659371308924053,4
1.4861694987551464,-2.369124396403844,4
-2.102933803112868,-1.7251249587212778,0
3.410383276786892,-1.7853332198670975,4
0.8721970000729778,3.684913268805891,2
-5.696886642941571,-3.0542948665178122,0
-0.27984295015670246,-0.2778968172512394,1
0.26429238531238997,1.3179876329873725,3
-0.06644897530945597,3.641920553820681,2
0.5154451959410224,-0.1340835031421635,3
-2.129932269311246,-2.5043181120273954,0
2.6248910050564356,-1.431481014527446,4
-0.1108125602790875,3.611756946478461,2
2.9706482978843054,-2.6046927473506694,4
-3.5397596803093614,-3.7783047254023128,0
2.1355732946642805,-1.4104769638961376,4
-2.979113511704038,-2.7692990942813167,0
1.6065038410121881,2.1174331125422903,3
3.5444598695274623,-4.094494360834896,4
-0.7094311573284758,4.644595432415176,2
-2.6474950316431203,-3.5703513664136803,0
-1.1962103905658625,-0.12807406761026294,1
0.13585942408165688,3.947494931461348,2
1.135947845943822,3.846002334802168,2
-1.795643172630015,3.669909808298563,2
1.2058564888013996,-2.460235487171658,4
-0.1421465369405461,4.33868731792169,2
-0.5176925728692147,3.9119087559709267,2
2.609591261719529,-2.4838559604136203,4
-3.413465161123276,-2.739719493417114,0
-2.9324717953120762,-4.424748186213456,0
-0.773029709602703,3.1292722283562586,2
3.2078605010670804,-2.867402327973899,4
3.087973547129169,-3.4402746368508037,4
0.38130961226478466,4.311652856004779,2
-4.8665399513606165,-1.9924863101630779,0
-3.657834553852137,-2.145474772933384,0
-0.6049067639281748,4.4977883094177775,2
2.19065331520512,-4.025723394974607,4
-3.6078752606758178,-3.5391227031489785,0
2.0710735175392694,-3.504128673651664,4
-2.9815660669346067,-2.652418294638329,0
3.6255845936750006,-3.2232715884333096,4
1.0952536305625258,0.6936040016706763,3
0.36286984725367755,-0.24263845391037675,1
-0.8143981874463238,5.500843030280379,2
2.074915379521365,-3.4502018916658432,4
-2.4780584343831022,-2.7030153267668138,0
-1.0370660735699961,4.66536893503283,2
-0.49693202511797824,3.8174310256204587,2
1.6994359830087096,3.5982049730583663,2
-4.26016476517258,-3.6163614080394773,0
2.9879564470400686,-4.12076765069625,4
2.1778343933105933,-4.287605283653061,4
-4.081056540408262,-1.9468471466670965,0
4.167741925527779,-3.77504496301624,4
-2.6327126865986594,-1.1618163232048775,0
0.6577631761503737,3.9304677137577304,2
2.8264555824386126,-2.5841972742795547,4
0.1493634822711889,4.364140296054662,2
-0.1908722195531798,3.80180432362028,2
-3.1044492185374715,-3.1688217231900104,0
-2.2723704563630203,-2.9480541141927006,0
-0.36550593698526584,3.8487007797674777,2
-3.4872029211949274,-3.351921317816509,0
-3.493122822399772,-1.5563679965311858,0
-0.23591652931212392,3.593114755495625,2
-0.9522412825743781,0.3324346626695443,1
2.061532894258915,-3.546407619463673,4
3.236223646264233,-3.9391555697706817,4
3.5896392313574,-5.651828063044949,4
-0.16195481694132746,4.438412699496645,2
1.491843830354857,-0.1172835861515843,3
4.912688134356795,-4.3248457809327405,4
3.5574085568511857,-2.3677836859681496,4
-1.5708814571259122,5.355572935710348,2
2.421048242651077,-3.896367547825181,4
-0.8700250147572286,-0.6154516101841664,1
-1.9142136750606529,-2.9020168465291047,0
4.615872490122314,-3.964893300186384,4
-4.402605271799693,-1.2504232568130607,0
1.2076703972786336,0.29520856834013914,3
2.779963624223556,2.96200864501077,2
-1.6013302113560348,-0.45146114241182095,1
-2.274904213152003,-2.4838217128850415,0
-1.2709517210922827,3.6214202567868456,2
-5.703232292999237,-2.3221246804690923,0
1.6392257633557616,-0.1548273093666969,3
4.050049041553427,-2.6753417644974817,4
-2.9563975536275464,-1.304948959569247,0
-2.8587428599125366,-5.1305664798072,0
0.6276062975618311,3.7204925367034667,2
-3.6757080791616117,-2.9658475825119752,0
0.2935375299686405,4.249417687685042,2
-4.280304398670895,-2.1275426717198553,0
-3.21768120322722,-1.90122314801281,0
-4.289960899741054,-4.295078772063616,0
2.2813520380464194,0.1692205315256055,3
-3.734173798778496,-2.9180044435864394,0
-3.2788833941507565,-2.154842028815678,0
-0.8343230454915821,4.76402978157286,2
-1.0701915628943317,5.719040612841821,2
-2.675916030605205,-3.3850822804163165,0
0.6039177116695837,-3.678980346463132,4
-2.5236422306437807,-2.494529840833373,0
1.447796418457866,4.938640022678944,2
2.0233796841364438,-2.839731142582423,4
3.3247815941101146,-2.5200602588517214,4
1.7363642932487577,-0.726096301788531,3
-4.713134529090878,-1.6461276258345872,0
0.10343812930810638,6.042076040143744,2
1.0338810549242086,3.5925398927083982,2
2.65624348048989,-2.8785389358004543,4
3.305665568642596,-3.731254568812957,4
0.5376299029498797,4.428186247810576,2
-4.081063327599898,-2.3840643930557364,0
4.597397293221623,-2.3553101967157666,4
0.3111099911431952,2.110350707903847,2
-3.705011855758409,-3.0557690776577062,0
-3.708406766910463,-4.513714392612827,0
-3.2285999153400184,-3.9943493746085124,0
2.1595070144933084,-2.3127615496047116,4
-1.3015879828033312,2.146981517102431,2
3.0768603701805035,5.360115900180313,2
-1.0642200068173489,3.990155191349617,2
3.283911058736381,-3.0070629045508297,4
0.7964132877171046,-0.024802322885502152,3
2.948490806246072,-2.624640303855527,4
2.071780032651982,-1.7565717218970751,4
-3.548268794925077,-2.166666088219693,0
-3.3203473081943202,-2.5758340535980837,0
1.8076085077692632,4.506157655460712,2
-1.3877217420113546,-1.6850855464159527,0
1.2960630617813962,2.8928431831975483,2
0.685857818608419,1.8462694262085386,2
0.5045818144773903,4.626538363336943,2
3.609880047190419,-3.0399264633733636,4
4.2782809474594865,-3.0608495200029275,4
4.5050620386083295,-4.080002608382133,4
2.8178394161420757,-2.7187883174159344,4
-1.0461210850625042,4.473407415712466,2
-4.525656314570095,-1.737415896572818,0
1.4974316831796264,5.857702343537732,2
-1.076592808910914,-0.336364582108386,1
-2.2558080285000632,-3.181224173218103,0
-2.1961278210999464,3.8378760245201415,2
-5.5623336587953105,-3.191027762600169,0
3.247271452108756,-2.1134205072423504,4
-2.732607685928097,-2.6783021938039866,0
-3.5176112990361714,-2.7762120483611015,0
-0.9646094670462416,0.2681235004816188,1
-1.9988889068612499,4.034029586346681,2
-3.1906824007633467,-2.782567126820277,0
3.95300949821405,-3.299877474496612,4
4.103720013722596,-3.384489121041518,4
3.456249488528533,-6.044656539243162,4
1.5794378916948595,3.388240360495415,2
-2.354515818858925,-0.8367452766945398,0
-2.3869298701956727,3.5041218279898505,2
-0.9587784561867748,2.6474913105592774,2
-0.7811563781311142,3.7401998592324874,2
2.2576136295692653,-3.115997072321534,4
-1.1115802495135512,3.9641744212935373,2
1.669069525826331,3.0574419942081237,2
2.372907175227704,-3.040917535195069,4
5.035531456719594,-1.0079055925025466,4
-1.9397900925011202,-0.2403399610889223,0
2.987975971086812,-3.2395558589370994,4
-1.6610834155671725,4.503252064749505,2
-0.6416668201303823,5.665351917623531,2
1.8791030262318407,-4.704775744228044,4
-0.7352157089804525,-0.43989371826599794,1
-4.803139676255945,-4.5841359430054895,0
0.240205843946223,5.253132824768244,2
2.858291278298176,-2.1221739687608743,4
0.9500158286696456,4.243004722054399,2
-3.489439442518222,-1.955839122930928,0
-0.5878563049080002,4.230610848766214,2
0.38837572923016833,3.9051757687191277,2
-2.4353940741063997,-4.019664338692116,0
0.7595148874861078,3.7082413677414627,2
0.16048962397348007,6.212531039397242,2
-0.4836171395554367,4.841780774784013,2
-2.5632614482664904,-2.5957052450383022,0
-3.9194242342338033,-1.4500655949824606,0
3.287272514027427,-2.0562844942439558,4
0.8986691603391742,4.037696573123923,2
-0.9916966634403105,3.367119725115208,2
-3.416194404885254,-4.130069339040357,0
-2.7200313736801798,-4.125489047298377,0
4.352039365974326,-0.9005924794974907,4
-4.398567573819141,-2.437030763309429,0
2.5194255867975253,-4.874892064047533,4
1.0268946182579144,4.599577541245356,2
-1.386288730941353,-2.54646569848602,0
1.2552396123946985,-4.05532415859246,4
-3.045512245301242,-3.4242363333980435,0
-1.7820408476944416,-3.513196364513396,0
2.837937897963176,-1.8048225884885836,4
2.537263352003662,-3.3070483409251015,4
3.10172320847177,-1.5019882296955724,4
2.1185662947730046,-2.909690200793565,4
-0.531454551359215,2.432140574634544,2
2.734079925804448,-2.4431252776318546,4
-0.9680457585102453,3.6896922946150963,2
-0.49195690486948307,5.328056888986968,2
-0.6076463453734726,3.86268903421112,2
-3.985726046335544,-2.495953484482156,0
-0.592641225964433,-0.08219729366547496,1
1.9928050124730217,-2.831769458816306,4
2.6871635269484777,-1.969080661633093,4
-2.214199841349168,-2.574542438215035,0
0.2261850600660833,-3.179619721405633,4
-2.9030040350072817,-2.4048429745630866,0
-3.0332299906444606,-3.2081168572725396,0
-1.551512249058929,4.662051834758473,2
-4.627542437883163,-2.951915053338618,0
-3.1275491203775343,-1.4888450697526525,0
3.400641638339837,-3.788076253903671,4
-3.2789629303318084,-3.2797601684958346,0
-0.29788077448203776,0.08057789834867572,1
-2.8102938323896045,-3.661982177796609,0
-3.898414671348358,-2.5080808284934943,0
-3.138455983983774,-4.224298236289366,0
-1.2905614219462187,3.8567410846358072,2
-3.6039806259692293,-3.229548655360347,0
-0.3652808582038849,6.387967705524732,2
-1.5358227612475626,-2.003141226534192,0
-0.8758424064951101,3.1942003451157954,2
-3.908024075521211,-4.412303701335292,0
0.2094700836477726,3.015465949518032,2
-1.3300954956485938,-2.6053284701770187,0
-2.561524261190273,-2.98038334230601,0
-0.17909328501615626,4.395819781095923,2
1.9440101880731566,-4.050054789823186,4
-0.4948097827287239,-0.2215243202684677,1
-3.1769472274940496,-3.7982972445384537,0
-0.1231364353522676,4.6025802679783405,2
-3.835347053259757,-0.8548508722266117,0
3.947511908575567,-2.32530502219138,4
3.045960936048934,-3.2425830362897936,4
-5.087027018602068,-3.5846177306571994,0
-1.2325403112202802,3.315508269387203,2
-2.284618684558756,-2.2818142742920653,0
-2.050445864558676,-4.4848979684499035,0
-0.8568518651277993,2.87394603908895,2
-3.1701846225249284,-3.4532280493272753,0
-1.0069273609451441,4.047825319784683,2
0.14959795751878804,4.0978271747079225,2
-4.556581898659751,-3.4281151609659126,0
1.676350429157821,-3.435901469090433,4
0.5496831862902597,5.801430099266488,2
2.941167145868478,-3.2209317249396126,4
3.8836067859941688,-4.3661983376689175,4
-0.2743956908753813,0.2481697545430083,3
-1.4715315735874683,-2.492164243710376,0
-1.2023134731504774,-2.35915713873299,0
-3.526247856517421,-1.6116622217915522,0
1.4969531406425194,-2.004306245629638,4
-0.20528401949625125,5.118549944255326,2
2.4325527187716482,-1.198471592167814,4
-3.7309562757154735,-2.2420781500763804,0
2.4179386659069877,-2.600955859353474,4
-1.194522939766035,4.285803286794733,2
2.7722290208763654,-3.940015932123754,4
0.6549755842216898,4.81079864559171,2
2.578643192229558,-2.3786532600308976,4
-0.6286702470308604,1.3818668013077202,2
4.045460240482253,-3.2014199000769734,4
3.686567746753176,-2.258926219317714,4
-0.782003492511037,3.240296882519713,2
-3.019637798926681,-2.4475100455828525,0
0.5342078623746747,3.273258095117981,2
-0.19793772898468187,6.067906338163552,2
1.536539664700561,-0.4597935148688557,3
1.1992995729215856,3.9677231058973823,2
-3.601706612229397,-1.1477218154910622,0
1.2205610745765691,-3.533004081826334,4
-1.0299722747769358,4.046079221633152,2
-1.7342921591352993,-3.866174848214501,0
-2.077811819856197,3.679702195463358,2
2.9006856622079678,-3.2724269009308715,4
-2.678642784549727,-2.578079245764715,0
3.2418020715557487,-2.6985929302188825,4
3.115596738679908,-3.029766488336402,4
0.8182688537206041,0.8076598767085545,3
-2.6615035925055857,-3.4152879139008014,0
-0.016568409822520076,4.6833245115160915,2
2.61718251901325,-3.6060838322196584,4
0.5681032051286461,2.9503445010900586,2
-3.576510400726719,-5.59104229214491,0
3.0418959211542766,-0.36333085805441145,4
-2.3203155982304233,4.782629826316518,2
-0.14994071907910936,2.566848185475288,2
2.0206997697173645,-2.8366396450841993,4
-0.5522612521126086,2.902856350371186,2
-3.363612212213856,-3.0569456237210675,0
-0.046096613091589744,0.3444427325364008,1
-1.1533630039523342,-4.070084766326152,0
-3.5138669173366934,-4.059213521888951,0
-4.6074832345612275,-2.815366141467696,0
-2.2527063948767383,-2.389629734566535,0
-4.085150526557798,-3.825410529978955,0
-3.0671782900493554,-3.715759989110752,0
1.0294405559270405,3.6631048732148614,2
-2.9860707080870537,-3.0241250871100034,0
3.363004284806077,-4.72107752096047,4
-0.3503853676677561,-0.28267479109072713,1
-0.5942108723816666,3.3838565419510567,2
-2.6919494604958976,-3.3916485674217913,0
-0.13418021067692457,4.519358745637888,2
-2.6649419709158826,-2.683844042817222,0
0.5880767481077387,0.69802563309813,3
0.2810092502818063,1.8674043738451638,2
-0.9002782108334846,-3.2470257007459966,0
-0.3397590076475238,4.231607474168092,2
-2.427942558285856,-3.062191016999311,0
-0.5859276733177553,4.32910677871013,2
-0.5125887969785088,4.683212404001069,2
-0.3656770825305199,4.504270748038384,2
-3.5443827245251827,-2.8890774102901338,0
-0.3305546476152623,-0.7009066967101201,3
1.1121941258347985,-0.026563991906789295,3
-5.151815401329305,-3.71915331924242,0
1.5904035685736386,3.4308518013274663,2
2.761243723833081,-0.6167542590064433,3
0.029190503935567446,4.697974030130098,2
0.1390286869531256,3.9548771096759485,2
-0.6792306531929551,1.0857440101830589,2
2.3695415458145224,-1.3629175920072576,4
0.2107352157700927,0.7856664608415888,3
3.5480669247071703,-4.3394893665286585,4
-0.6411142602246448,6.824330591003046,2
-0.47579544400490115,3.173888008285458,2
0.6373246830230725,5.6163000427219165,2
5.583573660166567,-4.330226255641338,4
-2.4950127210195427,-2.1342448058298786,0
-3.6373871273065177,-1.8109834688924482,0
-0.7618246716588487,4.210367113540887,2
0.7436517755401733,3.795123336135283,2
-1.5713898284432781,-0.40619708307511876,1
3.0633833926377183,-3.72839031324171,4
-2.961762005039972,-4.448591414633544,0
-1.899040365001429,-1.0416525457794061,0
4.7754908492400485,-4.479196018357767,4
-3.8254971967925115,-3.3213858416529933,0
1.3124136978536012,-0.6477197112996234,3
-3.018708756445897,-3.388518453088886,0
2.4971312463290443,-1.821134062963061,4
3.0926275879489236,-1.7571374371416855,4
-1.3537546747097586,4.734476745001218,2
3.707457710864381,-2.223068307645171,4
-1.311637823095676,-0.20454472640764787,1
2.7240485483038617,-3.3617238360933865,4
-2.714134609275095,-2.665543210012975,0
3.060785372501303,-1.0737141451446068,4
-1.2699985973938759,4.668840130546219,2
4.167217733304373,-1.4115528237598882,4
1.159381043300522,4.973101561015072,2
1.9366455001696814,-1.978375235600052,4
-0.10697146985848006,5.942245594756299,2
3.6989530717174213,-3.629037861203611,4
3.533695248006193,-1.5070473772461723,4
1.9989904555171858,-1.9668101356368521,4
3.1606499403531165,-2.3377370178403805,4
-1.7615982979280194,1.0215087948777632,1
-1.6828849326601347,-3.118068526991079,0
2.169936588080543,2.576317363116077,2
3.9942988266876234,-2.7452688626197905,4
-3.1803916817624076,-1.6271515253234698,0
-0.5732835136544776,-2.567040174639304,0
2.263936346531486,-3.310937516351094,4
3.7297729370341957,-3.9310017116324416,4
-2.492996412047794,-0.394949047400309,1
-1.1813083521895729,-1.5618822526963791,1
-1.0556394897985963,3.646314240432994,2
-0.915410380232764,0.9531761568261574,1
2.4838833581285655,-0.8754437701709863,4
3.0140049673713807,-2.4362121249930855,4
-4.320233207020642,-1.1685412341456463,0
3.8268386307091142,-3.104009227724695,4
1.0102745868360157,3.9556385444884383,2
-1.2233914317627537,0.26238791222337643,1
1.2318430882467681,-3.300674360443683,4
3.014287211883989,-2.0890555961605246,4
-2.109616836480214,-2.4247949838934337,0
-2.712612563810438,3.8505443068350114,2
3.180305051337503,-3.956135702958539,4
-2.6759429717784395,-4.147691389815668,0
-3.9913923494563073,-5.153390113603715,0
-0.9813259365174648,2.595183056072493,2
5.710331644334893,-2.4801289818980887,4
0.5885950494459219,0.4921790247053788,3
0.18007103769598148,3.727066679774487,2
-2.8513325427978886,-3.3370859711180394,0
0.48161209055435306,-0.07591954784823599,3
2.075074184280726,-2.7312242108513587,4
1.2753907379990148,3.8482855664227706,2
-1.2644984069549656,2.206893547465423,2
-4.130615334937526,-2.377288776099731,0
-1.1138140987894698,-2.825422187168161,0
-3.007632339693757,4.571179406219208,2
-0.6654222981294605,4.721903485438141,2
2.360806466249842,-3.156276336705043,4
1.255467111393946,-3.6902762332372046,4
0.508608373233442,3.5696906800453574,2
0.8811467208133691,4.001325688734407,2
1.7729859227114642,-3.679905896746831,4
-0.6245104550885774,4.74698084010471,2
1.663738935315981,0.12041921657332696,3
3.202383370598695,-4.556951086706478,4
1.188596823087008,5.849362141386381,2
-1.2640361968347507,-2.802089216537352,0
3.0632321465131014,-3.2758399598964565,4
3.5923295470133434,-2.9006861850486505,4
-3.9649234605801045,-2.3139485400015607,0
-2.994756300281817,-2.953019406235258,0
3.731898069234381,-1.74548129761881,4
4.242826893326828,-2.2728320111078997,4
-0.18144906924751675,3.893662997468685,2
6.157771283044298,-2.093212727067601,4
-2.775548181440028,-1.9529016973878455,0
-2.0485507229419135,-3.3665070203680516,0
1.7756127266420456,-3.892773307276151,4
3.3918812622455845,-4.034597959606655,4
-3.0079726413166172,-1.5200558611099741,0
2.623577445411805,-2.683932130270049,4
-3.491153747142105,-3.284875493369671,0
-3.580053241370043,-2.760595499464623,0
-2.9023239014511684,-3.7730097838554664,0
2.7168481151201243,-5.0250399136761725,4
-3.2489641484790734,-2.0284290490456445,0
-2.5307324101914737,-4.535572123207106,0
-2.0617161940240023,-3.516044728217374,0
-2.890605205395107,-2.274233376101308,0
-3.6734906242438683,-2.721005837776198,0
2.886841505543916,-3.5552730880131715,4
-2.267507897220198,-2.7112763371749766,0
0.029430591677552183,4.516644445935968,2
-4.143726207320662,-2.891440294223477,0
0.7309589763762161,3.3493401726316163,2
-2.9357199809045373,-4.077744777929306,0
-3.2688886905548307,-4.10652590874167,0
0.21060083929764178,3.5115239198896404,2
3.942938619897234,-2.8187460516549496,4
0.04575105875796881,-3.6417271436521292,4
-1.9885369645916438,-1.658524084469119,0
-2.8041547449023185,-3.978372777615032,0
4.007304357473263,-2.9766147853414924,4
-0.07587145068502332,2.315332422773613,2
-0.4806479414882414,6.539381622782861,2
3.0586089173717927,-4.227828566056992,4
-0.48827384245154465,4.633326826071238,2
-1.1869933883057446,5.057814180820796,2
0.14304876987895235,4.849611988516213,2
-2.2591756545798742,-3.513213566471585,0
-5.123895724309807,-3.525755021680761,0
-2.0248802665822487,-3.1470573815021385,0
-3.790474455445312,-2.5285316428640043,0
2.1952219815755853,1.1003379276146252,3
-2.503285846988767,-3.138264301171185,0
-0.5387608373460957,3.7450530295964106,2
2.624016420648134,-3.5610891309809976,4
1.9703037603669395,-3.4840171236220847,4
4.4086194934459195,-3.125746297495773,4
-2.6615161565383088,-3.2954014101390294,0
-0.15196738231603887,5.0601438186712695,2
0.23304295152948393,3.2819352163817355,2
0.5964411375817527,3.3657141523105967,2
4.189226461255785,-2.332754852570758,4
0.6863535550145331,3.161107325974264,2
-2.4563998454055676,-3.370614332086106,0
4.664192054783899,-3.4760625577778668,4
5.30594658596774,-4.399342165848771,4
-3.588866826738696,-3.8372624310497003,0
2.995927162878565,-3.0412596526500604,4
-0.9727645167600009,4.406622034222674,2
-3.704343690542759,-4.408461296363559,0
2.2493731780232444,-3.2995494111991923,4
3.1149417717591317,-1.5726713484052306,4
-3.116229043121958,-2.7852868168294735,0
0.7424589135926203,3.362412457924036,2
-1.3927354721669964,3.9654493760460365,2
-3.877982586756561,-3.82688035403986,0
4.745858970273136,-2.2773251751117014,4
-0.6806704600183058,-2.606682160605628,0
-2.624817056374112,6.549009708717723,2
0.718417423471641,3.842253016768515,2
-3.6414869090443096,-2.512127715128926,0
5.2143299425565965,-4.347709230309404,4
-0.68604975703518,3.3827877533520385,2
-1.1909165059737268,4.678728069279419,2
4.085222263661631,-2.9614448312156822,4
0.9577916144729056,4.207603351400626,2
-2.823558444722775,-3.367027839083322,0
0.040961945502085095,-0.5140632562960756,1
-4.517873746680809,-3.3570292008066094,0
2.5952046205797066,-1.8671953028251929,4
1.9234854074863903,0.9434389261621963,3
1.0683793336940164,4.604120889588518,2
-0.24907184465304072,2.327106098688426,2
2.576309283089324,-3.489156175184216,4
1.0552330823871952,0.28574421203259953,3
-1.590141830680298,3.3353489024979375,2
-2.7859062558697962,-4.2457387787119885,0
-3.661786464768388,-2.147566665203776,0
4.782905600065144,-3.2473403870251567,4
-3.5240883979345927,-2.847645127966278,0
3.609238830889753,-3.331864861821979,4
4.107721095982448,-2.4333978516072747,4
-0.1090234199634638,4.03437530902646,2
-0.589112132781127,3.064403701237574,2
-1.6339229590592872,3.5751686524743613,2
-0.18592448094877073,2.4006052378056886,2
-1.1274960989530387,5.127908993253569,2
-5.2382312333249725,-5.120700152635067,0
-1.2843870360725143,5.475879150503966,2
-2.607584032821233,-3.5089636257074988,0
-2.145613652504376,0.7909813949116016,1
-1.778966304474647,-2.417902296531384,0
1.3808269434841351,-2.370260485591262,4
-3.4532484090230136,-1.5475324655292546,0
-2.337118731332587,-1.826526142514675,0
2.0726269943040663,-1.7115663774966114,4
1.3025903967862316,4.137661940868046,2
1.912251324646332,-3.123892363235201,4
-2.7424496092772355,-3.074445915766167,0
-0.8220760118279274,2.780715533477806,2
4.897887292658705,-3.1138125384137583,4
-0.17262913429083468,4.638677139880301,2
-1.1195461283831687,3.606470144030271,2
4.638960527599833,-2.091977337463809,4
4.375596964304209,-3.4040953118323998,4
-1.4578900474321244,-0.9939071118408771,0
-0.581782033392054,2.8261200355910274,2
3.9943515198154236,-2.0977286000565476,4
1.9343173021804334,-4.683732567614049,4
2.931797469667331,-4.406719432559558,4
-3.161285711666009,-2.5959491431854618,0
-0.7444938048221026,0.2509234535327832,1
0.7547332980678092,4.199423985986767,2
-0.7790927393767005,4.203235954586031,2
-0.12428577716243629,3.788615770182031,2
-4.366878698415421,-3.2247654018926837,0
-2.1308439356107267,-2.1127091627332577,0
-2.657274653622296,-2.543246780846216,0
-2.956485331356534,-2.441860485481494,0
-2.701247091634314,-3.7517910500951843,0
-1.0352748670836107,-2.964736448028271,0
3.249609458209712,-5.4407040147750845,4
1.281069587046153,-1.9530454655717908,4
-0.7589706989033448,3.021259163690234,2
-2.6007768773947206,-2.352804060297259,0
2.5133236771184033,-2.056402223727054,4
-4.840874231331645,-4.279576966735702,0
-4.294681475720906,-1.8391732126214806,0
3.4403539938779137,-3.5209685512310958,4
3.6712701367053535,-2.2539760470171837,4
0.8573157775444362,0.27985877244739016,3
-0.484173951248737,3.033753680246746,2
0.8800659629573423,2.5661941760715856,2
-0.024232833869692147,5.202451247983072,2
0.9863765059059371,3.2880267727410772,2
3.7820273875741277,-3.9116173021539025,4
-2.3716593608588923,6.04206965292788,2
1.9179822149580639,-3.338669053883758,4
0.3207857259326839,4.194051943605874,2
-2.04957616181395,-3.576903655662403,0
-1.8316822472060261,2.9486900883606557,2
0.07333674477813668,4.968769895681353,2
0.71422275550505,-3.7825913625481333,4
3.1849625873420866,-0.5984163389696477,4
-0.7146806769904318,4.521279905013815,2
-2.7916171920524473,-5.041734868424291,0
-2.914790550366099,-5.991135970900723,0
-1.33656850031492,5.336657357758983,2
-3.5227230205190394,-1.9509907741631107,0
3.4235078740220373,-4.604705009797812,4
-3.031058932870902,-3.9096834169818337,0
-0.294455757588034,5.452755545126183,2
-2.378428110143949,-3.369610336043634,0
-2.6768322858152187,-3.1476025862986687,0
0.8840174641312181,0.8829510495419364,3
-5.025142586657607,-2.8135456852305722,0
-2.9619965218317996,-2.8799686732817387,0
-0.0059547092127293835,4.7840027793107485,2
-0.7641867866378464,4.876173931693075,2
-0.9291363405097582,2.865979814065042,2
-0.04489303012253698,4.182501030599213,2
-0.7825985974185891,4.707032359610785,2
-1.1179755035249663,-1.6545799538450223,0
2.273225862166157,-3.8776173568629053,4
-1.8826011840975392,-1.5515007701070738,0
3.0440625674065993,-4.835768756177091,4
-0.01031146340564748,0.6423663359875117,1
1.9002684243109647,5.023056555252239,2
4.526812663577266,-1.0974417947704402,4
0.4842318916729276,-0.5343412863546085,3
0.9562950020913461,6.3246733058528175,2
-0.8792827824119881,4.34859511986098,2
-2.9241954418062734,-3.677161711512112,0
2.7792712430416335,-4.3326784410252035,4
4.7379849851235205,-2.571032051451483,4
-0.8560559106746743,-2.366080977681989,0
2.6089753331344236,-1.5205182381391271,4
-3.1394462756809993,-3.4501892648514114,0
-0.11464083550639245,4.264268271645636,2
0.8622235118869771,2.5837729442073547,2
3.6710178049177697,-1.932002221941028,4
2.6065621037254494,-4.909197458977243,4
0.9198715159544302,5.018923240089898,2
-2.805615698422664,-3.3531662928106885,0
-0.14487856194788684,4.043040870850388,2
3.0343333885688355,-3.3624990028820685,4
3.209348857334689,-3.045044118010924,4
-3.4677012013118915,-2.653496118269284,0
-1.1370328831474874,3.178185171578654,2
1.3325514676651278,4.928932013532215,2
-3.2698749352933714,-3.9787637157823075,0
5.585975175683895,-2.58094926524654,4
-0.4876334209549628,2.563746135071882,2
-1.0535404925328693,-0.022542386987688758,1
-3.6243453897132243,-3.1845253576558497,0
2.754004661644299,-2.553296389190856,4
2.0121340898602282,-2.276962060420136,4
3.3417539207135394,-4.298325939668903,4
3.7831556560131747,-3.568876975197369,4
2.9472448919992345,-2.3465210180482594,4
-1.9210241485194157,-1.1280060203446582,1
-1.4972576451786446,5.280939576666728,2
-2.3274262987972687,-1.1001180651047844,0
0.7931756882186773,3.8779428678787227,2
0.23384802578959837,5.035443416416944,2
-0.5696989629257314,3.642172066558733,2
-1.517021842153755,0.018018887498449303,1
0.5070202721353568,3.942604634925964,2
-2.9442750877113055,-1.9058084815290515,0
-2.999472041143403,-2.3987932510708854,0
4.072929614507347,-3.8533994740391115,4
-2.2466583788954675,-2.6188416151172222,0
0.961987189071841,3.762988029987372,2
4.137381097628914,-2.600530627397815,4
1.2676515111879738,4.288728003009837,2
0.5531491563792091,3.4517997018332274,2
-3.175854404432071,-1.3385298342719818,0
4.935861025680604,-2.8641440984337097,4
-0.988708570155641,-0.702992608390537,1
-3.6540756831274237,-4.830632896856457,0
2.3889149375232823,-3.240724303989051,4
3.2420706702879674,-3.850975080681565,4
1.8586912706570446,-0.15602175010826683,3
-4.0909664302151985,-3.410814287954585,0
3.123906816521071,-2.3850387679532252,4
0.7864062119958165,3.440453714710531,2
2.3246989143234176,3.471053237275301,2
-1.3713844544287082,-4.380101458214892,0
3.1633346806775386,-1.5382829837428817,4
0.14342656685749322,4.871524386087934,2
-0.9928660010855455,2.5547947355877745,2
-3.975873252977333,-1.9463582033921605,0
3.8601826383951567,-2.189739955624666,4
2.827625042546338,-2.2852682724823,4
-0.8356890050200362,5.097220191606438,2
-2.3181085103736887,-1.1532926742639664,0
5.022174100087378,-1.1688228644341125,4
-4.918771215299041,-3.0265138754492167,0
-0.24861585376667736,4.626613637263071,2
2.202561882929901,-1.9254702097700689,4
4.010379313283264,-3.445757459796849,4
-3.1804799135906254,0.19310756784486083,0
-0.5741006752835983,4.536413899891343,2
-1.372859451481064,4.351479900352202,2
-2.349549907463861,-4.503080301759818,0
3.330867028406351,-2.2502333715108147,4
4.052547310734749,-4.842936906247676,4
-4.876552706041874,-2.380288554033864,0
-2.933009282775128,-2.4840607822959004,0
0.18430906407810346,3.5799722727058376,2
3.8810621873806657,-2.459410458187759,4
1.1188945979306693,5.274428426687582,2
1.7141359827202851,-3.5054897554445112,4
2.0973456400121804,-0.3016711640629124,4
-3.006070911539893,-2.1615092255483583,0
-2.116890222852841,-3.0778371970128022,0
-4.870791921025855,-3.3515134840413086,0
-2.482340979530877,-3.7257438131534655,0
-3.535801463052298,-4.707357957592947,0
2.1331154151165332,-3.0296887902859786,4
-3.769996066197457,-4.296116664249895,0
-0.6683451948468017,3.938924328647624,2
-0.9259173302500265,-3.9193845915864234,0
-4.209694742841108,-2.4000712700037954,0
1.412811930321546,-3.2073160960082445,4
2.9060964312869526,-1.836999030294696,4
-0.42664019675013964,-2.9407815659855117,0
-1.7625618653158608,-3.45730165508679,0
-2.2096281039482886,-2.6599487054311095,0
-4.377617500754237,-3.564774004170942,0
-0.950910729687232,4.318521004798875,2
3.6938234538591024,-1.8334716637789967,4
0.9583858198420424,4.05166097685108,2
-0.07906734186455629,3.4208758903642535,2
-0.19569853114690144,5.0600897399086655,2
1.5535017964593127,-3.465075946201006,4
-3.3426875940803487,-3.3714408659957913,0
-1.0258681059694763,4.062331349619123,2
1.1395555360254692,3.6126380354471888,2
4.285582234361679,-3.057061291431156,4
0.2730107174943857,1.9253599624536317,2
4.083583103109996,-3.333460693181772,4
-1.0056013756894657,4.360164183945767,2
-0.5968947847319713,2.3255305395467545,2
1.7370370631326773,-4.9111593252604875,4
3.295195368158836,-2.605118509997422,4
-3.759132661553698,-2.8496062135237925,0
-0.19024084441321568,2.5025533313942514,2
2.3276064156734977,-2.663500211179099,4
-1.916948756824723,-1.946197947965097,0
-0.274802304752688,1.7987565265490817,2
2.9048518769226797,-3.388479906771481,4
-0.5898923177556078,4.698688813517044,2
-3.753964588866676,-3.280675076866774,0
3.0118626791807843,-3.980788008413559,4
-0.44854283652786137,4.238554953773739,2
3.2381713061396282,-3.840771889898625,4
1.092106783982426,3.4520946957930647,2
2.997761883525819,-4.067433932960499,4
-0.38245239766929023,2.0240367001083803,2
3.618068493930042,-2.6534729816869995,4
-0.1792510253569118,3.8899945012989487,2
2.615612623407079,-3.205766993677172,4
0.32445860435251705,2.1961372074376353,2
-0.11455942747251965,4.084094388250197,2
0.7228268949855121,4.111799158203389,2
1.7159076311326944,3.9024746162543766,2
-3.5172884501003723,-1.59065255981442,0
-3.530257618372441,-3.7928728322623444,0
1.8058133485881558,-4.01264444144309,4
2.5497466122217287,-3.7560040194566047,4
0.2952799406208684,3.223500859507,2
2.8279586407345274,-1.561830798854298,4
-2.574112793806964,-2.980852222584248,0
3.0466373665659656,-3.5208929039037633,4
3.6937061125361854,-1.4155056248429414,4
0.40023585552677515,4.201652905129254,2
0.2912027551380325,3.636426705084971,2
1.721159001723726,0.005273065579243092,3
-3.989604820258581,-3.125786920099648,0
-1.092141593428733,3.746323922457619,2
-2.252793394731339,4.335968173440577,2
-4.583902823485723,-2.2395853438557025,0
3.5704860860796908,-2.0055854717924158,4
-0.8319549174944512,3.361717273471506,2
2.613977202129302,-3.9157550411335604,4
3.5558260275751272,-3.226527472382838,4
-3.259591351363605,-4.503142953118106,0
-2.6180645477684465,-2.5699583528089303,0
0.9976320769202445,3.7132057642617307,2
1.0071572005966691,4.517994776391452,2
4.753194802065585,-3.3651526131982132,4
1.0192858881787366,-1.035462674887544,3
-1.4704895512312506,2.737230224301436,2
1.1910858547734768,3.1813949733399216,2
3.6581430360025635,-3.395283548016181,4
-4.359856140979919,-2.253746433972779,0
4.269613262599843,-4.245150575960086,4
1.534034639485276,-0.3643568484516507,3
-1.6970703063474182,-0.16988333804626027,1
0.034887947089408566,2.6244891104312575,2
2.227457888157764,-3.0579639996683023,4
4.787239964604669,-3.433990462215957,4
2.823865802289222,-4.5341246934488515,4
-3.2549772174208553,-1.4960070114173114,0
0.7911055619096121,-0.044955933671068725,3
-0.9686449057015101,-0.6363630398379605,1
-3.7691423497872982,-3.9399031011088645,0
1.2551457883749038,3.5023274765709607,2
3.396366956467351,-2.830252232029338,4
-0.0626482221218215,4.241240248406729,2
1.704592093297377,2.8918875417411307,2
1.6637328321434735,4.305243126531353,2
0.8567024802425557,5.677377087805489,2
-0.39767969361460404,2.8159694417774404,2
3.250628232103302,-2.1914289931098834,4
-0.020560557350507186,4.289183673118726,2
-0.23492427152097461,3.10648490748072,2
-1.5966300298748093,-2.3020967274609725,0
4.342180131244854,-4.934087745459577,4
-1.413983183854648,-4.2378154988268495,0
-1.3222991859235593,-3.5535882417079945,0
-1.8400777445057528,3.96771938895053,2
-1.1165614791871117,-0.45347490009501773,1
3.7979752545819054,-3.55510922792835,4
-4.519369965954013,-3.4842340728662515,0
-3.8184286659420015,-1.467632275321884,0
0.363460832268129,0.5334222733679352,1
-3.601367643951214,-2.680218065857463,0
0.2773584619646759,3.9777210208162868,2
0.3080099022173409,2.697155236475255,2
-0.28483693774220137,3.8938059099602467,2
3.734106335807249,-4.537707808530002,4
-2.979206292324592,-3.7280029412291347,0
0.5648423586001226,5.635797806135815,2
1.9243495164251125,-2.663416954540965,4
3.625318334021503,-3.1692744383326246,4
-0.8101970667823277,-3.8082982853551517,0
3.5770721838351394,-3.1780232900638383,4
-2.7495071496541232,-2.653551790503024,0
0.7093525144553172,4.019458255518883,2
-1.8571771854849795,-2.2480669673132256,0
1.3697011076541847,2.913945417881914,2
1.3934545275244314,4.710549102297786,2
4.764913805550771,-0.20779113209003874,4
-3.5589218472715882,-2.622788124935479,0
-0.5505870670007066,4.509689231224656,2
0.5437818152703218,-0.23616694921980597,3
-4.091700876139314,-3.387099702474401,0
3.4563559731326965,-3.367074646018183,4
1.8826729910687654,-3.0414911045773794,4
-1.0235594154845145,-4.564241611711052,0
-0.9224002516183423,-2.71621197216192,4
-3.803674567969731,-1.3608831945559325,0
-3.2170170504243703,-3.30848278845582,0
2.099551538621973,-1.5805443192021609,4
-3.3881768185412287,-2.8295837776245123,0
3.1911242338363923,-4.149707472897406,4
0.5704211733607956,3.6685686287184973,2
-1.2445425000847228,4.2328680874268985,2
3.0657886486489625,-1.3370685528101625,4
1.5985381120963413,4.802128458618119,2
-0.05152292852464606,4.503090368623747,2
-1.0952705188428047,0.8232961868039994,2
4.078125395794772,-3.086217098007453,4
-2.3652785314382303,-1.8903001580437768,0
0.370211889941741,4.58431416643531,2
-1.4840566649243352,3.791531789459592,2
-4.522359186217891,-1.8873116250100748,0
3.4872181946304273,-2.232692637397513,4
2.0931979322099448,2.4881165804367864,2
3.6122698101053925,-4.559435779126225,4
-0.4288479256060734,4.4158368362860605,2
-1.0339530933399375,0.7313824738761979,1
3.2921488421187988,-2.7197640539975056,4
-4.187598419029513,-2.6901792897729724,0
3.207542294888742,-4.346785662115435,4
3.9316659668680947,-2.604626318814334,4
-2.5181339382815087,-2.452735202622033,0
-4.836205373103296,-2.492008673087456,0
2.6285379789123144,-4.775982246961893,4
3.6443105001082006,-2.8535243883466817,4
1.1269941690693794,-0.9555184428000558,4
0.2678436378663333,3.1764650293741505,2
-4.319247194598767,-3.2029806373956573,0
-2.6334017539031516,-3.939879786327355,0
-0.7342333219710379,3.8584703626621524,2
1.8445482061823404,-2.274918955552492,4
1.5580896438881908,-2.0540704147296216,4
2.1180392357328257,-4.442714786002712,4
2.338974945372506,-3.5149387064332727,4
-0.326673247509044,4.124752099663935,2
-2.716712128453858,-3.258904973704077,0
3.087391428920122,-3.016054039248586,4
-2.046874954623913,-2.486914579902707,0
3.0799152637400375,-2.6790699380743423,4
-0.9403989164843533,3.4392390930201397,2
2.1101552290588583,-3.9607795582448904,4
-2.729543174220161,-3.050238109449137,0
2.6475462683622584,-0.851703136213041,4
-1.7995860920555746,-3.6568942789713956,0
-2.088637277825278,-2.8942462087285197,0
-2.4887974004750193,-1.6263414548370423,0
-3.9983854391882914,-2.6982081001805343,0
-2.874775497352093,-3.429405541125253,0
-1.911316891662504,4.09297924652941,2
0.0003344669306821757,0.9139431730273548,1
0.7534194635024307,3.3854612163089053,2
1.5680845399071224,0.03300176162002477,3
-1.6667634067891977,2.505243853550356,2
-2.6921982311079407,-4.710168392656626,0
5.052073311421935,-4.705959094890735,4
3.822682426574144,-2.6646827436026923,4
3.8678054595424456,-2.7725949210083796,4
-0.8497209214776963,3.5170160739271594,2
1.0800560591393102,4.942788514140076,2
1.5737342165551063,4.456688010730399,2
-0.016610342325908987,3.894181242502302,2
3.7191686663554373,-1.1802282126874024,4
0.732829081821745,2.725767880923205,2
-0.4684961133603157,3.2412347420646253,2
5.34562416189644,-4.4000712344017385,4
4.015392328675223,-4.171831300472525,4
-3.446433614550528,-2.8059100071016925,0
0.4504957237780347,3.7382417097789054,2
2.471001585796873,-4.0757366484416115,4
-3.688150345177724,-0.7475641946556912,0
2.7976610931299124,-3.183245243209282,4
3.0342718142002223,-4.68087045923812,4
-0.18414581568320207,2.8698212705153168,2
2.8535193292718386,-1.9935889599734453,4
-0.5712341256180292,-1.2299647671464868,1
2.1203563244487595,-3.8203284611324673,4
0.22631164767418754,0.035069688423389936,3
-2.6114213954690357,-0.5070004825672094,0
2.5221601492962087,-3.0446065321830016,4
2.700306504067111,-3.7634653033091117,4
1.585858826318841,-0.679289484429604,3
-1.9116076452861055,-1.6992933588663413,1
-4.517173696671679,-2.2494208324782345,0
1.0744326396671229,-1.5062902409944658,4
0.27242139665360987,4.417465089821295,2
-4.875172469645745,-2.8849739208525826,0
3.4764301667171247,-3.1532605533993054,4
-3.606865177857175,-2.542313413946448,0
-3.1671180803168544,-2.8532863135666773,0
-1.3919583809517313,5.704102078059118,2
-0.6737901056594764,4.957537163279768,2
-0.9858038086678267,3.7158449020712028,2
-2.278327935956765,-4.129051771217229,0
2.5487811730561236,-3.130800593726956,4
1.0626572907875265,3.6243663342344643,2
1.243405797187162,5.228030209608135,2
2.724104278559826,-4.224402207047271,4
-3.684629825760004,-2.2093744008372314,0
-0.37496520156468927,0.3501265818071326,1
0.27658150559104877,4.008556080824349,2
-2.361948898559243,-2.499155525055543,0
-0.32115903870570245,2.4143742932304075,2
-2.4806534857588276,-1.4672610869974223,0
-3.4523063192490766,-5.423879326628956,0
1.4941675946693795,-3.049910233041162,4
1.25761905635936,4.4060561224280805,2
3.047298743128728,-2.3053308758814155,4
2.303638752104789,2.520555776860276,2
-3.039307287627631,-3.134496784401733,0
0.5027448074908146,1.5067291796699225,2
0.42069963101847885,3.422079223167289,2
3.5009173290858575,-3.982324272276776,4
2.0505555651562863,-0.018911107996862492,3
1.6799228122626984,-3.2387526020634345,4
-3.5583017539460307,-4.100154232971695,0
-3.3294477863470915,-2.2681292957117045,0
-3.3226798388421357,-3.250833016455047,0
-4.724917832513032,-3.562287529240973,0
0.23278674294016363,3.2432360229840738,2
-0.23596998721097162,4.744185710315034,2
3.618360566259665,-1.544399520742702,4
2.6665137190303048,-2.1147436791340395,4
-3.4660365018682424,-4.594703067266796,0
-3.0250269587451437,-2.182233700799713,0
1.6238849928111523,4.3831681897589005,2
2.201793923641846,-1.9814625723496053,4
-4.10486279306252,-2.779458572986133,0
-2.917716010724576,-1.9345196249346488,0
-2.1415488833433347,-3.2346205699574138,0
0.30880147145251413,0.06544978220989911,3
-0.20866837122046583,3.687331554267643,2
3.381352834580285,-1.6344735374737343,4
-3.0739475656083926,-3.4516594761596227,0
-1.2468559642696015,0.6923404405534483,1
0.3231854824582059,5.2838168598535615,2
4.48547736927255,-5.04743718577075,4
1.3181970672340253,2.6418250785224062,2
-0.8692869869886438,3.989132862965028,2
2.4596236610129454,-3.801483921831007,4
-0.3152966552861244,3.058977299333621,2
2.458526993492831,-3.1020062801272617,4
2.443221227156634,-2.9673611633091284,4
-0.5873845783870841,-2.215395712101976,0
-2.3645819697907737,-4.239258394853472,0
1.2528426344274837,3.5517753836998507,2
-3.535963445114048,-2.191942201718855,0
0.34121584249203324,5.5002746090009875,2
-1.2276799644560572,3.408721990630294,2
-2.3523114618993075,-1.4769701435919746,0
3.8571583884232883,-1.4753614035172438,4
0.03139586553277644,5.60757830639951,2
-3.0275149050506363,-1.227748403330256,0
2.513368811810731,-3.0102056003909325,4
3.463301510234231,-3.333047620975522,4
0.34695325859629256,1.5363017756134103,3
-5.747504842725235,-3.4997301761516306,0
3.6763570476749083,-3.037687120742238,4
0.13069002446438233,3.858474246633052,2
2.5179566495511714,-0.5961558023588688,3
0.54090851856099,4.876169167191232,2
-1.4268265767813424,4.069337161715348,2
-0.5106993865334425,-0.02885310439846355,1
-0.17791787580439816,3.087189080703487,2
1.352846005100699,0.5774071015599417,3
-0.8682609615983323,4.097813293093307,2
2.8315802879711187,-2.3963542610392614,4
4.67427076607113,-3.9009211185541526,4
4.491673858801808,-2.2751706265141682,4
2.43679026595738,-3.701957298295122,4
3.218718266141488,-3.1668147406983933,4
1.1955313880867093,2.4810302191866853,2
-1.3957892021924851,4.5913492417584,2
-3.2525681513931604,-4.2477831819648495,0
3.925281892716831,-2.8313486323898047,4
-1.5449373466767586,3.4606949855367297,2
1.7284514791077161,-4.153084331739782,4
-0.514782674914742,4.243530204186345,2
0.2483251425158822,4.078117735236017,2
-2.1423403767979807,-3.1599385299634273,0
-0.5035696189077175,3.849385985370067,2
0.6594512411136115,3.196051585272519,2
-2.5400278570608834,-3.6777153697521063,0
0.39457998548421935,3.5742443953484093,2
-2.8736204204535882,-1.0610710009417152,0
0.518871180440122,4.495805021027571,2
-4.053682419146354,-4.067802921579193,0
-3.694713131089058,-3.409282438113104,0
1.0409541737977894,2.734741590914785,2
-1.625544033562061,1.4934284294632834,2
2.3409761733403296,-1.6713535884553563,4
-3.67639230205927,-1.1990595670891844,0
-3.021367294348436,-3.7472116791478234,0
-0.3177608940173958,4.116578512012464,2
2.7526640361035817,-2.6667694650099785,4
-4.6064463202575725,-2.796536364132777,0
-1.0319662838471795,3.5597407956135996,2
3.264481684951374,-2.936297640234229,4
0.13659739558875236,4.025385277972272,2
4.110911144734433,-4.500802015262175,4
3.747444971427056,-2.702123808976155,4
2.8703269479713995,-4.536530690382039,4
3.61908316938801,-3.3755089806394993,4
-1.209198711239606,4.05674168329682,2
2.711849737577484,-2.849525501226099,4
-1.357984839863631,-1.9901829106573659,0
2.6782472960097916,-3.032481035842095,4
-0.8297493858030993,-0.5927240045404495,1
1.0872563304434557,-0.42222623959885996,3
-0.41462690057186313,3.0048260401007627,2
1.4614189932653652,-0.31643343698377197,3
-3.2340198591069815,-2.5336416255536656,0
1.8566474365619547,3.518234028906525,2
0.10291739052323721,1.6859559339998946,2
-4.448084341497324,-4.407463774376556,0
-3.7128457826771646,-2.893569772308103,0
-0.8626021645243959,-1.1147408708389723,1
1.514813837300068,-5.0494744856696805,4
2.1111403019643253,-3.1597484979915866,4
-3.1070303599545577,-4.035242322419374,0
4.205818420716043,-3.9367952349593827,4
1.347357189142741,0.2760253943162797,3
-2.799430802769057,-1.8513626505712848,0
-0.9563916854023952,-0.2468958867373081,1
-3.571178989782797,-2.4274172186438414,0
-2.744192931592985,-0.22489323397308367,1
-2.391956204313024,4.8447743757817,2
-1.753914807502371,-5.0733902324081495,0
-1.3550322864987163,-3.2490360395563784,0
-0.06040372919690829,5.127780250633899,2
-1.3585740152574743,2.920263678724152,2
-1.8207028159361736,-2.932481518589891,0
-0.7447060400558618,0.7183481541871367,1
1.0182858483523773,-0.5383518036967541,3
-3.1112260613487,-3.90390764146479,0
3.0913147286113496,-3.380455904166351,4
-0.8937460190837143,3.6120350310925478,2
-1.4344759707656596,-3.0657502610729876,0
1.3632289751322504,3.696373927101999,2
2.852860495185893,-3.6566240707997046,4
3.381244655162099,-3.04060623167853,4
-3.3427145165267693,-3.802277269221619,0
2.6800927219970863,-1.6091664518233566,4
0.49470565377503245,4.3834350314036445,2
3.928015659151687,-2.7915080294244192,4
3.2959332403460952,-2.864571165280043,4
-1.270061088712032,4.286955854301708,2
-2.704391631602775,3.3701154476361896,2
-4.175594605624852,-3.895069842276605,0
-0.18820243877282114,3.8964131465942193,2
-3.646227309843803,-1.224689107390488,0
3.572445306155102,-2.6029533301176,4
0.5181017020299757,3.470798990188487,2
1.6435250797436551,0.8572560972220623,3
-0.12903411512978377,3.1483378256656067,2
1.8931297084659433,-1.6654938666621621,4
3.665334534508875,-0.7903944239576224,4
0.7499002394237105,4.279267838216526,2
-2.769929240808598,-2.502256910908606,0
-0.4536363875916828,5.726226545635632,2
-0.5907583059624213,0.07570674219718031,1
5.004423303675171,-3.097311150701591,4
0.31635832153614474,3.1147513138757774,2
1.5675328939327837,0.6441731663445429,3
-2.9213648096839093,-4.998200684532108,0
2.2445011168660507,-3.101986654593678,4
-3.889240828228324,-2.0446994417622473,0
-2.0864153737667506,-3.803178950680345,0
-1.326547909701463,-1.659538948209652,0
2.681841498382071,-2.3992669848544086,4
-4.106334974006028,-4.196206624080671,0
-3.3653215513121086,-2.8153196941350918,0
3.1551553428653563,-3.3982830335425485,4
2.091497488487809,-2.395892544560956,4
-2.461244007553631,-3.9206735930793664,0
2.8394403904982024,-3.5552861026010363,4
-3.4465149520670213,-2.1436012056765277,0
-1.6956597571218475,-4.662491988035674,0
-4.801057734152739,-3.542673799734022,0
-2.56306183025365,-1.8093537252136587,0
-0.41222074502447015,4.9134737320174064,2
-1.908689879405731,-2.390861879092823,0
0.5626244499801027,-0.11340857860948449,3
-3.6414815952229524,-2.5680774553260592,0
0.8202323983059842,4.817306203738326,2
-2.707807271673627,-3.1873290184063747,0
3.7298193622676306,-1.608079112320081,4
-1.9504472846806649,-3.535235211560568,0
-0.6314025555665582,4.052526368215316,2
3.2541276870714353,-2.3029490211602734,4
0.11424247359893236,1.083344659612089,3
2.9271423111589447,-1.110721204496004,4
-3.6127886904843862,-3.387701559935984,0
4.21644738727708,-2.8444883962364393,4
3.157346567673078,-2.0234934109368354,4
-1.58358838978758,4.412998912137797,2
4.059565572623397,-3.5552804969053295,4
1.4069347458917507,3.5158815054151824,2
-1.9182332723271713,-4.312219193431407,0
1.9185866192607128,-2.664152735279931,4
0.6455877121741934,4.019381237698025,2
-0.0547783603388251,3.0775870151560465,2
3.5557421780428924,-0.9459075585640249,4
-0.6922503292658964,2.031076857583917,2
-3.9218598131253133,-4.003957372081499,0
-0.3318667684711105,-0.8398089028396117,3
2.8399255133916954,-3.243410302567908,4
4.974078687745024,-2.6227367406577735,4
-2.1995904747723176,-2.245708670186426,0
-1.8418891264999322,-2.2083373060370644,0
0.32774924863816646,-0.45291971794315256,3
-0.12334406404611045,4.309047443032654,2
2.410746269204932,-4.253401718295018,4
-5.438817158276429,-3.134279162186304,0
2.523123539356164,-1.322884129813129,4
0.5152943216244674,3.165718189965375,2
-2.73597991866633,-1.7276464998932322,0
1.0901834710204468,3.251903935378353,2
0.4094385306422523,3.7233282282808546,2
3.6621687539474994,-4.498635497149212,4
-1.5081105796752188,0.749771343178,1
-1.606358931957348,-0.30913103628494565,1
2.6977306079174737,-2.469132837932851,4
0.634903657761279,-0.6047207479332781,3
-3.7303666317171364,-2.783541410418025,0
-1.6075346999356712,-3.250046514598953,0
1.9703890289105994,-2.7730680561997523,4
-2.9679958509342335,-3.7534178703461833,0
4.411356861745625,-2.214654396989717,4
0.7114105794654951,7.1129102010438405,2
0.653131924770614,-0.1548051217185654,3
3.9877285159245996,-3.775606361437603,4
-2.8306391759639222,-4.41371449690498,0
-1.2611486481466687,-3.3212427661179116,0
-0.9933586995819507,2.9841211730100214,2
-0.059826143529903696,4.493560204334291,2
2.284487014514771,-1.8785007881500717,4
4.029604361419693,-1.0175295498310724,4
-0.061097508005868134,3.251200203979946,2
-1.9754877712171375,4.75109945450731,2
3.4642512381230035,-2.3908644809464863,4
-1.6097924509826866,-2.442189693648138,0
-4.260883954335045,-2.082138052945224,0
-3.013837746094237,-3.689727774064174,0
1.8758781411392267,-2.8974585601824776,4
-0.33645974538561463,-0.3383684928349459,1
-0.965664803523208,5.629166364900945,2
-1.7755752082913574,-0.3193011378763137,1
2.676957631226993,-3.367237000799286,4
-4.236950710878082,-4.320456613084277,0
-0.8130143722601298,4.8232799156777055,2
-0.5955349351838592,4.900533077331591,2
-2.3662231190679015,-2.5862009025485015,0
-0.7296379522824767,-1.1218898037192984,1
-2.064321606852539,-1.7284449050058412,0
-4.639484162525434,-3.392471106060873,0
-1.1789234912983253,3.78033054764904,2
0.7290636450023644,4.351165467627084,2
-4.443854816133542,-5.296180953137238,0
2.6839170388770266,-2.6856613168685697,4
-1.9939739246066641,-0.3146688817575911,1
1.8007956749043568,-2.552303733604988,4
4.433633608817878,-4.8596630405497985,4
-3.220964173829664,-2.973114161005469,0
-1.7758849262551886,0.34343418670540543,1
-1.8105295110753594,-4.2276078151369925,0
-3.715303709259968,-2.320402251065324,0
-4.008554684076208,-4.962625691672579,0
-0.3187483152461331,2.9701881514581547,2
-0.4597608469629618,0.2707351915911049,1
-1.3734028889697492,4.519902139528752,2
2.388998875910371,-2.2036599802511674,4
-1.0034389034995035,3.668647700912151,2
3.412355969085948,-1.4238274722586215,4
-3.2111302388276943,-3.987179527151184,0
0.07125374991089249,2.7064923747959044,2
-3.838585798447231,-3.8866809222834573,0
0.10248464215820753,3.5171724091930816,2
-4.371901142931357,-4.613561397876741,0
-0.8611324464846566,0.3878937226354624,1
0.2050753392346299,2.376617470058757,2
-2.9987945246377756,-3.8170886310681906,0
-1.8368362478450404,-2.989766938980413,0
-0.1585376924164567,3.081980938361035,2
3.4713912627649908,-1.7281004545760565,4
2.2770864980533045,2.765488001577604,2
-0.9944285217997922,4.249548189598077,2
-0.6075687917795559,5.568182429527326,2
0.9316242845689677,-2.9106047210683865,4
-1.8918171832624835,-4.039905927125531,0
-0.7712002995492906,2.2260303838878706,2
-2.3206267170434964,-4.148794035158656,0
-2.3843067887857456,4.745150864284818,2
1.2988595257327582,-2.6259379118689563,4
5.721912147906493,-2.1555441279283345,4
2.925654670241476,-3.184551442185945,4
3.2716835845000305,-1.4092042578287474,4
3.4704829961291064,-1.0276555209178,4
1.4927741796160616,-3.5567178978571627,4
-3.6465728842425267,-4.081548003614395,0
5.710794299040533,-3.063745285503966,4
3.8369911546336737,-2.6315024131609612,4
1.429104634076835,-0.030671215809226594,3
3.3607557546638347,-2.9277116528751304,4
0.8293237725828624,3.368348475486356,2
0.22749587573205374,4.635967750711738,2
-2.18713788116104,-2.370371158076388,0
-3.8304444065565653,-2.4774858947342424,0
2.903999338266142,-3.1980597632189065,4
1.2384382140755406,-0.44847339237492734,3
0.7005166291177807,0.7183008163487121,3
3.3999965529436063,-2.834140973201327,4
2.0998397721263373,-3.4134487034717953,4
3.312865651490911,-2.9342623399527126,4
0.46027162498230384,4.194842340270138,2
4.372271316607991,-2.8579555211694547,4
1.709057780506776,-3.406974366373371,4
1.7960863510336198,-2.7747433180164003,4
-3.773789199103573,-4.244654703311417,0
0.35973897512678843,3.5013661042115487,2
-0.5641961798604865,2.505962206710249,2
-2.80094030442653,-3.6002168771587946,0
0.0788808084552377,-1.8804250885654232,0
0.2790838583451852,4.291563676681973,2
-2.5913926922982324,-3.307808471138884,0
2.9800816037002686,-3.247880119078663,4
-2.1782113197314303,3.470533036492992,2
3.4001696052004973,-5.014063274237763,4
3.256783257324723,-3.2284725438095405,4
-0.3045555610264614,-0.20175284320864317,1
2.729628600864209,-4.389780143192669,4
2.315187890261104,-3.0942690707649008,4
0.5559414516458422,2.095055545989361,2
-2.6925933021908994,-2.1842627874607032,0
3.830498133985952,-3.9057972133711476,4
0.452067838259671,3.644025915614167,2
-1.0962203248685651,3.932128618300518,2
0.41055008532761655,3.7689305225423197,2
2.0874118018223733,-2.298610106190501,4
1.6243659112136382,-3.473645457651191,4
-2.710225143103587,-0.9245992013545612,0
-0.7239903317426091,3.804609648822976,2
-2.6131914793107973,-1.909019574814033,0
-2.012665483410898,-3.075951023642523,0
3.703492148225025,-3.0778214361364733,4
-0.02439856723615665,2.5777703504937928,2
-2.461703920950367,-1.9274926626901978,0
3.933810426074997,-2.496767615467504,4
2.193490370974418,-3.4592203979892404,4
-1.115413694065391,-1.456756471727811,0
-2.6890924344019953,-1.524643783050448,0
0.3406502471630837,0.4124560530759025,3
-1.914104434168422,-2.5253017671200473,0
2.3827142931211127,-1.797750996638829,4
-0.7559507066919204,4.360441676292773,2
-0.7384147662999725,-1.5193476511318111,1
3.5354587474096335,-1.7909898010990029,4
-1.5488563922049583,-2.040729173914793,0
-0.6671890847775054,3.267031100876241,2
-2.206511279447787,-4.7485319732381805,0
1.3348747036959556,-5.001740167476262,4
-1.6896912538803917,-1.604316189210044,0
-1.0374128094692052,-2.996304328152153,0
2.4670062805740463,-2.3600970428479155,4
-2.078198498022748,-2.5173121127907874,0
2.5987907934553225,-2.2904005206164335,4
-2.4529026188299623,-3.202192652433894,0
-2.077119853773874,3.764726090027561,2
-0.07938842440570287,3.6995340512792962,2
3.0982994340712575,3.7418248619685657,2
-0.01987363536831157,3.8927352341890584,2
-3.071601259414064,-3.037222236509842,0
0.017433726686519213,1.138373216863867,1
1.3689667834188268,0.3058098463453974,3
-2.9775341071879535,-2.45288088482479,0
1.2192365451550844,-0.02349726926565566,3
-2.8399817741472124,-2.498217263832455,0
0.11053531747394013,3.373684723816993,2
-0.6338702982464666,0.09418377658106053,1
-4.2002964070557764,-3.3345012358409485,0
-2.208968052956953,-3.909387454794739,0
3.5363892188475763,-4.671147164795348,4
-0.7660452024003999,3.538732949501693,2
3.105278623909678,-2.8493975071553663,4
-2.6563817104315386,-4.763040155362734,0
-1.027403551526011,3.626731754058686,2
1.0899049590908303,3.4288160259158134,2
-1.500221861446936,3.2211629571795655,2
0.7564883543160984,2.0859399294125325,2
-0.1643352058853912,4.2120933530741755,2
-4.234348871879922,-3.5924642591528944,0
3.8739897510068824,-2.9215607539163297,4
-4.68343819222095,-3.8058700664961886,0
-2.810418383401257,-1.9989539074328588,0
1.9023890177242733,-3.3616281093725457,4
-4.062393528146879,-2.5716929027923516,0
1.6734418856229851,4.441746736377557,2
-0.5717460419560614,4.332607510324197,2
-4.092312764672579,-3.316408449694802,0
-2.3220741286607307,-3.4879114081457026,0
-3.061764199860129,-2.520558481913936,0
-0.8095280432498949,-0.19971624262950674,1
3.0223505549663656,-3.9866590277241105,4
1.220282896417717,2.9233208725289863,2
-1.4458395792852259,-2.1460240234477763,0
1.6733639461525236,3.4105476000612818,2
2.4380698861420735,-4.428904606511727,4
0.16058943317175978,5.362132403685079,2
0.9944473755089074,4.646006187114551,2
-3.0255540709914452,-1.8272709807406353,0
0.8635282425215212,4.1714693175903905,2
-2.243011383354648,-3.9221653241776253,0
2.6927537743382683,-1.6309054172371487,4
0.5024996961292902,3.109251136447736,2
1.0829999385168685,2.9236188125979417,2
-2.590237204040503,-3.8610879101735707,0
3.8913439016052465,-3.204355726645648,4
2.849531858505018,-3.6631645901261827,4
-1.2422465335492292,2.874412885968031,2
-2.109801588875213,-1.9647506652762474,0
0.24608361531640882,3.1977199728604564,2
-2.0217986399619474,3.898719281298467,2
-2.0656070524290415,0.6383645925365137,1
2.567362483666472,-0.8142693832774257,4
4.251947454513157,-2.084176218402396,4
2.7510263447193246,-2.685870503549334,4
-1.0579742020089338,-0.24958015676841516,1
2.5709627519073344,-4.704785905790114,4
-1.388542553831211,2.39972889549629,2
-0.4479613384499751,2.7851938641113567,2
-1.349773069381231,5.768169293059783,2
-2.0361208832050903,-0.7894769984086487,0
-0.05090557469127477,-1.7553204192632132,0
-0.2737292521667607,3.9857296470506114,2
-2.4027717817466154,-3.9483480042242007,0
-3.375196380323937,-3.317715096756234,0
2.9864967554070234,-4.106732987729451,4
-3.299676648006787,-3.0502046170417447,0
-3.016422896072752,-1.811606726551916,0
3.953760255811354,-0.828197332603398,4
-0.48083378951197936,4.696167997159289,2
3.2190715625376685,-3.475392242214542,4
0.9276448183040018,-2.8459681583164125,4
1.6568791013363953,-0.48359503863564923,3
-3.9519184600222355,-2.9225194814811375,0
3.225269722015047,-2.393237849793593,4
-3.7563507452843035,-4.422253709597674,0
-1.8465730478044171,3.5713454730834666,2
0.6002129657442777,4.957932055215684,2
1.5232918634104329,0.19442186562391997,3
0.8853064009262646,-3.423901072332596,4
0.49406391897551966,1.145373337095609,2
3.5308015836727296,-4.073190274067049,4
-3.7424705856980482,-4.320022511220706,0
-1.5288296725063915,-3.209323677151866,0
6.377382919082645,-2.323492523560025,4
-2.739557736666444,-3.538841856192738,0
-2.32713876403318,-2.4081858662586217,0
-2.3414557273271694,-0.9897954612336504,0
0.364561477355457,3.319826523652049,2
2.8471450081857745,-2.5664375398081205,4
0.8380288619049016,-0.9260705659114482,3
-5.553921134901955,-2.0656800887607263,0
-2.7759075181895834,-2.987407599218205,0
0.8983595683469856,5.124776719985812,2
-0.32948930021798606,5.674859672914065,2
-3.1254542600029,-2.6721204758406425,0
-1.395448504755072,3.2920890593259244,2
2.410084603750067,-2.6689610971827866,4
1.2880757248523775,4.014508999262654,2
-0.9756903767131475,-4.3631740045928105,0
-0.6082265074447593,4.3631156277445236,2
2.049812095785926,4.000682818957483,2
-1.1031843812330935,4.820553502887897,2
3.7964303666421104,-1.3360137201919005,4
1.2241202100470612,0.873260690349195,3
-0.4174303819894322,4.344053921563466,2
-3.244156635290649,-2.035912831711643,0
-4.525525170924739,-3.6919080698812445,0
3.813280406064593,-3.843853877424899,4
0.5306831230100478,3.336563842780512,2
3.3959142209580455,-3.1171720049743756,4
0.052959842988344885,0.011040978470062877,1
-1.8037504840924963,4.331470896330895,2
-1.3358624041686133,4.7241365593144975,2
1.7481370691208353,5.040061819902576,2
3.002183590837036,-4.375085233167085,4
3.9653266671611265,-2.2956637901459214,4
2.0135595009007536,-2.4831747341755492,4
1.8679379747508205,-0.2759155573890841,3
-1.1994888184891463,-1.7610536470605627,0
-3.0192603797343947,-3.262890829208268,0
-0.7758748231664838,4.0789640456680845,2
2.7860735336488345,-3.976945739381882,4
-1.183056184734389,3.7472367449038146,2
-2.261189519112497,-2.3846325159869464,0
1.1032175720536581,5.441942401952601,2
-1.5269938463078434,-0.2268047394109303,1
1.1039335467019071,3.7437191757484274,2
0.690472686121513,4.265616993172533,2
-0.863493604964934,3.968796511060916,2
0.8625434846151703,2.3050265614833876,2
0.33795555414502526,3.4077591551871853,2
-1.9239928614014017,-2.9786883513280578,0
2.8667212847708443,-2.7945135724399797,4
1.0094717885959688,3.155058561406504,2
-2.164307887934858,-4.129706854657618,0
-2.986998108122093,-1.5464659228426831,0
-2.159356451011276,-3.652623979302391,0
3.945311771235865,-3.5525693461188523,4
-2.7970769791487005,-4.515744114997232,0
1.259411628520204,-0.43030914043348284,3
2.8823450683978358,-2.984972249712903,4
2.795870231127284,0.11768112920804752,4
-4.089633037342388,-3.7847619081277033,0
2.5850837218796725,-1.4980470348114043,4
2.0011791306659505,-4.222364614987239,4
-3.6680904536430488,-2.007957650463477,0
0.04382879946042826,4.95580274511248,2
3.8049333907323257,-0.8095829988115768,4
-2.8981437047380134,-1.4509798485048127,0
-4.110575845465829,-1.2477295565763773,0
-3.4788374560084043,-3.8627757640431204,0
2.454038072885072,-4.34964967022014,4
-3.0122467728469147,-3.8972543714858316,0
-2.181222356245139,-1.4620680815874472,0
0.7034401331388942,6.1549286773831415,2
3.4391501337004176,-2.1668205687298183,4
3.0163742419312936,-3.9869427365015566,4
0.4469817170098519,3.36141417485497,2
-1.9937071907855595,-3.576891869523149,0
-1.8034284983355087,-3.15852957302697,0
-2.166077845451096,-2.5408199207715634,0
-0.2138751675546389,4.970316201788282,2
0.05911341194796971,0.2743278382155083,3
-2.4371191398256453,-3.8798143535020544,0
-3.074433429100046,-2.379327902449322,0
0.06008599461516361,4.388312005423449,2
3.263755584822576,-3.5587995720623407,4
0.06783851391693768,1.9800726678438636,2
3.603713240544196,-1.598499653447842,4
-0.8239354869719996,3.280890548550814,2
-2.704375511252905,-4.516642549420791,0
0.7821300015314592,3.209100618332447,2
3.5327832093226244,-3.8055266825105205,4
-4.105704668485936,-3.2149210302887354,0
-1.9708443626743564,-2.5274025175869568,0
-4.3776693679570915,-3.937825039915123,0
4.612868370707128,-2.0533816916695633,4
-1.7362933223453314,-3.8463159774657356,0
5.305636837367189,-4.015581379650545,4
-1.58242797402364,4.816837011430981,2
2.5058099769330875,-2.7161554326972634,4
2.564922758423684,-3.311675885765234,4
2.704943810194358,-3.4628562857143796,4
2.687322830346724,-3.795988910008754,4
3.6670654727283543,-4.5450564074064355,4
3.8627545919526867,-3.830070495129237,4
4.277856655030514,-2.4295126691364266,4
-2.2914301267655084,0.5258733873017613,1
0.6963228620803235,4.2787998123854605,2
-0.2188662517356257,4.76624297504051,2
-2.6003120482473583,-3.651356893791829,0
-3.6389617476895024,-4.323089793407498,0
-3.9006207346478687,-2.361608074391617,0
-2.9896473801566192,-4.31183623235016,0
-1.5327005598899308,3.8037193486120633,2
-2.8049750159718734,-3.75828206888759,0
0.3405764652808845,1.0779991210050102,3
-0.11510969392323915,3.6540806709528293,2
-0.23382076834708732,0.20281408866102488,1
-1.55473846862686,-0.9585595017572592,1
0.4790031433927589,3.138690420302892,2
-1.4836059447464272,-2.3978816796075164,0
-2.1004001245667494,-2.6927004791233906,0
0.4042128652773321,4.71587274469096,2
1.0294574815983573,4.87231538002845,2
-4.478911568774128,-2.8166400802208442,0
1.8820723919632603,-1.4608027998250925,4
-0.11480224875906367,4.56677172618418,2
-1.4359095238685275,2.684184183572493,2
4.68331457592753,-2.6072316369488755,4
3.1299982258015953,-4.063036272853719,4
-0.4133106701882798,-1.2633881651041947,1
0.9278648839035131,-3.204932474241608,4
-1.8207602778020162,3.2942265169046347,2
3.418514559157055,-3.4966510521282466,4
3.0538973470332063,-4.326262161949157,4
0.851124098380238,5.2238559185425935,2
-1.340072071123935,4.432216690759254,2
-1.7723310075267078,-4.209641018691205,0
-4.448013900416244,-5.198805956620082,0
-0.8823211245856556,-0.5424409738416002,1
0.045491476330752,4.558336423211705,2
-3.334775332106541,-3.4036484632419968,0
-2.6501999754320926,-4.0040545968420105,0
2.1472032814316186,0.6984360915515625,3
3.526981391363753,-2.992439819605867,4
-0.29882008902920415,3.641755622092492,2
0.02041716721291813,2.534326142657905,2
2.471083620895345,-2.222403938207728,4
1.9361533177185586,-1.170961747729732,3
2.3416172820595547,-3.5945036959490073,4
-1.9759374741885376,-2.407473050798817,0
-0.4842583519308302,3.9540711712598395,2
4.53739673068429,-1.5858896093932182,4
2.1247714030169615,5.331339061988404,2
2.441204181115043,-3.3120719320527328,4
-0.49156193901893,2.587274241099444,2
-0.6007499057849328,1.1647304618782495,1
-2.984381666050397,-2.097722826213353,0
-1.5587267109338845,-4.435862151179439,0
-3.137448514627692,-2.047125452797061,0
-0.22104246353705057,4.06936980265807,2
3.0121696822829054,-3.0928745013930525,4
2.916910672256817,-2.351118074096161,4
-0.816154989028044,2.544945394909448,2
-3.508140197647311,-3.1477803188174716,0
-0.7538621136909615,4.382653551477492,2
3.6054045047627468,-2.5273602370099884,4
3.321584540372756,-2.883491947524129,4
4.310605912813463,-1.8288980283304406,4
-2.7401172057515764,-2.2181771282226896,0
-3.095464247089073,-4.776246333466451,0
3.7534174734210928,-2.900173684900232,4
0.5678727873959261,-0.6753929806803509,3
0.6453889265599408,0.26403595741388697,3
2.735644166796533,-3.7742038183529005,4
4.762979652537399,-3.507716769149714,4
2.4357101472809806,-3.5927028229571065,4
3.583837081539059,-3.4352481970051683,4
-1.055089368176695,4.126267736234068,2
-3.9077561801469205,-1.4807160763582312,0
0.6200363771738364,-0.05805606191213359,3
0.2867741123825862,3.8527947213144027,2
-0.8051717517428763,5.0768481446576805,2
2.9366101479651894,-2.517209875939682,4
2.9981712411558994,-2.860017903678646,4
-2.579905509548159,-2.393149406784329,0
-4.111457956937032,-2.753495221567995,0
-0.411024936503173,5.021622984073039,2
-4.006542565279641,-1.8601214388709546,0
3.2440984435023865,-2.726088913152821,4
-2.6493699007264406,-2.5108128698523364,0
0.3603687159048611,3.08935491281751,2
-0.42375968202270325,3.546585891616146,2
-1.3990784281844755,2.4797132077593904,2
2.910796702308332,-1.389707019517129,4
-4.116524439948659,-1.7641883799930613,0
-1.8518427315746586,4.7835896647986065,2
2.644065082913029,-1.3521223942163267,4
3.245114284372618,-2.2732059535981963,4
1.1880106624379458,-3.9506906934152553,4
-0.10199471663593199,3.1575673698736737,2
-0.8827109610680255,-0.05930712074358363,1
-0.7022804875820102,-0.3211900275405954,1
-2.127679363279322,-2.8166579942616483,0
0.3074035697196884,3.175387749565239,2
3.1928618431501907,-1.4815779693478202,4
-3.5522230442809715,-2.3670681822444894,0
-3.1558981779366677,-3.548287296490601,0
4.040057890793389,-4.018869957066736,4
-2.00373318055286,-3.4937565831613124,0
0.04522270899998256,4.0511979018810855,2
-2.8394260189501352,-2.9969539798465856,0
0.6840669201179788,-0.7934084608099773,3
-1.0566752286652017,0.25176598321447086,1
0.17962227263192343,5.345147620452415,2
4.140250552671205,-4.18023173420037,4
-0.44184892724082386,4.110886382828418,2
-3.488849421786274,-4.119617433289012,0
-0.7380570836613916,4.1812511626020505,2
2.204029626149502,-2.8081104549783524,4
2.600143133392005,0.058293472251748656,3
0.9807715035017719,0.020114821433152515,3
-1.77229814115055,-0.8382709110677947,1
1.8768049491246224,-0.9543454523228458,4
-0.6701152004542329,5.17171791471616,2
0.4929864585144592,3.942482246994537,2
3.8066764021643626,-5.943141565471733,4
2.7634626166314646,-4.311549137898682,4
-3.0826806858426994,-3.1217475083832835,0
0.15532499919940146,4.398147265122537,2
1.5091310134045506,4.605606232631313,2
-1.1761733365547806,4.487560297086719,2
2.5445329437502595,-2.7550429068279962,4
-0.5139006266488432,2.801048602006124,2
4.352362545926151,-5.364855372791512,4
0.3903661943953757,3.8460947730253126,2
3.103117925717205,-3.451445390324934,4
-0.5186667196212101,4.853201545051554,2
-0.8873294588557712,4.771796177235661,2
1.6296421311127987,3.6273244160480256,2
-0.22710600778092602,3.8582424459724614,2
-1.8507266737143242,-3.7031764251258874,0
4.061256258512118,-3.433389566686153,4
5.05451488940476,-1.457193226230318,4
0.3791531187261241,5.230222175650788,2
-1.9674537956583427,-1.8732948631724167,0
0.857898825291343,4.553569531067794,2
-3.8953463223630242,-3.4081008391602206,0
0.8707466445884032,4.94881309647162,2
0.996936020783665,0.23925825865488853,3
1.2920603343265227,3.250828273396758,2
2.658907067858392,-1.9780368449399965,4
-2.8352391587634833,-2.949112298143982,0
1.9498134626383306,-3.9722982447348345,4
-2.117666937676591,-3.4520903328330803,0
-2.1610594995303876,-3.617253186546923,0
-3.194908280352681,-1.8662299031329355,0
0.8470864842424843,-3.0307865024134153,4
3.233865101009247,-1.835009117436077,4
3.6235257988258587,-1.1945831535802194,4
0.6148863013069636,-3.5652587392104036,4
3.656898706319647,-3.7223474046150296,4
-4.183258512665775,-5.0392321777601,0
2.108456510145495,-2.9302957305707196,4
0.8580141953021454,3.1718037270347654,2
-2.985726932163566,-3.9539394193966446,0
2.8864374352095483,-3.055852182652811,4
0.6089214347160405,-4.019801333694594,4
-2.357277240132456,-1.6708474698675686,0
-2.591747244285528,-4.702583604237841,0
2.0358735351817927,4.468978078148468,2
-0.8963326585920618,4.219302337200436,2
3.474633485566792,-2.29240817802538,4
3.681634223668389,-2.985891643746875,4
-3.11232804969083,-3.220969599533223,0
1.2823278516366037,-2.763857590120899,4
-5.530287522746329,-3.286004221880111,0
-2.0034294894205527,-3.466495379228198,0
1.7434346640545646,-1.7107969485931267,4
-1.1098902826319768,-0.21400388050792274,1
2.136810287833172,-0.9598661140030811,4
3.6543881340607633,-2.710088825962337,4
1.5805668034549902,-3.8574424295472167,4
1.1249926125280636,-1.8200114703102135,4
1.259233239786799,5.146440870400728,2
0.6030946849488336,3.149464721252956,2
1.9293335938098217,-3.784320970300256,4
-0.9059837630520853,0.6141183865112068,1
1.467316029076266,-4.128590673097035,4
1.6147787907098514,3.6779718455079418,2
2.7269932519774156,-2.4149786677122016,4
-1.5183297763538597,0.7676789589946507,1
3.107760055452543,-3.249893735812046,4
3.3149718715553322,-2.785017182545452,4
-0.17759599475873897,4.655892137787583,2
-1.7999210435731388,-3.491902447506205,0
-2.187474177605802,-1.643759971429177,0
-1.8070413949318163,3.725154699330208,2
2.5513043173805157,-2.7657407355432344,4
-0.9925004068556498,1.721041833400061,1
-2.521020174253608,-2.6663378947130516,0
-2.706442067833371,-4.356581804623405,0
-3.219671887837512,-2.6428874284882538,0
0.03757485933586561,3.6853091712119075,2
0.429427970143317,0.4175592605645098,3
-0.6220088282644143,0.2036134876537322,3
-0.8778438029873668,-1.9675347394488532,0
0.5053371476473485,4.527839349915587,2
-3.259042145820703,-3.1963498490849784,0
-3.1500555870325266,-2.8744235465284578,0
2.0119971819970592,-3.1471927507680113,4
2.184090464851447,-4.153706323630364,4
-2.9141069937066697,-5.219300372747535,0
0.9588163064676725,5.127686294516429,2
1.3508523306990055,3.346320859362581,2
1.362562852712452,5.640614563488287,2
2.774506576665364,-2.7044883084096614,4
-1.9774295679903597,-0.5602475936607272,0
-1.187765239917527,3.6026767474486383,2
-3.9885911071509175,-4.103589317215771,0
-2.42292787281946,-3.2030453860429926,0
0.3220900856688641,-0.49430212178469246,3
-1.3495762115515322,3.5847862320947286,2
-0.08225369967145317,4.306450862963341,2
-0.6168038988141387,0.63487099505229,1
0.8728243510056346,3.033843276629583,2
-0.4642276779347385,1.0977721210296523,1
-1.1997252650902135,4.698919685080789,2
2.6733862193387874,-1.0146196047397067,4
0.6336610247740587,3.3018003253889505,2
-0.6668487169515637,4.197916667342075,2
-0.14365952989711814,3.8349194349969538,2
3.9625025919532986,-1.8344051048558718,4
-5.121854899008595,-3.6078219870944324,0
1.9106573622878937,-1.8915553982771072,4
-0.08708472614314992,5.879874549421008,2
-3.2460624881299487,-3.8432465953161916,0
-2.0755880090785332,3.9139303072091067,2
3.2952247583452428,-3.6794449849177493,4
4.592964096027381,-1.534789496518619,4
2.192349442253235,-3.3915699773560393,4
-1.3650217954266353,4.701494781924715,2
-0.08743532877718108,4.548319627554498,2
-2.3295193827587877,-4.071857233040156,0
-2.470195822084717,-1.5584313793420996,0
1.5568543665946488,-1.0622886826656468,3
0.06188335288713521,3.072446669188272,2
2.3161510995004235,-3.0091590385346554,4
-1.3846243105305582,-3.32232046921134,0
-0.05704116685294176,5.183987443196889,2
-1.1980720563798701,-0.12700018915870612,1
2.861664717983622,-3.3774234011303297,4
0.21865930675729772,3.553679484765655,2
-3.7188323876087304,-2.2549946871227187,0
-3.626717224589965,-2.1376065276172413,0
3.032773637555781,-2.9787773491657417,4
3.643668753022491,-0.9226565604300467,4
-0.03989438375171192,2.5957604337384113,2
3.1076994491066183,-2.0017823440282703,4
-0.8669666253437334,-4.952087799522502,0
1.0965471182302537,1.808746148834719,2
-1.0921212003485672,4.135338347892291,2
-3.070498778059091,-2.5134983561737982,0
-3.818198883422307,-3.003374457410952,0
1.8854676849919383,-4.7392051521728,4
1.2838872719606722,-0.42174686282374046,3
0.24365722370271442,2.9097915932005702,2
-0.4877053729487446,5.074333004770244,2
4.206535723454302,-2.7309473069842927,4
-1.7869023000208166,-2.858283086360095,0
2.911626712473604,-0.7893102739842357,4
-3.0488971834741054,-4.405189846803575,0
-1.1433389910838607,4.087473753680739,2
3.5343472134537843,-4.768415425638072,4
0.29096473013744295,3.492991340729944,2
2.7322344812751553,-1.6772967800110206,4
1.0386060692088166,4.093158337699743,2
-3.4710383056183227,-2.7679500626423637,0
3.4604156498428242,-3.1395420429279035,4
0.8458028725629282,4.514062552424776,2
-2.900348634912359,-3.5034756541161993,0
-4.169916835710288,-5.872262213281649,0
3.0599097740795034,-2.8762453574757227,4
2.2925604551878123,-0.790144334251536,4
-2.6721788271569147,-2.0757298604621703,0
-3.5767713305683326,-2.244608774174244,0
2.624592553516038,-3.048829835933703,4
-3.6997255079925857,-2.786020089265778,0
2.171819436126492,-2.314343607486289,4
1.1815677164191463,6.343654052812624,2
-3.4455025214007717,-1.546615522882299,0
-1.387868550455802,4.763860351633422,2
1.178336332951052,1.0003541050497202,3
2.5754018339778577,-2.6023624982237212,4
1.6358940061816416,-3.5318777502893286,4
-0.10434279298689192,4.3933070500053235,2
-1.6926176009397906,-1.0510972840510315,1
-4.0903990774428465,-1.58906762025373,0
-0.9420601835742449,3.452004181258862,2
3.613460165671837,-3.0325038930576893,4
-1.9415755131504122,-4.7587394864231145,0
0.6891644570743356,3.3163657177136123,2
-4.004140766752068,-3.7677975651041287,0
-0.08188288068198923,0.3989562973810446,1
-4.773032468206882,-1.7380784992860083,0
-1.5189108250900678,1.3692698631709366,2
-2.0903028988531567,3.8297417532040945,2
2.2467962184090293,-3.113592161701965,4
3.3796996774171126,-3.3114671948992016,4
-0.22101635598571345,-2.6044011652370576,4
2.9174074246487094,-2.2300312686647774,4
-5.424240260272942,-2.1159546036389503,0
1.6922234348523393,-3.34510409681919,4
0.3483417392461269,3.1021699335743707,2
1.5837311406593926,-3.6427763828999478,4
0.35625278870608357,5.261519252535516,2
-4.122722021562298,-2.6175902538159495,0
2.199777264600096,-3.552692953783497,4
-1.133421018292623,4.349923715249393,2
0.15449366559525113,3.663447410121827,2
2.2042823364793884,-1.2535093684053784,4
-0.06263957732723487,4.243123458512893,2
-2.6095351500711104,-3.1032217529324964,0
-3.936506374789596,-3.6677795564688864,0
4.21317918839159,-2.46710827977296,4
0.41875996012749656,4.220583537737361,2
-1.267485000514908,-0.7686998538073677,0
0.5169465157483709,3.778486737047876,2
3.144310019435079,-4.833705767629435,4
3.8775475534514205,-2.648337645025941,4
2.897896941108561,-2.9624469233394373,4
0.9331280723410693,3.777279299223393,2
-0.24269874782528175,2.1099898288170573,2
0.5954908976392573,3.4101052435371093,2
2.882018905392622,-4.156996455664364,4
-2.536793707900877,-4.367137806460246,0
-1.3766403436507033,-0.17282332435324582,1
0.7422190128834948,-0.7806655598348071,3
2.81080981872492,-3.086337858246727,4
1.7068777495950296,-2.9161274982390664,4
3.183012928311482,-3.991527041104632,4
2.4955773167028306,-4.519892799618985,4
-2.4849647327913402,-2.486214049087791,0
4.106774518624329,-2.585215537920759,4
-2.1395265116402546,-3.5830774385689383,0
4.106710424287318,-5.2746210312062,4
1.5844759330862934,-2.0221277277888623,4
-2.501778251503215,-1.8598509614787335,0
-1.7212897156456533,-0.2374084270537583,1
1.635529146382719,-3.928265838655996,4
4.2666612531984125,-3.971062029107733,4
-0.37185788227866556,3.271538378319657,2
-3.7095798547491725,-4.2585049106753345,0
-2.2166094907174045,-3.2515388860444956,0
-1.2511991366336779,2.4674817231703363,2
-2.1928774033626897,-3.9735461997044688,0
2.5026828536423302,-2.705917961206786,4
3.6040516449216233,-3.4100294115389107,4
3.1429906348092165,-4.726010618666766,4
3.3849664160476345,-2.20143332688941,4
3.7802017211860752,-4.174202295720146,4
-0.3103909913775655,2.4521984436909685,2
-0.19578527096858134,2.9577284119527514,2
-0.715916860578863,-0.16058465453927614,1
-0.09511164770076601,3.6669623809462384,2
-1.7811584144656334,1.769531980875541,2
-0.39989999010931654,3.2548322296826493,2
0.6723893376113824,4.166655817359844,2
-0.9247391273747345,-3.689187818089568,0
-2.3546240504148526,-1.6313684424676513,0
3.1139706681277723,-3.7934597298834714,4
-0.5347566708443231,4.294971455708821,2
-3.3514142357137326,-1.4365866411678918,0
1.1806409124521446,3.372686554048697,2
3.6332253101150935,-3.3876298326632464,4
3.123429181703649,-4.458213113818751,4
-2.4485237247604767,-2.6594107835995033,0
-3.1755639454992153,-2.3313451952420934,0
0.3957988487097471,4.263550811954785,2
1.0209813065102877,-0.9731828839576075,4
-4.654887436228297,-3.9600462952794637,0
-2.4917313603254105,0.9262377064363267,0
-3.1923609647811224,-2.6984526576663876,0
1.71049993027602,-3.301579807791105,4
-0.7373799034979586,3.1658151512673762,2
-3.429244420298662,-2.4114467302292804,0
0.7605061195841426,2.2570524695133347,2
-0.9752046206376289,0.2658012782684251,1
2.3687588637592993,-2.400549313678296,4
0.6974211905124261,-0.3646943355693746,3
0.07660907045165961,3.488236442057697,2
4.542736367279776,-2.7565249228632296,4
-1.4776124069194447,4.257600857398129,2
3.1627966180999127,-1.5049696902641625,4
2.9046589088033175,-1.2696781851428314,4
1.8876725303294193,-4.167757415899921,4
-4.344450511034277,-3.9186519464841982,0
0.4990958161377494,2.3077291683566714,2
2.5292449008752182,-1.8788118574300954,4
4.29046074137635,-2.9448007574699107,4
-3.4263575962055435,-1.8515542908032452,0
5.156349631729299,-3.3806946237950926,4
-0.2217814037161355,4.9693693024080545,2
-1.9473424741408143,4.97845780566655,2
4.44694414638698,-3.660834235810146,4
-2.1239532074702057,-1.527329324249018,0
-2.7592468205114318,-0.3983168858196051,0
0.9865383688116559,-0.034770325057630544,3
1.6350663945275195,5.311693449272661,2
-2.7889825327973816,-3.0967131118703923,0
1.1526481032616924,2.7825962065030483,2
1.3511140899867151,5.292745289518207,2
4.330432344378816,-3.1205871884734697,4
-2.429387002780469,-2.0318153394671388,0
3.781358119806515,-2.9476272312724316,4
-0.3787598366030933,6.082660322109797,2
-3.8583577801812137,-2.2996901205910087,0
3.794923113875559,-1.6508648948865705,4
2.937106133100142,-3.4478776449319586,4
-2.943350075102893,-2.4703072456432693,0
-0.2656045602861052,3.6001217613316285,2
-3.8392175232226387,-3.3092123758512146,0
-2.015677601523416,-3.213988844225509,0
1.558789184496894,2.469538590256623,2
-1.4152671919241875,4.218534042410946,2
0.6529241626742013,-0.04649657993579275,3
-1.9994176819570217,-3.670620209076645,0
-2.9321444894725968,-2.1472263248777805,0
3.9346547073366236,-2.63007438699561,4
-4.515191062198552,-1.6331257325554753,0
-0.1833007095261973,3.980205655479292,2
-1.4110568310660818,4.803154742614022,2
-0.8595853273881112,-0.1491171708446696,1
-0.5655763678739903,3.528684278848882,2
2.4081239336569076,-1.72572774126563,4
3.3421060396504183,-1.082740851573877,4
-2.971681623869539,-2.970243860504255,0
0.4755884359285824,2.253104308654445,2
-1.2498203395893641,3.7347624595297977,2
-0.39553361608288096,-0.7529536008013754,1
0.6458904202758925,2.9009552484451273,2
2.7534289457404255,-2.264867886945909,4
1.3748787411174752,-2.91708814682796,4
1.0484826510505925,4.487774821084338,2
-1.7424559829335435,0.06564508309978204,1
2.4647330334831485,0.2622760678386311,3
-3.0641383465929923,-2.6712375896965197,0
1.5078979828546362,-1.704792927330356,4
5.768373605625943,-3.251551900184136,4
-3.226484098849832,-3.9594392367234796,0
-1.4371112314918022,-3.273993081829304,0
-0.04737070254443595,2.4178232366538728,2
3.1764841836629527,-2.548773983863901,4
2.066893922812891,-3.9969316264021266,4
-2.951478372055173,-3.8309501164110378,0
0.4910428215049243,-3.7687664100385208,4
3.7152365838912327,-3.393351124822873,4
-1.2901368903079222,-0.3673001502928924,1
2.8127726784931197,-1.9673424833779878,4
-3.6459641791245354,-3.7991920066502534,0
-0.6573725539947244,3.9510349691415496,2
-1.356286844841223,-0.09937884619057934,1
-1.639341404161349,-4.308820399119112,0
-4.585983312237959,-4.879924385139045,0
-2.669119767785543,-2.1664710383910752,0
3.509513563929686,-3.187330309821301,4
2.7181551506029002,-3.6368764742064332,4
0.7466113646021572,4.32557781678707,2
-0.24633528117984818,1.6985282823300132,2
1.1663705456692521,4.53097566196409,2
3.52252076644239,-3.653137389929941,4
-1.0560307999666676,3.7430548748782186,2
-2.5599855499466675,-3.5020542243526114,0
-1.1678862054262036,-0.5787226769461148,1
2.8901358768980643,-3.1840868670159193,4
-4.304469500504853,-2.3303274511699614,0
-3.2264788919015266,-2.632634493183822,0
0.6072798574010141,-1.229708709712995,3
4.015937223563556,-3.4033797459686825,4
2.0738367365167916,-4.209435328959058,4
-2.46518266365409,-1.7710194975109381,0
0.26425476360733907,3.9596660897859564,2
1.2334060763526695,3.9923110042786307,2
1.9811948024092865,-3.81468565323767,4
0.08451847581532725,3.286415330092824,2
-0.42907013765557434,-0.6126974745361801,1
2.5419748169854435,-2.5246650745725088,4
0.32685540061043733,2.6107012697890095,2
-2.3612697779708154,-4.1430049127304835,0
-2.9929368413718236,-3.660321139473447,0
-1.698258710601202,-1.4384888032731473,0
4.9531071982725745,-2.3130433679013227,4
-2.385833299956575,-2.242492289952695,0
3.772847838543723,-2.2168401122229895,4
3.662536033398613,-3.8228559015184325,4
-3.4827435221820324,-3.9533286082587122,0
3.056510648465556,-3.1249215953235656,4
-3.042823381311575,-2.9419772651916047,0
-0.6556877194614437,3.7642887551433315,2
5.28879066088029,-4.763236698903485,4
-0.20063929882543183,4.367510410540602,2
-0.0505853446431368,-0.1064951302645699,3
2.812272976420116,-2.159393287216617,4
-3.176774163115782,-4.5486182988637465,0
-0.33912227927003874,4.370061115268955,2
3.2775158588818902,-2.679812145078127,4
2.9173022549816015,-1.8638086253574577,4
-2.4990828123756192,-3.977555244798551,0
-3.5518581458924467,-0.4418007143317477,0
-3.019016207902689,-4.002529364637809,0
-1.4207871844926085,-2.232565270847091,0
0.48058675842771265,3.127011033110647,2
0.9079623136270489,4.123479809164595,2
1.4621959387176369,4.448635764514528,2
-0.5966290586117302,6.097939339132431,2
-1.6891830379672617,3.5287362592974802,2
3.006381540963315,-4.848258530078415,4
-1.4204278542692876,-3.522860027153268,0
-2.9284337627806076,-3.4776574467651167,0
-0.8948279326396457,-0.8020352633255584,1
-1.162065820256283,5.582116751303567,2
2.783172949777857,-3.2927579187724545,4
3.49576557301551,-2.3556115464618177,4
2.7552177437199017,3.6943893858461965,2
-1.691999441923447,-1.0124066082664263,1
4.864048530411758,-5.141430880319705,4
2.3657252831826865,-1.8711525124506105,4
4.06216744758866,-3.3235149467844574,4
-1.044383718156627,-0.045399362595498156,1
-2.5816017791113164,-1.5984014070535706,0
1.0371814056490503,3.089513296468479,2
1.7799924233572804,0.5761831008520008,3
-3.9551225793493527,-2.576400934406539,0
-3.6269670577877675,-1.1875514420030713,0
-0.8468175424884437,-3.7673475628880495,0
-0.8153756283161211,2.933765068100775,2
2.9268926979910614,-3.790770919085354,4
-3.846793718068405,-4.514847224685864,0
-1.6231262925063834,-0.9787654892765673,1
-0.5663945912147232,4.831616786180404,2
-3.8084936028931877,-3.5017570435845364,0
-4.013895952292538,-2.914312838596641,0
1.5475721935242643,0.25303015980185817,3
0.03471374875256186,2.0314957865619463,2
3.1415957867398827,-2.5247413952826885,4
3.0445521655711514,-4.366114080933685,4
-4.072139011985607,-5.921350483494607,0
-4.338605799723249,-2.307081376968389,0
-2.7284211628046267,-4.276748575820309,0
-1.5794957520101451,-3.570746293749476,0
-0.7200728131299239,0.8077354537216489,1
0.35037021638633825,3.155675962816929,2
-3.2874475194003554,-2.7126710955969906,0
-3.763259156542517,-4.8048821006645195,0
1.2795186697601588,1.7831811606459356,2
2.342964762982676,-2.0054417642583786,4
-1.9035307661891163,-3.625677287496212,0
-3.049463709652433,-2.3251805078333962,0
2.5637369678199713,-1.9518832407308453,4
-3.1580078985789894,-3.42688106994742,0
2.536145570494054,-4.09818638377815,4
2.077648670938082,-3.819386830498791,4
4.120967023614377,-2.1944252971938267,4
-1.9681554605313651,-4.4855603730369715,0
2.5853694911859693,-3.7243025342076668,4
-3.7020530938773524,-3.3276621465977683,0
-3.4500654714792436,-2.3771500676525013,0
0.13556341641470915,4.728518643514536,2
0.6855897462984164,3.858351413989873,2
2.564210270376364,-3.8414495141290086,4
-0.8860402469783771,3.667420620150125,2
1.5733507891896528,-2.5008894932010586,4
-0.6410812665383554,4.65905434391342,2
-4.006017381499702,-4.214188612787732,0
-1.2865873495624032,-0.7530812231840369,1
3.4700136612466617,-2.896618003787905,4
3.3269945132700975,-3.835124503972235,4
-3.17307182428387,-2.9844209524185326,0
1.027910973356182,-2.711971631694511,4
-2.723309200669981,-2.1728167509639764,0
0.43945269045799057,5.267960487103089,2
2.202013924659616,3.6439079513809447,2
0.42722913882996394,0.31093137026724693,3
-1.9293763150320848,0.1547855887327085,1
0.6715311717290534,5.528031359387833,2
-1.3902219251534627,4.157761439293769,2
-0.9005903525360617,2.867215048732255,2
3.079047802150279,-3.2881560305111175,4
-2.430232719767796,-2.5522914399826853,0
-0.7670674554003005,3.3961617025068134,2
-0.3652409774898465,2.328830227505935,2
1.2066081548639151,2.4728321434103524,2
3.97244399791801,-2.12721258553039,4
1.5287478505409084,3.918954035278256,2
0.5101574689151834,5.272570162928569,2
-1.2339542239356671,0.0948320939520791,1
4.454826174146651,-4.636403019206485,4
0.25866114785538813,4.21273977585766,2
-1.24452430168451,-1.4269802747851437,0
3.4458388752292466,-4.722256933957519,4
3.42124737869098,-2.1531600545308347,4
-3.2081222503572753,-3.493000934658833,0
-0.9394632419859826,5.119244917564096,2
2.8926213815899544,-1.3943220419175455,4
2.6550168380429326,-2.772971139611055,4
2.036603658801431,-4.9320651585199595,4
-4.421810666741844,-1.4986663480445133,0
3.17560354980437,-3.151951123471986,4
0.7978437798957666,2.1406632283399425,2
1.393743211598042,-2.6050420296766927,4
3.6882597107724138,-2.4522610212624394,4
3.2779824402189224,-3.8474738905650647,4
0.6879329720514281,3.3870167287293107,2
1.9643959439546057,-2.1189411079425664,4
1.8580581808386885,-2.9400947432035616,4
1.0651719657143865,5.452616745486179,2
-2.0173387981224113,1.1676740750158592,2
-1.694521192845671,-2.978996158367241,0
-0.5177574472222197,4.217802339748726,2
-3.026405756958927,-2.719838841180393,0
-2.405245658334714,-2.146584441219692,0
0.9201981016419618,-0.7925353695036966,3
1.4330406288326472,-2.592909616601168,4
1.4524302058636889,-2.796056142484005,4
0.6087355891244169,3.4428694274277687,2
0.9720569657397219,3.9866953646213648,2
-4.032523903527539,-2.602072950053191,0
1.4350261065582206,-3.6008871758538126,4
3.967794469003426,-2.6010078424983045,4
2.381713531732546,4.8272361076574235,2
-1.3877793717445757,-2.103160684134468,0
1.8818705552724975,-0.3733621337363976,3
3.120634760893454,-1.9559748705576203,4
-2.9429868751029153,-2.731407721136743,0
-0.937475080756855,-4.067532914254273,0
-0.8515399797793188,4.0062731561844185,2
1.9959203670449726,-2.0556147771646103,4
2.9237609826794024,-1.5031197261491438,4
-0.8110008636288448,2.885953549838007,2
-4.669405281121372,-2.456639807620065,0
3.8301613723463044,-2.627157751344175,4
2.2653289063231403,-2.0440641776692376,4
3.5259372802546505,-2.756109058379549,4
-0.48301832530123356,0.08343623919205059,1
-0.5827585152698208,-0.6846051058516429,1
1.065035882759529,-3.149361495649641,4
-2.429109489306833,-1.864434359819401,0
0.6719446078144975,4.3842020720058965,2
-0.5964114079688796,3.7008182275725656,2
3.641947129443701,-3.270267604363889,4
3.5233237827285886,-3.8005903423481056,4
4.6372116447028535,-4.431354847054427,4
-2.4863998934302836,-3.5327008396619113,0
-4.368315038832811,-1.012724000769192,0
-0.2728445463401307,4.9701750825678594,2
-1.6157271814894818,-2.43609087994764,0
-0.6853414333264913,-4.8672651925917485,0
3.5709456946038727,-3.8144028209931906,4
-2.030542799473263,-2.5728056381283153,0
-0.13213658890154725,3.476268697228578,2
0.5754686288235362,-0.3232741827460265,3
0.9752251829292031,-0.8847016122289414,3
0.7946003829452114,4.973622249427847,2
-4.103366606173873,-5.152890592952483,0
0.386382653848061,4.837764221546589,2
0.018016872044446585,4.472630345843406,2
-2.1696641834557546,-3.8560838259088674,0
-1.4254125745782942,1.1719554825159408,1
2.7730575338620755,-2.5999999943864336,4
-0.26590294437538486,0.8035959536879999,3
4.896123276254347,-4.360834978301079,4
3.0855947039445253,-3.278372967607894,4
4.519952005914299,-5.1357998487348056,4
0.9639069340758625,3.979901248230348,2
-0.7968682742284514,-0.5627553459218393,1
3.0430309733212813,-2.313142088987744,4
-0.7278947724673196,-0.5893764205528077,1
2.9162169001109355,-0.7459618910788808,4
-2.609304079071856,-4.326472128311083,0
-3.5353281859539227,-3.0905332823041607,0
0.10716991525959621,2.921487258635403,2
0.2908970575900059,2.0044682195482615,2
-4.846187862238094,-3.9295108601924102,0
-1.3519187617383612,0.1345298425744758,1
1.25228366195664,4.161299542662695,2
-0.37058276240078286,2.651952888059833,2
3.021888821164835,-2.683047993015885,4
-1.578823255450429,0.9770811328633929,1
-2.822298999066746,-4.335344358710101,0
2.233647390734984,-3.0787884000803,4
-1.5230655738817256,-4.167779551267935,0
-1.6942558959950778,5.006606541032628,2
-1.5822231667464777,4.0502276991656805,2
0.46436986354657417,3.4494480682915123,2
2.5105857655055797,-5.7452995536723845,4
-3.5312142946075986,-2.51612334881196,0
-3.5487249077409615,-2.9071550988588855,0
-0.13851224460722475,3.5761099576776476,2
2.1747080391691354,-3.492918274949252,4
2.015407943477923,0.08659588303562209,3
1.598321807641033,4.733547813505866,2
-0.3464265060068996,2.388432640897172,2
1.409046045289085,0.577501731480061,3
-2.500314889697066,-2.5279977290807256,0
2.8103065065475925,-2.1504154689533825,4
-3.772825214537572,-3.236818606740009,0
0.08277290378542575,4.036782833174235,2
0.5773635251066616,3.871340553647944,2
3.3286440258048087,-3.5738199139101186,4
-4.893614666953786,-2.7867062926270614,0
2.779981972340326,-3.12740687238996,4
3.210008308022589,-2.3848360157214197,4
0.04556388114189831,4.623407138279916,2
-2.515267182705525,-3.8463566549908736,0
3.14425352228204,-2.669216193461764,4
0.10705745299229676,3.654853118861973,2
1.1168337755299542,4.186416169744047,2
0.0861108682589779,3.2530767149298323,2
1.1718101432738448,5.4980976334877845,2
-2.20005809805795,-4.616310608436588,0
-3.197338420307326,-3.1512732836535116,0
3.2239268739466063,-4.946525286358864,4
-2.792732670601056,-2.9306556629637495,0
4.601074306164392,-2.1081594204051872,4
-3.095295532386952,-2.7209784742296605,0
0.1293680067038185,1.6192608944765028,2
-0.2724100166036872,5.233724278336193,2
-2.7989009532850324,-1.949345603992388,0
1.3828281099544555,-2.6536872897751134,4
-2.349798822041339,-3.099175863779383,0
4.85204004481367,-3.4177830125136186,4
-1.8944740670420162,-1.8129696944396199,0
-0.809380821082754,4.956703186385658,2
1.2417911233445649,-3.2511178346424408,4
-3.5923559556520535,-2.8764523040444177,0
0.8794170411374032,2.9226239230152418,2
3.18863108156798,-1.3919327528272711,4
-2.179517818802636,-2.492725968892702,0
1.3317431371596888,-0.5619552037461852,3
2.725356250633703,-3.457218539319196,4
3.8314988669316623,-2.2019089513384382,4
3.5686446160127705,-2.6170782899427367,4
0.33085130461557777,5.451001438131336,2
-0.38148941482409277,2.6795065565949683,2
-2.208280776228252,3.769413601476387,2
-1.5630343065712535,2.8205403354922196,2
-2.128702702542756,-4.3459796802467485,0
4.453840237121884,-3.479964642712209,4
-3.6134026635409398,-3.3024696864881284,0
-3.0055960188290465,-2.3312583444074875,0
0.9351347223163584,-1.7781953150232985,4
-1.5286410019967753,-0.42733245818943055,1
1.7225633961546574,-1.8434183484057602,4
0.7209969529056358,3.454813755273678,2
0.052338220769440835,-0.49073510528310327,3
-3.5503051538454202,-3.6716233679380514,0
-1.933325310410846,-1.8307044095543272,0
4.183549102581605,-4.164663348512395,4
-3.4367642372382177,-4.606577100738679,0
-1.4524947986699384,-1.2041223269044783,0
-3.9354387020445953,-1.9140178838249677,0
2.567340486603408,-2.6075439815294796,4
2.084712921231016,2.992088304571794,2
-2.7402774982785183,-3.904316625104409,0
-3.1087601484568577,-2.5982882779010588,0
1.2318689672932817,-0.007189429939358671,4
-0.9984408528767182,5.623256690528054,2
0.4538053948430296,0.41709914899808426,3
2.1977281660654797,-3.5046337422892346,4
-2.9082392234644976,-4.987568914600892,0
2.3707793271526376,-3.7067067683730057,4
3.4352115282896025,-3.741498249912725,4
3.3327604786370104,-2.44017155117194,4
-0.524567013767051,5.352202678867144,2
2.8597244144495715,-3.335515832033066,4
-1.3307051313309262,1.8220322678053122,2
-1.7828414791745035,-1.4786839480775487,0
0.6928575842374367,4.582571318808805,2
0.4964001177339411,6.075065039348542,2
4.7279638353817655,-3.4693464664267113,4
-3.1681438185847894,-3.472090577697127,0
-1.4935097782531435,1.8760524172993351,2
3.2128243986699685,-3.0103522899077366,4
-2.4511161646826354,-3.2549557935536977,0
-2.2317927833682627,-2.784603494543712,0
-3.1946972961166815,-3.064188177108498,0
-0.22485305579485193,3.0712079185475414,2
-4.692464629714819,-1.4704496805393863,0
-2.2615334200045893,-2.8286317188100294,0
4.176533253787765,-3.5837221335626013,4
-1.9270219522339882,-0.6361275053806392,0
0.4802605014059249,2.9448923245195506,2
-0.7812197665518661,-3.1590452104000515,0
3.4170953244232463,-3.9846336870179555,4
-3.2412360578563297,-2.647944603485703,0
0.6082299065007515,-0.32987361578282,3
3.0967549184388004,-4.614749862291331,4
-0.017894977008350053,3.0235999513362026,2
4.266330267956288,-2.2900672518527627,4
-0.18403239919900272,1.5121779424376687,2
-1.9823385331564976,-2.728504689174352,0
3.7497454754383477,-5.014901232506608,4
3.863923549962446,-2.230864220689967,4
0.6932176016587042,1.9723227283291513,2
0.6927690318488605,5.1058330662947125,2
1.5758323998124009,-1.0883939329366783,4
0.3015696205565047,-0.2147942606480015,3
0.14693529838668778,3.4778684299800076,2
-1.6167133749480143,3.7706176681445327,2
-2.6730726262358373,-3.2191005288088643,0
-2.824788581091488,-0.014740997396589961,0
1.3528005348967251,3.5334259287972234,2
1.192598538211614,0.6013417000217552,3
0.7031425422200039,4.533207317899312,2
5.3692873008114965,-1.6045659178008147,4
3.2088535425343316,-2.9417872729149437,4
2.2948894798340396,-4.3496052557119285,4
2.209982903184792,-2.307184789699077,4
-3.163066963943764,-3.744902644806449,0
2.571995317494969,1.7505675457992362,2
-3.4593608995402443,-3.8498443694647917,0
-2.486894201823917,-3.2595466775839173,0
3.1829944496452605,-3.8342713430679654,4
0.9346972249593897,-0.8783686926697967,4
-4.970103817711836,-2.1074026617006907,0
-6.241267340069072,-4.02438764133429,0
2.2933308959268595,-2.2804005023751084,4
4.848109104105553,-2.459982198276859,4
0.7245917787231225,4.44848545419644,2
0.9065441571099638,4.072252048237916,2
-2.2917855767434427,-2.7667838687364985,0
-0.6286543050745702,3.7224863811397664,2
1.011759769946577,-0.4814580239189021,3
-3.1326337463825737,-3.9745293046706416,0
3.8092586281232985,-1.767671394785336,4
4.257613112576651,-3.5334524457759002,4
-3.2685306479058323,-3.8911922254152875,0
-1.1889634195349619,3.9501198458718823,2
1.467401765402238,-2.730693810437662,4
-0.3405987069098615,4.500143033113884,2
-3.291811268915544,-4.563190808696657,0
0.6188862980231536,5.638359732270941,2
1.5394991005815122,-1.8087393183681675,4
1.9234457948249533,3.225385029981418,2
0.11339439196668935,4.458994001674291,2
-1.1334849380669592,1.2281173174317346,1
-1.19069365026689,-3.2180458953923736,0
1.9113065895236578,-2.4385273701738672,4
1.4106702865818568,-0.2527192899677479,3
-1.4398197973143936,1.0908371535346948,1
-3.595661294043492,-1.6255619068291827,0
-0.34677157676671216,3.41420727655131,2
-2.1770650464428547,4.17847666388539,2
-1.9439431909339482,-2.7767610858708403,0
-2.80347883029853,-2.2909962424114876,0
-3.581680913948644,-4.014756730692866,0
-1.205529520514659,0.10227826259794254,1
0.6647027453331099,3.447079162632698,2
1.5412416074693065,-2.7648647006338116,4
5.037210639718358,-2.852923172554026,4
-3.0376347024248482,-1.8966981179834785,0
-0.9399678291500665,4.476651040800557,2
-2.3932769408638173,-3.183196618720388,0
0.10720796204013365,3.681153644505269,2
1.9727481124948711,-4.601181198811573,4
0.4573242810867655,6.098221474546747,2
-3.735529942589767,-1.7639068247895626,0
0.4308624190150374,2.7243173400042684,2
0.8962925951115335,-0.2614586981823715,3
-1.531535315243643,5.150267395898296,2
-2.895798896048124,-3.062593127899522,0
3.0848654583611044,-2.314380625781517,4
-3.8275902206487196,-2.9138561169536255,0
1.0287689914234805,4.501685045168788,2
3.1929896417729293,-1.3235450380853373,4
0.6904568121205961,-0.5552353545857737,3
-0.3838747413307828,4.2022804076212195,2
4.435570993163624,-4.828405880841963,4
4.061816645989731,-1.5859708644380126,4
-1.829681815208083,4.615967006046838,2
-3.609512202159283,-3.186971302985446,0
3.411565719164282,-3.941403169002025,4
-0.9733788380270346,5.00713333647316,2
2.8688886613195175,-3.5775342640192127,4
-1.0973683189710666,2.5230750724680986,2
-1.2727286312460664,-0.13119196646102158,1
0.056712874920424206,-0.00018820356706482724,1
-0.8456731044941129,3.9859010340933283,2
-0.6964206679264808,-0.4369633214439678,1
-2.954428160096186,-3.651600347605817,0
-0.41051848272973,5.818898532200325,2
-2.867030325853124,-3.700120814939173,0
-2.5901813430714875,-3.2412576546185425,0
-1.2361357960304624,5.254338360757339,2
-1.4302096894767617,-0.7707505594199816,1
-0.6355410988155566,4.208322508625592,2
-4.77623523289832,-2.5913471885193293,0
2.6049531478304324,-2.6909531649759653,4
3.3247582395335415,-2.419432312964385,4
-2.9046558005586918,-3.2634482160822493,0
2.825352054318372,-1.639831869171987,4
-1.811086628525357,-2.291696152798936,0
-2.447700062320477,-2.3743690663539994,0
1.481960768436536,3.7167819610547674,2
-1.0464660764355962,-0.7171762581595468,1
-1.1342254888552434,-2.5261670790882125,0
-3.1340171666729177,-2.9853118052708028,0
-1.841404420992596,-3.8206823183517105,0
-0.5168468831738285,4.619032946588533,2
2.0903102115916656,-2.2404999624838777,4
-2.2776186421722286,-3.372833152091767,0
-1.7183562049962313,-2.4423089392748754,0
-2.7868033717623106,-3.751969331738819,0
-2.6313266911270987,-3.393338812327361,0
-4.239107075653901,-4.46752526575244,0
1.0703651602299298,5.271892421938657,2
2.425398141816609,-3.335778617740422,4
-1.1036810424378787,0.46315209290200504,1
-2.826658335629592,-2.7560468020915,0
-0.8125457701219858,6.105297429458313,2
1.2631475745526033,-0.8220159764186575,3
0.8024989947379702,-1.7312861054234296,4
-0.9899577925520139,3.964992389993764,2
-0.9126872813390555,-0.3684735390049897,1
3.28638674395539,-3.188594829147488,4
2.2821467856459643,-2.2041361876587735,4
-2.5090250483617487,-2.2651222139501828,0
3.1485479035926387,-3.301733053958636,4
0.4394860480085117,3.901690152545624,2
-3.5975101946916417,-1.5776301383014923,0
2.9432114041137227,-3.8904357529426616,4
3.509295323642008,-3.6160712153363237,4
2.369951568651659,-3.7341618661210143,4
-2.696181404395124,-2.2784374948738564,0
1.598235613872185,0.6764100536132912,3
-3.5041798310076713,-3.081522673101646,0
3.82014359412306,-3.467738683858582,4
-2.9038792230590165,-3.4622752887050425,0
-0.8360621521000247,5.424495821246948,2
1.1544238638504096,-0.37850784176831326,3
0.42934082280173436,4.379639648385965,2
2.0439414483166054,-0.6823632113261215,4
-2.8767951932155142,-2.4485146239595323,0
-1.522105955258484,-3.5182702182736474,0
-2.4771645119645003,-3.573700003938579,0
4.256197439413683,-1.812286615861545,4
3.981149715570353,-3.3869294465999475,4
-3.8874921778021,-3.4374583003234105,0
2.4086052701619525,-1.444801465852658,4
-2.4634901564295966,-3.898467981791037,0
3.4781405755558086,-3.577228725710571,4
-3.0327532702159985,-3.5434247711337648,0
0.13735247940703602,6.9181735550600925,2
-3.080599749296761,-3.833056057000759,0
-0.5998220233198494,2.4412130049761585,2
0.7793292840573669,0.4215199883603134,3
1.6487095973015655,-3.3001287868282,4
-1.189232465077129,5.053985771182877,2
-3.898784048323128,-4.33031362573899,0
2.7879103300795745,-2.4577969930909513,4
-3.8245141615276737,-3.6085897232397004,0
1.3764964500195378,4.313132140013155,2
2.399661340993513,-2.406460567706809,4
-0.8782632528234666,4.099886954409213,2
3.1739472084128115,-3.618175042100169,4
-3.5289777080640152,-4.056557642760253,0
1.784775039185095,4.013450364619293,2
-4.191303497202648,-2.3434463913661703,0
0.4719928109855417,0.16150855215309592,3
-2.666140033431465,-1.5686332181688165,0
2.9708273007734394,-2.8606803692704403,4
-3.8696630812746946,-1.8745652155852306,0
0.30989477938063453,2.726414451403401,2
1.1927351654164144,2.742131844091112,2
3.3888189102637134,-4.173873326306029,4
2.3631547857296105,-2.2589830486635507,4
-2.826819074148818,-2.614682620271163,0
3.706505463547253,-3.0191221798537073,4
-3.6058608207588936,-1.2806220937927033,0
3.2354557951111143,-6.688365291428444,4
-0.06407776414871663,4.53629090951719,2
0.30170000890173554,4.175536229578598,2
2.153502197131093,-2.3920524329942463,4
0.39921120748121985,-0.5533133432589764,3
-2.374332652234994,-3.8571575564162828,0
-2.228301289351655,-5.8485426206300755,0
-2.638604394491586,-1.4619634335340308,0
1.960779836009234,-2.182018455546139,4
-1.6158867874104728,4.299647687837348,2
0.9408395163076797,-2.2014986620927797,4
-2.833547791786944,-2.507548735991851,0
0.6813623265753054,2.8463077186601415,2
3.1699745397492696,-2.298176959456656,4
-1.7987860778360552,-3.4080753730215516,0
-3.592393924238869,-3.863990769679816,0
0.5308943142159493,4.8581390709340155,2
1.8688178405438531,4.4197056083572654,2
3.0330233071930333,-1.6530587556110043,4
2.7520457926721105,-3.4799681461487264,4
-1.671805858150942,-2.44376999059934,0
0.200459631413729,4.608905356254632,2
0.00161903135694112,4.414772890788791,2
1.3111674978026244,3.775681029121895,2
4.17066162931766,-4.655224712189433,4
3.584524051837435,-3.268139139241763,4
-2.9226316923523816,-3.8612842013282638,0
0.8431053323232401,5.162838577534986,2
3.7819425354519183,-3.065410233595394,4
1.299372750348622,-3.734743213472709,4
-3.3839712719523516,-2.7497997937483056,0
0.7978507013821389,2.1265586960453833,2
-1.1805158482844957,-0.7256861612512832,1
-1.76827334260148,0.11368789273264839,1
3.6506676287920863,-2.5740890328985886,4
0.9902661294424353,0.6941002686221933,3
0.9972655676588726,5.181890042558893,2
2.212963721066701,-3.9782656492662403,4
-1.33874078545213,-3.4570962565862717,0
3.88239708978998,-1.9725206566473084,4
0.392634115650968,4.4535855235092185,2
-1.3128583649274352,-2.1183602430505495,0
1.4870233429679593,0.1991510686247324,3
-3.319847523254844,-2.8482420077512596,0
-0.7971135662249808,4.040924748728923,2
-0.6681430483277668,4.193379451924159,2
3.8225729212004804,-4.311543966037001,4
-2.7725400653958707,-1.692857245717572,0
-2.750691404358271,-1.9549115259152465,0
-1.3668583632808264,4.59256727384733,2
4.397844307031498,-1.8088269550599043,4
3.759787236953077,-3.8395275580176573,4
-3.4344962274323154,-3.3091721234686395,0
-3.4473218956587512,-1.718983638264887,0
-2.4131429061997296,-0.8095443741900215,0
-5.635747739016878,-2.996624493402839,0
2.122515977844368,-4.407087194784017,4
-3.027304539509932,-3.933267959073196,0
4.639256516741752,-4.922771772062337,4
5.193449550288386,-2.0442960288861327,4
4.149487364010368,-4.574341717731963,4
-0.40980124379353305,4.783358710524031,2
0.8798792474197781,0.8395367700426956,3
-0.20698458909836875,2.9689747248526928,2
1.8788659872420779,-1.6198610611314852,4
2.3724599972559273,-5.053486548655888,4
2.409181651908571,-1.7549589917767434,4
-0.558626801652552,1.069079345262636,1
0.13676793936587828,-0.13515758549481216,3
-3.1900390350014947,-3.3574454228104273,0
1.0126374096440718,3.8418461556276795,2
0.4360057752225798,4.843839509641738,2
2.9983782830366197,-3.1771681151147617,4
1.940788291627098,-3.5002610165866757,4
-1.5065252580391153,2.995709436505747,2
1.763521713407651,-1.7255597721510967,4
4.123427287095762,-2.3230059026249457,4
3.1525258828976166,-4.551537420968127,4
3.3320814614168106,-2.3538703239758285,4
2.569003799780187,-3.2386055317146276,4
-1.1694806292030167,3.2790298915301035,2
1.627590262438693,-3.3056324424067958,4
2.1455065372619457,-3.4030658680367223,4
0.4473939370689756,3.4987658922097875,2
-2.879704368288101,-2.485561165941251,0
-2.018487864388638,4.145063745959382,2
0.551885971822154,4.680230208417629,2
2.9168282280653806,-1.6226649704716583,4
3.4547043964167745,-3.0661659345464347,4
-0.8506132529519478,3.4589931342171005,2
-0.501784192811532,2.627534452115899,2
-2.900667694570774,-2.248612876628211,0
-0.7250991311267808,-0.587832734830084,1
-3.174959756695409,-3.755745159492845,0
-0.10047572057170515,3.9426092969984574,2
0.6441237678501087,4.08198881382472,2
-3.013497224737934,-4.057710928955901,0
-4.1022921498364235,-2.318640489557052,0
-1.0538354953643456,4.427814395152903,2
0.3243402100148682,3.4672745017830966,2
1.2649975385116363,-0.860238014886137,3
0.8089192693927194,3.415544708149562,2
2.4075345446194856,-2.6729276251221545,4
-3.3092090770498634,-3.752156405590583,0
-3.391758149043822,-3.9224101844985024,0
1.8070266289808632,-3.3927262384258174,4
-2.9115931137081525,-1.5224699189447382,0
-2.7328733489885164,-2.4912749767700664,0
0.0828325705180999,3.2718280990301842,2
5.865212023085963,-3.9019926494431973,4
3.0812771675910686,-1.8211565559743563,4
3.107229288419153,-3.4998710345050323,4
0.3418252139549665,3.9399624583114354,2
1.2193743270925108,-1.4972656736944119,4
2.2278076121956207,-1.3343967863134727,4
4.021635213827608,-1.563631965756246,4
-4.451175690051559,-3.0120889478460544,0
-2.177455087896811,-4.220843649971022,0
-2.9240447320839125,-2.2573175816402777,0
-0.13808233466148176,4.5911361179239325,2
-2.675833647511558,-3.1301430543676845,0
0.04128745558743938,5.037158898658243,2
0.5872624134641767,3.7943721463567526,2
-0.8021994080351792,2.8528404889882886,2
2.1357147380594643,-1.864379414508524,4
-0.10343122429028392,2.7609472974733578,2
-0.6498268854974364,4.084168230185696,2
4.015627883994471,-2.8125406179110892,4
-3.2587960626671024,-1.401352829495283,0
1.2993299168609276,-0.2052891906763433,3
-0.049029340838036735,3.8396399189551693,2
2.783998578426887,-2.66603485032381,4
-2.6323507070085785,-5.100026507651624,0
2.4840190106509206,-2.5831269374099595,4
1.4495695341276709,-0.358487314814642,3
2.7018474738000995,-3.6920651986646917,4
2.554204686173183,-3.503722336829454,4
-2.918170641452435,-3.0988896531911427,0
-3.544114002114193,-3.162792906072294,0
-0.05872042710462872,4.446536506940712,2
-4.292262695105618,-2.3102921947548056,0
2.249279665507187,-2.207288982266335,4
1.8773527624208373,-0.1742723497366734,3
3.461272084317831,-3.9243573336303754,4
-3.847633928619085,-3.6520888885930605,0
-1.2324312391640002,4.952461970536169,2
2.7429475911869354,-2.7224474865064683,4
-1.9673250642259945,3.978755220723758,2
-1.8418977729578574,4.89206759973172,2
-1.814295845337003,-2.281046689334933,0
0.3603806970233917,-0.03092532516459093,3
3.085513329639599,-4.7157083186381294,4
-0.9938626748348534,4.420191542894992,2
2.62261348253779,-1.6551459688193055,4
-0.5984375805810469,3.0334121090146846,2
4.415204526701824,-1.1581843906133928,4
-4.778587584006517,-2.680348174081023,0
-3.6124373746404377,-2.6384964747938984,0
-2.046863366086755,-2.712875834798176,0
-1.6158215245995353,0.73800034363149,1
2.929776379425374,-3.287109504862343,4
2.5486971356563353,-4.017911490477159,4
3.091168146666439,-2.2117958592028133,4
3.255977146418771,-4.119250242220644,4
3.629360633428892,-3.299069085230055,4
-3.412997822143434,-3.926698308847311,0
2.636824441267184,-3.2164187116383713,4
-3.2389320991696944,-3.3668244118146875,0
1.6595113586335632,-3.3198262778887564,4
-0.40328779191093866,4.0845269837843245,2
3.052457386889444,-2.2201713592449503,4
-0.3078457940098448,0.8318096383577059,1
4.744311114743111,-2.3364021314392374,4
-2.4064432777191382,-5.940388634664281,0
-3.230934530208678,-2.3037936351865818,0
0.9411818664199697,4.191897735873036,2
-0.18826133508630655,5.193112945851028,2
0.5457867135323555,1.8284285952395525,2
-0.695694877197064,3.081873016583425,2
-0.23130094292969944,3.423580423665156,2
-3.6626237589458466,-2.4294013314068406,0
-2.348478008660494,-4.137685670424816,0
-4.5047203740310025,-2.2399440363103973,0
2.2403269822474465,-2.3363536529671585,4
1.149672018878747,4.296576938530305,2
-3.370508098590029,-4.405567019178642,0
-0.26556051251854124,5.370101853610371,2
-1.0458425662497137,-3.5057467042619366,0
0.0731969910016945,3.84975701120174,2
-1.33332806769212,0.12263341896178606,1
-1.0196953197088567,4.206361771325451,2
4.869066503678261,-3.7542981326071425,4
-1.7030054534388908,-3.022868062298882,0
-2.3781900377828036,-4.570224719890456,0
3.216689097497673,-2.7043344485180003,4
-2.384228850228858,-1.7961155628311838,0
-3.971656734541286,-4.379618164788931,0
-2.3744919831689644,-2.114768517011009,0
2.932553441444818,-1.806388244827412,4
2.863577849722384,-3.7783085530065033,4
-1.6885051880685,2.879952577530128,2
-3.903701860730128,-2.6756407182783972,0
-2.44020955206896,-1.9192192744453782,0
1.256327397603464,-2.843176983901807,4
3.3553381955901367,-4.809267714588258,4
3.193448574991796,-1.6901348305664659,4
-2.0496924080264245,-1.2893866274180747,0
0.4080528468367557,4.550797572273663,2
-1.7934910334916432,-3.816935670987236,0
2.0093767766227426,-3.343191568686712,4
-0.7397711639729673,2.665389393089767,2
-2.886482654748752,-2.3378693254789535,0
-1.1979664292172616,4.887079776446287,2
-0.1570248284447078,2.7898390565858424,2
0.9603047962814704,4.462483624066854,2
-2.801915239232145,-3.1443604119239423,0
3.1666378953118386,-1.9400498302376237,4
-3.9905363251306882,-3.566297729602772,0
-0.2430611988808665,4.002287936143504,2
-4.478586245779842,-1.856245956793071,0
0.8412724607771667,0.21945599165574933,3
-3.3850218117128636,-2.6170110152590715,0
-5.529560077694303,-3.2966074590697985,0
-1.0512200297825027,1.4682306837491863,2
1.1445260543202447,-0.3994160789361281,3
-0.22565638071225164,5.389024362962761,2
-1.4787771238462857,5.672265904097528,2
-1.0594565801447613,-0.36169239347037696,1
3.3104727541807515,-4.127263792554147,4
-3.5805234498047227,-2.4114215955793905,0
-0.3998990621311371,4.269294752580734,2
3.785185082310376,-4.7776809623702015,4
-1.0260808441956244,4.381425617534342,2
-1.6826059343656743,-2.8024003953076004,0
0.8195044263806208,-0.9763870367683892,3
3.3343270545535035,-3.28998135443664,4
-1.9608882125797313,-3.0757642865354597,0
-1.0014423045513123,-0.3535629910735837,1
1.8850674185859133,-0.11605657714872336,3
-0.13216935564437185,4.072278965384289,2
-1.4992402093656891,-2.1497782578865072,0
-0.2589387965783906,3.8121405989912804,2
4.299149820547667,-2.3324519196300044,4
-3.6022120603617807,-2.5312257439249763,0
0.20053099126326046,0.7027005796236879,3
-2.859113753088796,-4.768439365562852,0
1.3127209203588315,-2.168788896800244,4
2.662184905808597,-3.6274207344263734,4
-0.17872162286175475,-0.8886874347730294,3
-0.5542480203831737,-2.8707788180247724,0
3.193406367189717,-2.940308119420264,4
-3.297563503359992,-1.6242931866883805,0
0.21896391585597508,3.1581783681318476,2
-4.550663431066132,-2.9314370251939725,0
-2.6228996060978136,-3.029262813684978,0
-1.7710685530880912,4.471542380418206,2
0.9641558841719786,3.694555297558318,2
-0.03392522592790888,2.4052440418366676,2
-0.5806483025539511,3.388614752611372,2
3.1279272023745794,-2.36427347355945,4
4.314226575703579,-2.2867337492034574,4
-2.6562121184501146,-3.048652351570451,0
0.008783654898147817,3.762316683039016,2
-1.2504160957945794,-1.6185459213095135,0
2.5197855658676005,-2.731149213599008,4
-1.4049604112743315,-0.24184559343901846,1
0.8567374214704584,4.398048216509262,2
-2.6523235164616636,-3.4872285641135523,0
-4.251539424190444,-1.5562353959267405,0
-2.340754331567595,-2.062429862373442,0
1.8110588819466513,-2.5582393503505205,4
-1.8643798528170559,-4.106293512411634,0
5.002427467644797,-3.307571417115799,4
0.7442086689052525,-2.568990307869923,4
0.5207561203587112,3.672193540123477,2
0.9102157836647453,3.816471827842847,2
0.15857842994570515,1.2546565636394862,3
-3.4430440211284825,-3.4794929673992434,0
0.7313802525749924,4.590422061251464,2
-0.06357353918612146,2.549072108888776,2
4.592024898576083,-3.5877379693198983,4
-2.3872260949374304,-4.053415563173656,0
0.6210039592467758,-2.3299503281844762,4
2.8066590503203774,-2.103202667966765,4
-0.47875857152168855,4.359475797547126,2
3.4845913788392746,-2.7325246111019386,4
-0.45965677227299695,2.9201575522185133,2
-2.5604987693797736,-2.221063496487886,0
-0.22771961483575284,4.715493096769485,2
-2.4444873536577516,-3.9186865114860945,0
-1.7091244752524806,0.2696843476993841,1
1.2315820555413255,-0.7059869663400318,3
2.027837782056675,-2.9204204534434393,4
-0.0919684662030466,2.918085631286867,2
-1.2395880125250283,4.607840338735008,2
-2.965916531740774,-3.769973231058642,0
-3.785986032634982,-4.381044603153775,0
2.542315438320922,-1.9532872862242363,4
-3.650642569121827,-3.4871253837646963,0
0.7031401972360493,6.498430483721495,2
1.956506773722407,0.06212289236950523,3
-0.39719531614598763,2.8977302595441445,2
0.3556689485632294,4.19157739619409,2
2.656664824147551,-1.8577926071144422,4
4.058170093824102,-2.529490152621443,4
3.5712242102362395,-1.6093564040500428,4
-3.696771818429575,-2.4179734329152733,0
-2.3164306767995226,-4.3659557112005345,0
-1.7690503037393988,4.366746407892257,2
-0.6923507742337942,3.340960725111355,2
-2.081683393997687,-4.570500603623177,0
0.2533081300666806,0.2698963282359059,3
-2.2235741679371968,3.481930980524943,2
3.152056734512085,2.8765059667604023,2
0.6095260452086012,2.4446262661587577,2
3.62559130250656,-1.5153581381234924,4
0.32297450361766816,3.9389960281446164,2
-3.611517802991948,-4.4066610968482225,0
-0.6870140996994973,2.649444035657017,2
-4.418365732933031,-4.760808811980776,0
-2.5263679231885456,-3.9263811299815385,0
-2.4788775716206617,-2.354784414049943,0
0.6405429350747734,4.123078201656181,2
4.177000636790337,-4.31246730344855,4
-4.015821818978397,-2.938320150152028,0
3.7740227740710526,-3.0074807967407464,4
3.2047978772819175,-2.590859077224006,4
-2.280242057851818,-4.293272957871164,0
1.8190275163356144,-4.151681109034343,4
2.542323007011567,-1.9285240697454402,4
3.2726335143194145,-2.6577744205756546,4
2.2201933242623997,-2.0080736901130454,4
0.8386961136976381,-2.517466290178815,4
-1.4990159604584012,3.908155235665045,2
-2.563440195842332,-2.0960651589138046,0
0.8108401996502466,0.16083025655385197,3
-0.44565030302999453,6.053818690086596,2
1.7409350885518067,-4.005315125997235,4
2.7296333032388302,-3.027384320403744,4
1.3771809365045613,5.020036506902089,2
-3.0255743121919942,-4.769075904889118,0
-1.8927621775900518,4.31149085879779,2
1.5616337007616097,0.46616202175891,3
-2.8867295894622353,-4.438277978317367,0
-3.883857436201133,-2.846274894054472,0
-2.9561885280208906,-3.1470020016284885,0
1.1197115894312153,-4.025219085737433,4
2.492183998600687,3.7248785717449535,2
-3.062679097273172,-2.0448576794987616,0
0.9552692372072055,3.961257105010457,2
4.057960713838792,-2.918155665470461,4
4.0270604268730175,-3.6478722896465214,4
1.2214098626951002,0.07457141691051042,3
-0.6660681252797451,-0.8012889414599348,1
-1.8268753624133587,-2.6303578078019063,0
-0.3494393272169559,3.2274312512437593,2
-1.1731292175254229,-0.47025211267465694,1
2.102340614724946,-3.6374874348250117,4
3.558695282921819,-3.4046385200409466,4
-0.6281437391691783,4.098933787028884,2
0.9737262308523678,4.298797780321762,2
-0.09170602414512598,3.112230488461459,2
0.9235086160473687,2.949376678172199,2
1.186145474042299,5.5403239798198864,2
-3.230866373844769,-1.5467393366789657,0
-0.6813802350695739,4.967826024025204,2
-3.9896281365703374,-2.059228812011784,0
-2.3137398096254866,-4.612715871189652,0
-0.4888861190436912,5.588940328444083,2
2.80192636985064,-1.6993745989440412,4
-0.8666260865194876,0.767319487988036,1
3.608267166344189,-1.6540649921616848,4
-0.363131646817078,4.85440200112072,2
3.9853997114500492,-4.585845640385847,4
0.1786947168104756,5.22921478429705,2
0.9649419286015071,0.4958419903983148,3
-1.481580771551368,2.660530225042244,2
4.220550603931232,-0.9864457053513003,4
1.265390120898691,-0.45043776420335924,3
-0.24402835217113436,4.2947192529023015,2
0.8227827808340025,3.037348988081024,2
-2.587068545724376,-3.5637245528039747,0
0.8671874128277388,3.5026456285859067,2
-0.1248868853500674,4.015697795957759,2
-0.7393714074590363,5.191899334413573,2
-2.570381780867414,-2.7923123128368887,0
1.9242647438660039,0.753209868173085,3
1.9307471598566375,0.5293718955595293,3
-2.0182345130084056,-3.3248313835086223,0
3.2183387504421606,-2.03206805123501,4
-0.5182526388612024,5.325276090437038,2
-0.1761335035509783,1.1004861201315181,2
-2.3036125525432847,-2.0446947914294893,0
-3.981508651047951,-2.537896525736729,0
3.6552336285137605,-2.7430025544141694,4
0.007362681423567135,2.521453063001201,2
-2.2631561029075664,-3.2813275571182134,0
-3.483186462299374,-1.4260132367099672,0
-5.135674213978696,0.13774853365999373,0
-0.48231357093630295,5.0989833574419645,2
2.567698814190459,-2.7682690579696074,4
2.657695156550851,-2.097908688411732,4
-2.737438670998075,-2.8064100886324557,0
-2.5422271338481144,-1.3255075666524627,0
-3.053120653017545,-1.7764311175813725,0
-3.649373038321426,-1.678695967726988,0
-1.0836383203979405,0.4437918910348028,1
2.2382396293173543,-3.299696056664314,4
2.5084555861930955,-3.627048614697741,4
3.1030782215308483,-2.976019980984407,4
-3.0314391703747763,-3.8484286341908147,0
-1.9046746934654637,5.4444121950550874,2
3.598996341684264,-2.1466510226598534,4
0.15140304795173262,4.29845181398144,2
0.005835816324921694,-0.5673041279656387,1
2.0654061051015287,-2.922414610513609,4
3.953176254329354,-2.21092479860009,4
-2.818133744941505,-2.751779413699664,0
-0.5864151488887734,3.3802278717461225,2
-1.4241355407924092,0.5133333954124272,1
-3.4173668136050845,-3.295089914237906,0
-2.571183499669427,-2.306894392736856,0
-4.607661027118059,-2.8152594211042756,0
-2.0993562644190256,4.683223014788808,2
-2.5962699096633903,-3.0241956063909163,0
-3.5642475986573885,-2.815448696802963,0
0.31952467078295543,5.653617268492285,2
-3.4500128579958136,-1.7428507831374271,0
0.5343648986363834,4.091093606255913,2
1.2395840064415615,3.60377032189824,2
-3.7217375533372534,-2.823179127860602,0
3.0180472524682243,-1.7893254474578029,4
2.1934801675434388,-1.3227994900339037,4
2.276831561170607,-2.633393752986195,4
1.4521176991825604,4.014149264965758,2
0.3467099776049199,6.511556551584423,2
-4.012104375260168,-4.654856671865769,0
-3.1671217137864116,-2.7174200495117002,0
-0.8463597198869729,3.41509234658223,2
0.9955815140020298,5.703172609918038,2
-1.195651890213257,-3.190903791727299,0
-0.6557533473973521,-0.7657826499230015,1
3.383455014854216,-3.9910911353316134,4
0.5333592447054494,4.839468504518405,2
-4.029371508182072,-4.352670285843534,0
-0.4399154617312053,-3.09605989972465,0
-3.6514180036144483,-3.4838858340543215,0
-0.7625192391465982,5.03630289207248,2
-0.7430099845748575,0.04629389773063004,1
-3.221253623585772,-3.2768132998889206,0
-1.6320148850264173,3.095052167061934,2
-3.082151178392569,-1.8827041684118724,0
-2.9113424090385625,-2.8026842925944044,0
-0.7794280958741735,0.08885365187896571,1
4.16441174053527,-2.0743232422861304,4
-2.295493460175277,-2.2109433126244813,0
1.3306102361357797,-0.44008924000696764,3
3.484734647968924,-3.301798493396253,4
3.8452732970420955,-2.396218530447041,4
2.002771712561224,-4.059037122012097,4
-2.4203668267864242,-2.6742036834178338,0
-1.790279151967951,0.4656167483060852,1
-2.758037728433966,-4.913280244657798,0
0.13416641599584353,4.428342050660725,2
-0.47306757412637834,-3.5308687729203205,0
0.9468734712501924,-0.272334849691877,3
0.30767665340111383,2.9044806111544377,2
-0.524662407066803,4.493654847643151,2
-0.6135876053627944,4.19624094066672,2
3.0683221299398173,-2.873687485413001,4
-3.54955713590858,-2.140412113020198,0
2.472005978234386,-1.6469308398335927,4
-0.7955570679408823,4.424393937861012,2
-0.7352010347632466,5.656208252057295,2
0.6264346724539442,3.9200915473374502,2
-0.30518884548075176,5.046911794488139,2
0.10957158007785811,3.5835615667519747,2
-2.7760858659353387,-1.6358595700261558,0
-2.999792935081803,-3.0093003211386145,0
-3.6117690909052853,-3.0370367970484122,0
-3.875618253384757,-4.3827997309643365,0
-3.0243545922609827,-0.8577296413881363,0
0.6722934080404022,2.4995234508369983,2
0.20953423026279433,2.9083748278408974,2
-3.213442870930208,-1.509273863150048,0
2.854650577686115,-2.6526025135652382,4
2.698473704230653,-4.484439068193426,4
-2.3044622424342225,-2.150897889256856,0
3.569758919704179,-3.324176861040641,4
-2.0459982365067977,-2.348608748694202,0
2.345230224376051,-3.5106084992975797,4
0.04932816579484362,4.722446985220979,2
-3.948916520824837,-1.2526368020844418,0
-2.1899217049785533,5.194592220513731,2
4.617044924521682,-3.7704247991378788,4
-0.5561187467607805,3.86993970644638,2
1.2444944112953724,-2.546094770558653,4
-3.8182206832334726,-0.9076127243145398,0
1.7073298095592229,3.2291811972713105,2
-1.0401987109554731,4.698815670280476,2
-1.0074846468318817,-3.766656587783348,0
1.1543520526669009,-0.2066863252514716,3
0.9553709961987318,-3.5789842199399047,4
-2.93552558518988,-4.975466566353871,0
-1.542801515209646,3.367244970114961,2
-2.0763354987207343,-0.8132685018673735,1
-4.351074366208021,-4.32245795674357,0
-0.9701242603796436,3.6024422345082785,2
0.29746205311781654,4.139497796147459,2
-0.596584414761725,-3.0576187970335855,0
-1.7472216669652556,4.094621044669358,2
-0.9657826328639593,3.461426326703376,2
2.901279105544327,-2.1735776758082337,4
0.9757133776692501,4.0007555074545955,2
0.4240668615184512,4.039447048240739,2
1.218194711754256,5.057368305378225,2
4.038012527315962,-2.2357867966611447,4
3.6369080790029855,-3.475125278444603,4
2.1968891660466854,-3.731857308415886,4
-1.7422216926352752,3.453958201183279,2
-3.535335087016223,-2.6415463817903797,0
2.0179805027890954,-3.6867323955673514,4
-2.673866977757882,-4.251113576385303,0
-2.7439702656861242,-2.017309016054486,0
-3.6800247215784907,-2.7677463028389964,0
-1.1430193120737286,4.820158186755484,2
-0.5893322314273619,3.5413613638989156,2
1.022841471550764,3.8095538140707834,2
-0.43277388358838864,4.793818467143816,2
3.572471411779736,-2.3490343212205587,4
3.2054556870363027,-3.775606604602391,4
2.166401717033594,-3.6798885397361865,4
-1.9697165459681578,-2.7612108409734866,0
3.613265544661144,-1.8622232193313377,4
2.9649035332154057,-3.853932908460056,4
2.6642140610202505,-4.154634338728844,4
3.8552015077482626,-2.735709789846749,4
-0.8176823966051338,2.866169643193646,2
0.24945094593007222,4.3992281929393275,2
4.024774112281728,-1.8314196357266186,4
0.868772500590771,2.8136635728901456,2
2.6760911467840782,-2.788120821171116,4
0.25719897035592737,3.759334825469787,2
-3.187144265004549,-2.014270004320137,0
-4.531107502555722,-2.4857452439821652,0
-4.4965292550900795,-3.650023934406898,0
2.8834286535466713,-2.78583105886825,4
1.3967831533859039,-4.814883829481406,4
2.0220611644473614,-3.612422890900868,4
1.056716540553081,1.0836534707021768,3
-3.473839347070916,-3.0144522708782793,0
-3.079641391245715,-2.547628203750266,0
-0.8174081344143398,4.321291470757388,2
-0.2573000006177896,5.082112312993141,2
-0.32038505943679435,2.2206010694927794,2
-0.6538983883255765,4.027313379851439,2
4.589147301636457,-2.4988707239354238,4
-3.8682927318763665,-2.465370913877565,0
3.338758162280366,-3.128398265917609,4
0.1458364702153839,4.585299436516338,2
0.5125432412938706,-3.458223029256501,4
-0.5763526517109211,-0.14560876608721998,1
-4.243863235391285,-3.6929051977959073,0
-3.131472595671668,-2.1739528285584937,0
-4.348185422105713,-2.256735905977285,0
-2.1749017353323654,-3.8671302157109,0
-2.4892079114724055,-1.9694194143759427,0
3.709410980586605,-3.1405534855024317,4
-3.331308383183323,-3.6122367345077504,0
1.9195926707214983,-4.177416505249289,4
-1.8929193307130272,-3.1203811639535983,0
-0.9434564351704586,-4.130888435325915,0
-1.3450144839306688,3.1389503278344244,2
0.4928839718518698,4.833603204837348,2
3.6365532068732644,-0.6773907747372339,4
-1.969000477504049,-2.068719880883801,0
3.480063617904104,-1.6168054846706568,4
-2.3340757479455387,-2.5784133893855445,0
3.2928288435866833,-4.880435544063081,4
-0.526531687096043,3.476424011593417,2
4.515318094323802,-3.541773236011602,4
-0.17038576538819597,3.187176409663435,2
-1.926368250140228,-4.02651529941106,0
-3.839721842180776,-3.599392645444022,0
0.42154608353656126,4.266818396295402,2
4.4338328386598445,-4.3772954892721,4
-1.0323429094034435,-0.5893821482263887,1
-3.8108575112103384,-4.257577858914616,0
-2.1254829258674777,-3.649765226848267,0
1.2848200292965795,-2.174076416969347,4
3.46725221518279,-3.544296146314292,4
-4.553758766016064,-2.1821103419749712,0
3.4986899121355446,-4.94249769096177,4
-2.439080552058761,-3.2954803180291603,0
1.973374517115821,-3.4581369898417194,4
-1.6178006138153371,4.380778071365052,2
-3.4461834332147796,-4.889540730945531,0
0.10801412097950092,3.093351454845707,2
-2.0362205028559366,4.047493468251643,2
-3.5551995266931984,-1.1188429305594099,0
-3.8000385643976466,-3.063524574615355,0
-1.0043325102160356,0.10991855600536082,0
0.19259691873130513,6.392109635273993,2
-1.0988093142469926,-3.060660813814621,0
-0.5376457577798165,4.655403829850237,2
1.290773600797404,-2.608301983989527,4
2.942602536213206,-3.0508007886195334,4
3.427962626552635,-1.2769252823537502,4
2.690490114072771,-2.8079957630313235,4
4.557905432318357,-2.0073718970205707,4
-4.179039791159802,-1.8123206115384363,0
-1.1212437400943918,4.929409984790816,2
2.888152895913687,-3.452690148509533,4
-0.06327395989691587,3.340251358746034,2
1.2347519140447951,2.968044757905565,2
-0.6862791357550845,2.5673287102603473,2
3.107983920725229,-0.39314083685023027,4
4.3140749815246044,-3.948748695268,4
-1.7242129887143292,-0.6451874358295427,1
-0.262746747686504,2.4041060314258864,2
2.347471706783355,-3.611177152019327,4
3.5628544804571307,-3.137741060387927,4
1.556799206214206,-2.3618130011514267,4
-1.7330888508133773,-3.707669465618781,0
-0.5667051080550528,3.4001786060829384,2
-4.250407733969718,-2.395484673644633,0
-0.24151382532912047,-2.7028399761917785,4
-2.9134102125271,-3.1556772353920794,0
-0.34718649511226246,4.770802219987971,2
2.6753803256020587,-2.7622682720940137,4
-0.41027351157461656,1.0037209211391178,3
-3.3286184757489847,-2.3968125689176567,0
1.2319432808256028,-2.9804541552018184,4
0.37309821165815726,1.0703535571210614,3
-1.3944950688592617,5.053891552295883,2
2.5093877659733472,-3.2827593276293685,4
0.9671781224389495,4.493977382205645,2
-3.8895144296255233,-3.8158102849654383,0
2.24865453039663,-1.4799082590088988,4
-0.04626121726634254,4.11410149222652,2
2.500752385505345,-4.873240111819152,4
1.4604876067324783,-0.0010284922014383742,3
3.4131474759526226,-3.2332084982063938,4
0.06837156596765875,2.2535332744209664,2
-0.46675881195144053,2.517015568017582,2
-1.1571166187132709,2.6668716452221934,2
0.15712791899094083,4.1761898225026926,2
-2.7462603385054267,-2.532306828234567,0
1.5752343462785106,-3.212451702713056,4
-0.6443402670219842,1.2608597938625272,2
3.053059312932619,-2.1347102438647503,4
0.34756161380355205,4.086697699414397,2
2.421787901780246,-2.7048590206625835,4
-2.662397337924798,-3.4118769661224673,0
-0.00811320161175029,4.1580892253231845,2
-3.9161919154812423,-3.8318222082304447,0
4.9530596955398964,-3.994856352467541,4
-0.17167365392478334,5.098484876051819,2
2.97178212106277,-1.6356737558291334,4
-2.8857723513379603,-2.849698238538122,0
-0.6724855960063362,4.22327083592026,2
1.8095074293332232,0.014659104106820496,3
-3.9958153947902293,-2.3488637581763427,0
3.6276804178744744,-1.335358178033725,4
2.1656263877048785,-3.2345790296191876,4
3.542423969532102,-3.8089638929258003,4
-2.9019324604610555,-1.7041282181369857,0
4.121689142387919,-2.7709051683536208,4
-3.61765189543435,-3.31607285602705,0
-1.0986204251778122,5.420504287271063,2
1.0215153927818639,4.918914854658329,2
-4.150993577422303,-2.624301981654328,0
3.583883022284001,-1.7158953048211025,4
2.731631200862619,-2.918708574957519,4
2.4306485764188626,-2.408331950306869,4
-2.7746920779590583,-3.3695269288333587,0
1.0096748727402836,0.08598378300000223,3
1.6700087650405133,0.13925678275712233,3
1.7459773475714835,-3.998936376245591,4
-1.9786167045706016,-0.9115572271300749,0
-2.151825787333332,-4.232523314768509,0
1.1801281737415277,5.144293068559939,2
-1.7291828895034203,5.9529173824895105,2
-2.711306370720143,-2.7396781612287793,0
0.33164766712576277,2.9528424313097354,2
-5.362932435541838,-4.009730704709938,0
0.2270344788648889,3.67593182479103,2
1.518549030819182,-1.6245263132287062,3
-0.16838492247285253,3.6739875041831507,2
2.175387990234978,-4.05880014824782,4
1.9915669794688542,-4.5297489550040915,4
-1.7531082844652806,-3.062004009366032,0
1.087710426157866,4.691618575121389,2
3.638543317267599,-1.302376220290659,4
1.672201326520569,-3.2885329006817963,4
0.35834451107600324,2.8034420713833135,2
0.48074457976798396,5.496710407445981,2
0.23985774584929662,4.486309993350222,2
4.357619633050139,-3.1435815887121343,4
1.6718126671320288,0.16983189735519225,3
-0.2879592278936014,0.8618012434235871,1
1.177184963184339,4.136746647399231,2
2.3150128208562526,-2.1988182360118174,4
4.282794968838981,-2.9219925815211427,4
-3.5164296438875717,-3.196466583428097,0
2.948045229099222,-2.718651652510423,4
2.2385320809114466,0.09485692552008596,3
-1.5530221156462671,-2.8034452234884255,0
-0.3733684250030844,3.4998021829040042,2
-0.5323905976568006,-0.023411711626526468,1
-0.38787578186246957,5.306072203871629,2
2.249589872245344,-5.162032299927439,4
3.530369188998799,-3.1195587566263963,4
0.04435879751560705,2.254292567140348,2
2.164129744381694,-4.095870810798718,4
-0.9799255747822445,2.0426614108660104,2
2.6158183342930243,-3.762133448514098,4
-0.32688528626171753,1.3920244332103555,1
4.20357805453346,-4.489284264440218,4
-0.55317724534727,3.746048293602765,2
-0.20281550305106133,0.187910684318988,1
1.2270345970488723,2.419396059190831,2
4.983633652436019,-2.988119565482208,4
1.2208212988130478,3.1232262187881554,2
-2.8718955850892107,-3.681051657474881,0
-2.0846097244398383,-3.549540274595535,0
-0.3556566529829652,-4.502970328395153,0
3.403299604166824,-4.825657995664608,4
2.1034144593528086,-2.426552506644601,4
1.4164117917002925,4.773239986665759,2
-1.769125486845265,-1.3149857212914906,0
-0.39305275706140097,5.00163182520856,2
1.8686032191630024,4.034807540499832,2
-0.4949654803680731,3.502427501690786,2
-0.872455581620671,0.6161917579918393,1
0.03149156226199577,4.690073676336612,2
3.1222430045470664,-3.4189634455212348,4
-0.5740825770872696,3.7188745151119136,2
5.05419384125607,-2.852179260963473,4
-4.065113663075373,-3.305224704354668,0
-2.084597882297926,-2.6712488903403155,0
3.697238046390313,-3.347524942518858,4
-2.413306198524725,-3.4749036566225247,0
-0.4377373224043246,4.181989882622798,2
-0.7668640380045524,4.068072269248621,2
-0.13851466623403974,-3.1369895776939423,4
2.7095585179888504,-2.5558548289127425,4
-2.97461157945759,-4.919673156197656,0
2.4408361649407917,-3.460306762574363,4
-2.0836723252975187,-2.653511524102007,0
0.25617060569427813,5.193311005927126,2
2.394320000064202,-3.032042370680487,4
-0.15783750984025996,4.308292063638821,2
1.0494650599809054,-0.2215912620949133,3
0.10285857793233408,4.149341911059881,2
-4.203200855389144,-4.0420444122431025,0
-4.299581236927597,-2.1702675821208253,0
-3.3649527295428854,-3.8392096673390066,0
-2.877702496967716,-2.456701970963612,0
0.2516282297222683,-0.6088556959115112,1
0.4730382821602152,3.354427927964605,2
3.4501556339466477,-3.1043584494380867,4
0.007178466907941942,1.9135223416289153,2
-0.8523867660741036,4.47536561069201,2
-3.088362959205335,-3.3700110298821278,0
-4.534114170735622,-1.722323178101491,0
2.5565705817649644,-3.270270367674609,4
0.8193732681394064,4.423889482443986,2
-0.029216405853985244,4.775115121589086,2
-1.7019022300183355,3.438662003557794,2
-1.2730361487665949,-3.3996361856146025,0
-0.7011018763807497,-3.362838560439659,0
3.790759312232529,-3.0220300725169404,4
2.1458249250764885,2.4550640778465995,2
-1.6425114512106633,1.146851452283834,1
-2.7911364049952447,-4.959670123879776,0
1.4944617381134235,-0.09848964763306436,3
-1.9480523822770814,-3.998060627314413,0
-5.471644500127289,-3.796895255470477,0
1.6412753928365753,-0.7715998239098961,3
-0.7459421264756013,3.3384585574847083,2
-1.8049533710751575,-4.523186904783775,0
2.8711226213112466,-3.5090938053115694,4
0.08450514569286258,4.797994549612236,2
4.63012996487441,-2.629659732671154,4
4.3746112675765545,-2.640319152313679,4
3.9330666057209855,-2.9364580954390624,4
0.9838523436061467,4.125886530576658,2
2.8453502934391666,-4.8132934720171585,4
2.9880026553722763,-3.978023023522568,4
3.7663884765723994,-3.413894942274857,4
-0.3828171896129687,3.876271053725164,2
2.9356623526208336,-3.455171783953764,4
-0.026362012661908407,-0.2358541204208769,3
-2.0744863510163114,3.9779651359957295,2
-2.8941055468847656,-2.415587019527516,0
2.029728674091761,-4.352865888964039,4
3.9262574910843924,-3.386002575649439,4
0.47915299342726536,-2.8511912383204097,4
3.871555966288142,-2.6728294471222096,4
0.5265366836723071,3.5225892938071994,2
1.7296379536749138,-1.84530623328328,4
4.4678504449973095,-3.0302630575969856,4
-1.8322179383401926,-2.745579156698787,0
-0.5256309339853844,4.032407013340136,2
0.6137708557899086,4.375455857627252,2
-1.690671627606452,3.0215004541333936,2
-0.8464343014589786,4.925672209502721,2
0.8280588148933092,5.071080500402805,2
-0.7052754007528023,-0.21481762784819172,1
0.36899110192330564,-0.370585006160218,1
-0.5151708990920177,3.87348110304605,2
-0.9667018907026598,3.203935862279366,2
2.3832246384802924,-4.347995784367169,4
4.366389411854438,-3.737736704684841,4
-2.6680196694309855,-2.8095003202209337,0
-1.2481633200529865,1.132612594404114,1
-0.3856726309778482,4.434502646091306,2
-3.502974770551343,-2.7365127846689403,0
-2.1046445692374003,-3.6315777291653313,0
-1.2783526288023244,3.1045720390749585,2
-1.4054949367750278,-3.846961348318328,0
-0.19692180799688955,3.5354189218843817,2
4.414840662825554,-3.8741992700141497,4
2.9352277402021234,-2.9070643473170223,4
-1.1115074513156484,0.18599938989933304,1
3.182098245815862,-4.035961928606639,4
-0.2775442563155516,5.291273839015879,2
0.6909109573921928,3.55519316182951,2
1.191707497107065,3.916282040150788,2
-0.7798529462216388,5.081984809249942,2
-2.2057353203781727,-4.254289423169249,0
-2.318047028705036,-3.310266756593456,0
0.5793467597567757,5.41202687854325,2
-3.1601327955666405,-2.328659923549534,0
-3.716822320602805,-4.86653661707306,0
-3.4719318657894336,-1.911049403032634,0
-3.01851313599239,-3.2886586389201384,0
-3.6435182303801428,-2.072159871918763,0
-0.2165231975361736,3.0607584593179933,2
-0.2414305647249931,5.466782556898976,2
-1.9086821855084601,0.19295592680354315,1
-0.7334810036255969,0.6607937746414573,1
5.505448905356894,-3.451641089176947,4
0.6939232331912581,4.7165893397596514,2
-2.2883851219111104,-4.1246420918378695,0
-2.159379973495447,-2.4532664317986206,0
-4.062303713726105,-2.5264075693648183,0
-0.5969742867210739,1.609695632530562,2
1.1598399663883443,3.4940338010121446,2
1.9203675021442612,2.7771049804444363,2
-1.1428662617872325,0.02760164835196447,1
-0.5395912207371316,4.894910556026825,2
3.8007019475455768,-0.9401549982625981,4
-0.5125341106465501,3.1984724098954587,2
-4.570876152068499,-4.126767468909805,0
-3.787783751908239,-3.620847598251116,0
-2.3456343436459424,-3.0555846709104553,0
3.407689736837177,-2.419000460038308,4
-4.607559864368974,-3.762724778566214,0
-0.22800572680971787,2.5930225378960112,2
-0.3307748960230527,3.4898391863497826,2
5.598822900074582,-4.724061810868036,4
1.2239487531460047,3.8023795322040344,2
-3.4853635478291034,-2.9181258606136775,0
-2.1705251580682514,-3.1938261387728035,0
-2.377792855956598,-4.138833117780769,0
-1.8210860692944963,3.402332316745143,2
0.530587646498804,0.511899183847915,3
-2.5066820991191108,-2.8151638763051263,0
1.2840957939481172,1.5736079294647918,2
1.8321346927082898,-3.3283752594168026,4
0.8614365256328049,4.251316648238102,2
-2.8027077343687936,-2.688691326557115,0
4.252346362298008,-1.8635444256751548,4
-3.905732300862619,-3.6537663386488197,0
-2.0387207820669553,0.8969629364719415,1
2.4500751675356542,-3.5100639500960824,4
3.995167665158606,-2.06263258574632,4
-3.5574917850078336,-4.369802979579077,0
-4.725806728790596,-3.677564652335655,0
-1.5497644603382348,0.8132656806632974,1
-3.201491533947518,-3.006521315229458,0
-0.9855396007209299,3.0302562803653257,2
3.157634558440944,-2.8050449075878126,4
2.162619210317533,-2.1042037817640713,4
0.4130152301065013,1.0790880522828705,3
0.8500793324175533,4.4176807522394,2
0.22328091325537056,2.8016078750479547,2
1.9495623712440326,-2.153881530704066,4
2.6828971674260345,-3.803434274171257,4
4.329794365205076,-4.6755804496240945,4
3.0738634344108804,-1.806413464523738,4
-2.4049705341644354,-3.5574230531083213,0
-0.03658997434293117,4.6596499980823705,2
2.7746485149558002,-1.3333367407724768,4
-1.655298179630854,0.5008507957949293,1
0.954085102156628,5.218480214871686,2
-2.533329018033919,-1.47899377284062,0
-3.223202254634805,-1.5101365613979179,0
0.1900446172832363,-0.27311934288969547,3
4.4190356113672635,-2.7066479636770167,4
2.903787737959421,-2.74106957177431,4
-2.449947900975448,-3.9683444548636353,0
-4.415370742050414,-3.420645322765359,0
3.1396516742158966,-2.93497536881122,4
4.524517181115903,-3.444946390895253,4
-3.2389480468664096,-3.907563662041598,0
0.19808843051210845,-2.5657363500779287,4
-0.1294434710324729,1.084317986182731,1
2.7004849624525225,-4.2357030220494085,4
0.6445184916452914,4.928245691344324,2
2.4859111956321023,-2.1023442283502565,4
-3.9232332461109043,-4.351684605616334,0
-1.7617169285663643,-2.9787284232639384,0
4.847866995702103,-1.8094703562823233,4
-1.4897303467251788,0.04688583778178847,1
0.6595314695891383,5.766511800327634,2
1.5177685763226914,-1.8483344169525244,4
-4.001620009894916,-3.281100292885955,0
2.5050354491092994,-4.0159954311680295,4
4.056101251669989,-2.2117083433639966,4
-3.6581164890752564,-3.3037260287766648,0
-1.9526822933785517,-1.8304100075722265,0
1.4350873992222355,3.652697711042157,2
-0.002786110666901238,3.466909597984167,2
0.11683017417218379,2.7144089992439726,2
2.2134279084421498,-2.6676276667760153,4
0.5374120028203807,4.642301235011176,2
-2.3476771215865804,-4.57639215698425,0
1.4288577078135674,2.5258678679578943,2
3.5665409870816562,-3.6484692000191377,4
-3.474945311160956,-3.6533292325737117,0
-4.256506894279257,-2.186794813252023,0
-2.9757805433272417,-1.5877794445845708,0
-5.499405714873573,-0.7090574274092583,0
3.606942608386638,-4.841919078931543,4
2.7663930390171347,-2.798000989242679,4
2.537467033686621,-2.6123201209671536,4
0.30734561670797006,3.7522475817602907,2
1.6870314700527271,-2.6060247741355975,4
-2.6198021489940366,-2.389414254716177,0
3.06589160860224,-1.3348576174562186,4
-2.4993342786187904,-2.95022631281904,0
-0.0592325522179844,1.0445648919581945,3
-1.571152351117883,5.081514086299741,2
1.6043391083085963,3.714905742957986,2
2.374226956268224,-2.7700756545820626,4
3.405035385855713,-3.8455521763546137,4
3.53034290167058,-2.695507798319855,4
-3.649277545066007,-4.2239402667622565,0
4.021962776678142,-2.788790600775543,4
3.3061345531027553,-3.2310595368408985,4
-4.229549594452417,-2.5033007767634783,0
0.9495945713644882,3.940584818727506,2
-2.705775870986506,-3.234407800316322,0
3.3362778892475626,-3.7370293611526972,4
0.2431346551384891,3.5297966612146885,2
-1.7180731878557869,0.5362186136334665,1
1.3409640262916707,0.6518284267235027,3
1.036087651046256,2.577025074738327,2
0.08446678638994742,2.9307455062449197,2
1.9993706275167593,-3.8550954744092047,4
-0.7999405067019342,2.0919978628766924,2
0.7918593103880676,3.429359569799887,2
0.6376058122312086,4.258769805243921,2
-3.134308741470548,-2.189191726840218,0
-2.505969813717261,-2.739326234176093,0
-0.14734022662150623,4.963925423055571,2
2.452808211117509,-4.251356182239287,4
-2.4443955339965515,-2.910419318744751,0
2.6910399854020928,-5.104582798765332,4
-5.081929407883722,-1.3035436317099618,0
-3.046920578879184,-2.5229591727768783,0
2.359845543165388,-1.5162560897962931,4
-3.2403253981581353,-3.3748208075495976,0
-4.0166831285764975,-3.2440804736742015,0
1.9142522892184506,-2.9702038348785758,4
4.84804019177085,-2.009289153375915,4
-0.6380514996571638,0.1788950795943154,1
-2.5441122279183923,-0.834997655098916,0
-0.33950716094643696,0.6368225789238801,1
-1.4218819424378155,-2.0145503143847816,0
2.776974318733598,-2.7179637895377793,4
3.0230806589504207,-2.375096405345957,4
-3.257376537423345,-4.6685840738775894,0
-3.783253292336237,-3.3220615162056757,0
-4.067620429382594,-3.1423794850212934,0
0.13988723283912738,4.996118214911129,2
0.587855888137735,4.619738784702869,2
1.8605858016112458,0.17085275603134095,3
2.715210590484605,-3.997264957968415,4
3.258887515712706,-4.065802711348758,4
-3.3130580305231545,-3.000708594576646,0
0.21668311896428621,3.696649932522866,2
-3.4201868170958574,-3.2817846088605074,0
-2.169677417725702,2.8058105989077107,2
-3.2939669476641824,-3.071599251858067,0
4.396760177398491,-2.5550316846238244,4
-0.06468860503251848,4.072874098015515,2
-1.397805478424297,5.2025765052252275,2
0.07557637267003782,5.048864141875362,2
1.6435415091205292,4.391127876932726,2
-2.3864820272695835,-4.022792565198405,0
-2.994886543357539,-3.234587133375147,0
1.5914003677628041,4.876714186386116,2
2.896187515597033,-4.180460485232082,4
2.9669747362804393,-3.503650260375596,4
3.4583890099570684,-4.104774673641517,4
0.025210867540082116,2.4568817720571294,2
-1.730262730484345,5.333885745500573,2
-3.456120827474188,-2.8185733798860286,0
-4.703382439355154,-3.0555476988966186,0
-2.402599930150142,-2.298827257689102,0
-3.5286166817497566,-2.413635981244907,0
-0.4338734629791891,5.722155097808194,2
4.423953845541167,-1.5862303517087413,4
0.7970866467942814,-3.220565940267314,4
2.676832334297515,-2.731187643587846,4
0.4795075480016086,4.72894119457045,2
-4.037246154326456,-3.190338678083608,0
3.5948543733972445,-3.6132118924759964,4
2.9616761643026277,-2.181234029151184,4
4.388664520102482,-2.857622087489534,4
-3.444293260076112,-2.622699506955148,0
1.253460983740864,-0.27971316716773376,3
1.9873144366315072,-4.759958882149251,4
0.7544141024348372,-2.8045967787166797,4
-0.7666127623886898,0.15088416536430724,1
-2.9146818574349758,-3.808265721640926,0
-0.3994654904728529,4.129187473331711,2
3.1652400500649254,-2.9874781356702136,4
1.627920812730386,-1.820057869961536,4
-2.4234430369442337,-2.688749845456464,0
-0.6983293438628835,1.077816493756178,1
-0.5694497744921104,3.875978612610003,2
1.2525407310292307,3.2209805784800145,2
-3.039555153856655,-2.3184993026273757,0
0.36039339501808015,4.504287853384272,2
1.6598751043452142,-3.485678744575047,4
-0.29748220087385013,5.311983738573947,2
-2.024183280655291,-2.081545556057586,0
0.12101515233706661,-0.40107294651190656,3
-0.9877295542992348,-1.9762904538930186,0
-0.40930847409572124,5.005924511796417,2
-4.024186824329205,-1.1459074336658117,0
-1.2470940213781945,0.07915678006317424,1
-0.49193753487010383,-1.276336452210897,1
2.1616381199991923,-4.212657132623313,4
-0.4517370271686486,-0.9274378720144398,1
1.3784696274615047,4.115824587226946,2
2.008895474450809,-0.5303213370844375,3
-0.8108939362002497,4.3668140432854425,2
0.18352530607388484,-0.8315927654393988,1
0.007880184694728152,3.6743889478514964,2
