x0,x1,x2,x3,x4,y
7.190373772644620409e-02,-1.434833947379085872e+00,-6.351718668210709851e+00,-5.570882928993545313e+00,1.859849079750900636e+00,7.000000000000000000e+00
-2.944867768947853737e+00,-3.302232856453506810e-02,-5.748391449567789913e+00,-3.352091742811541764e+00,2.875108565208582267e-01,2.000000000000000000e+00
1.509636327652938537e+00,-1.448049710224361464e+00,-9.897439628794788558e-01,2.881238846344459148e+00,3.502420231488292401e+00,5.000000000000000000e+00
-1.188141062255594349e+00,-2.323954061383759484e+00,3.183503656785438451e+00,-9.596512268074706142e-01,-3.633176128360698920e-01,0.000000000000000000e+00
1.653565169995113437e-01,-1.903488172996158800e+00,-3.385195668094282517e+00,-2.694408365863694588e+00,1.559502603500282802e+00,7.000000000000000000e+00
-1.965728469166854619e+00,5.285423689538314207e+00,1.074847476747944619e-01,-3.215717329864558938e+00,2.873007238982150824e+00,1.000000000000000000e+00
1.306260816429154925e+00,-2.636711369508427882e+00,-4.646210243391779571e-02,-2.361924035850903714e+00,-1.489387552664947378e+00,0.000000000000000000e+00
5.216466309980667404e+00,-1.570603248591229795e+00,2.780798884821507055e+00,1.426274177133216137e+00,-1.568547585930928800e+00,8.000000000000000000e+00
2.263040066607475254e+00,-1.026863243063846909e+00,6.940253417285569881e+00,3.797710963633821990e+00,-9.650077764860726104e-01,8.000000000000000000e+00
-1.196898357306390492e+00,1.581187586905906106e-01,-3.681098960731796765e+00,-3.803886689751826200e+00,1.715563238031041937e+00,7.000000000000000000e+00
-1.095747847218469850e+00,6.240545973622311671e+00,3.005073231780219234e-01,-3.083935198281701151e+00,3.251800760944429936e+00,1.000000000000000000e+00
-3.877161649091228846e+00,1.235236806716208058e+00,-7.050882546804333018e+00,-5.245644650335914427e+00,4.429305753398998791e-01,2.000000000000000000e+00
2.100602314572112661e+00,-2.252604012963323576e+00,8.406727627932849556e-01,2.283366833419906428e+00,3.493286984127092598e+00,6.000000000000000000e+00
1.283093877634834845e+00,-4.106342520471630841e+00,-1.383040655908543304e+00,-3.307214440579924641e+00,-1.894929784291025543e+00,0.000000000000000000e+00
2.028277089183187165e+00,5.430975635226382714e-01,1.492686540627986558e-01,-4.486467704616264873e-01,-4.158155869704921237e+00,3.000000000000000000e+00
-2.718896552728175653e+00,-1.812310417155677644e+00,-7.112911833945044116e+00,-4.108351826007877072e+00,-6.180233678189186453e-01,2.000000000000000000e+00
-3.124023338777727865e+00,5.162788695125365201e+00,-1.147271127552965897e+00,-4.500725517239397178e+00,3.033733468097438379e+00,1.000000000000000000e+00
3.694295563904921309e-01,-6.796518595840072008e-01,-2.155558305869371694e+00,9.949309355418802792e-01,4.893450216692480481e+00,5.000000000000000000e+00
-4.362719831227390266e+00,-1.599674676767498305e+00,-5.144288230682388274e+00,-3.164720664640042092e+00,1.230197808267949444e+00,2.000000000000000000e+00
-2.331668276524145433e+00,6.738258888458286133e-01,-2.740509312278399445e+00,-3.356686504304549068e+00,9.504353701622548778e-01,7.000000000000000000e+00
2.909930624357685680e+00,1.577970513990098578e+00,-2.499218456354068252e+00,-2.547221502015164951e+00,-6.543449467497572059e+00,3.000000000000000000e+00
2.212237256780020533e-01,1.413881215809981162e-01,-5.594757847284744123e+00,-5.411732798388428023e+00,1.988580926530440607e+00,7.000000000000000000e+00
-6.691364309097214136e-01,-9.040300059250121478e-01,-4.043962760176290416e+00,-4.171984617036939902e+00,4.563202752400573381e+00,7.000000000000000000e+00
-1.460868466718581837e+00,-2.329714922500479179e+00,-4.484900171013918246e+00,-4.379736291847084573e+00,3.597494368840183920e+00,7.000000000000000000e+00
7.961235137924791427e-01,3.759306097199522689e+00,1.722770377690107768e+00,6.636185696540646717e+00,-7.046383821186552154e+00,9.000000000000000000e+00
6.415589001032149241e-01,3.494086393645212119e-01,-3.371740923126667067e+00,4.243785949390284640e-01,2.742295483087287877e+00,5.000000000000000000e+00
9.197367941737031316e-01,2.752227821368588567e-01,2.215401581974594247e+00,8.775200218977735611e-01,-2.671117550348761860e+00,3.000000000000000000e+00
1.165450599350283667e-01,-1.400926909044134527e+00,-4.550842693163434483e+00,-4.001449737052223732e+00,2.024171964960182368e+00,7.000000000000000000e+00
2.761712696341983353e+00,-4.588566038423218529e-01,-2.746285563324397105e-01,-5.807831940625745037e-01,-3.997946613212619127e+00,3.000000000000000000e+00
2.804658716832703624e-01,-1.888760641305329724e+00,-3.112067112845340322e+00,-2.503994332608728612e+00,2.279116103033245189e+00,7.000000000000000000e+00
5.746091560960563394e-01,1.354358368559186246e-02,-3.437077830113770993e+00,1.550589169325261030e-01,3.171164529385979591e+00,5.000000000000000000e+00
-1.689816470822322447e+00,-2.165712880890198200e+00,-2.354821448033604270e+00,-2.510634538032310736e+00,3.188617722748920524e+00,7.000000000000000000e+00
2.107064810703724866e+00,-1.938603170000463116e+00,-1.462648332151549990e+00,1.246901480378346805e-01,3.249682693176349613e+00,6.000000000000000000e+00
-2.027423629620020429e-01,-1.284476444362097736e+00,-2.914502442906280244e+00,-2.658098973415931709e+00,1.730882742363897275e+00,7.000000000000000000e+00
1.258977295261090035e+00,-8.331989751782490350e-01,1.164226823649851528e-01,9.948017287704550293e-01,2.868370253071742315e+00,6.000000000000000000e+00
-2.735717512750261537e+00,-7.421401246948677866e-01,-5.081919417522942073e-01,-2.013763632099768053e+00,4.176200155327118857e+00,7.000000000000000000e+00
5.399484142522370078e+00,6.037505672530327772e-01,6.587544136084603208e-01,-8.691072779968685991e-01,-1.483263111773839071e+00,8.000000000000000000e+00
8.212404377056053972e-01,-4.008402916316603282e+00,-3.687717731016285083e-01,-2.302813234344374127e+00,-2.498128654958712946e+00,0.000000000000000000e+00
1.570601565425120416e+00,-1.013102998694226514e-01,-3.722710004792607608e-01,-1.025392494591794046e+00,-3.706496417372474372e+00,3.000000000000000000e+00
-2.841324924353497039e+00,1.657521493301633564e-01,-6.886021583358380660e+00,-4.483217448567303087e+00,-2.393035303314788864e-02,2.000000000000000000e+00
-3.119657807151469120e-01,-1.484314291976680078e+00,-5.712977835226122458e+00,-4.930265807469796258e+00,1.170665027401727842e+00,7.000000000000000000e+00
2.412433304139434131e-01,-3.136326135364200685e+00,2.459689928643278289e+00,-1.330190184179175672e+00,5.298290831594467676e-01,0.000000000000000000e+00
-1.057027439746879516e+00,-4.447140112051636840e-01,-2.564614876179823977e+00,-2.694040697431042908e+00,2.275445527909539134e+00,7.000000000000000000e+00
1.560337702821782191e+00,-3.530449686494231631e+00,9.085000295155788441e-01,2.258380181821482591e+00,4.457274251166253087e+00,6.000000000000000000e+00
-1.229405728250043461e+00,-3.780273436461676795e+00,1.422038414064439094e+00,-1.818965260155566810e+00,-1.119585836666826317e+00,0.000000000000000000e+00
1.126824304311648539e-01,-2.564838859496731072e+00,1.563921892198954167e+00,-1.801676025057472597e+00,-1.099093066744341263e+00,0.000000000000000000e+00
-2.212277155052784661e+00,-8.053045744297766539e-01,4.557211075607229489e+00,1.913598912448026601e+00,-5.119462996162734036e+00,4.000000000000000000e+00
-2.322990583380599716e+00,3.779785994553382267e+00,1.382534472905362133e+00,-1.765902791906443836e+00,3.809953199643988597e+00,1.000000000000000000e+00
3.141464495692102510e+00,4.676075217787862837e-01,-1.710059914098536860e+00,-1.561845490069315945e+00,-5.853849456858946532e+00,3.000000000000000000e+00
-1.625528954722644581e+00,-5.769385954170014319e-01,-2.752303272377382370e+00,-3.391511229735263200e+00,3.953713821829409003e+00,7.000000000000000000e+00
1.943556644043707093e+00,2.714306103510256030e+00,-9.850786631209479394e-01,-2.289150682413311433e+00,-4.331760416242322442e+00,3.000000000000000000e+00
-1.372917529096899791e+00,1.827781084900042263e-01,-1.973082934894578200e+00,-2.683916364357404216e+00,3.417515981865096641e+00,7.000000000000000000e+00
-2.975559616051479672e+00,2.623852317166344150e-01,-6.142881035850195737e+00,-3.748554541015078456e+00,1.491086301373408252e-01,2.000000000000000000e+00
-2.229056898679223409e+00,-1.039270853525156163e-01,-2.420967076343813140e+00,-3.190990867951577048e+00,3.455979378288079218e+00,7.000000000000000000e+00
-3.942913374420899397e-01,-2.278518941616661242e-01,-9.913580243015649440e-01,-1.852097573314452683e+00,-3.950548957728508892e+00,3.000000000000000000e+00
-1.688254379631161983e+00,3.760961131356843068e-01,-2.941855272888270090e+00,-3.434120446850375874e+00,1.777022476816238816e+00,7.000000000000000000e+00
-9.313269488061172163e-01,-1.463028650374162520e+00,-4.213295339123423133e+00,-3.715314055467951793e+00,2.162822097551278855e+00,7.000000000000000000e+00
4.702139220007980569e+00,9.000332724287928299e-01,3.871652849776081595e-01,-1.379303730871162204e+00,-3.069355202288359674e+00,8.000000000000000000e+00
-9.706217358415477614e-01,-5.295838704786041129e-01,-4.588550086584649357e+00,-4.678989620682783901e+00,2.876208635743461528e+00,7.000000000000000000e+00
-9.937435221824857390e-01,-5.992846425607308847e-01,-5.412598311132209794e+00,-4.613770765316973055e+00,-2.687103671851970646e-02,7.000000000000000000e+00
1.649058057248192544e+00,-5.707694765172668383e-01,-2.890805614260357981e+00,1.306995936855129603e+00,3.006986670987377153e+00,5.000000000000000000e+00
-1.113276138551051453e+00,-5.014464450080168278e-01,-4.394796866256330148e+00,-4.237295427316464469e+00,1.150044291225006621e+00,7.000000000000000000e+00
1.973257477590362630e+00,2.804225907910626314e-01,1.748929612684549106e-01,-4.668739558846579651e-01,-4.655845485645973447e+00,3.000000000000000000e+00
-4.431400716596809453e+00,3.867983111710562305e-01,-4.469025645205897845e+00,-2.619529965598336840e+00,1.459298321621564254e+00,2.000000000000000000e+00
3.229824458191906444e+00,-2.918713886944667824e+00,-1.482772634167905057e+00,3.817233863706691599e-01,4.124421506184311248e+00,6.000000000000000000e+00
-1.550943709450157915e+00,-1.377744803068545520e+00,-2.243436043497696986e+00,-2.654153196399179127e+00,3.168951986685939470e+00,7.000000000000000000e+00
1.457451596265635585e+00,5.302770355244981637e+00,7.970246462035900370e-01,4.884150469598194100e+00,-6.346561471157901480e+00,9.000000000000000000e+00
-4.932947480233005333e-01,-1.867549962409281061e+00,-5.197481042587175359e+00,-4.751327379189367761e+00,2.737787333344401386e+00,7.000000000000000000e+00
-8.650504470246209721e-01,-1.079423537138730904e-01,-4.219277234296598955e+00,-3.922026936148783616e+00,2.015514336595478628e+00,7.000000000000000000e+00
-1.364092235235670192e-01,-2.576432611404490203e+00,-9.680520678355416520e-01,-3.674892514734263038e+00,-1.719712625825871255e+00,0.000000000000000000e+00
-1.902925033754290896e+00,-1.582855842998861284e+00,-2.690477935291899936e+00,-3.048955425265371666e+00,3.438344758284267222e+00,7.000000000000000000e+00
8.713883607418511368e-02,-5.151712062946654846e+00,2.394607879574214060e+00,-2.989189932102381819e-01,6.943165286368138123e-01,0.000000000000000000e+00
-1.179284103129031092e+00,6.263238019215565444e+00,-1.566239498609953040e+00,-4.702538888355099367e+00,2.842675356615770976e+00,1.000000000000000000e+00
3.935848095289964377e-01,-4.408586865075364791e+00,3.298110030237110912e+00,9.524150249015776726e-02,-4.729501442235110875e-02,0.000000000000000000e+00
-2.443329089406275578e+00,-5.250798842096934260e-01,-3.977572709450048816e+00,-4.566691622358838742e+00,1.985946633170679210e+00,7.000000000000000000e+00
-1.243636827380330656e+00,-2.001482608606845570e+00,-2.582548931160880468e+00,-2.491716413055072188e+00,2.335677682911035724e+00,7.000000000000000000e+00
5.255577816596429530e-01,-3.579172914471910327e-01,-3.888105607934651875e+00,-4.550905255810409195e-02,3.220248177201774809e+00,5.000000000000000000e+00
-2.187930441316352503e+00,9.038424512058801374e-02,-3.531165323577655890e+00,-4.071298049770459393e+00,1.711459896684764059e+00,7.000000000000000000e+00
3.307265727103961606e+00,-2.528174093945252832e+00,8.408405716716080280e-02,1.723701343078919646e+00,4.495183541148734641e+00,6.000000000000000000e+00
1.181262496200821577e+00,-3.787557093131152186e+00,-2.990561048423369117e-01,-2.545631835280040889e+00,-1.226762872291777828e+00,0.000000000000000000e+00
-1.642276980142904463e+00,6.864603766881544722e+00,-1.227704382864426513e+00,-4.200370830416790824e+00,1.586041273099762838e+00,1.000000000000000000e+00
2.184364566024650678e+00,-2.198057887037913716e+00,-6.079415605553786794e-02,1.691376868367979069e+00,2.498589458112775663e+00,6.000000000000000000e+00
-3.046581860136294284e-01,-6.456379786970652956e-01,-3.871164004065664521e+00,-3.282253741627428223e+00,4.548887552217261709e-01,7.000000000000000000e+00
-1.706325008376980756e+00,2.525294282911203295e-02,-3.133275602246468061e+00,-3.609700943772999882e+00,1.507831443627326129e+00,7.000000000000000000e+00
-2.712728050263374158e+00,-1.590140527468789089e-01,-2.703164018665257018e+00,-3.572668309385317986e+00,2.632784790562106902e+00,7.000000000000000000e+00
-2.256749246151356303e+00,5.128480218324098061e+00,4.793083182628518624e-01,-3.186071483391540227e+00,4.393752511238525393e+00,1.000000000000000000e+00
1.522933889758837367e+00,-3.979356348092447426e+00,-8.121399687748885876e-01,-3.475882512155350046e+00,4.505763449519784580e-01,0.000000000000000000e+00
-2.668311934606406033e-01,-3.152969174089755189e+00,3.632950127963962550e-01,-2.671080784030894328e+00,-1.628457039664785722e+00,0.000000000000000000e+00
-1.279898506813995418e+00,4.980690338137320872e+00,-9.668534979431397947e-01,-3.461785320453931281e+00,-2.066381748135784624e-01,1.000000000000000000e+00
-7.458243793752119544e-01,-2.962879305143055753e+00,1.664242106611905525e+00,-1.643980717440102435e+00,-4.613920883034021148e-01,0.000000000000000000e+00
-1.575806524127408181e+00,-6.010360559015531789e-01,-4.308659197804677987e+00,-4.221238396931994430e+00,1.846491053245088221e+00,7.000000000000000000e+00
2.834335271968174474e+00,5.052282767112162287e-02,-1.237427320816266496e+00,-1.534482174645093178e+00,-4.429631014175051007e+00,3.000000000000000000e+00
2.204093309374540066e+00,-3.827625042877653705e-01,-6.036567813832007801e-01,-7.937003849684122203e-01,-5.342611673740509382e+00,3.000000000000000000e+00
-2.345151953888274521e-01,5.432411657946015104e+00,-2.916172546744002503e+00,-4.607684255288098107e+00,-2.921695085277528081e-01,1.000000000000000000e+00
-2.701500144479236365e+00,-6.776943438641049866e-01,-4.073637540337983864e+00,-4.953171631923982687e+00,3.515027631806777020e+00,7.000000000000000000e+00
6.274865972868412523e-02,-3.063944620924285989e+00,7.624724613514867189e-01,-2.717113510802695586e+00,3.966004772490793195e-01,0.000000000000000000e+00
-6.673838491476280499e-01,-1.176262026646998304e+00,-5.080852417697435897e+00,-4.757608514388749654e+00,1.774767530156196260e+00,7.000000000000000000e+00
2.869835960106333905e-01,-2.393791003959491626e+00,2.117173741028346878e+00,-1.537580821068295522e+00,1.485685276645745123e+00,0.000000000000000000e+00
3.480720644261191321e+00,-2.521849453093025328e+00,-1.169158173617258933e+00,8.055242510045829141e-01,4.219397347807245069e+00,6.000000000000000000e+00
3.532290245280455543e-01,-2.405590469251831287e+00,1.449255839799288959e+00,-2.038584067312657400e+00,3.131257578757890014e-01,0.000000000000000000e+00
-1.885902243106726939e+00,-9.445520381028016388e-01,-2.763298964063300556e+00,-3.296518393817099213e+00,3.589074756377559794e+00,7.000000000000000000e+00
-7.855392645492454973e-01,-1.226145344601664355e+00,-2.302832357006022068e+00,-2.311458385970332596e+00,2.869226342957320597e+00,7.000000000000000000e+00
1.158761552713540199e+00,-3.401103672884745244e+00,3.486761542077088105e-01,-2.238076818776473687e+00,-1.411605226742598251e+00,0.000000000000000000e+00
-1.740643715516586587e+00,-1.060376405740125483e-01,-2.490837465478194179e+00,-3.234480004063907899e+00,2.199177205489722287e+00,7.000000000000000000e+00
-6.493025726897171390e-01,5.035683216161029208e+00,2.515554751099365882e-01,-2.441175383987898240e+00,2.477724899666690739e+00,1.000000000000000000e+00
-2.777407894443039815e+00,6.577325138168813368e+00,-1.144715632229973634e+00,-4.768686461621078898e+00,2.370300580404389734e+00,1.000000000000000000e+00
1.426519778567104657e+00,-2.686444796606749286e+00,1.569446498701388304e+00,2.741396796069798913e+00,4.303016409269046605e+00,6.000000000000000000e+00
-1.402542652758907327e+00,-2.850173642726958168e+00,2.777441753757487586e+00,-8.062766674713642834e-01,-2.834188646307440607e-01,0.000000000000000000e+00
2.781683872559801429e+00,-2.938423897120197026e-01,3.905810625031291838e+00,1.465171474759928039e+00,-1.076335827042542048e+00,8.000000000000000000e+00
2.031473624648393983e+00,-2.169953724010046103e-01,-4.032901528992450246e-01,-6.618113986482827560e-01,-4.184240544831818731e+00,3.000000000000000000e+00
-1.289466198635150329e+00,-9.535275158829926712e-01,-4.377597818458129453e+00,-4.443704760344584948e+00,2.547993537320753621e+00,7.000000000000000000e+00
-2.573122666838428829e-01,1.201027294977779492e-01,-3.859729743143665903e+00,-3.602090331591694117e+00,8.243325960126226537e-01,7.000000000000000000e+00
-2.879536234902255298e+00,-8.867825565284807032e-01,-1.467186285928004041e+00,-2.431815288611478110e+00,4.825752266580687788e+00,7.000000000000000000e+00
-2.600315806681891218e+00,1.558211568396981717e+00,-3.639660444907699688e+00,-4.629547319125118854e+00,1.830044472295931923e+00,7.000000000000000000e+00
4.601214533610556989e-01,-1.838080107564473709e+00,-4.492833372888994425e+00,-3.147616057442665927e+00,1.557787564368059208e+00,7.000000000000000000e+00
-9.422877276373466948e-01,-4.026072688357682061e+00,2.108628923696954871e+00,-1.137196917450058686e+00,-5.297365468896615415e-01,0.000000000000000000e+00
-2.116492348952397684e+00,-2.039918826020860720e+00,2.962874337881480802e+00,8.829142481630537498e-01,-4.205019299706871827e+00,4.000000000000000000e+00
1.558809873264929369e+00,-1.157229714832786360e+00,1.396517387611006633e+00,8.196762671239435361e-02,-1.740359623700545866e+00,3.000000000000000000e+00
1.799751841105672101e+00,-5.695044511866411696e-01,4.013121249799758594e+00,1.290213452119636228e+00,-6.354681328120723727e-01,8.000000000000000000e+00
6.266667844238562601e-01,-4.200190509145884654e+00,1.369869195360762515e-01,-2.372207899009640020e+00,-5.585880300867432924e-01,0.000000000000000000e+00
3.871249620361699506e+00,-2.120999562146942963e-01,3.174677296576671193e+00,9.456335006022985601e-01,-1.880570392036297278e+00,8.000000000000000000e+00
2.145545451929583347e+00,-2.455867791917297094e+00,5.340458999343536961e-01,1.596772791650442169e+00,4.702733567710946083e+00,6.000000000000000000e+00
-9.741530170608031503e-01,3.712355413778670177e-01,-2.866132056580805720e+00,-3.375623864888851244e+00,2.033795939947855125e+00,7.000000000000000000e+00
3.532557927121185326e+00,-2.688473785655690840e+00,-1.216027758964331573e+00,1.383671876461390449e+00,-7.607777782467670113e-02,6.000000000000000000e+00
5.861193718630990368e-01,-4.693098252857538455e+00,9.489395099754741603e-01,-1.624489434509900354e+00,5.706081284066707449e-01,0.000000000000000000e+00
1.599756271905397043e+00,9.941697984667006160e-01,1.350586327967881806e+00,4.186729521851306757e-01,-4.348792693262774733e+00,3.000000000000000000e+00
-6.307005869651221008e-01,-2.587722211183724141e+00,1.883129012046284245e+00,-1.963114867924132145e+00,-6.728568079097190235e-01,0.000000000000000000e+00
-5.162869763015056623e-01,-5.311024172709608582e-01,-2.860498860601482729e+00,-3.197872074909871465e+00,3.352079195946530810e+00,7.000000000000000000e+00
4.059162487961134325e+00,-2.707228233040235091e-02,2.221562823310422097e+00,4.783965961890005447e-01,-2.800484105525074874e+00,8.000000000000000000e+00
3.945528878056533184e+00,-3.440120753847085933e+00,-3.020579074542636189e+00,-2.691714240020599558e-01,2.468446801718058747e+00,6.000000000000000000e+00
-4.885959715339663889e-01,-1.699137910115110284e+00,-2.732504357711355691e+00,-2.655567202790493297e+00,3.896337650665266938e+00,7.000000000000000000e+00
2.174077978884580542e+00,1.622685467325891695e-01,-5.444055194483220506e-01,-8.222347745166103117e-01,-4.305384050456398271e+00,3.000000000000000000e+00
3.888065414314150203e+00,-1.722457778917259041e-01,3.695162631864214564e+00,1.838413989304532592e+00,-2.999687190814193105e+00,8.000000000000000000e+00
2.494452182996044876e+00,-2.058241353005235474e+00,3.473584394320253232e-02,1.720963123797100369e+00,2.926084704954080351e+00,6.000000000000000000e+00
-1.364836325658333460e-01,-7.979243340748960467e-01,-4.164205686117596450e+00,-3.670906713852140513e+00,1.690542233356782553e+00,7.000000000000000000e+00
3.251422704454497437e-01,-4.312986630460384774e+00,1.764122437300769342e+00,-1.188135493851665725e+00,2.292712229956515302e-01,0.000000000000000000e+00
-4.141135343166270744e+00,1.602838643425431808e+00,-4.340104027545678811e+00,-3.167834973001502963e+00,8.836954906992695591e-01,2.000000000000000000e+00
3.858823448672371370e+00,-2.262967980664538192e+00,-1.260299773137655732e+00,1.413063470913445752e+00,1.185478092450970689e+00,6.000000000000000000e+00
7.752306885301150086e-01,-2.616239509655860385e+00,-7.991619826857740971e-01,-3.385948425888178015e+00,-1.535174074340640571e+00,0.000000000000000000e+00
3.434875540335291078e+00,-8.406531824343556059e-01,-2.804048767348120030e+00,-8.337465012523503916e-01,3.406324515315341195e+00,6.000000000000000000e+00
-4.033111643280274272e+00,1.707659678748570942e+00,-6.398071842111868968e+00,-4.537068192076135986e+00,-6.103462470699820841e-01,2.000000000000000000e+00
3.723073936250416605e+00,1.686822211566488594e+00,-1.369111050229141036e+00,-1.833375112587567468e+00,-4.285621183990509842e+00,3.000000000000000000e+00
8.898392672496976963e-02,1.045443359739391398e-01,-5.537068466810199041e+00,-5.227709165425878268e+00,2.211623442260597372e+00,7.000000000000000000e+00
-1.136632708615857412e+00,-6.839494000732957435e-01,-2.312325476914288469e+00,-2.321433352697531038e+00,1.604773377023625436e+00,7.000000000000000000e+00
-1.685413665106092029e+00,-8.183230727906852520e-02,-3.039065025165074818e+00,-3.740695280166626446e+00,3.116739294787401970e+00,7.000000000000000000e+00
-1.112931047968249709e+00,-2.077171556633289562e+00,-3.293074042654919431e+00,-2.968826340749375348e+00,2.216468662326373185e+00,7.000000000000000000e+00
2.526006262813740744e+00,-2.244252979822494165e+00,-1.369532060562410336e-01,1.094438356792482692e+00,4.198678699001075820e+00,6.000000000000000000e+00
-4.029436200773706678e-01,-1.490985947370366160e+00,-1.188605287895117879e+00,2.433003177541162021e+00,3.377466436357080326e+00,5.000000000000000000e+00
-1.992547514418657961e+00,5.644535903312053904e+00,-1.842826564345163010e-01,-3.489658067087832105e+00,2.678530140560561712e+00,1.000000000000000000e+00
4.039018713350439604e+00,-4.298718359206699979e+00,-1.914770335962222569e+00,8.937034684603266665e-01,3.349522731708605594e+00,6.000000000000000000e+00
1.854605992996513630e-01,-3.429266958519554542e+00,1.845658904128459010e+00,-1.441609251689238258e+00,5.495072673685923448e-01,0.000000000000000000e+00
-8.881694387056213169e-02,-9.073646042611860363e-01,-4.473867431411083118e+00,-4.350041158969080612e+00,2.549695800516913913e+00,7.000000000000000000e+00
-2.527432243941671430e+00,5.949536430604954518e+00,-6.377855834346999320e-01,-3.956104090795212525e+00,2.000606901157701678e+00,1.000000000000000000e+00
-1.648920207401932680e+00,-1.885296291982468064e+00,-3.146565065306274445e+00,-3.181198835604365005e+00,2.701295883215916849e+00,7.000000000000000000e+00
-2.344546323352884709e+00,-1.953368948061106725e+00,-9.450027236001715680e-01,-1.561893524388247911e+00,3.353058677378069952e+00,7.000000000000000000e+00
-1.926863938204036675e+00,3.758226500413557769e+00,3.949947018949687694e-01,-2.382214100504143506e+00,3.853227092630204353e+00,1.000000000000000000e+00
-2.221559021133720613e+00,-8.531735617259592619e-01,2.835025033635780289e+00,5.981752801804500752e-01,-5.632627533745666604e+00,4.000000000000000000e+00
4.440934311428058834e+00,-4.843302554013215744e-01,2.569575493365223728e+00,8.790862571686542948e-01,-3.043635610705171413e+00,8.000000000000000000e+00
2.560115891130740451e+00,-2.645578967552938643e+00,-1.403318991490451750e-01,1.682115465991515624e+00,1.965905948904052014e+00,6.000000000000000000e+00
3.064199783114746722e+00,-2.391805206399396866e+00,6.970461618579535529e-03,1.711256809010190061e+00,3.283648309317507952e+00,6.000000000000000000e+00
7.886425253570493732e-01,-3.000428719626539120e+00,1.050135947743283671e+00,-1.970450044989001004e+00,-1.151189820999156677e+00,0.000000000000000000e+00
1.898345701803995977e+00,-1.918952049838837715e+00,2.157941534060542343e-01,1.675913228106230335e+00,3.691068125790808452e+00,6.000000000000000000e+00
-1.770612309589119304e+00,6.737837250989102245e+00,-1.332643716138228296e+00,-4.681529923347043542e+00,2.890217525276081112e+00,1.000000000000000000e+00
-7.399543300268701662e-01,-2.195434746016780458e+00,1.000419536649875818e+00,-2.622218786306834026e+00,-8.990911840542727962e-01,0.000000000000000000e+00
-2.498619796396595039e+00,-5.986573170222806439e-01,-2.514427437218945460e+00,-3.111351840563429061e+00,2.614854277564798046e+00,7.000000000000000000e+00
4.460651392890874867e+00,-1.051658142049635425e-01,3.219530160979773736e+00,1.356070079976772869e+00,-2.436779153383272778e+00,8.000000000000000000e+00
-2.060858679050218967e-01,-3.122768979846004989e+00,2.544502416761521335e+00,-7.996203781122638299e-01,-7.058066358077869085e-01,0.000000000000000000e+00
-2.104133559244998342e+00,-3.806070681410269052e-01,-4.191871978686799061e+00,-4.317838378898207985e+00,2.218216268024337801e+00,7.000000000000000000e+00
9.828637398498969446e-01,4.637832575802620205e+00,-4.981127737199355088e-01,4.073613323439183809e+00,-8.234366225009935647e+00,9.000000000000000000e+00
-2.892761313810625623e+00,5.079085365804137275e+00,1.433958290611532904e+00,-2.253171613863520939e+00,3.903514048006849091e+00,1.000000000000000000e+00
-2.611375415070144257e+00,-9.608585126088677875e-01,-1.097936560838329800e+00,-2.146023229410532362e+00,3.108501690430963915e+00,7.000000000000000000e+00
3.466005650469071497e+00,-1.386458896880241820e+00,-1.570008807296799036e+00,6.230585626674016719e-01,2.082027215038364076e+00,6.000000000000000000e+00
-1.766545076531389036e+00,-6.812357379811823099e-01,-3.339524020558799489e+00,-3.605633616649277062e+00,1.147461200070246656e+00,7.000000000000000000e+00
-5.352169398891384322e-01,-1.764760382414344020e-01,-4.538871641524830025e+00,-4.274514740792378475e+00,1.601559166655935229e+00,7.000000000000000000e+00
-6.316935319126605330e-01,-1.673581422549973885e+00,2.121103223646950919e+00,-1.739192042431731533e+00,-6.241603653692115450e-02,0.000000000000000000e+00
4.133939771936271379e-01,-3.345698164346656345e+00,-5.218317466530278947e-01,-2.853786470343569803e+00,-1.419062231285598275e+00,0.000000000000000000e+00
-8.545496530345217945e-01,-3.678634302097753134e-02,-3.959311507134563257e+00,-4.006472159568327029e+00,1.814212606827059870e+00,7.000000000000000000e+00
3.600131252243455870e-01,4.919180056980268390e+00,8.652689489011393675e-01,5.160940480452619994e+00,-5.837289497856528619e+00,9.000000000000000000e+00
4.838254912282049958e+00,-1.764502482079222667e-01,2.225881842028503588e+00,3.423219528081933860e-01,-1.106350326478765966e+00,8.000000000000000000e+00
-2.265518449254073641e+00,-6.395062318249841726e-02,-2.270353162198267771e+00,-3.074836428795990173e+00,3.472734825053524155e+00,7.000000000000000000e+00
3.619841308996756712e+00,-1.960839292502021491e+00,-3.629380952226745283e+00,-9.575101702633916911e-01,3.322783766430126740e+00,6.000000000000000000e+00
1.543625934040832703e+00,-3.330935148718034977e+00,1.113051526721348994e+00,-1.114341312349574897e+00,-1.574395444247536524e+00,0.000000000000000000e+00
4.956362951275456119e+00,-3.077299084882757496e-01,1.222993367594960246e+00,-3.558901714477645806e-01,-2.136042374974495228e+00,8.000000000000000000e+00
-1.510986250340143056e-01,-2.959275477986905933e+00,-3.534643473581773887e-01,-3.710744284300906415e+00,-1.977350007917226260e-01,0.000000000000000000e+00
2.129844982632992600e+00,-1.397216805904450965e+00,4.005958018886068839e-01,4.337321964296129151e-01,-4.754599103601872656e+00,3.000000000000000000e+00
-1.232995245985800459e+00,5.837109682199414173e+00,-1.605838585409768537e+00,-4.191572914889212242e+00,1.397564958717834038e+00,1.000000000000000000e+00
3.852339167036617495e-01,6.500703873351032058e+00,-1.399603934579721987e+00,-3.960665976328927584e+00,1.694788080318434087e+00,1.000000000000000000e+00
-8.524936430608978100e-01,-1.769682746150271324e+00,4.387425355795915749e+00,-1.638014295358145300e-01,7.291815201050155792e-01,0.000000000000000000e+00
-1.027513761596651864e+00,-1.831011632452263171e+00,2.428966994190782547e+00,-1.533731055351399419e+00,-7.855960276370383966e-01,0.000000000000000000e+00
-1.041885485505663400e+00,5.820447016266930618e+00,-2.526585908015925419e+00,-4.969079169542488295e+00,2.084025348151146595e+00,1.000000000000000000e+00
-5.978467309147170727e-01,-3.816112104339670213e-02,-5.442849329636778144e+00,-5.240973576542087287e+00,2.111107283540611057e+00,7.000000000000000000e+00
-1.344245174125623832e+00,-1.319409529585598539e+00,-3.750016654199123334e+00,-3.644536695246289870e+00,2.683293027461428615e+00,7.000000000000000000e+00
2.615233141183868071e+00,-2.614706725021319844e+00,-4.128372545780599479e-02,1.415297816753374738e+00,4.597841277661667725e+00,6.000000000000000000e+00
-1.232960502335872954e+00,-8.702016802249616934e-01,-2.686740046953129291e+00,-3.226701268891180696e+00,2.746637021914061005e+00,7.000000000000000000e+00
-1.393286287775665766e+00,9.425104546389238003e-01,-2.925238119027882888e+00,-4.162406532699222339e+00,2.773326726963865951e+00,7.000000000000000000e+00
7.010580801957153607e-01,8.482188747628273129e-01,-2.671148122521403323e+00,6.829958710625276819e-01,2.864744524431047878e+00,5.000000000000000000e+00
-8.702208897050258685e-01,3.003001179432727152e-01,-3.647470398342741227e+00,-3.925496292216882566e+00,2.468167634595608284e+00,7.000000000000000000e+00
-4.293418762300901470e+00,8.799132241920866182e-01,-6.392784120026223427e+00,-4.950132093762795726e+00,1.220149676999030541e+00,2.000000000000000000e+00
-3.576583173338263588e-01,-6.918825005881061863e-01,-1.060841121263696341e+00,1.919145291028445222e+00,3.574895471540886938e+00,5.000000000000000000e+00
-4.733561815558097741e-01,-2.022109888467213068e+00,-5.942561092723114280e-02,3.265719287637785850e+00,4.646542342313068730e+00,5.000000000000000000e+00
-2.540907614192556174e+00,-4.249438069500099391e-01,3.160769638161526895e+00,8.718385376602437731e-01,-4.510435070855820072e+00,4.000000000000000000e+00
2.150171886930190457e+00,5.045875476136987281e+00,-6.413311629969713490e-01,4.305774281720985641e+00,-8.705084848449383017e+00,9.000000000000000000e+00
-1.304340910569072864e-01,-2.943727251794433730e+00,1.995334615698560965e+00,-1.888909840333117707e+00,2.294512955144833999e+00,0.000000000000000000e+00
1.182577702927558816e+00,-1.121430471079506219e+00,-1.600203566305762548e+00,2.195057931139918317e+00,1.550943127141834355e+00,5.000000000000000000e+00
8.048909628134245375e-01,7.389926553087613481e-01,2.524618422999152512e-01,-1.100341425038961596e+00,-3.354796726880661772e+00,3.000000000000000000e+00
-6.648297787606939346e-01,-1.195389855584189309e+00,-3.263467438986675351e+00,-3.072551540612032728e+00,1.724093054721181018e+00,7.000000000000000000e+00
-3.062443801635171603e+00,2.419928170771832865e-01,-8.275014021071749326e+00,-5.580149110507424126e+00,-1.595265348211717948e-01,2.000000000000000000e+00
1.443825866938349023e+00,-2.111987788490305551e+00,-2.506275948370495499e+00,1.601577670631618489e+00,3.657463453966524725e+00,5.000000000000000000e+00
-5.921021689870085147e+00,2.542432739382975537e+00,-4.135577457597391593e+00,-3.890776415594029203e+00,1.383082946104745137e+00,2.000000000000000000e+00
-2.081912870714885067e+00,1.400409272565349195e+00,-4.024826078409643237e+00,-4.685445884123187632e+00,2.620930766852366922e+00,7.000000000000000000e+00
1.830678502994313450e-01,-3.732115833921676007e+00,1.301968944771210390e+00,-1.814839667091602493e+00,-3.078955795458601097e-01,0.000000000000000000e+00
-1.064809552830125572e+00,-1.087781167951569428e+00,-3.530327582979366774e+00,-3.463994331507223468e+00,2.332311395612375993e+00,7.000000000000000000e+00
7.974643994207722963e-01,-1.576331043992852399e+00,-3.940484095499802719e-01,2.854254470540566135e+00,4.476624775273468693e+00,5.000000000000000000e+00
-1.241909132333399862e-01,-1.884583266375715160e+00,2.184929774190265128e+00,-1.742389281544065582e+00,6.032204389573313230e-02,0.000000000000000000e+00
-1.677198123292470866e+00,7.464426965959144233e+00,-6.461545016324439228e-01,-4.138761714301002037e+00,1.774116387731129896e+00,1.000000000000000000e+00
-2.284639616944656559e+00,-4.104367693884844459e-02,-2.540795996399239254e+00,-2.968712475354954972e+00,1.665340436111023781e+00,7.000000000000000000e+00
-2.234100660995500309e+00,2.149163261851827489e-03,-2.125239644967284569e+00,-3.369056108391204063e+00,3.293086606628495616e+00,7.000000000000000000e+00
1.031144345953979746e+00,4.943069924876502874e+00,-4.133347715308826054e-01,4.185374592657388426e+00,-7.650099964001725539e+00,9.000000000000000000e+00
5.233186088328619506e-02,-2.864056249672260801e+00,2.590970696813898466e-01,-2.574754745095116260e+00,-1.889316674336635860e+00,0.000000000000000000e+00
-3.686963719092925196e+00,3.789017379060793944e-01,-2.059074698531233594e-01,-1.815661873285266514e+00,3.068396870212567240e+00,7.000000000000000000e+00
-2.056384950273619339e+00,-1.990526999268042108e+00,-2.911240313178844907e+00,-2.983928991585359292e+00,3.554323222505865854e+00,7.000000000000000000e+00
-2.933352754306096433e+00,-2.795040943034863834e-01,-6.351902605349399877e+00,-3.349638236875131181e+00,-1.265386293235188253e+00,2.000000000000000000e+00
-1.291636991529027334e+00,5.241914371257148098e-01,-3.442879626101766455e+00,-3.866548053010405717e+00,2.032646552264240736e+00,7.000000000000000000e+00
-5.260113411243308335e+00,7.896735324801716915e-01,-6.111205847547189762e+00,-4.857902081461569210e+00,1.603747284862033107e+00,2.000000000000000000e+00
1.030551372084020645e-01,-4.661732333704509124e-01,-2.774211308484846761e+00,-2.814409676864635834e+00,2.881780365741958949e+00,7.000000000000000000e+00
-2.149883332029488336e+00,-9.278061794625606096e-01,-1.638633155307781308e+00,-2.528696739664869408e+00,3.429188827898332459e+00,7.000000000000000000e+00
2.695202822142443555e+00,5.103546976693162929e-01,-5.529776966032511343e-01,-5.568237394359858428e-01,-5.632445797058492687e+00,3.000000000000000000e+00
3.969759981116585568e+00,-7.298226018072977439e-01,-1.813141087116867833e+00,-1.732908826087851795e+00,-3.597552171300243629e+00,3.000000000000000000e+00
-7.719344258755843624e-01,-6.209064170436472407e-01,-2.535570968875752396e+00,-2.802891465345103139e+00,2.363026233083089345e+00,7.000000000000000000e+00
-1.900871812602451527e+00,-2.164112073215813226e+00,1.674306157879095869e+00,4.206363205723295112e-02,-5.706913514207741400e+00,4.000000000000000000e+00
1.622762065667016751e+00,-5.004636149810809620e+00,-1.029932100301702985e-01,-1.782192659128954970e+00,-1.924308116311950867e+00,0.000000000000000000e+00
-1.375436542043070975e+00,-1.059046186891020591e+00,-2.605172974679599740e+00,-2.956206071590868678e+00,3.336895343865486474e+00,7.000000000000000000e+00
-6.987532671500058523e-01,-4.311405175997858663e+00,4.862973959641096577e+00,1.078223151819728054e+00,1.741209171926920041e+00,0.000000000000000000e+00
-2.288905154167754752e+00,5.618167301725767615e+00,-8.370087480065568908e-01,-3.534712425251791856e+00,1.574163106312524318e+00,1.000000000000000000e+00
-3.249760535338310774e-01,6.370166408967039118e+00,-8.018211213376699176e-01,-4.039595472230054440e+00,3.302282005676008936e+00,1.000000000000000000e+00
-2.299832480552598035e+00,-6.029478479239044342e-01,-3.573387186831810780e+00,-4.267108397293291944e+00,3.325146359494931314e+00,7.000000000000000000e+00
-2.442971710096606852e+00,5.550465849336805313e+00,-4.392394482008476486e-01,-3.850680282434649104e+00,3.137966871692769555e+00,1.000000000000000000e+00
-2.300636627963461134e+00,-8.220495514567699447e-01,-5.452227927052237799e-01,-1.705823594815589983e+00,3.865862182727792806e+00,7.000000000000000000e+00
3.167368742018664474e+00,-1.490833306165810113e+00,-1.323319010118324091e+00,5.827164386187259071e-01,3.129576017366851648e+00,6.000000000000000000e+00
1.686326513191637178e+00,-5.242350522970074422e+00,2.261460478701284860e+00,-4.975044005111782519e-02,-1.261954023405090775e-01,0.000000000000000000e+00
-4.685218589281158863e+00,-2.840907396148829589e-01,-1.854676790462356228e+00,-1.105194203576720380e+00,3.742839972977045626e+00,2.000000000000000000e+00
2.615745794858000739e+00,-3.156473558125169276e+00,-1.050871653287006602e+00,1.132045320662379728e+00,2.599172589601449701e+00,6.000000000000000000e+00
1.491606446053881374e+00,-1.355961205597298047e+00,-2.103735540312583918e+00,1.809257913520553762e+00,3.439614172373759438e+00,5.000000000000000000e+00
-2.726055069046029011e+00,-7.576510055199745519e-01,4.532527020521300187e+00,2.282366803983944870e+00,-5.591395859600142515e+00,4.000000000000000000e+00
1.612056210355820474e+00,-1.154666628506302750e+00,-2.165174830835455921e+00,1.550218123718879459e+00,3.861798820734698268e+00,5.000000000000000000e+00
-2.824500861349421132e+00,3.036488088181287792e-01,-4.065739005658718597e+00,-4.976707908261048807e+00,3.255814331480230361e+00,7.000000000000000000e+00
2.408077164367819378e+00,-3.279132680229310370e+00,-2.346429281422773627e+00,-1.954579873418525737e-01,2.507199612865315341e+00,6.000000000000000000e+00
-5.404092591614253482e-01,-3.190191211794463744e+00,3.763369754172354309e+00,-1.088225055583137701e-01,5.972708893697769028e-01,0.000000000000000000e+00
-1.148755924186593891e+00,1.235538478442484989e+00,-2.723788230526110521e+00,-3.758424912864422485e+00,3.152740423365330003e+00,7.000000000000000000e+00
-1.488426781689259126e+00,-5.961467489208794879e-01,-3.151721514027992832e+00,-3.588570748713785008e+00,2.435086737243816302e+00,7.000000000000000000e+00
4.889741060931594996e-01,-4.138527242541705675e+00,9.427538914166846418e-01,-1.952917837079061192e+00,-3.743375732217188445e-02,0.000000000000000000e+00
-3.306758825859995365e+00,8.547582883892731465e-01,-4.548719486353453689e+00,-3.005726533356172236e+00,1.133881066568706908e+00,2.000000000000000000e+00
-1.075285709860576144e+00,-1.379935853094289122e+00,-3.523167624029929890e+00,-3.184954055424958241e+00,2.325196721453656856e+00,7.000000000000000000e+00
4.552361769773776601e+00,-1.571180637878301312e+00,2.148906170916558001e+00,1.213919985619205333e+00,-2.467070954316520570e+00,8.000000000000000000e+00
-1.429427919589930374e-01,-2.802444577163005768e+00,1.078019621685480045e+00,-1.753635848553749765e+00,-1.863713881966193586e+00,0.000000000000000000e+00
5.001399398467073487e-01,-3.907554850225845477e+00,3.021195708671622349e+00,-5.403967596743203261e-02,-8.301984604924850242e-01,0.000000000000000000e+00
-1.327834923046640636e+00,-1.398338960667675490e+00,-4.055166141041359751e+00,-3.920873597053210702e+00,2.122568804943328225e+00,7.000000000000000000e+00
-3.696335509899210114e-01,-2.875440680935266169e+00,-3.642871755512465892e+00,-2.965842695108118932e+00,1.472978582907973566e+00,7.000000000000000000e+00
2.208033650900451672e+00,1.157228826029191859e+00,-1.738423880398754173e+00,-1.943234026914046231e+00,-5.393853799483675715e+00,3.000000000000000000e+00
-2.041643927788340918e+00,4.548931128431034310e+00,-1.059479153997477385e-01,-3.010881433385355077e+00,2.737604040809830774e+00,1.000000000000000000e+00
3.794914936810336314e+00,1.073376605657149430e+00,-1.445152223962583804e+00,-1.618072885237902936e+00,-5.113332699601405018e+00,3.000000000000000000e+00
-1.742952895208822017e+00,7.894718987019923029e-01,-2.622192029679458081e+00,-3.539720307052073967e+00,3.988592555960893904e+00,7.000000000000000000e+00
-7.537618996086971057e-01,-1.616089131352724806e+00,-3.711932902128370682e+00,-3.429691130067197946e+00,1.738460378375149773e+00,7.000000000000000000e+00
4.168552417854068715e+00,-3.586775221637475308e+00,-1.396458461467405598e+00,1.544965596513978134e+00,2.262838625531161441e+00,6.000000000000000000e+00
-1.299198072817238536e+00,5.731453891408253121e+00,-2.875776236800313135e-01,-3.124001061161104875e+00,2.211040611583122484e+00,1.000000000000000000e+00
5.456322468303238526e-01,-2.219268976613653077e+00,3.882320231649978581e-02,3.395673338339188163e+00,4.576176505710157549e+00,5.000000000000000000e+00
-2.804287614443451204e+00,-1.769683710983742220e+00,3.896832304614985532e+00,1.595765472905054327e+00,-5.446511184188330468e+00,4.000000000000000000e+00
-1.739295606073729905e+00,-1.125760885387664390e+00,-6.632382376769311305e-01,-1.642001200801296523e+00,4.250220091501096142e+00,7.000000000000000000e+00
-4.775706759322909112e-01,-3.233028591617163050e-01,-5.677422687959239767e+00,-5.496595780195875136e+00,2.201327581065860794e+00,7.000000000000000000e+00
-1.315385791224859879e+00,-2.222840997441347444e+00,-4.406993302204281093e+00,-3.994444345365109506e+00,2.321566257948045386e+00,7.000000000000000000e+00
-3.095110435847508779e+00,-5.689189471200899462e-01,-1.846952044242564206e+00,-2.728641823676326350e+00,3.821260755966056966e+00,7.000000000000000000e+00
-3.959524874881733547e-01,1.019151120494182106e+00,-4.238110284770026936e+00,-4.450222703806218760e+00,1.977243417759726229e+00,7.000000000000000000e+00
-3.009914659827692685e+00,5.334850236210249008e+00,1.805155688028500460e+00,-2.298524920994941212e+00,3.731574365977388119e+00,1.000000000000000000e+00
-6.607564641059814337e-01,-2.943577861355349268e-01,-2.664460318392831262e+00,-3.004025106016727342e+00,2.275437462659049892e+00,7.000000000000000000e+00
3.304507086215040079e+00,2.475371058164772473e-02,-1.585263779695577968e+00,-1.468188311668865431e+00,-4.474942705437696233e+00,3.000000000000000000e+00
2.227190770365540029e+00,-1.051689385405441435e+00,5.078772001158540217e-01,1.000640607965714302e-01,-3.916674567618456670e+00,3.000000000000000000e+00
1.983034747472691706e+00,-3.524942541277565677e+00,1.727733261139540843e+00,-9.646200541251108707e-01,-3.803512082032142749e-01,0.000000000000000000e+00
2.272344968858567071e+00,2.889287862581766397e-01,1.151112779001174591e+00,4.900778514159132015e-01,-3.601432083483464552e+00,3.000000000000000000e+00
-8.701926236813888327e-01,-1.850763525530971121e+00,-4.031119617315412462e+00,-3.606506552571254076e+00,2.360590956964212950e+00,7.000000000000000000e+00
-8.020925079698396631e-01,-1.309833688379204331e+00,-2.669992490764399928e+00,-2.706045760125264987e+00,1.798982740716376760e+00,7.000000000000000000e+00
-3.040739009230691181e+00,1.287903880785887245e-01,-2.153711693437961650e+00,-3.257160769989214444e+00,3.816394646103863142e+00,7.000000000000000000e+00
-1.179543139560567111e+00,-1.151332969257538696e+00,-2.836686189610509334e+00,-2.953697662603607110e+00,1.667939784442963536e+00,7.000000000000000000e+00
3.095602914696679697e+00,-2.510556630342729800e+00,1.941308346824376641e-01,2.267986490205724515e+00,2.377153313119777955e+00,6.000000000000000000e+00
7.212787363628535564e-01,-2.636133590943453786e+00,4.904339045632385430e-01,-1.862378496366552394e+00,-2.447273368794564252e+00,0.000000000000000000e+00
-4.740649721522817439e-02,-6.541461162584237821e-01,-5.792239518152920041e+00,-5.268202011883362346e+00,2.118113165631952732e+00,7.000000000000000000e+00
-1.007766862083279813e+00,-3.430637462858868503e+00,3.483388952752323853e+00,-3.338144653377750348e-01,2.949233119555306759e-01,0.000000000000000000e+00
-1.116412315918351883e+00,-6.692746545795149604e-01,-3.345753194827107091e+00,-3.513912785379996961e+00,3.625623286553185221e+00,7.000000000000000000e+00
8.247653647642351205e-01,-2.728913933417603577e+00,-4.127540724075218770e-01,3.571109513629101784e+00,3.667904101054558552e+00,5.000000000000000000e+00
-7.021543546504654953e-02,-3.354373096272329935e+00,7.331738820732476292e-01,-1.931542582332081759e+00,-2.430610613279557519e+00,0.000000000000000000e+00
-4.705509884206070303e+00,3.789986289987803403e-01,-5.554394976454673838e+00,-3.960629466046154956e+00,1.220389181868777539e+00,2.000000000000000000e+00
3.169831780999754489e-01,-1.655583849227454385e-01,-6.281666657285585043e-01,2.493401829260533553e+00,4.625738814702327950e+00,5.000000000000000000e+00
7.556507945644339586e-01,-4.678526524896479799e+00,-1.499827695498757996e-01,-2.661613642429640159e+00,-1.970893985480038912e-01,0.000000000000000000e+00
1.950690494142653719e+00,2.883715703536713915e-01,3.369570654374893781e-01,-3.655529924473461256e-01,-4.264391770187345720e+00,3.000000000000000000e+00
-5.726980454322612601e+00,8.488633724698254612e-01,-2.729046413579480745e+00,-2.062726777178391480e+00,1.455290772224299589e+00,2.000000000000000000e+00
8.324371326443297248e-01,-3.348920407183795245e+00,1.904150113555899582e+00,-1.236912268902739864e+00,-7.572083649700196428e-01,0.000000000000000000e+00
3.040012931989643175e+00,-7.011593483837805785e-01,4.129343307918086126e+00,2.082980262761991774e+00,-1.354311334350059459e+00,8.000000000000000000e+00
-2.352064923220218873e+00,-8.181163093918534246e-01,-1.806677337931358984e+00,-2.394508213519377815e+00,2.423209333830704804e+00,7.000000000000000000e+00
-1.706809428977710708e+00,2.829413911438419249e-01,-4.549940090674495785e+00,-5.117822321931773111e+00,2.582491152419259972e+00,7.000000000000000000e+00
2.043014719590204642e+00,-1.775052909192883360e-04,-3.834463717800894678e+00,5.510007008362799441e-01,6.971910860964783963e-01,5.000000000000000000e+00
-2.162855673707811732e+00,-6.971445192755457709e-01,-1.813935220856927044e+00,-2.418375468189854605e+00,2.095188740866105181e+00,7.000000000000000000e+00
1.673430030609703301e-01,6.050030482022753731e+00,1.881666116254154142e+00,5.435011972912500156e+00,-6.803411394565142878e+00,9.000000000000000000e+00
2.692157998130584318e+00,2.284323454525024832e+00,-3.709956686574330753e+00,-3.494486433138548787e+00,-6.347421024951731994e+00,3.000000000000000000e+00
-2.059090345745122619e+00,5.850673071322749941e+00,-3.301087002838182932e-02,-3.300905696681496693e+00,2.262348019355804318e+00,1.000000000000000000e+00
2.211746335796310081e+00,-5.124422397442610633e-01,1.198723740528277126e+00,5.945016216845432355e-01,-2.859449435796187267e+00,3.000000000000000000e+00
-1.258634541458551137e+00,-1.298512345995994854e+00,-2.238440194178938469e+00,-2.436277421881878347e+00,3.181767066236451669e+00,7.000000000000000000e+00
2.507977312620259247e-01,-3.820294260563799060e+00,2.386546657632387269e+00,-8.227082851083710180e-01,-7.023557050414825920e-01,0.000000000000000000e+00
-6.404540964636542544e-01,-1.396190621868822257e+00,-4.537952087200195272e+00,-4.161211736328444211e+00,2.539948246015777400e+00,7.000000000000000000e+00
-8.434030232361149071e-02,-3.627573763352426095e+00,2.252720233059945509e-01,-1.908643894319274947e+00,-2.883728370343159320e+00,0.000000000000000000e+00
1.908360794944278793e-01,5.884599032645870587e+00,-1.250174038582110514e+00,-3.629146870553437321e+00,2.039125095731383563e+00,1.000000000000000000e+00
3.247434793230147498e+00,-3.388020980256614578e+00,-1.936857140284405920e+00,1.101093886884169315e+00,7.606471492598079198e-01,6.000000000000000000e+00
-4.582918814540750674e-01,-1.359548907137585694e+00,-3.746853646598586440e+00,-3.299022812003917782e+00,1.781122661629913617e+00,7.000000000000000000e+00
-1.797478506301484202e+00,-6.870252956470743744e-01,-4.586333904078089496e+00,-4.276473004207875128e+00,1.934573103640062630e+00,7.000000000000000000e+00
1.487775220853675640e+00,-4.072139864224020300e+00,1.115032395586919467e+00,-1.003895929999969461e+00,-1.699161219088594077e+00,0.000000000000000000e+00
-1.134016704142665644e+00,-1.302001749621154003e+00,-6.218900075826634399e+00,-5.700098507880397847e+00,1.046085420567518076e+00,7.000000000000000000e+00
3.090790825923944496e+00,-1.218680370136567159e+00,4.120350808090702976e+00,1.844596576635908036e+00,-1.380039936698581604e+00,8.000000000000000000e+00
-2.139253551054053126e+00,2.741726710545119849e-01,-3.325021667845027284e+00,-3.338381895469932470e+00,-1.228272836997501699e-01,7.000000000000000000e+00
1.807748386123103623e+00,-2.994735656475477459e+00,-7.128597221348487167e-01,1.121879415852867989e+00,3.671328432170406053e+00,6.000000000000000000e+00
-2.540944878674805896e+00,-1.961805350755200461e+00,-3.618028834241203029e+00,-3.601008579160011713e+00,2.734668008416851759e+00,7.000000000000000000e+00
-1.353499774089956809e+00,-6.071931644888112212e-01,-4.554970475208699909e+00,-4.884372052685778343e+00,2.641804452320048124e+00,7.000000000000000000e+00
-1.714217474371030780e+00,-2.985094838230545888e-01,-2.236544109519417400e+00,-3.374198007690926815e+00,4.387674625106105175e+00,7.000000000000000000e+00
-7.168634577688915988e-01,3.888890672764678591e+00,1.798293172450196320e-01,-2.790951842824607176e+00,3.643298502912722281e+00,1.000000000000000000e+00
-3.203861873571362540e-01,-3.461293197775295205e+00,3.452598626469874921e-01,-2.353467353786545591e+00,-1.461396344042952933e+00,0.000000000000000000e+00
9.222712448706177346e-01,6.464804340582250397e+00,-3.919829067974075709e+00,1.099632237282459402e+00,-9.238425369774633467e+00,9.000000000000000000e+00
-3.435847509058056026e+00,-1.492397926735730351e+00,1.417929917308241028e-01,-9.279084007867651751e-01,2.546099525407788722e+00,7.000000000000000000e+00
4.295706543224575569e-01,-1.179566458044634780e+00,-1.512764601391134223e+00,1.682023872418623833e+00,3.940771923659724507e+00,5.000000000000000000e+00
1.522406705804190352e+00,-3.405120119558510794e+00,1.370050334510551249e+00,-1.398976391735091696e+00,-6.938587607623014630e-01,0.000000000000000000e+00
-2.061285561858113624e+00,7.191703285077435392e-01,-2.708738598829103061e+00,-3.729390589481722085e+00,3.534986683957344500e+00,7.000000000000000000e+00
1.181804280979594335e+00,-1.276467823423509174e+00,-1.518781437314503213e+00,2.484467446959979231e+00,3.479137570581531946e+00,5.000000000000000000e+00
4.677894451361644279e+00,1.884855884061182874e+00,-3.726373022850762773e+00,-3.098419969142895969e+00,-6.071732711972870788e+00,3.000000000000000000e+00
2.528834645031563522e+00,-8.221332200252655653e-01,4.217216816343708485e-01,1.457259689411192660e+00,3.652915436146544348e+00,6.000000000000000000e+00
4.895312828688417994e+00,-1.626482782998231347e+00,3.893210859595132245e+00,2.622470625991661031e+00,-2.552133479361710755e+00,8.000000000000000000e+00
-1.958172784504911279e+00,5.599791905340040010e+00,-1.936534642280559160e+00,-4.551969743395123835e+00,8.735637154895669054e-01,1.000000000000000000e+00
-1.183098133003301689e+00,5.861975883761897599e+00,-2.526517628760787115e+00,-5.432548909495976908e+00,2.165982970486260761e+00,1.000000000000000000e+00
8.487489949819679858e-01,-1.783956858313164306e-01,-4.187320049942450773e+00,2.226667992925084882e-01,9.172993900060150141e-01,5.000000000000000000e+00
1.775772739061990124e-01,-3.693535354828730188e+00,1.805322821981754977e+00,-1.391784843711377562e+00,-2.169194967581891120e-01,0.000000000000000000e+00
-1.676244480286562588e+00,8.880943405703292104e-01,-2.273098909803038303e+00,-3.369311155053837936e+00,3.868718420035519578e+00,7.000000000000000000e+00
-9.935892753285321399e-01,-8.072543319559064567e-01,-5.285075120851557173e+00,-4.848603086524770234e+00,2.779887342866802058e+00,7.000000000000000000e+00
1.617442436216984802e+00,-2.171316555734501552e+00,-1.892182295951938986e+00,2.642320463470249070e+00,3.155717097780636138e+00,5.000000000000000000e+00
6.321915953251167064e-01,-4.083064233901935403e+00,-2.708703220468332007e-01,-3.162204681319880972e+00,-9.471691735718552885e-02,0.000000000000000000e+00
-7.990434863124790121e-01,-1.952614151474435511e+00,-2.947471544213220884e+00,-2.252509818030053790e+00,1.217745303445449290e+00,7.000000000000000000e+00
-1.170872208932062897e+00,-4.191819152280897853e-01,-3.974115595909462506e+00,-4.186151625414995081e+00,3.343068043841223691e+00,7.000000000000000000e+00
-3.664428885325177743e-01,-2.663197815608805197e+00,1.274875895919852509e+00,-2.432429480580862169e+00,-1.735096905308937676e-01,0.000000000000000000e+00
-3.090641014419869936e+00,6.085153339888222490e+00,6.315546847061702662e-01,-2.820529776718298631e+00,1.577329553492367920e+00,1.000000000000000000e+00
-1.716186768636817961e+00,-1.988989386814467020e+00,-3.388263696515384282e+00,-3.307587278144144882e+00,2.023670382934912748e+00,7.000000000000000000e+00
-5.177145552793332328e+00,9.397614885957142894e-01,-3.003519606658650254e+00,-2.113176526133436095e+00,1.090351878222909576e+00,2.000000000000000000e+00
3.816357468561772492e+00,-3.489935340634833238e+00,-1.096904189929981399e+00,1.015954149813595553e+00,3.446343847443861019e+00,6.000000000000000000e+00
-1.277549542815293648e+00,-2.105346362017167239e-02,-2.030874425297013453e+00,-2.749368514345775338e+00,2.223760534487428497e+00,7.000000000000000000e+00
7.441631540947368784e-01,-2.730958206348028217e+00,-1.994322406204015019e+00,2.433925620591262273e+00,2.083962870648375709e+00,5.000000000000000000e+00
-9.062361503861932066e-01,-3.353860528585181355e-01,-4.964467896942386993e+00,-4.818539882442953726e+00,3.044792088354827619e+00,7.000000000000000000e+00
4.699336831626777844e+00,-3.821427701188469861e+00,-2.119476506488947809e+00,7.952733945135718185e-01,2.725714694534114191e+00,6.000000000000000000e+00
1.360679140116593411e+00,1.032598278314656559e+00,-6.008829255405035985e-01,-1.485025060478433412e+00,-4.656295971205448581e+00,3.000000000000000000e+00
-1.635712028352367620e+00,5.820974546516066717e+00,2.026317647625516472e+00,-1.347034491556747371e+00,2.725471721438135209e+00,1.000000000000000000e+00
1.218391566917439661e+00,-2.775739248970293449e+00,1.929439778591761911e-01,-2.129243970799334917e+00,-3.207728719105430226e+00,0.000000000000000000e+00
2.177110078415547822e-03,-3.354341789677722230e-01,-4.266348733559808259e+00,-4.086159707381930239e+00,1.496973104800932930e+00,7.000000000000000000e+00
-1.153801581919584596e+00,1.506078417992540164e+00,-4.396761846109908056e+00,-4.869075586767652730e+00,2.762638372844155921e+00,7.000000000000000000e+00
-5.934653662376634387e-01,-2.554448866355216730e+00,2.045616644042549837e+00,-1.196189196792551757e+00,-1.893609080341830397e+00,0.000000000000000000e+00
1.076302233119531132e-01,-1.070347649181567773e+00,-9.581369030749726790e-01,2.406645041557665010e+00,4.121769110481556808e+00,5.000000000000000000e+00
-2.317309415220791258e-01,-1.551997744818531366e+00,-4.941309546364115235e+00,-4.468166749859216580e+00,2.776384676936054063e+00,7.000000000000000000e+00
1.042813452852118461e+00,-3.268378927125704436e+00,1.112671420578170700e-01,-2.791003865916801274e+00,-5.915801327895633399e-01,0.000000000000000000e+00
-8.475166731450241020e-01,-3.657449423284309664e-01,-5.665882651633264544e+00,-5.193502642653102797e+00,1.224108549716367067e+00,7.000000000000000000e+00
1.095966986587785685e+00,-3.899118604638409646e+00,-2.857320308059472236e-01,-2.813254719135377169e+00,-1.062829253474244506e+00,0.000000000000000000e+00
5.709109792059287036e-01,-1.478298082985853634e+00,-5.736327961991376512e+00,-4.348897886903067445e+00,-2.332964377502252662e-01,7.000000000000000000e+00
-7.222182415393773036e-01,-3.171335717266206444e+00,2.255359634303320870e+00,-1.327417030574809864e+00,-1.981552460594587228e-01,0.000000000000000000e+00
-1.246236946066406892e+00,5.362029147124083295e+00,9.302413790794097914e-02,-2.982825330462837599e+00,1.726418438122124810e+00,1.000000000000000000e+00
1.552209077746534938e+00,3.634875598282166553e+00,-4.983096143118997956e-01,4.915995554722834449e+00,-7.684796845109002739e+00,9.000000000000000000e+00
-1.127845561004271746e-01,-3.251219198674004107e-01,-4.428112958340702399e+00,-4.077002517683856020e+00,1.052815948936490775e+00,7.000000000000000000e+00
-9.162062869700285939e-01,-4.320919827828756943e-01,-3.689526687056817522e+00,-3.676793850253385898e+00,1.099162574590932362e+00,7.000000000000000000e+00
1.285366839048052601e+00,1.226781313732341117e+00,2.030229035940221138e-01,-1.057784388720644397e+00,-4.568650029996696560e+00,3.000000000000000000e+00
4.475997925126281807e+00,1.564923758035888790e+00,-1.153764077708633540e+00,-9.612250910632403889e-01,-6.013472134483345499e+00,3.000000000000000000e+00
3.199642727331888370e+00,-3.151117835756211960e+00,-1.892975977885905658e+00,3.560751869074573750e-01,3.191354758824076043e+00,6.000000000000000000e+00
-4.223745481449852512e+00,8.363158268242132376e-01,-6.887812333291224220e+00,-4.430961680688954019e+00,-1.381531705112201802e+00,2.000000000000000000e+00
-7.029402428432733607e-02,-4.046104350006761941e+00,2.296601020287214467e+00,-1.086671512315386501e+00,-8.074132120497120590e-01,0.000000000000000000e+00
2.410063084192641814e+00,-3.215473452195511506e+00,3.643251497385531223e-01,2.315939067194567436e+00,3.373558951104745240e+00,6.000000000000000000e+00
-1.021978433288891930e+00,-4.321003972291301287e-01,-2.564851615864269796e+00,-2.987451682783020868e+00,2.905713675799489693e+00,7.000000000000000000e+00
-7.619276533972858534e-01,5.225288117153517931e+00,-5.844010964191295177e-01,-3.119979971375778316e+00,1.560421099506934972e+00,1.000000000000000000e+00
-2.295900016822193024e+00,-1.183872787272406635e+00,-3.015520316767599240e+00,-3.232016955847673678e+00,3.801881759271520167e+00,7.000000000000000000e+00
-1.272576364534318438e+00,-3.083518905017586853e+00,2.101819713711992055e+00,-1.388069613000654234e+00,-8.236769682496223322e-01,0.000000000000000000e+00
2.305363677027896796e-01,-3.566289965109807447e+00,1.171022643742164471e+00,-1.767319279561341272e+00,-7.848657565058595464e-01,0.000000000000000000e+00
7.354909251850442198e-01,4.852804366782150325e+00,-4.124240077940062754e+00,-5.852743149299182157e+00,6.855501948128059908e-01,1.000000000000000000e+00
4.555779408681810694e-02,4.688450644205880202e+00,-1.050958003595876766e+00,-3.208297574484812120e+00,1.945642585176694306e+00,1.000000000000000000e+00
3.511327591488236255e+00,-2.638605532089157268e+00,-2.033501344701688751e+00,3.873376263790286878e-01,2.196410570281722485e+00,6.000000000000000000e+00
-1.156270139759480037e-01,-2.441669117706581904e+00,7.746201561247920697e-01,-2.538372297209574580e+00,-1.561502008842828415e+00,0.000000000000000000e+00
-2.419870016868140628e+00,1.021035062176120389e+00,-3.542859146239918378e+00,-4.530845219915814681e+00,2.494621976177328282e+00,7.000000000000000000e+00
-2.191883294901605161e+00,-1.505769777609758719e+00,-1.920182822193692518e+00,-2.474658108784382193e+00,2.624965541944973335e+00,7.000000000000000000e+00
-2.102788292864487651e+00,5.445519016339669172e+00,3.723148023343926249e-01,-2.812334464032543835e+00,2.718260228241210275e+00,1.000000000000000000e+00
2.684083253794769419e+00,-1.485131146294816906e+00,-3.837562566461668823e+00,1.022052103949596669e+00,2.529425817815874833e+00,5.000000000000000000e+00
9.349701732393831399e-01,4.273974066070664435e+00,1.838894485970792525e+00,6.455432690498663639e+00,-8.807560030862163103e+00,9.000000000000000000e+00
3.420396642048019853e+00,-2.895237700624555099e+00,-2.747383986974222814e-01,1.622972279964979059e+00,3.972590662832391484e+00,6.000000000000000000e+00
-3.066489850663344230e-01,-1.933597104783834286e+00,-4.685507045766829748e+00,-3.931893330706368594e+00,1.514819282486544294e+00,7.000000000000000000e+00
3.306396930176702664e+00,6.771091731441829242e-02,-7.936284872416513592e-01,-4.524798228122036137e-01,-5.233132281658043894e+00,3.000000000000000000e+00
1.340565690485275852e+00,-7.781362010460179945e-01,-2.101159026979356526e+00,1.796604051065287644e+00,3.039007743931913641e+00,5.000000000000000000e+00
-1.224594382021994832e-01,-3.652545203478704483e+00,1.729026985860105503e+00,-1.333557325537081617e+00,-3.513705478431303764e-01,0.000000000000000000e+00
-2.616992695148032677e+00,7.032709076663522296e+00,-7.026433749314942023e-02,-3.622931954659780907e+00,2.664712530012731673e+00,1.000000000000000000e+00
-2.889410111790637892e-01,-4.247548470931479692e+00,1.207376485790650822e+00,-1.652174419124851079e+00,-1.104598424619748886e+00,0.000000000000000000e+00
5.458899018381577206e-03,-3.225163494404255093e+00,1.019497688812332825e+00,-2.265932422949307856e+00,5.730854132648431909e-01,0.000000000000000000e+00
2.369978745524477792e-01,-4.449675840820804140e+00,-5.762998283997105009e-01,-2.769855631495167003e+00,-6.776164307501746364e-01,0.000000000000000000e+00
7.307211193416357498e-01,-3.569226858823306259e+00,1.618803277006053642e+00,-1.425770057778831035e+00,-5.116347398569084381e-01,0.000000000000000000e+00
-6.718669693751703198e-01,-3.774751428750013904e+00,1.919405198037314797e+00,-1.479351170523009351e+00,3.332994458859606102e-01,0.000000000000000000e+00
-2.451053214658720947e+00,4.026069922582762306e-01,-3.337012981289550595e+00,-4.003556412323319158e+00,3.267333239054506677e+00,7.000000000000000000e+00
-1.239850681913793107e+00,-7.583681478269221898e-01,-1.721719799473908852e+00,-2.203174119162821576e+00,3.508747504278306284e+00,7.000000000000000000e+00
-2.511519441645344131e+00,5.195371298305762942e+00,1.988183804480599282e+00,-1.284111934261666033e+00,2.345751830920983494e+00,1.000000000000000000e+00
2.535413905468911988e+00,-3.922895676419771993e-01,4.046055383436367059e+00,1.739067020627937277e+00,-1.861542953915168663e+00,8.000000000000000000e+00
2.297029361262258318e-01,-2.605494708712789986e+00,6.855764059252678067e-01,-2.498038300140255075e+00,-1.016441456976269420e+00,0.000000000000000000e+00
-2.032422653557380610e+00,-7.471086862249167737e-01,-2.617882275232144007e+00,-3.044562556802400621e+00,1.650482947390928157e+00,7.000000000000000000e+00
6.707514784547765618e-01,7.568768562365443819e-02,-6.363099180597297178e+00,-5.688072572102191415e+00,8.792805606096775195e-01,7.000000000000000000e+00
3.528338167355542954e+00,2.961685578335540581e-01,5.853087822606069857e+00,3.169578437647341929e+00,-1.862887266268712816e+00,8.000000000000000000e+00
-1.402998485591473221e+00,1.688194459980913442e-01,-3.745550177045089413e+00,-3.744423986591546960e+00,2.384088031718182510e+00,7.000000000000000000e+00
6.172293277799942857e-01,-1.467084079532045005e+00,7.200351746872115655e-01,-2.797107468555107168e+00,2.005075408075263910e-01,0.000000000000000000e+00
2.222411404801137635e+00,-5.066742931325604715e+00,-5.570547806295527149e-01,-2.273063858605065768e+00,-6.937422657042091600e-01,0.000000000000000000e+00
3.521555139183904504e-01,-8.303629210599401400e-01,-6.011516522746676472e+00,-5.391864812179695932e+00,3.140901526111852693e+00,7.000000000000000000e+00
-6.839675116761145812e-01,4.861973760689200397e+00,-4.079960157878187443e-01,-2.664171404597538206e+00,1.859267537589244901e+00,1.000000000000000000e+00
2.711253814691358399e-01,-3.531963479881037316e+00,3.655488962089457061e+00,-2.168003066039843607e-01,9.494060665283533540e-01,0.000000000000000000e+00
1.620628720571924752e+00,-2.681768952556759178e+00,-9.985898924846550173e-01,3.318557789332032382e+00,3.602449361043956522e+00,5.000000000000000000e+00
2.783963274638751040e-01,-3.661440578061132989e+00,-4.396922066985098354e-01,-2.675072696779201120e+00,-2.093792398394126231e+00,0.000000000000000000e+00
-3.107746973146076286e+00,-4.177092254238304880e-01,-3.499252698069384326e+00,-4.575539395176332569e+00,3.119590594901259450e+00,7.000000000000000000e+00
-1.660975177712513906e+00,-9.687684363677417920e-01,-2.621155420291875426e+00,-3.187036373108370402e+00,2.270391129077083736e+00,7.000000000000000000e+00
2.029188816195885980e+00,2.552795731607220286e-01,1.805260279311268423e+00,8.503830793900171159e-01,-3.400203569572476603e+00,3.000000000000000000e+00
3.707169582546308018e+00,-2.365395864024147254e+00,-3.240115352408098559e+00,-7.377793334373793366e-01,1.545467555264805171e+00,6.000000000000000000e+00
-1.295734473511303220e+00,-2.388310736565221748e-01,-3.494717163465954624e+00,-4.063052186641415098e+00,3.074601525360863175e+00,7.000000000000000000e+00
-1.536166208547154799e+00,-5.375533579991237376e-01,-3.605560705118055154e+00,-3.773949054820679105e+00,2.131933585746542903e+00,7.000000000000000000e+00
-1.776880694224039825e+00,-1.072548174981371449e+00,-2.673415683945707944e+00,-2.901039866933543987e+00,1.784181250625389126e+00,7.000000000000000000e+00
-2.322213339426347556e+00,-4.176274109474498730e-01,-3.157080038125812838e+00,-3.416288644578568068e+00,1.642358114758141641e+00,7.000000000000000000e+00
1.226705337822349140e+00,-1.217829035433161122e+00,-3.390757623785680686e+00,8.347177934270908484e-01,2.460603615637724229e+00,5.000000000000000000e+00
1.471861227040007103e+00,-3.714554662434587762e+00,9.253876536984658729e-01,-1.632442197194942546e+00,-2.679027009993544262e-01,0.000000000000000000e+00
-1.962597697757868076e+00,-1.640570493852967771e-01,-2.982778469584363989e+00,-3.858993003077658468e+00,3.145316553536658510e+00,7.000000000000000000e+00
4.552629917484662947e+00,1.219050611074684320e-01,2.521240349406722370e+00,1.031164408858189052e+00,-3.599840489165476054e+00,8.000000000000000000e+00
1.261415039209910605e+00,-3.870938238202756398e+00,-1.091750762955872922e+00,-3.323725540247392640e+00,-2.213782531828204281e+00,0.000000000000000000e+00
6.238556585100604179e-01,-1.714801834175976869e-01,-6.210898691801437721e+00,-6.094138096522487835e+00,3.310871066286623865e+00,7.000000000000000000e+00
8.640455461095811196e-02,-1.261794189540820232e-01,-1.401165431930809557e+00,1.873828608513954164e+00,2.777880613421346290e+00,5.000000000000000000e+00
-1.422871212790147277e+00,-9.475545263385686257e-01,-2.862867169755965335e+00,-3.058740533482738222e+00,2.786684174337248354e+00,7.000000000000000000e+00
-7.712920469160420289e-01,2.649830117525778794e-01,-3.911621136086775863e+00,-4.011798929334410069e+00,8.374597171617006452e-01,7.000000000000000000e+00
-1.548130480008568677e+00,4.876429297590185286e+00,-1.360986844403277329e+00,-4.182736345548281776e+00,2.766509952049753363e+00,1.000000000000000000e+00
-4.113349351943654253e-01,2.908442933931412733e-01,-4.648264470164499507e+00,-4.487379478455017612e+00,2.151427328217002444e+00,7.000000000000000000e+00
-1.483057913066071487e+00,-8.449487092220610007e-01,-3.431980962452394035e+00,-3.580094441047847020e+00,1.242305506625726252e+00,7.000000000000000000e+00
-1.606596668412813678e+00,4.773448661456218822e+00,-1.052515665036410697e+00,-3.710065146178068929e+00,1.661010739903907352e+00,1.000000000000000000e+00
-1.735268427444922601e+00,5.851573071253350022e+00,-9.399378052674194350e-01,-3.668181708933597296e+00,8.465757359808652183e-01,1.000000000000000000e+00
-1.678246501271973168e+00,6.443495825783119635e+00,-5.881656992042130216e-01,-3.899886203051743827e+00,9.122410684254607105e-01,1.000000000000000000e+00
-1.000841457304988635e+00,-3.305784035196501325e+00,3.379570154825193740e+00,-5.014327822351611896e-01,8.915484182604099805e-01,0.000000000000000000e+00
-1.598851015999039005e+00,-1.766315387361649725e+00,-4.661107001760673718e+00,-4.285059307606424284e+00,9.998114796481873956e-01,7.000000000000000000e+00
-1.020260897166962888e+00,3.523510025126935785e-03,-3.220522510991414844e+00,-3.861797655156740561e+00,3.260503444762522296e+00,7.000000000000000000e+00
-1.058280439697501185e+00,-9.630730619793892444e-01,-2.718643049990755678e+00,-3.383138310635497525e+00,4.203680868933659553e+00,7.000000000000000000e+00
9.734789691520882027e-01,-2.529266582566415345e+00,-6.001409149767062967e-01,-3.103048102078899362e+00,-1.379356643083066158e+00,0.000000000000000000e+00
-9.983372549886186942e-01,7.428138745849343083e-01,-4.327633792730200213e+00,-4.437503213931090151e+00,1.255006282021157160e+00,7.000000000000000000e+00
2.755136031522821272e-01,-3.160838974444231120e+00,5.769834265683881913e-01,-2.205502854672548363e+00,-2.118076734650808035e+00,0.000000000000000000e+00
3.600953882939486039e+00,-3.040875855868953259e+00,-2.588548636841327966e+00,-5.272471479007492801e-02,3.238925826407343500e+00,6.000000000000000000e+00
1.502899817166088114e+00,-3.248613256998310828e+00,1.573141349135035449e-01,1.698597056676476313e+00,2.727670370215036666e+00,6.000000000000000000e+00
-3.527027607244950236e+00,-3.764098403863124220e-01,-8.207429342533592020e-01,-2.166822434420811128e+00,3.266166799448320557e+00,7.000000000000000000e+00
1.747949703061277615e+00,4.241007805575225387e-01,6.576346365610763467e-01,-7.521710245648380311e-02,-4.142819096355151665e+00,3.000000000000000000e+00
1.967624747068889679e+00,-6.895956813391086737e-02,2.263970308303925982e+00,1.540331903621113163e+00,-3.739417265183038630e+00,3.000000000000000000e+00
3.131729079294022888e+00,5.925899265305796249e-01,-2.724813979547351939e-01,-1.998785302869720559e-01,-5.221072377782305374e+00,3.000000000000000000e+00
-7.678260240783103541e-01,-3.138336490003965640e+00,2.623585415879932548e+00,-7.501733175950993093e-01,-6.080714342431839947e-01,0.000000000000000000e+00
2.197823125905394193e+00,-2.084455662982369173e+00,-1.175589520036715019e+00,5.778143089868780224e-01,3.757994247000367327e+00,6.000000000000000000e+00
3.007522484147852726e+00,-2.198558617633965984e+00,-2.174712326300107801e-01,1.666596444564963031e+00,1.652069949316503861e+00,6.000000000000000000e+00
5.868115705343071031e-01,5.679844126924590064e+00,-1.398641264970123199e+00,-3.325067006240216116e+00,2.234166937494203864e-01,1.000000000000000000e+00
-1.196206483679062238e+00,-1.867336050618967125e+00,-4.421661592685651954e+00,-4.551910497973297609e+00,3.180620050282856326e+00,7.000000000000000000e+00
-8.491063243423093709e-01,-1.087211909241363461e+00,-3.793934819503684164e+00,-4.230413320998316351e+00,4.059012382666831620e+00,7.000000000000000000e+00
-1.018636447171086923e+00,-3.894027904334932400e-01,-4.248897452789236695e+00,-4.272581935942866949e+00,1.833703638320860474e+00,7.000000000000000000e+00
5.853504439991203956e-01,6.021317078770589415e-01,1.110418502430758680e+00,-1.662108500137055300e-01,-4.084910828679820582e+00,3.000000000000000000e+00
7.469448207213641444e-01,3.595181071513345206e+00,-2.576213352749847640e-01,4.594385896807753333e+00,-7.036216861497301522e+00,9.000000000000000000e+00
-1.096294290127790338e+00,3.068667906257959155e-01,-4.719331976782051186e+00,-4.863303727559490142e+00,1.940781095572552406e+00,7.000000000000000000e+00
-1.648199049729811794e+00,-1.880177649027628684e-01,-3.336950562505740514e+00,-4.383747399330862216e+00,4.673361853212897543e+00,7.000000000000000000e+00
2.392911241827447189e+00,8.544206533267550974e-01,1.164839380485227505e+00,2.221195627842708908e-01,-4.213141820314636021e+00,3.000000000000000000e+00
1.367006823649580038e+00,-2.345488407539353393e+00,-9.437233239276571206e-01,3.201536264882009153e+00,3.533621647480778893e+00,5.000000000000000000e+00
-2.909885040792502264e-02,-1.154697467863283311e+00,-4.753735253487243462e+00,-4.005749411723578568e+00,1.730618106879994844e+00,7.000000000000000000e+00
2.850139954545973353e+00,-2.799616825052450242e+00,-5.537992296571087047e-01,1.172482380842513328e+00,3.237196408272173809e+00,6.000000000000000000e+00
-5.842852288531358296e-01,-3.173069243548867768e-01,-3.697718212168256802e+00,-3.967892007928225162e+00,2.679256590958712714e+00,7.000000000000000000e+00
3.910760719597321522e+00,4.032068425053436656e-01,5.318394551307812357e-01,-1.195847525697931957e+00,-2.867970953260706501e+00,8.000000000000000000e+00
2.845365394921722135e+00,-3.309127100025797130e+00,6.830104604294309767e-02,2.038953567878082129e+00,3.563000734987981311e+00,6.000000000000000000e+00
-5.122202306338926592e-01,1.941258977844604106e+00,-4.633367789424326588e+00,-5.093653747166169588e+00,2.382306567448983170e+00,7.000000000000000000e+00
-1.821659302915163980e+00,-2.618797837677223905e-02,-5.018111490692662713e+00,-5.433803605161204864e+00,2.238955232560357445e+00,7.000000000000000000e+00
-3.322784046986684836e-02,-6.302178018821779082e-01,-4.361646736157886117e+00,-4.224420164013030998e+00,3.863212421000343788e+00,7.000000000000000000e+00
-1.136943183277559388e+00,1.926094878780625907e-01,-4.767997141964891661e+00,-4.588747476807112591e+00,1.840654376618856336e+00,7.000000000000000000e+00
2.444479957002052561e+00,-2.730833456228829004e+00,-1.194077203378854035e+00,8.727136977365808068e-01,3.603366242973650824e+00,6.000000000000000000e+00
2.109669703958482856e+00,-4.805289088872393699e-01,2.466282870189960286e-01,-7.219268498930267453e-02,-5.351567570013604502e+00,3.000000000000000000e+00
9.091364130172471247e-01,-3.123000329499225902e+00,1.761137335858889097e+00,-1.405404563434852649e+00,-1.817274817393941255e+00,0.000000000000000000e+00
3.779180224710297242e+00,-2.600111143996314933e+00,-1.757183300519485014e+00,4.477229013710063432e-01,3.689279396994550542e+00,6.000000000000000000e+00
-6.206821346975910370e-01,-5.940930104726050986e-01,2.564274796029156089e+00,-1.610062734161253006e+00,-2.705407705656828199e-01,0.000000000000000000e+00
-3.030095662198690754e+00,-1.740954679850973408e-01,-6.693637022987772411e+00,-4.280116523320336874e+00,-3.259224286026219386e-01,2.000000000000000000e+00
5.211958456918986959e-01,-3.107649996805430082e+00,2.209468000708658120e-01,-2.732188200248146792e+00,-8.096617237007638357e-01,0.000000000000000000e+00
4.606548612368378315e+00,-6.930693562519297801e-01,2.087267355639772504e+00,5.362610327456878156e-01,-2.904241833492326563e+00,8.000000000000000000e+00
1.437377884103384351e-02,-3.534080731730667058e+00,2.358707572150486431e+00,-6.420636224051050611e-01,-2.311124542688044736e-01,0.000000000000000000e+00
-1.521892337011939711e+00,-8.791605524061036903e-01,-2.596800311301262543e+00,-3.341528614207062375e+00,3.631171227860111816e+00,7.000000000000000000e+00
-1.497577111129642979e+00,-4.495456906144771336e-01,-3.479275499152731044e+00,-3.632438668168779028e+00,2.989017551765254410e+00,7.000000000000000000e+00
-1.356323880157895845e+00,1.358338179917799871e-01,-3.442121022492186544e+00,-4.062877778879884438e+00,2.674733680889954002e+00,7.000000000000000000e+00
4.375209389478395217e+00,-1.252740621096290807e+00,4.730148072261073366e+00,2.769448913997289541e+00,-1.408511935678385729e+00,8.000000000000000000e+00
-1.202486550352458883e+00,-3.928596277776162382e-01,-2.785215500468587901e+00,-3.446803147504268861e+00,3.568325560114786299e+00,7.000000000000000000e+00
2.211315024336785839e+00,-2.660028106682740479e+00,1.356084028358767735e-01,1.646685022471638948e+00,3.307710281478199121e+00,6.000000000000000000e+00
-2.296255428120318687e+00,2.359083069608687022e-01,-1.759590231324557497e+00,-2.865231884545873076e+00,3.582142132814873925e+00,7.000000000000000000e+00
-1.415551916162653745e+00,-2.128799147905756362e-02,-5.266510653348346338e+00,-5.207976161996695552e+00,7.855078476288949174e-01,7.000000000000000000e+00
2.761258366785240614e+00,-2.818790404794953908e+00,3.909137565117506430e-01,1.950379656028746300e+00,3.250654879796854413e+00,6.000000000000000000e+00
2.110552307238089842e+00,-8.065585422911413227e-01,-3.227004526005272655e+00,1.351263707829379879e+00,2.098311391264993109e+00,5.000000000000000000e+00
-1.045039478467420180e+00,-2.292769238239608931e-01,-1.588888875525169553e+00,-2.522047213138188582e+00,3.615934513844067055e+00,7.000000000000000000e+00
-1.972646029779125953e+00,-2.505196957156181070e-01,-2.084183864937528607e+00,-3.022427800597828895e+00,3.278530731794028874e+00,7.000000000000000000e+00
7.622412497939752285e-01,-9.960089085137258103e-01,-1.819579314880007459e+00,1.866212542708551414e+00,3.195251212846432320e+00,5.000000000000000000e+00
-9.417026990957425014e-02,-2.238926763626090999e+00,-3.582412848625349699e+00,-3.184166669638090585e+00,3.337866510599388548e+00,7.000000000000000000e+00
2.306692092244268633e+00,1.632454285777426850e-01,-2.289007064112606182e-01,-5.851755335611021902e-01,-4.955858614726687428e+00,3.000000000000000000e+00
-7.839547244289246652e-01,-1.515449452212663806e+00,-2.753392171053409943e+00,-2.944010767751203961e+00,3.179298250204900089e+00,7.000000000000000000e+00
-1.444568341693873936e+00,3.999389757164361070e-01,-3.182589979045406192e+00,-3.626224437158072078e+00,1.599420376590296788e+00,7.000000000000000000e+00
1.125096339847884375e+00,-3.891145765169647497e+00,1.358472844908324428e-01,-2.138538112934255331e+00,-1.408442834249581610e+00,0.000000000000000000e+00
3.368531041270652171e+00,-2.445863263437193513e+00,-2.555136334299906054e+00,-4.044111723459880570e-01,2.422383908881681869e+00,6.000000000000000000e+00
2.044997722356812098e+00,8.148424705949943725e-01,-3.965562874294760731e-01,-1.164235318010521159e+00,-4.073504271018488332e+00,3.000000000000000000e+00
-2.017671163402231738e+00,-2.409824245349296845e-01,-3.340088013367533026e+00,-3.560454490162255237e+00,6.140375365918128159e-01,7.000000000000000000e+00
6.893094612087874440e-01,-3.955388170805319792e+00,1.822531341612613875e+00,-1.428505510157934699e+00,7.195087190971601043e-02,0.000000000000000000e+00
1.096254896231426912e+00,-1.853398375001990894e+00,-4.222295143423758779e-01,-3.644603420772682512e+00,1.349949027197491214e-01,0.000000000000000000e+00
-3.475980163406702239e-01,-1.721933979858942809e+00,1.635454182570286852e+00,-2.431243091315223204e+00,-8.439058394723875089e-02,0.000000000000000000e+00
-1.257612797353457879e+00,2.921980434466369680e-01,-2.745276072403803447e+00,-3.146269653392718357e+00,1.497628917015395356e+00,7.000000000000000000e+00
1.909017369362954852e+00,8.865947980700511488e-01,-5.092330322634340822e-01,-1.361772272679724116e+00,-3.783458080487287045e+00,3.000000000000000000e+00
-1.856270376612284778e+00,5.195256743959249413e+00,6.193776061618888606e-04,-3.193225520438462528e+00,2.261258280739574911e+00,1.000000000000000000e+00
6.576183542571133467e-01,2.604546949604221950e+00,1.188184975269032939e-01,5.225866106976948977e+00,-6.369470648414572445e+00,9.000000000000000000e+00
-1.671361015173110864e+00,-1.110103200234894283e+00,-2.713984376951316779e+00,-3.384477959783034784e+00,3.568404049351062923e+00,7.000000000000000000e+00
-9.205505747768564229e-01,-1.503064203713757374e+00,-6.190786237459511732e+00,-5.473641939359048081e+00,1.604065115734680358e+00,7.000000000000000000e+00
8.296706037765892994e-01,-3.251883625330342031e+00,1.573303942771128172e+00,-7.414366190934946754e-01,-2.009878836309836991e+00,0.000000000000000000e+00
-7.045737795612272425e-01,-4.519645254109310173e-01,-2.830704540207505726e+00,-3.340438699731876682e+00,3.731368240958669702e+00,7.000000000000000000e+00
5.464728843109700751e-01,-3.506982252622278029e+00,1.233665303318560280e+00,-1.539885279769716009e+00,-2.573721774935715523e+00,0.000000000000000000e+00
3.891987462438245005e-01,-2.165238396007997057e+00,-4.490259587211496317e+00,-3.394409728161277506e+00,6.075294974835950823e-01,7.000000000000000000e+00
-1.162991768132993098e+00,-9.565594611955505200e-02,-3.392247913616192267e+00,-3.757097950323200486e+00,2.006718080877487598e+00,7.000000000000000000e+00
4.587563469325015575e-01,-7.760113573711997503e-01,-6.734378451726088066e+00,-5.430603443196523550e+00,9.340421895850381517e-01,7.000000000000000000e+00
-2.708396007196514521e+00,-1.065292075361595092e+00,3.438206176740681297e+00,7.663790679311167642e-01,-4.649540733017459182e+00,4.000000000000000000e+00
9.545573289776247972e-01,3.575249293600345712e+00,4.315243466883176282e-01,5.510924263697802417e+00,-7.552929270988344435e+00,9.000000000000000000e+00
8.847741726836370058e-01,-1.241437312595287251e-01,2.084506782111831491e+00,9.657166436262618614e-01,-4.379597576258966285e+00,3.000000000000000000e+00
-5.841282725084573357e-01,-1.244544066599928778e+00,-3.779540055861366099e+00,-3.743724494798464697e+00,2.891343566849472246e+00,7.000000000000000000e+00
-9.020478029394082276e-01,-9.550865355005144774e-01,-5.665131525201076101e+00,-4.964742916944900664e+00,1.050271569991711784e+00,7.000000000000000000e+00
-1.942877901891877146e+00,5.359155126268668745e+00,-1.668317405034823175e-01,-3.098791873199303382e+00,1.684195272143956146e+00,1.000000000000000000e+00
9.828716220993266584e-01,-3.891368259124226014e+00,1.394955583508481478e+00,-1.528921997551986323e+00,8.089939984089662417e-01,0.000000000000000000e+00
-2.204880553730527826e+00,-1.945026069000792002e-01,-3.422881135327811020e+00,-3.977157398315633863e+00,3.146431635551029338e+00,7.000000000000000000e+00
3.415972431244910235e-01,-3.669426255730814823e+00,1.816702940750515083e+00,-9.962112046585542835e-01,-6.485019634096790275e-01,0.000000000000000000e+00
-9.000651401848078770e-01,-1.078216071301294043e+00,-1.792068775295279970e+00,-1.999108355572285056e+00,3.336616742336517838e+00,7.000000000000000000e+00
5.592902950301434917e-01,-4.277756838948040041e+00,7.337374512003786986e-01,-1.922244234732222612e+00,-2.276482676266100014e-01,0.000000000000000000e+00
5.036900159995583159e-02,-3.059030521000226877e+00,1.572596340546568383e+00,-1.554974676590183735e+00,-9.480817511400584374e-01,0.000000000000000000e+00
-1.677352805625833554e+00,-9.143038879055038759e-01,-1.624686252637061123e+00,-2.214726221419944352e+00,2.788985403877641822e+00,7.000000000000000000e+00
-3.390168547192451420e+00,6.194413010547265230e+00,2.653768320990533613e+00,-1.606564424263899893e+00,3.188923536442106244e+00,1.000000000000000000e+00
1.935696676221222434e+00,-1.776121854126726518e+00,4.212237378537638244e-01,1.895498525624548014e+00,3.077050008771113898e+00,6.000000000000000000e+00
3.026194074209951346e+00,-3.306510354964334875e-01,6.744086097283724657e-01,1.438693601780409170e-01,-3.423778257305019945e+00,3.000000000000000000e+00
2.126410576664321095e+00,-2.660043389221682375e+00,-1.325685740050096539e+00,-3.351542531552188287e+00,-1.970170398401376533e+00,0.000000000000000000e+00
7.643555185719820289e-01,-4.468259135551988948e+00,1.877337571992194087e+00,-7.898863745853987872e-01,-4.707904730292535866e-01,0.000000000000000000e+00
-1.314049770538396444e+00,-3.086113749746655088e+00,2.405990475070011403e+00,-1.704915621617459243e+00,-5.212593799501196168e-01,0.000000000000000000e+00
1.017565156484660838e+00,-9.731049759246553910e-01,-3.151428615273061951e+00,1.073860417622093832e+00,2.038489544213108129e+00,5.000000000000000000e+00
-2.298567998264185785e+00,9.469796977107580727e-01,-3.386857774364572027e+00,-4.552193114898782866e+00,3.294096710294428298e+00,7.000000000000000000e+00
-1.573594214718221085e-01,-9.411263188019188819e-01,-3.967679343558939475e+00,-3.989963811003843119e+00,3.018214653733195529e+00,7.000000000000000000e+00
-2.222768087257588565e+00,5.380889865300307662e+00,5.715838967365965972e-01,-3.207402996145234830e+00,3.956598833983623997e+00,1.000000000000000000e+00
-1.890300499810638302e+00,-1.574502319918521742e+00,2.027078350444795340e+00,2.445472183097188168e-01,-5.795579499107645027e+00,4.000000000000000000e+00
-1.994248124718792203e+00,-8.174713330475991135e-01,-3.572802153248382684e+00,-4.088046205861735061e+00,2.596229450793747340e+00,7.000000000000000000e+00
-1.908584798387165549e+00,-4.446938803365125398e-03,-5.036585842679436098e+00,-4.935594778848098052e+00,1.131614144501837060e+00,7.000000000000000000e+00
7.332199620026351727e-01,-4.058035305822833116e+00,1.194096840587439257e+00,-2.097000680231023484e+00,9.284769802803068961e-01,0.000000000000000000e+00
3.368055735611894974e+00,-2.878225850456032742e+00,-1.314077074703727366e+00,1.017166157173598151e+00,1.168044748698901847e+00,6.000000000000000000e+00
-1.446184394878960777e+00,3.848992789844358775e-01,-2.715966955403541938e+00,-3.476132978780476890e+00,3.200953487206672499e+00,7.000000000000000000e+00
7.618982540089747069e-01,-2.962523067548875844e+00,7.542331225347296275e-01,-2.004472083407343952e+00,-5.951829674209447862e-01,0.000000000000000000e+00
2.905527691048876093e+00,-2.905364138524743733e+00,-1.733192756860631789e+00,-8.822932707932838736e-02,4.038120256127601060e+00,6.000000000000000000e+00
2.407857877032017480e-01,1.538820318692338263e-01,-6.991339650419599039e+00,-6.226742262347483958e+00,-1.380039869697930743e-01,7.000000000000000000e+00
1.816897785741991234e+00,-4.388875974285331161e+00,7.711788426588607193e-01,-1.632156245643900050e+00,-3.130608448661290066e-01,0.000000000000000000e+00
2.284443555531761594e-01,6.861095041829599894e-02,-5.030768520423762880e+00,-4.511871398424766255e+00,3.388980422886861410e-01,7.000000000000000000e+00
1.592086862164140859e+00,-5.413574621118948826e+00,1.208358596004742491e+00,-2.343648848386520323e-01,-3.484298744064884712e+00,0.000000000000000000e+00
5.795306337633114868e-01,-5.249911151906455409e+00,1.027897294479727108e+00,-1.471236688702566076e+00,-4.887155728621925821e-01,0.000000000000000000e+00
1.050026129979496847e+00,1.730146135037940569e+00,-6.137831792395829211e-01,-1.611508974229530766e+00,-4.952821967042086548e+00,3.000000000000000000e+00
2.496352528888820643e+00,-6.667248069860072235e-01,-4.035940156544818080e+00,6.280174882850020346e-01,2.381154275319862901e+00,5.000000000000000000e+00
3.911690922667879988e+00,-1.205774275950856067e+00,3.107242774374936456e+00,1.647767885338822236e+00,-2.515465912670764581e+00,8.000000000000000000e+00
2.834310633201457374e+00,-1.750762863570965111e+00,1.745038869887235999e-01,3.130232769140092186e-01,-4.421978302191940990e+00,3.000000000000000000e+00
-1.047986059106535695e-01,-3.891931091790822084e+00,-6.142667673653812166e-01,-2.737252471581615776e+00,-3.123332634497710369e+00,0.000000000000000000e+00
1.720205355145912884e+00,-2.648146732378789281e+00,-9.147560640522675035e-01,7.987681826299601884e-01,2.769286066581941874e+00,6.000000000000000000e+00
1.716173472183529558e+00,5.659388337555830706e-01,-5.446756904308516778e-02,-6.158885617802566381e-01,-4.438049905439651610e+00,3.000000000000000000e+00
-2.839737583036956003e+00,-9.286765964131901141e-01,-4.164105782697666847e+00,-4.757376176420788916e+00,3.456756075825942798e+00,7.000000000000000000e+00
6.407144027113614859e-01,-8.271771980391479095e-01,-4.385837368145936388e+00,-3.664532200685715502e+00,1.871831929437330899e+00,7.000000000000000000e+00
1.010372386757782515e+00,1.329526467574413839e+00,1.196939359377151124e+00,-1.910723266318746227e-01,-3.753051408776515441e+00,3.000000000000000000e+00
5.323089791858275355e-01,-6.299946584401854288e-01,-5.960914023443934617e+00,-4.781705191230885887e+00,5.294566408949639147e-01,7.000000000000000000e+00
3.829026414557564539e+00,-2.615395200302835232e-01,-3.411107981079803508e+00,-2.845456206670565091e+00,-5.005442421317553681e+00,3.000000000000000000e+00
4.429709881437660091e-01,-1.851326471831406417e+00,1.904204163169727904e-01,-2.446107304282808759e+00,-2.526868357632003459e+00,0.000000000000000000e+00
-2.012763776154897766e+00,-1.676791896590414277e+00,-1.723271647019720687e+00,-1.873344073180327918e+00,2.544031912879494151e+00,7.000000000000000000e+00
4.995551295591435625e+00,-9.408147057191460494e-01,1.966758438263598530e+00,4.943391585628797991e-01,-1.910075671294247490e+00,8.000000000000000000e+00
2.486638522795499462e+00,6.763011288787502684e-01,-1.324689850528385282e+00,-1.851935932158254916e+00,-3.629037128746701590e+00,3.000000000000000000e+00
-9.085563565351381099e-01,-4.489393588594394191e-01,-2.831872183537705645e+00,-2.853780825229975449e+00,1.109880102094396026e+00,7.000000000000000000e+00
4.664471783062503540e+00,-2.200917541979341863e+00,3.099978978107688299e+00,1.848251534500535698e+00,-2.039857714536395861e+00,8.000000000000000000e+00
2.247770900455296594e+00,-7.689931081542994429e-02,-1.206908430728031556e+00,-1.645902877827095212e+00,-3.602617293535318677e+00,3.000000000000000000e+00
1.333586773243006007e+00,4.048150854920072206e+00,-1.908311836862357058e+00,3.943184014321191366e+00,-1.046227408024027383e+01,9.000000000000000000e+00
1.298097317056262356e-01,-8.181830011597484020e-01,2.368417975479975845e-01,2.876731452870825656e+00,5.527615712309277285e+00,5.000000000000000000e+00
-2.240949281558171524e+00,-9.950932853909044695e-01,-1.868788635100117279e+00,-2.453358044037346808e+00,3.463932844880110107e+00,7.000000000000000000e+00
3.227355491298739221e+00,-3.454691355768013117e-01,-3.839480608889941360e-01,-2.400636678579686489e-01,-6.120539137415390130e+00,3.000000000000000000e+00
-1.813570940112305241e+00,-9.840727152695669666e-01,-3.805596119757884921e+00,-3.783608955233023874e+00,1.133242475887336731e+00,7.000000000000000000e+00
-1.201991286891876065e+00,-9.099431396930054983e-02,-3.785941703331064723e+00,-4.050075053239889478e+00,2.003723909542046488e+00,7.000000000000000000e+00
-1.221514524684740755e+00,-1.154838746690451723e+00,-3.513534230368918543e+00,-3.188366164961397242e+00,1.265147292120489819e+00,7.000000000000000000e+00
-2.709179209437065916e-01,-3.533292161023914524e+00,2.608730922764610494e+00,-7.390475143972581318e-01,-6.503484716041881830e-01,0.000000000000000000e+00
-7.135390702311600331e-02,-1.851777884802033647e+00,-3.790909881113431190e+00,-2.963641285830336702e+00,7.494463365964807444e-01,7.000000000000000000e+00
-3.062441845873820512e+00,4.167547114992292689e-01,-6.319417891949266952e+00,-4.148248319973157017e+00,9.106285892551073680e-01,2.000000000000000000e+00
-1.211900000591341842e+00,1.335062264358443107e-01,-4.669598314207087597e+00,-4.921920553845518853e+00,2.066409543320546494e+00,7.000000000000000000e+00
-1.509483968978648116e+00,5.167892112615002809e+00,-1.171124309350527470e+00,-3.520089187121584917e+00,1.083212970874618319e+00,1.000000000000000000e+00
-1.549267468844638840e+00,5.380602405050125547e+00,-3.124155637656052531e-01,-3.061336667182512183e+00,1.753729100730466062e+00,1.000000000000000000e+00
-1.859767929089191307e+00,3.964112157698486349e+00,3.677980502036817811e-02,-2.937323056236488483e+00,3.289176767040145943e+00,1.000000000000000000e+00
-1.469375024192815182e+00,-5.030962049857982121e-01,-3.457499188534475909e+00,-3.532028395929711628e+00,1.881735360540629953e+00,7.000000000000000000e+00
-2.120945075484300391e-01,-2.775214600421176847e+00,3.507280163460286260e-01,-2.541575773164046481e+00,-1.743984097653465071e+00,0.000000000000000000e+00
-6.669003918139648768e-01,-7.432897932032397348e-01,-3.682466660998845676e+00,-3.626875341865205549e+00,1.583802976900411608e+00,7.000000000000000000e+00
-1.421286839557127646e+00,-1.097025977232589877e+00,2.203895124214333201e+00,-2.173252873325690615e+00,-2.160433245279657632e-01,0.000000000000000000e+00
5.353902753145116655e+00,-7.189690832083917016e-01,1.267588481619633223e+00,3.610501126333742206e-01,-3.328630263749847717e+00,8.000000000000000000e+00
-6.588753040017514273e-01,3.556028184294892092e-01,-5.858412803249129830e+00,-5.738841007809655004e+00,1.773521000781631329e+00,7.000000000000000000e+00
1.464109692904159488e+00,-1.462612259596142827e+00,-3.805174753911166885e+00,9.394147759076955095e-01,1.360374326669740563e+00,5.000000000000000000e+00
4.494325071997568033e-01,-4.154389427634455068e+00,1.367115660081807293e+00,-1.149970093730157350e+00,-1.342560663563322931e+00,0.000000000000000000e+00
-2.019877853654160393e+00,1.868655396655029555e-01,-2.896101437329839712e+00,-3.428210938216649240e+00,1.888858678387911549e+00,7.000000000000000000e+00
2.479180869030547463e+00,6.498972876819905098e-01,1.576243749669097305e+00,3.069930284771946738e-01,-3.782333759994675138e+00,3.000000000000000000e+00
-3.017292897962535747e-01,-7.512571393637296202e-01,-4.842008215230676704e+00,-4.552236643866755195e+00,1.834331334113006085e+00,7.000000000000000000e+00
3.374099746618164364e+00,-4.085050551676586039e+00,-3.699920798177206566e-02,2.137483672042294280e+00,3.888789560568246984e+00,6.000000000000000000e+00
1.547995537103826535e+00,2.700346051708531481e-01,4.915648492802960901e-01,-2.536622122695517123e-01,-4.958335985379977551e+00,3.000000000000000000e+00
-2.169972313903499650e+00,-1.064537300941612141e+00,-9.584669281879271141e-01,-2.441391479465972125e+00,4.989797277887128679e+00,7.000000000000000000e+00
-1.671606669818214597e+00,-5.918582142177770677e-01,-4.275326307001530601e+00,-4.307481691725596029e+00,2.201244782727109772e+00,7.000000000000000000e+00
2.458977032665843332e+00,-2.009447135465522116e+00,9.970680574203413249e-01,2.253108701890095489e+00,2.439070698271155191e+00,6.000000000000000000e+00
-2.660839119597065497e-02,-1.252018963026071630e+00,-5.009660974677852430e+00,-4.283191756973224962e+00,2.004806915126150724e+00,7.000000000000000000e+00
-1.412996185172650021e+00,-3.747768168358932561e-01,-3.760536883828459853e+00,-4.278234731112736000e+00,2.472928333552840918e+00,7.000000000000000000e+00
4.375673489521054726e+00,3.423285130084718353e-01,1.875335908498939386e+00,2.420775993944007665e-01,-2.103339862546863781e+00,8.000000000000000000e+00
1.822239151600238305e+00,-3.973937854386636381e+00,5.670777866858468519e-01,-1.975220593130291524e+00,-8.867273282355530029e-01,0.000000000000000000e+00
2.935178945971230302e+00,-2.260913961911977577e+00,-3.509333865091165960e-01,1.402848348381943611e+00,3.122815046249447946e+00,6.000000000000000000e+00
2.644612158607079433e+00,-1.942798871882811751e+00,-3.209714131246906188e+00,-8.913095263639820853e-01,2.727234158446057766e+00,6.000000000000000000e+00
-2.785408667786629433e+00,-4.957647346790463039e-01,-2.481750838091141276e+00,-3.296868867504051615e+00,3.203746694907431802e+00,7.000000000000000000e+00
-5.925374642273005810e-01,-7.308016973533106864e-01,-4.183677522112987823e+00,-3.665158926680851081e+00,1.711895215525488068e+00,7.000000000000000000e+00
-3.000232371901099260e+00,-9.608011028634195760e-01,-2.357498580902007479e+00,-3.017244957298345742e+00,2.271910113226561112e+00,7.000000000000000000e+00
5.625792100407502883e-01,-1.391442249097385453e+00,-2.681075605168067977e+00,1.399629221231043052e+00,2.250910519563044332e+00,5.000000000000000000e+00
4.357545016917240943e+00,-4.373529884109614296e-02,9.627921084123848283e-01,-6.440188509712471143e-01,-1.987667915091926529e+00,8.000000000000000000e+00
-4.719813293785049879e+00,1.127271822145114788e+00,-7.518219493030671607e+00,-5.152101263543329424e+00,-6.155117410993993232e-01,2.000000000000000000e+00
1.291850396087517616e+00,-3.327283819243605834e+00,-1.750986407456920912e-01,-2.319362602508680204e+00,-2.507990498870359186e+00,0.000000000000000000e+00
-1.642890566764603211e+00,-1.500225682935366400e+00,-3.041444093973922236e+00,-3.072377541010120616e+00,2.890281583967178047e+00,7.000000000000000000e+00
6.180650089981813977e-01,-9.756791911727251687e-01,-7.570305130735499599e-01,2.491722552685954106e+00,3.712333512898931431e+00,5.000000000000000000e+00
-1.636998486483120629e+00,5.490142848951166776e+00,-1.445163972791102314e+00,-3.804204671264904913e+00,7.080550303761460329e-01,1.000000000000000000e+00
-1.309323861269463318e+00,1.925752358748173521e+00,-4.578907519940320192e+00,-5.171984411252614322e+00,1.171687689684999034e+00,7.000000000000000000e+00
-2.204495371814826132e+00,7.061244445202109254e+00,1.437703778657735132e+00,-2.115823172343877623e+00,2.613110038421712300e+00,1.000000000000000000e+00
-1.293268131284079914e+00,-1.610422235759978893e+00,-3.160881655266575940e+00,-3.441969739104129289e+00,2.994110683971375586e+00,7.000000000000000000e+00
-9.206603701872426715e-01,-1.277676984245163183e+00,-5.056844446320563513e+00,-4.318175250014999023e+00,4.805084097740326410e-01,7.000000000000000000e+00
-9.428502755844826444e-01,1.780147141424794466e+00,-3.811052131350775252e+00,-4.487888880980461792e+00,2.913506633978120597e+00,7.000000000000000000e+00
-3.984645662204945538e+00,6.622589088925925904e-02,-5.005508507298809917e+00,-3.077684668353365183e+00,5.696885611134493432e-01,2.000000000000000000e+00
7.515494521010134266e-01,-1.168276729640928213e+00,-2.778228155003081845e+00,1.129381010748893965e+00,3.054054830034227397e+00,5.000000000000000000e+00
6.100688273640019199e-01,-3.570919702125370687e+00,1.087452044068347279e+00,-2.232238865358150637e+00,7.640194612802132523e-01,0.000000000000000000e+00
-1.292217503065359541e+00,1.308500096545426802e-03,-4.162436693413473776e+00,-4.865964633449418208e+00,3.667153430397969149e+00,7.000000000000000000e+00
2.153989129920294676e+00,1.727626951556699098e+00,-1.762564549703411920e+00,-2.336279685959264718e+00,-4.834930782008596495e+00,3.000000000000000000e+00
-1.241428058926525857e+00,-1.230896719858086463e+00,-3.595607837036983057e+00,-3.524562264045213222e+00,2.405915355051108762e+00,7.000000000000000000e+00
-1.468421805242522193e+00,-1.383429010646777257e+00,-2.648244206383401078e+00,-3.283241546785006904e+00,4.077537872829406496e+00,7.000000000000000000e+00
-1.958645081085659267e+00,6.046910284729220209e+00,-1.739609444400277871e+00,-4.368800969097528686e+00,5.798343250340279864e-01,1.000000000000000000e+00
-5.962616282455852623e-01,-1.121196218666837829e+00,-4.892324617463038372e+00,-4.678000179836419470e+00,2.220953088384950647e+00,7.000000000000000000e+00
-2.106325180846554623e+00,6.749965659180504618e-01,-3.875350691719754437e+00,-4.592950114567958764e+00,1.474118507039423376e+00,7.000000000000000000e+00
-1.740714359934406152e+00,-5.574652685654719886e-02,-3.546077507173805543e+00,-4.315175520854532820e+00,3.436592958889650440e+00,7.000000000000000000e+00
2.464646709170005501e+00,-3.649826549615188487e+00,-9.428140345008196865e-01,1.203356699605428570e+00,2.474757820630555383e+00,6.000000000000000000e+00
5.134323847440642297e+00,1.149146567153151999e+00,1.797208001235896191e+00,5.182577615529937454e-02,-3.005373661618059966e+00,8.000000000000000000e+00
2.048094089987904987e+00,-4.719126620084974633e+00,-7.532486849611573776e-01,-2.571386157538846362e+00,-1.082031861407149576e+00,0.000000000000000000e+00
-1.400489673477655628e-01,-4.177072506223012738e+00,3.967845041045616750e-01,-2.415950699398692780e+00,1.743961950903986646e-01,0.000000000000000000e+00
1.713826968307205212e-01,-2.876996568958464784e-01,-2.197324563015615961e+00,8.826891498750523146e-01,3.869322358689564645e+00,5.000000000000000000e+00
-4.450253664514490226e-01,-1.183378312182278735e+00,-3.218669132404284206e+00,-3.107587305015786061e+00,3.949905794880788079e+00,7.000000000000000000e+00
2.620457385094343561e+00,4.839452029424970436e-01,2.363899931840277358e+00,2.628476062317907647e-01,-2.210165340138898760e+00,8.000000000000000000e+00
-1.875048445309872358e+00,-1.717781194432572933e+00,-1.868825870869402772e+00,-2.361938362330779917e+00,4.124002935299329486e+00,7.000000000000000000e+00
3.831475985790484096e+00,7.356894446341049054e-01,-3.774224979418673520e+00,-3.354107824728562282e+00,-5.988727079888021443e+00,3.000000000000000000e+00
2.678646486098470891e+00,-3.055923044093642016e+00,-3.741209485307344096e-01,9.929602290016925625e-01,3.922468844716102687e+00,6.000000000000000000e+00
-3.248883370043535113e+00,-6.827340306858503682e-01,-3.021010597856781388e+00,-3.558457734626638835e+00,2.578980796705247158e+00,7.000000000000000000e+00
-1.786691795467090005e+00,1.398808764968233032e+00,-4.192880874778923683e+00,-4.187888365424062620e+00,8.350635073086535298e-01,7.000000000000000000e+00
1.502769946733203410e+00,-9.425773932916392539e-01,-3.411380016225601608e+00,5.142292760207420876e-01,3.303588684718756774e+00,5.000000000000000000e+00
-1.791789083096212432e+00,-1.934097150508762075e+00,-2.665473710190633394e+00,-2.874531515537675830e+00,2.594904034331974696e+00,7.000000000000000000e+00
3.664944145820066890e+00,-5.107574407982922171e-01,4.165555667067736501e+00,2.132129968111347029e+00,-1.762247047399117417e+00,8.000000000000000000e+00
2.621283993162127679e+00,-2.286697764976700409e+00,-5.778235971720855346e-01,1.469376687020626848e+00,2.199041107271981321e+00,6.000000000000000000e+00
-2.931182108171589196e+00,-1.689027106691304736e+00,4.693257576655864405e+00,1.912623866707992004e+00,-3.512666014369877576e+00,4.000000000000000000e+00
-2.939860807868520443e+00,4.926483029198903685e-01,-1.700869584494563158e+00,-3.017101558420209884e+00,2.852445627279549090e+00,7.000000000000000000e+00
1.468248880452394767e+00,5.742705392541349596e-01,8.632800502772656204e-01,2.712762206540670906e-01,-6.087234800179536442e+00,3.000000000000000000e+00
1.853579790729226850e+00,-5.677266029551955029e-01,-2.570082790862756816e+00,1.300903572101822059e+00,3.265299667334773837e+00,5.000000000000000000e+00
-2.325498473662521715e+00,-1.098455344165244263e+00,-2.278824924100311122e+00,-2.813914661089046199e+00,3.142804245801216201e+00,7.000000000000000000e+00
-3.178600859455650074e+00,3.839012235242738602e-01,-9.404152138832329033e-01,-2.933154149909142028e+00,5.331870625537768582e+00,7.000000000000000000e+00
-1.682858525774188596e+00,-3.467069554243185636e-01,-3.600851145542617093e+00,-4.244042174824812719e+00,3.176757037599180045e+00,7.000000000000000000e+00
2.380163237213339111e-01,-1.326718759786244678e-02,-5.035092512609784521e+00,-5.019497674175791957e+00,2.369184318736826889e+00,7.000000000000000000e+00
-4.401013860949525736e+00,-3.562759036972299453e-01,-5.267435059654015816e+00,-3.630940523510157281e+00,1.544460383306315077e+00,2.000000000000000000e+00
-1.306169138176154876e+00,-3.088597555745605128e+00,3.038821007337499491e+00,-1.001338026279606552e+00,-2.902022035303278846e-01,0.000000000000000000e+00
2.517782693742156130e+00,8.254113047288920146e-01,-8.834668275891220945e-01,-1.151485310992375499e+00,-4.667081973288915719e+00,3.000000000000000000e+00
-9.864810671249435448e-02,2.312367784750981037e-01,-3.963875812847665436e+00,-3.871759269516782620e+00,1.896996926450726706e+00,7.000000000000000000e+00
1.346372633838257782e+00,-1.617006689683621934e+00,1.668420601269352682e-02,1.274326905674776578e+00,2.846775925981354760e+00,6.000000000000000000e+00
-3.794153523245799686e+00,1.040131172316604458e+00,-6.069432695191964378e+00,-3.976222301736041409e+00,-6.443499090105124782e-01,2.000000000000000000e+00
-2.218106383340369803e+00,4.495563892654659555e-02,-2.506807658989278043e+00,-3.236754871760888719e+00,2.852231177058666134e+00,7.000000000000000000e+00
3.821552709471587317e-01,-5.173627725278413525e-01,-1.700863502372811642e-01,-3.656076430818288259e+00,-1.703579794006103931e+00,0.000000000000000000e+00
-2.636959655904535182e+00,-7.373932231113250468e-01,-1.181023632001764856e+00,-2.070365916840549936e+00,3.939716773326352950e+00,7.000000000000000000e+00
-1.852822389723519425e+00,-2.163169170803982411e+00,-3.147672837613444852e+00,-3.129684372420800997e+00,3.530504350829727134e+00,7.000000000000000000e+00
1.456975216682321883e-01,-7.010961930652138963e-02,-4.248096526463526423e+00,-4.193470944979383219e+00,2.641685546620809344e+00,7.000000000000000000e+00
8.616646301674532049e-01,-3.460601176604813034e+00,-1.518859466617529519e-02,-2.334084060421012019e+00,-1.015429775476446528e+00,0.000000000000000000e+00
3.231049997827595277e+00,-2.416356003991640300e+00,-2.156410291549252900e+00,3.701742091552767122e-01,8.517924741774227648e-01,6.000000000000000000e+00
-1.130614019241742652e+00,5.789456880421958829e+00,-6.354546937654735883e-01,-3.999353329114107680e+00,3.611728150083158173e+00,1.000000000000000000e+00
3.997096164375343097e+00,-1.679893000697461947e+00,-2.509742034270842304e+00,1.706375117798733243e-01,1.262752494323668984e+00,6.000000000000000000e+00
2.826078324078699744e+00,-2.207246001362183907e-01,-1.632347532134504009e+00,-1.420207006166303243e+00,-5.554239844812297378e+00,3.000000000000000000e+00
-2.522855572220829679e+00,8.171562683968471852e-01,-5.078331615741383587e+00,-5.743688642160946323e+00,1.816626398681348897e+00,7.000000000000000000e+00
-2.586630706341585206e+00,3.982682916145259822e-01,-1.864935535558330582e+00,-3.001756335315927338e+00,2.754773626720495638e+00,7.000000000000000000e+00
3.046561148310269918e+00,-8.692008357863894030e-01,5.533451408131317972e-01,4.702232991393454076e-01,-4.522497013852582626e+00,3.000000000000000000e+00
2.929040335990143351e+00,-2.691302117459310139e+00,-8.071008998347504182e-01,1.006737155161756769e+00,3.647754773058754729e+00,6.000000000000000000e+00
1.498158936028392008e+00,-2.376623353657045357e+00,-5.928269722603545233e-01,1.359939278068949653e+00,1.545938216825225586e+00,6.000000000000000000e+00
-1.189113319479466080e+00,5.365680656739836962e+00,-5.260957554169597428e-01,-3.684609438288634298e+00,3.273039060759747709e+00,1.000000000000000000e+00
2.249802708652061778e+00,-2.993486097240249943e+00,1.916262215328190799e-01,1.987187496443798551e+00,2.364647902868784790e+00,6.000000000000000000e+00
-1.952876306191458911e-01,3.891904656976297172e+00,1.227494332278963096e+00,-1.457717899998078215e+00,3.772306702465416439e+00,1.000000000000000000e+00
-1.754625484612993169e+00,-6.667367817910863081e-01,-2.923923973858688075e-01,-1.325800594578065983e+00,3.423743375260005273e+00,7.000000000000000000e+00
-6.058648441484394409e-01,-1.889891607807426155e+00,-2.915448487885424100e+00,-2.683343896261111361e+00,2.757968350124996082e+00,7.000000000000000000e+00
-1.678175230182747946e-01,-2.844579524120037561e+00,-2.407849803145563072e-01,-3.520611751783433441e+00,-5.089458129028774369e-01,0.000000000000000000e+00
4.275455832308736603e-01,-2.042723220365838532e+00,-4.764048758395879268e+00,-3.077219173682156583e+00,-2.588301997137849864e-02,7.000000000000000000e+00
-2.069809900165884287e+00,-6.114165234355941614e-01,-2.111963984753974621e+00,-3.062205948736117289e+00,4.284893003699534297e+00,7.000000000000000000e+00
-5.954799009694513590e-01,-2.932192074312104602e+00,1.979707432951786084e+00,-1.880931062575491808e+00,2.163020109026308202e-01,0.000000000000000000e+00
-2.119669123096294683e-01,-4.460399481238936509e-02,-1.611285016828085004e+00,1.218327899895456312e+00,4.475396707843520616e+00,5.000000000000000000e+00
-3.537161647879698112e+00,2.427733124851418622e-01,-3.451017416192670328e+00,-4.517267384104110661e+00,3.032955421829583109e+00,7.000000000000000000e+00
3.429919734821624822e+00,-3.770148468686050691e+00,2.107179989048992286e-01,2.475520727132678012e+00,2.731656222706961401e+00,6.000000000000000000e+00
1.503193805218538959e+00,4.592183941401586367e+00,6.765726310397860432e-01,5.149999068923214907e+00,-7.315967174317424160e+00,9.000000000000000000e+00
-3.949251211340194079e+00,-2.672536458146236082e+00,5.928402983269803528e+00,3.103642331072482996e+00,-4.805143933263458678e+00,4.000000000000000000e+00
-6.472405186919989450e-01,-3.868834449519723329e+00,3.723805299069453678e-01,-2.469469351777426880e+00,-8.972593210880480674e-01,0.000000000000000000e+00
2.770503743234519423e+00,-2.852063559495039868e+00,6.097165641826649551e-01,2.414995066536169688e+00,3.553166186808573546e+00,6.000000000000000000e+00
9.599811529041191172e-01,-1.407197836563866433e+00,-2.279771529341558800e+00,1.426149448953052179e+00,4.042615716643343404e+00,5.000000000000000000e+00
-4.600115686775639645e+00,1.752190434109036632e+00,-6.532941915445960035e+00,-5.084155313776846263e+00,1.250344043248432513e+00,2.000000000000000000e+00
3.709029302075181000e+00,-2.988405698985282744e+00,-1.934514715465892154e+00,6.100322067529033720e-01,1.966560043028017235e+00,6.000000000000000000e+00
1.921656515869015758e+00,-3.919006353674851617e+00,-3.272027552970713793e-01,-2.466168796835395138e+00,-1.457746187558309536e+00,0.000000000000000000e+00
1.710134982377632173e+00,-1.974881263807374054e+00,2.020104571472458588e-01,1.556959026899605636e+00,2.582584165160690226e+00,6.000000000000000000e+00
-1.801041083552353816e+00,-7.903304620510112066e-01,-2.980345164789609314e+00,-3.428598649235732321e+00,2.181176021426628253e+00,7.000000000000000000e+00
-1.334269760464763532e+00,-3.054890609414902425e+00,2.461546356358111920e-01,-3.168752288370009662e+00,-9.420067647521932486e-01,0.000000000000000000e+00
-1.053659011245179355e+00,-6.831945857518373355e-01,-3.457938220115212680e+00,-3.590033032856551287e+00,1.355166789270606964e+00,7.000000000000000000e+00
-2.326137831725703098e+00,-4.533708684940291889e-01,-2.880041226015237488e+00,-3.576887233913472741e+00,1.986648598269646460e+00,7.000000000000000000e+00
-1.991047762388617137e+00,-7.396169493211681711e-01,-1.969614182743843589e+00,-2.652439865821686560e+00,2.762308088763377079e+00,7.000000000000000000e+00
-4.191714540524587446e-02,-1.448862091845519062e+00,-3.060879559679027029e+00,-2.965435137183078496e+00,2.262977745966347598e+00,7.000000000000000000e+00
-1.342512215652857277e+00,-9.958841387269917744e-01,-2.245719602054933706e+00,-2.655519221202051305e+00,2.628424889892297056e+00,7.000000000000000000e+00
-9.394004585499046156e-01,-6.015442241655416522e-01,-1.551222319291317264e+00,-2.380557885402054819e+00,3.084365486173762605e+00,7.000000000000000000e+00
-1.439457205262537620e+00,-3.526020790479462708e-01,-3.060343911247025428e+00,-3.422631822430641790e+00,2.123304110149446977e+00,7.000000000000000000e+00
2.667244770538215182e+00,-2.524071532948096941e+00,6.222748944217285638e-01,2.214479813593695390e+00,3.771439291556558882e+00,6.000000000000000000e+00
-4.249949096055381403e+00,-2.018027417129107715e+00,3.870427383495112839e+00,1.165011134014727334e+00,-3.549844939045822212e+00,4.000000000000000000e+00
-2.219911238852293245e+00,-1.269432035441485640e+00,-3.615819085651109432e+00,-3.889632779546010166e+00,1.924129465467956157e+00,7.000000000000000000e+00
-1.235330787125978436e+00,-6.443502353127574800e-01,-1.897652316976007114e+00,-2.627773521105955634e+00,4.279063336802621187e+00,7.000000000000000000e+00
2.195483175815587273e+00,5.787382242619026895e-01,-2.073778577074173235e+00,-1.965531480478353910e+00,-6.445972755178394742e+00,3.000000000000000000e+00
3.311852089643331887e+00,-2.280969728804462360e+00,-1.857598751121190883e+00,3.059692955367367961e-01,2.446290727979743895e+00,6.000000000000000000e+00
1.847991288355450124e+00,-1.610678980900316082e-01,-3.259384058470408352e+00,6.417217758836192276e-01,2.981558149369065713e+00,5.000000000000000000e+00
7.603905403815213182e-01,-4.069985480837749137e+00,1.656161255509603247e+00,-1.728543286812069146e+00,7.700877315444594196e-01,0.000000000000000000e+00
2.320036862581250359e-01,-5.785672937727955878e-01,-5.177203079942056974e+00,-4.562199517427608875e+00,2.100069395514547299e+00,7.000000000000000000e+00
-5.597230521549636517e-01,5.490673279038526644e+00,2.068720098209584080e-01,-2.791231557632386728e+00,2.811792388631602524e+00,1.000000000000000000e+00
-9.430846259717445834e-01,-7.959301780928472736e-01,-5.591820729432246395e+00,-5.187477725731597822e+00,2.485460323689254292e+00,7.000000000000000000e+00
-1.631266979626318170e+00,-1.241474042291571545e+00,-2.600409674456525266e+00,-2.921607895175745817e+00,3.089124851083741241e+00,7.000000000000000000e+00
-1.536045614163596973e+00,-1.442243799657484837e+00,-4.302337767408909386e+00,-4.406680717577319051e+00,2.774715424350174597e+00,7.000000000000000000e+00
-1.650640185592178844e+00,-1.602587295609792628e+00,1.509734972520466068e+00,-3.903958675094150177e-01,-4.835055891539917106e+00,4.000000000000000000e+00
-2.054338585996030364e+00,4.354466389369081369e+00,1.944907262467962861e+00,-1.259301778340513822e+00,2.530863067593470017e+00,1.000000000000000000e+00
-2.094238947412466523e+00,-3.996416684432821387e-01,-3.504903760790120781e+00,-4.052654462240864675e+00,3.269402211729385055e+00,7.000000000000000000e+00
-3.629450233005577786e+00,-4.883791707953958894e-01,-1.604388326393915820e+00,-2.595123851983023755e+00,2.288531960228799900e+00,7.000000000000000000e+00
3.103587917817534070e+00,-2.191017107223700022e-01,4.591491837749018146e+00,2.243617922293704936e+00,-1.116096869864893426e+00,8.000000000000000000e+00
2.983503554149093517e+00,-2.219976653287644375e+00,-1.436341813728331918e+00,4.494217150931378302e-01,4.057874189160380674e+00,6.000000000000000000e+00
-2.628357682714890231e+00,-1.728930251508606020e+00,3.314759009061273964e+00,8.607334356282604348e-01,-4.298616354795943728e+00,4.000000000000000000e+00
-1.565017555922195713e+00,-1.820434199890996085e+00,-3.197509757181371981e+00,-3.002098220873517853e+00,2.357361157409811447e+00,7.000000000000000000e+00
2.528048968574903910e+00,-3.888717069813941940e+00,1.702251965083534602e+00,3.687994829537115660e+00,3.408103088866279329e+00,6.000000000000000000e+00
-3.506479426673406730e-01,2.957267132839390689e-01,-4.839056129088795011e+00,-4.813478401796514206e+00,1.413367577585694423e+00,7.000000000000000000e+00
5.076267183373491143e+00,5.191830232670069378e-01,3.254520121416636158e+00,1.029963112545801085e+00,-8.242074809829517124e-01,8.000000000000000000e+00
-2.826286873550241552e+00,8.567873625651437064e-03,-1.676857851179681003e+00,-3.003638068735999145e+00,3.584413445508825014e+00,7.000000000000000000e+00
3.238359633673261406e+00,-4.843411407855904294e+00,-1.566856306314632130e+00,9.335724270605477715e-01,3.300004058657505457e+00,6.000000000000000000e+00
-1.033445404522750799e+00,1.394838482492819054e+00,-3.465632498196831168e+00,-4.149353961377922673e+00,2.403254980169197808e+00,7.000000000000000000e+00
1.480444797120639588e+00,4.826012568947453119e+00,-5.394988712339662262e-01,4.423191804523217030e+00,-9.085826724748795158e+00,9.000000000000000000e+00
-1.164245235896030684e+00,2.019774425382778876e-02,-3.189596184220349517e+00,-3.660179051293196650e+00,2.662775617324117050e+00,7.000000000000000000e+00
-1.032753851620768382e+00,-1.628554912558172474e-01,-2.018582004776873440e+00,-2.570045950453326178e+00,2.177264880302131278e+00,7.000000000000000000e+00
-3.638087525327968308e+00,6.722035774642286521e-01,-5.559333336414773896e+00,-4.456521279961570770e+00,3.438684910743896150e+00,2.000000000000000000e+00
-1.892082989676713956e+00,-5.855843896475563248e-01,-2.200962176028731676e+00,-2.790004538348549445e+00,3.351275088782605049e+00,7.000000000000000000e+00
2.742201554751897863e+00,-2.627489412014677672e+00,-7.781245684758893999e-01,1.060232866202753588e+00,3.346997576296184107e+00,6.000000000000000000e+00
-7.623391366442023864e-01,-1.383506041960040678e+00,-4.161558541857043991e+00,-4.074296570330566247e+00,2.997688541110968163e+00,7.000000000000000000e+00
-2.387799867497250261e+00,-7.103996743566564076e-01,-2.728809528334295909e+00,-3.510092645667247879e+00,3.458770813203490668e+00,7.000000000000000000e+00
-1.589753761194803605e+00,5.506891101869187288e+00,-5.429133525021692108e-01,-3.200782378496044966e+00,2.101943718429433616e+00,1.000000000000000000e+00
-1.324170762346697838e+00,2.103953147946761859e-02,-2.459010377335757003e+00,-3.123041826437115809e+00,3.176494014439713354e+00,7.000000000000000000e+00
-4.847525435180715547e+00,8.319287126710128710e-01,-3.168165204614409536e+00,-1.806572236432056222e+00,-1.390138872799157564e-02,2.000000000000000000e+00
-4.292487920248885258e-01,-5.498426153802501659e+00,1.144568676776754446e+00,-1.152785354615437852e+00,-1.404976375856894055e+00,0.000000000000000000e+00
-1.498152470170514894e+00,4.825582056657196972e+00,1.093902348882043185e+00,-2.156716440069059271e+00,2.388840197170458701e+00,1.000000000000000000e+00
-2.595028475083742681e+00,-1.872619236834709211e+00,-8.301493054304808217e-01,-1.581765142341173602e+00,3.970710075415516016e+00,7.000000000000000000e+00
3.352410818156695171e+00,-2.687635097179831511e+00,-2.810733817299454707e+00,-4.387248070106480879e-01,2.025895384732264048e+00,6.000000000000000000e+00
2.318649678983822682e+00,-3.284037931352326023e+00,4.107024047693023094e-01,2.117543905174838592e+00,3.378250662781987490e+00,6.000000000000000000e+00
-1.883668474715286312e+00,5.703643296247859595e+00,-9.857213237389532701e-01,-3.734290442192611525e+00,2.439300793351208974e+00,1.000000000000000000e+00
-9.598609479127840904e-01,5.590932035806699396e+00,-2.047357389749221213e+00,-4.350331824040719830e+00,1.609702029825302860e+00,1.000000000000000000e+00
-1.425031125050724379e+00,-1.214232256101059004e+00,-4.482145436934589888e+00,-4.158101010893109795e+00,1.779749665228947508e+00,7.000000000000000000e+00
-2.457204655959263295e+00,6.302969861326238821e+00,1.611451887763010182e+00,-1.961762190314670029e+00,3.009381732853776636e+00,1.000000000000000000e+00
8.071746153122955070e-01,-2.083028145552130894e+00,-1.430712062333573398e+00,2.340307701094853421e+00,3.646306698496918131e+00,5.000000000000000000e+00
-1.556127431498415703e+00,-2.622601752010951803e-01,-3.787040519812701511e+00,-4.105217897908939761e+00,2.530559289248767385e+00,7.000000000000000000e+00
-2.023311886579814978e+00,-2.822662057443313041e-02,-4.340850983690846654e+00,-4.422458471613069264e+00,1.723224997542493142e+00,7.000000000000000000e+00
-6.391393279757003887e-01,-1.508800878024240344e+00,-4.746013115134079641e+00,-4.233409677075561817e+00,1.923170868893336438e+00,7.000000000000000000e+00
3.051749530123634813e+00,-1.865176068747677718e+00,-2.357448111558846815e+00,-3.229939641883798895e-01,2.690971421518497664e+00,6.000000000000000000e+00
-2.827076266433160789e+00,6.546775758952323443e+00,8.770993752174494063e-01,-3.265343040595360513e+00,4.635976468271142181e+00,1.000000000000000000e+00
1.001752466235399819e+00,1.800275842209656973e+00,9.292447499732343630e-01,-4.065458817915973966e-01,-4.004859471727706399e+00,3.000000000000000000e+00
2.632928676699092474e+00,-2.751020243111853780e+00,-9.630754591088840355e-01,6.664533928223965731e-01,3.030320099156754488e+00,6.000000000000000000e+00
-3.578607766415639047e-01,5.644458792780538303e+00,1.803777142439426662e+00,5.336769646496170694e+00,-6.377606853496422978e+00,9.000000000000000000e+00
2.202271175292691563e+00,-1.606263076701022641e+00,-5.761035180414506573e-01,8.265246150658299706e-01,3.121131634465156512e+00,6.000000000000000000e+00
1.695862027626927615e-01,-9.233398416851432700e-01,-3.785860075239482647e+00,-3.573781035114584004e+00,3.059928673578277358e+00,7.000000000000000000e+00
2.800282378268493577e+00,-2.652340161613211400e+00,-6.241889856874597298e-01,8.373857910500046575e-01,3.889241584554675057e+00,6.000000000000000000e+00
-2.163134905274891828e+00,-9.220353583800487973e-01,3.314984439690282780e+00,1.280058188691525212e+00,-4.747695129569227568e+00,4.000000000000000000e+00
-1.101244918205535939e+00,-2.314999146834437194e-01,-3.572093491499412465e+00,-3.420670053602313132e+00,1.421709832526788730e+00,7.000000000000000000e+00
-1.153689334612655049e-01,-3.348616818510985915e+00,3.054875671746037913e+00,-6.232531275782938751e-01,3.814780833378840219e-01,0.000000000000000000e+00
-1.612994057338164700e+00,5.424346096058461519e+00,1.213635522818057755e+00,-2.266084320516278616e+00,2.841495565956006608e+00,1.000000000000000000e+00
-1.773368164677298298e+00,-4.097809415453830262e-01,-1.718986566545488426e+00,-1.978366259207152034e+00,7.782080003330843487e-01,7.000000000000000000e+00
2.670918073428986350e+00,-1.612438308697348166e+00,-1.443744379025731162e+00,2.785792148503040133e-01,3.659367006630052543e+00,6.000000000000000000e+00
-1.602907010616307470e+00,6.731757362561286762e+00,-6.741185189697193048e-01,-3.860079945363097842e+00,1.807917836947890322e+00,1.000000000000000000e+00
-1.041962635111022717e+00,1.608251591069327080e-01,-4.013008283691672951e+00,-3.941628944523095424e+00,1.805214118186447614e+00,7.000000000000000000e+00
-1.083391472814489997e+00,-6.593785397918081603e-01,-3.480471191787690266e+00,-3.829717934397264489e+00,3.178293597841056251e+00,7.000000000000000000e+00
-1.327238849755596917e+00,5.305462789495286380e+00,-1.552639722348966966e+00,-4.534807778069608553e+00,2.876998690815328885e+00,1.000000000000000000e+00
-2.570224123907824065e+00,6.214025074350053579e+00,6.879533269855943045e-01,-2.847911023608483028e+00,2.145340379609265380e+00,1.000000000000000000e+00
-9.404988380184934327e-01,7.965341533355908554e-01,-2.936631936253113473e+00,-3.868318170026820102e+00,2.396721760552955605e+00,7.000000000000000000e+00
-1.281890943827983520e+00,4.931797455441038203e+00,-1.469979558511793183e+00,-3.773980615266272043e+00,3.173132911285906133e+00,1.000000000000000000e+00
-1.898517179433270863e-01,-2.115910302476658345e+00,-3.615143258153090233e+00,-2.804843785847092263e+00,1.194591392152758225e+00,7.000000000000000000e+00
-1.302031584262027364e+00,-1.117224789609744473e+00,-3.879824485257191924e+00,-3.854012310646488082e+00,2.475993247728514479e+00,7.000000000000000000e+00
-1.941026171720731108e+00,-1.612074066010424467e+00,-2.402691342177666556e+00,-2.982959847977062484e+00,2.270944609274840875e+00,7.000000000000000000e+00
-4.220965349635589225e-01,-3.617619141231924740e+00,1.884400963562761655e+00,-1.514104351752191935e+00,-9.840987311143384320e-02,0.000000000000000000e+00
-2.045330864165465279e+00,-1.645628077840710635e+00,-2.222875180584592325e+00,-2.763626349337824806e+00,5.307375005822764891e+00,7.000000000000000000e+00
-1.468736882774480002e+00,-3.398620705382754403e-01,-4.603633959572020373e+00,-4.336708037073369937e+00,1.676047086208263259e-01,7.000000000000000000e+00
-1.986764531513485199e+00,7.385801239683170039e+00,-6.385141962991819353e-01,-4.170711613650007088e+00,3.283345504755350586e+00,1.000000000000000000e+00
2.635068289765693184e+00,-1.879642093099322064e+00,-1.758175237506935717e+00,2.296918508323382846e-01,2.117902325575208966e+00,6.000000000000000000e+00
1.241346951399296517e+00,3.575386283631165618e+00,1.154430724553944465e+00,5.980114685890106863e+00,-6.678506967738350397e+00,9.000000000000000000e+00
2.917910514230534602e+00,9.124307336657508927e-01,-1.694338688911528834e+00,-1.998806883522792122e+00,-4.160603707982923893e+00,3.000000000000000000e+00
-2.522023697090625127e-01,-4.361907602702276066e+00,2.009283790814616832e+00,-1.546284294323243325e+00,1.379063851083915271e+00,0.000000000000000000e+00
1.829880365193169434e+00,-2.232489756581261808e+00,4.264193930885583073e-01,2.037437500323938888e+00,2.115712194712094263e+00,6.000000000000000000e+00
3.611529406012627952e-01,-2.342148896487255438e+00,8.848032075649095995e-01,-2.826396458867413752e+00,-8.723925952068777301e-01,0.000000000000000000e+00
-1.029211004333587587e+00,-4.586637856634218080e-01,-4.732879254178445905e+00,-4.746859431270682883e+00,2.003503444847969384e+00,7.000000000000000000e+00
2.648262935964634579e+00,-9.199066063123842452e-02,9.544298748089631301e-01,3.303698066448916282e-01,-4.036461646063216335e+00,3.000000000000000000e+00
-2.676656891304834751e+00,-1.461419104023926885e-01,-1.611586298061954858e+00,-3.095683259440673574e+00,4.855062501092890059e+00,7.000000000000000000e+00
-9.310199499483324814e-01,-3.325102580134429719e-01,-3.893693275180269087e+00,-3.857058120712344884e+00,3.313332366874705226e+00,7.000000000000000000e+00
1.308099418589911966e-01,-3.209723366580972126e+00,5.513029326648551942e-01,-2.555529435395176741e+00,-6.932513674113304214e-01,0.000000000000000000e+00
2.335348275945508867e+00,-2.214687529986992143e+00,-1.601138891148465637e+00,6.862486907308197603e-02,3.689402542365459503e+00,6.000000000000000000e+00
3.150180314896923406e+00,-3.677621559755961389e+00,-1.225969178370217127e+00,9.368257706814115959e-01,3.756962024040014114e+00,6.000000000000000000e+00
-2.182673278433778119e+00,-1.423736573431533925e+00,-2.399524913148411986e+00,-2.891802587361180343e+00,1.767655700411580932e+00,7.000000000000000000e+00
-6.986225805531495747e-02,-1.789825498282756167e+00,6.369845350908223125e-01,-2.706450470878725589e+00,-1.965279072460935472e+00,0.000000000000000000e+00
7.262502280561138335e-01,-3.478511266100110966e+00,-2.538957868295848574e-01,-2.650259062706310065e+00,-2.257339968106420791e+00,0.000000000000000000e+00
1.814235770184127849e+00,4.516658828064270992e+00,-7.568658190574536482e-01,4.717389256288710975e+00,-9.418352161494844665e+00,9.000000000000000000e+00
2.246917056770831866e+00,-2.142405974188102302e+00,7.262235756472237291e-01,1.759498513958257959e+00,4.211753404167925652e+00,6.000000000000000000e+00
-1.755303375878697780e+00,1.716296844591507775e-01,-3.683522260563550699e+00,-3.968661794836516599e+00,2.082965447745641185e+00,7.000000000000000000e+00
2.609293997267468246e+00,1.998213137258111782e+00,-4.010393958223920641e-01,-1.328319073178647836e+00,-5.527710380268701762e+00,3.000000000000000000e+00
4.112008658793004923e-01,-3.543608467257081340e+00,3.642322677927138486e+00,-5.823186040319845019e-02,6.315086773496541017e-01,0.000000000000000000e+00
3.973357360809675942e+00,-2.867438353255403971e+00,-2.742699236436727972e+00,4.034265883190545354e-01,1.604745465391813175e+00,6.000000000000000000e+00
7.485765465410567643e-01,-3.942580117576909071e+00,9.875990151411838391e-02,-2.510085964053289320e+00,-1.424186612075750480e+00,0.000000000000000000e+00
4.806212126250050676e-01,-3.639707999504957492e+00,2.220765057665622599e+00,-1.068614117465826796e+00,-9.478685595857996304e-01,0.000000000000000000e+00
3.203974179327711003e+00,-2.162380250791051228e+00,-9.265889041033552598e-01,9.578712006751071151e-01,2.910602429879734832e+00,6.000000000000000000e+00
1.980960058042233074e+00,-3.888542339034362083e+00,1.774043542809731644e+00,-9.922653764561265577e-01,-4.199702494927537444e-01,0.000000000000000000e+00
5.126037504713951698e-01,-2.789514333444922389e+00,7.068917973806513322e-01,-2.402492113177992383e+00,-7.243023455471141459e-01,0.000000000000000000e+00
-4.501263462481031041e-01,-1.870187720959640032e+00,-3.866343175015346523e-01,-3.560897441486031489e+00,-9.186240423737113137e-01,0.000000000000000000e+00
2.438557533809618955e-02,-3.230603914129982268e+00,1.697123938620376915e+00,-1.864240113819706002e+00,7.053182161575079212e-02,0.000000000000000000e+00
2.669114540294037941e+00,5.415457147056997877e-01,-1.582504632023650493e-01,-3.556634780500756432e-01,-5.159633029925298153e+00,3.000000000000000000e+00
6.186454630346571726e-01,-3.433170590240201214e+00,2.938561661884209197e-01,-2.491822485262344955e+00,-1.737856282858579071e+00,0.000000000000000000e+00
4.479397866004410922e+00,-5.441760970666396080e-01,2.601084288054115845e+00,1.187029721885512368e+00,-3.339093200375354620e+00,8.000000000000000000e+00
-2.669589073590490802e+00,6.634160561293054315e+00,1.886212426872477810e-01,-3.721846701319472484e+00,3.284036730463428810e+00,1.000000000000000000e+00
-1.728822708045622658e+00,5.039141427424307373e+00,-7.274912216122780828e-01,-3.248978975538056257e+00,7.624934062063234430e-01,1.000000000000000000e+00
-3.888992238177025662e+00,9.538704642080980678e-01,-6.307019576200460165e+00,-4.466920070348976424e+00,-8.819940295022470345e-01,2.000000000000000000e+00
1.482321308962617934e+00,-1.916850504269086708e-01,-7.133648460171885253e-01,-7.245450710137669725e-01,-5.333503700296954975e+00,3.000000000000000000e+00
3.360575977963240479e+00,-1.799921829849806976e+00,-1.579221530844534760e+00,8.287645212756393764e-01,1.318652514818531074e+00,6.000000000000000000e+00
5.950139600568232767e-01,-4.610681462935451336e+00,2.113010309686233157e+00,-1.026157949059917751e+00,-3.139705014505294045e-01,0.000000000000000000e+00
3.157226210510250541e-01,-3.156174964758095225e+00,2.098985823322989663e+00,-1.141419912353694999e+00,-6.832144336005175900e-01,0.000000000000000000e+00
-2.636944830263108774e-01,-3.173822606961453019e+00,3.294401092817384469e-01,-2.710249895615931326e+00,-9.385251345110725563e-01,0.000000000000000000e+00
-3.819602240771289736e+00,-4.610784076179320623e-01,-3.906151385439701418e+00,-2.151977442364411797e+00,9.102693110910579088e-01,2.000000000000000000e+00
7.007490793604800698e-03,4.727885156666670197e-01,-7.190574474737011501e-01,2.062605874614038104e+00,3.626729412900432603e+00,5.000000000000000000e+00
-1.487444606431155725e+00,-8.548101961081164268e-02,-5.992136564169620705e+00,-5.757842460711578347e+00,1.190246376515330828e+00,7.000000000000000000e+00
3.286962993563820490e+00,-1.789355250281873033e+00,-1.638044797360287852e+00,7.789490463013148958e-01,2.337958664020189037e+00,6.000000000000000000e+00
5.660423487131623910e-01,2.734779160276341048e-01,-1.662191833282431030e+00,1.363514605463783447e+00,4.503463976904950705e+00,5.000000000000000000e+00
1.066628466582046908e+00,-3.272014592861358651e+00,-6.701033927773294430e-01,-2.893428634032255253e+00,-2.080395271390774514e+00,0.000000000000000000e+00
1.591530220166549256e-02,-1.975866308752150635e+00,-5.371951399304440322e+00,-4.339866067336348721e+00,1.589050916787899004e+00,7.000000000000000000e+00
8.123864070274898486e-03,-4.092955836435248962e+00,5.658322127642259058e-01,-2.259492418846113626e+00,-9.227573437042562166e-01,0.000000000000000000e+00
2.353747722998952296e-01,-2.548840798881303549e+00,1.056798636072667774e+00,-1.716091609194573264e+00,-1.553319860698370469e+00,0.000000000000000000e+00
3.238849337125716765e+00,-3.191919722187109620e+00,-2.332071552754417354e+00,2.920871045525012533e-01,2.456762009665100610e+00,6.000000000000000000e+00
2.403341837522005697e+00,-5.630826262137367255e-01,-4.104750151445009654e-01,-5.559466352440969317e-01,-3.961778366285789055e+00,3.000000000000000000e+00
-2.319596829821434891e+00,9.365585892346406371e-01,-3.058213489748343950e+00,-4.360410337933076086e+00,4.297843698407691093e+00,7.000000000000000000e+00
6.435602095449857174e-01,-2.770610548023968889e+00,-8.052212756983795350e-01,-3.655825535690969019e+00,-9.841313126214474849e-01,0.000000000000000000e+00
-1.307788000904971382e+00,-1.026375091274577045e+00,-3.005232723469072997e+00,-3.411686004914192161e+00,2.667271588333433918e+00,7.000000000000000000e+00
4.505827317353917061e-01,-2.202511221938140196e+00,8.265588877439735693e-01,4.153078805947123087e+00,4.592534524212918079e+00,5.000000000000000000e+00
-2.110690828377042583e-01,-1.878838709717069788e+00,1.470046176667748394e+00,-1.841706421536878580e+00,-9.946850284220474236e-01,0.000000000000000000e+00
-2.178037251437570543e+00,6.418225176478720151e-01,-2.673528831069816647e+00,-3.187302520719121901e+00,1.567834021797581467e+00,7.000000000000000000e+00
-9.816297050178862671e-01,3.248245703408197405e-01,-2.585788440695831802e+00,-3.040182917139234053e+00,3.008119947841401576e+00,7.000000000000000000e+00
1.003300550480594744e-01,-2.200169476565979387e+00,4.615764737935514894e-01,-2.255285361265586097e+00,-2.651879251929638137e+00,0.000000000000000000e+00
2.324427854268535931e+00,-1.567695421726136074e+00,-3.354194302957111407e-01,1.031063915777810092e+00,2.936094237725836553e+00,6.000000000000000000e+00
-1.449892812338624104e+00,5.050165974567065952e+00,1.651929898138696506e+00,-1.563362829714003643e+00,2.095345341842380638e+00,1.000000000000000000e+00
-9.085209334693593597e-01,-4.055217668232415917e-01,-2.339443312565915978e+00,-2.410123153353271874e+00,9.844426617033720239e-01,7.000000000000000000e+00
1.808529357219585076e+00,8.071289122468413568e-01,5.308341692381018939e-01,-1.431646598481200461e-01,-4.253056711056809824e+00,3.000000000000000000e+00
-2.040550946971379620e+00,-1.299776106407330101e+00,-2.007751593430358916e+00,-2.665008480660305601e+00,3.363520412750477195e+00,7.000000000000000000e+00
1.811590199166463133e+00,-2.639671911337862387e+00,-2.712997620010207389e-01,-2.762796273038401917e+00,-9.146932059286885242e-01,0.000000000000000000e+00
3.604956040660305117e-02,2.122921326460718294e+00,4.475308427716441773e-01,5.571849124656790941e+00,-7.099526596778996890e+00,9.000000000000000000e+00
1.482790277606385487e+00,3.093037736157888684e-01,1.071296038685389806e+00,1.001547582564365213e-01,-4.166061544074733725e+00,3.000000000000000000e+00
1.002334511963653974e+00,-1.300927489825532302e+00,-2.044082560311766272e+00,1.927165610297620457e+00,2.678262769751631467e+00,5.000000000000000000e+00
-4.298163833482914420e+00,3.111004017593747561e-01,-6.582641220790377723e+00,-5.062253847093687753e+00,2.916367835153004684e+00,2.000000000000000000e+00
-4.042788653103566721e-01,5.603425703358620780e+00,-1.434424115779319164e+00,-3.346857951590934466e+00,5.001099851564771992e-01,1.000000000000000000e+00
1.015152034395244041e+00,-7.611990432418048735e-01,-3.539137988649664557e+00,5.286624003836971619e-01,2.154138560887672860e+00,5.000000000000000000e+00
-1.374162618388140578e+00,-2.286693383633330856e-01,-4.041293957622064781e+00,-3.803079520198362928e+00,1.451718930630947479e+00,7.000000000000000000e+00
-1.043370541866751600e+00,-2.343373995238658303e+00,-3.493917196919098966e+00,-3.275035727109238515e+00,3.034948755227555139e+00,7.000000000000000000e+00
1.175074975109191788e+00,-1.732404418480530506e+00,-2.375377137578395637e+00,1.344632060899161985e+00,3.402897741793859954e+00,5.000000000000000000e+00
4.164704868499849333e+00,2.774640025626451845e+00,3.368415231342170024e+00,5.438573952092065067e-01,-1.474850142165259781e+00,8.000000000000000000e+00
2.949192542678003015e-01,-1.312244644779867464e+00,-5.255275250400189613e+00,-4.682381087502165862e+00,2.210484254766447609e+00,7.000000000000000000e+00
1.077658262740427197e+00,-2.213832149173366737e-01,7.942439336642582726e-01,-3.842571535319724840e-01,-3.371424223080885962e+00,3.000000000000000000e+00
1.347642823202068074e+00,3.457575778100843600e+00,8.047680864480284690e-02,4.991896075242887143e+00,-6.995338602997176025e+00,9.000000000000000000e+00
1.120439279659083853e+00,-3.616920284194460766e+00,-4.714672792612797925e-01,-2.773544285912221685e+00,-1.203419935794141304e+00,0.000000000000000000e+00
-2.079622548851700614e+00,7.356689282136843477e-01,-8.198783756874048478e-01,-2.014774418321775951e+00,2.451880001898644412e+00,7.000000000000000000e+00
-3.418290449621109173e-01,-6.097668874310614717e-02,-6.762661119911303587e+00,-6.252905086136944846e+00,1.924051192514635078e+00,7.000000000000000000e+00
-1.293772134446167454e+00,4.213740295862645757e-01,-2.862886654277370102e+00,-3.383961888479092295e+00,3.188384574523172699e+00,7.000000000000000000e+00
-5.677793366736172409e-01,-5.859116184216045520e-01,-4.905320751917029654e+00,-4.380003864249875534e+00,1.664434266852730770e+00,7.000000000000000000e+00
3.850718289287692997e+00,-1.392450634283610711e+00,3.560321524610809973e+00,1.684637610674247998e+00,-1.524303158637243527e+00,8.000000000000000000e+00
-2.147966553638157805e+00,-2.087461029260977430e+00,-2.146368005653806144e+00,-2.544032675370162977e+00,3.508735318947360238e+00,7.000000000000000000e+00
1.021610689534696803e+00,-2.794657389940904402e+00,-2.662366739039490060e-01,-3.207469360566829852e+00,-7.959930119569103013e-01,0.000000000000000000e+00
-1.923604179480499443e+00,6.041486568277895097e-01,-2.973409307863154272e+00,-3.937180598203125381e+00,2.402362132540779793e+00,7.000000000000000000e+00
-7.088926282193754869e-01,-3.337700969214859814e+00,5.210213358053608079e-01,-2.532518664602195102e+00,-7.285334943989512091e-01,0.000000000000000000e+00
-5.627613131694695348e-01,-3.663194304188769124e+00,2.215019886107205238e+00,-1.340608754254066781e+00,4.637477929189463555e-01,0.000000000000000000e+00
-1.877556981447517259e+00,4.622988897271105735e+00,1.122478383443255900e+00,-2.011608629450790442e+00,3.390379290150881353e+00,1.000000000000000000e+00
9.006627878104852547e-01,-4.225655374725189262e+00,1.790879062491409046e+00,-1.116710861309140324e+00,-4.855594537505118491e-01,0.000000000000000000e+00
9.620779070764242658e-01,-2.778599711205987699e+00,1.927198352914270663e+00,-1.055898448451882521e+00,-1.329746683958836773e+00,0.000000000000000000e+00
-1.470054988729684098e+00,-5.174517124420073833e-01,-3.279156638252536116e+00,-3.845640287951496372e+00,2.330579147767805726e+00,7.000000000000000000e+00
-1.972413965498674537e+00,3.660955029844306541e+00,1.554342666679290552e+00,-1.749680844317339501e+00,3.615581940567851316e+00,1.000000000000000000e+00
4.839579062978997814e-02,-4.067381953863054456e+00,3.045616676355830776e+00,-4.289162999538816412e-01,-6.147727074469037933e-02,0.000000000000000000e+00
2.100988213445492137e-01,-3.021194890069147654e+00,2.230160440073691852e+00,-1.498678674023029345e+00,7.224203261442109225e-01,0.000000000000000000e+00
1.359287924756791277e-01,-9.803235060115150779e-01,-3.935715861131043880e+00,-3.445753324069256607e+00,1.844313841983769020e+00,7.000000000000000000e+00
1.315587494654000753e-02,-3.694492451574314718e+00,3.446529778913932640e-01,-2.666515013930201849e+00,6.738922835282512569e-01,0.000000000000000000e+00
-1.731375991145439608e+00,5.740377127008236435e+00,5.060975606315757380e-01,-2.950564332676121282e+00,2.720971862595592761e+00,1.000000000000000000e+00
2.522352340409668714e-01,-1.215486323697111182e+00,-2.721522087630336539e+00,1.271950701245212256e+00,2.923696720697476437e+00,5.000000000000000000e+00
-3.653562004485147452e-02,5.138514247287607084e+00,-2.855670738997939662e+00,-4.503163678821520577e+00,5.792339143344965580e-01,1.000000000000000000e+00
4.931568326777764355e-01,-2.512640494565319127e+00,2.053014351760496403e+00,-1.194860221970764469e+00,-8.636635682845871242e-01,0.000000000000000000e+00
1.635821631804731169e+00,1.433857426079758079e+00,1.105664402537853697e+00,-4.068114112958816087e-01,-2.418759617487194813e+00,3.000000000000000000e+00
3.124275702285226330e+00,-3.373949081933311778e+00,-1.605727951676729104e+00,6.837989489400357890e-01,2.580658139785768412e+00,6.000000000000000000e+00
7.350308602617902087e-01,-2.388248049057049904e+00,1.247349187329270803e-01,-2.681950428134640241e+00,-1.254322144782661796e+00,0.000000000000000000e+00
-1.139426403544227417e+00,-4.650172449099605032e+00,2.531242295670848463e+00,-6.009386236932398040e-01,-5.001833721040231939e-01,0.000000000000000000e+00
-1.430538184650098632e+00,1.495926529178807751e+00,-4.286732687168347766e+00,-4.963525942333343544e+00,2.036647770535965130e+00,7.000000000000000000e+00
1.174685059724230207e+00,9.378751383771937178e-01,-1.002873052453148395e+00,-1.896946981404180610e+00,-3.689632811650014332e+00,3.000000000000000000e+00
6.419107395273010441e-01,1.047967338028417572e+00,5.323492155472469012e-01,-7.598468586218124488e-01,-4.581129076912183073e+00,3.000000000000000000e+00
1.356938607704169186e+00,-3.863169409264371801e+00,-1.020768380493278782e+00,-3.164014273044585046e+00,-4.613216337533844191e-01,0.000000000000000000e+00
-9.382352783669518637e-01,-2.770042253628007822e-01,-2.922351731202023295e+00,-3.377688155557703631e+00,1.799249532675116336e+00,7.000000000000000000e+00
2.101741640455571325e+00,-7.661048866035751193e-01,2.196917438840897852e+00,1.404074250929187917e+00,-2.855602933475684502e+00,3.000000000000000000e+00
3.370094286994662625e-02,-1.620076215598069247e+00,-3.537123081263991775e+00,-3.169396129687017005e+00,2.544516607627580917e+00,7.000000000000000000e+00
4.742594798522614119e-01,-4.165026391748591017e+00,1.055745811544593016e+00,-1.675397008521641862e+00,-7.818017877092326984e-01,0.000000000000000000e+00
-6.944889593173456666e-01,5.784109165491413407e+00,-2.004777462536677379e-01,-3.263894745296475719e+00,2.582076235743287373e+00,1.000000000000000000e+00
1.543393910050732787e+00,-6.135107314097092424e-01,-4.744096057639019537e-01,4.190217069855682874e-01,2.984665799959607568e+00,6.000000000000000000e+00
-2.584798533548275934e+00,1.110596690529457087e+00,-3.829947496571146193e+00,-4.537603152180007093e+00,1.603513508315580705e+00,7.000000000000000000e+00
-1.137864398160338686e+00,-1.491409556799901948e-01,-4.276900160778916771e+00,-4.481149538504447527e+00,1.861689694074709411e+00,7.000000000000000000e+00
-2.179512160490085504e-01,-1.031226817165262766e+00,-5.143543759285372552e+00,-4.528880186325571877e+00,2.024705439343282176e+00,7.000000000000000000e+00
-2.451310781961725471e+00,3.208175251638960557e-01,-2.522442352974333613e+00,-3.132035721495670888e+00,1.822979666385363684e+00,7.000000000000000000e+00
2.308549840555501054e-01,5.079588847133294394e+00,4.718272766024415588e-01,4.960161497583729151e+00,-8.768167009028811520e+00,9.000000000000000000e+00
-3.858000779592754004e+00,5.213064049497723174e-01,-4.950933775429720463e+00,-3.195082609554622977e+00,-5.347417447912065219e-02,2.000000000000000000e+00
3.186168791544921053e+00,5.156522472342750518e+00,-2.223221460702880847e+00,3.227493147594519662e+00,-8.140640102360210406e+00,9.000000000000000000e+00
2.603446292742549240e+00,-1.154723664417813600e+00,-2.167483480137744889e-01,9.333234768184923702e-01,3.773592910905562370e+00,6.000000000000000000e+00
2.189970200482636020e+00,-4.003661527695210332e+00,2.789627522219247438e-02,1.814948209991642747e+00,4.626977064158377395e+00,6.000000000000000000e+00
-3.209568232239478069e-01,-1.465298572225318674e+00,-4.255678035811682136e+00,-3.148874182022331158e+00,-7.391129038752382308e-02,7.000000000000000000e+00
-2.407847161189809793e+00,-5.554648977832300494e-01,-4.377167142590808524e+00,-5.025590143362886231e+00,3.390132251555607823e+00,7.000000000000000000e+00
-2.327099981404233020e+00,5.292219030971542892e+00,4.042535440086154064e-01,-2.680039245367356493e+00,1.597724491187153539e+00,1.000000000000000000e+00
-4.937232164707848758e-01,-2.607586477491818044e+00,-2.573104107689792919e+00,-2.046730665691869788e+00,2.611209746191041070e+00,7.000000000000000000e+00
3.578629628319285771e+00,-2.663503771726741798e-01,-2.254213638506221140e-01,-3.640063750134509557e-01,-5.004451529942341104e+00,3.000000000000000000e+00
-5.916336734792740915e-01,-7.160560037436296543e-01,-4.345856088290057428e+00,-4.058972049803704962e+00,1.450141334238448154e+00,7.000000000000000000e+00
-1.435055527297315781e+00,-1.579251150262934056e+00,-3.126883870579876046e+00,-3.432028946287339011e+00,3.860153520523569970e+00,7.000000000000000000e+00
-1.139426759375752551e+00,1.995167982401623574e-01,-2.921900021285309457e+00,-3.390991019566103493e+00,2.071949869374493325e+00,7.000000000000000000e+00
-1.755087446003399165e+00,-8.059477696155220583e-01,-4.196679143797203970e+00,-4.208730763536504327e+00,1.200038242543031375e+00,7.000000000000000000e+00
-2.299920438648871635e+00,8.692647773020034663e-01,-1.987258752650016502e+00,-3.089532421390958294e+00,2.412242840674185818e+00,7.000000000000000000e+00
-5.609952488200684151e+00,1.218689658377591245e+00,-5.041831245143383100e+00,-3.833861613733372753e+00,7.986527576272340889e-01,2.000000000000000000e+00
-1.678685655928018994e+00,-7.557560795947333432e-01,1.636275387448382634e+00,-4.273254546369297802e-01,-4.741808148127820921e+00,4.000000000000000000e+00
-1.504778755903073195e+00,6.399624129448618248e+00,-1.053813040920661692e-01,-3.722599276635455201e+00,3.667481546394030012e+00,1.000000000000000000e+00
3.441792456615361262e-01,-1.893568459486936417e+00,-9.385380696482367169e-01,-4.028765790852629536e+00,-1.756747004557669634e+00,0.000000000000000000e+00
-4.220188016835826339e+00,2.004751656846930075e-03,-3.605593498657717166e+00,-2.302184508865719792e+00,2.011074894865134244e+00,2.000000000000000000e+00
5.275502070433815138e-01,3.643302609259481351e+00,-3.764817098213775748e-01,4.375509348557183209e+00,-6.884372268648626836e+00,9.000000000000000000e+00
2.307602313164013541e+00,2.481986411785933044e-01,1.111825514279038307e+00,3.260071975454393312e-01,-3.780128638691005794e+00,3.000000000000000000e+00
-2.356092508044445921e+00,-1.962895158141796659e-01,-1.396204131650491620e+00,-2.216278881741430062e+00,2.761641374039003338e+00,7.000000000000000000e+00
1.892727363180314759e+00,-1.041692194739354260e+00,-7.749433037080436515e-01,2.461765617687266872e+00,4.792178766804709333e+00,5.000000000000000000e+00
3.054440165750693104e-01,-3.053584282427909358e+00,6.396705840464982362e-01,-2.357457424875663676e+00,-1.423932312511775322e+00,0.000000000000000000e+00
3.585285245436989676e+00,-1.829336807701272827e+00,-2.341926853150583909e+00,-3.693834505714410632e-01,2.334491175974614308e+00,6.000000000000000000e+00
-2.620993346062193419e-02,-1.292664297754468006e+00,-3.361037441117705082e+00,-3.687174962008086698e+00,4.983860971027819886e+00,7.000000000000000000e+00
3.151304256930171466e+00,5.098125636607633293e-01,3.376549271496334992e+00,7.008572581776670862e-01,-2.123126841006493404e+00,8.000000000000000000e+00
-1.739069739390632918e+00,-1.354488390261183062e+00,-3.862171953583129813e+00,-4.244386628716278587e+00,3.666058364763197908e+00,7.000000000000000000e+00
1.790420645198220084e+00,-5.003215286068480872e-01,2.037155304793095922e+00,9.933343697244363391e-01,-3.128382354900024698e+00,3.000000000000000000e+00
8.025425270718755666e-01,-2.713957182811659319e+00,-8.903473011815963289e-01,-3.202521991996436057e+00,-3.702995311448361804e+00,0.000000000000000000e+00
4.228163863960424429e+00,-8.928276224579340115e-01,2.095515819744011576e+00,6.331414171878214647e-01,-3.176103374577738059e+00,8.000000000000000000e+00
-3.041561952420124282e-01,-2.307221827428196814e+00,-5.912740255210286122e+00,-4.564722609718350199e+00,1.256009458790903865e+00,7.000000000000000000e+00
3.770215127298837565e+00,-2.980306979184256022e+00,-3.329108360546951584e+00,-5.802376323261744240e-01,1.593822141802637482e+00,6.000000000000000000e+00
-8.225485644313690337e-01,-3.898316439469854955e-01,-4.931713046593487526e+00,-4.939776801359065495e+00,2.144666681317473067e+00,7.000000000000000000e+00
1.392537076243834382e-01,-4.359814108447839232e+00,2.689544348435950027e+00,-1.810456823645669455e-01,-5.697861643639573481e-01,0.000000000000000000e+00
4.549419947968993960e-03,-4.459253559542700529e+00,1.661869290457121284e+00,-1.167424469278330212e+00,-1.379174557394031275e+00,0.000000000000000000e+00
-9.043328027830284110e-01,-2.511731155191690323e+00,2.656758909318588380e+00,-1.120160989730627277e+00,-7.160412564373989097e-01,0.000000000000000000e+00
-1.503228495807393594e+00,5.513256758655022960e-01,-4.343388303110795157e+00,-4.835613504488371461e+00,1.734767336255537584e+00,7.000000000000000000e+00
-1.654240549349398792e+00,-2.835495188030930924e-01,-3.243162918877161793e+00,-3.388683847522019565e+00,1.301821836884685890e+00,7.000000000000000000e+00
-9.838989902006343158e-01,7.392154128741429409e-01,-3.032373000784454486e+00,-3.598212670724262985e+00,1.899847811474626669e+00,7.000000000000000000e+00
3.018304847000773394e-01,-3.867124562166828206e+00,1.513059151997747431e+00,-1.539573595818408691e+00,-2.231548214570392430e-01,0.000000000000000000e+00
-9.235798051514091389e-01,-1.099202128957805780e+00,-3.848182751908054922e+00,-3.858687818720158536e+00,1.939648490636528111e+00,7.000000000000000000e+00
-1.772807883015492525e+00,-1.451541584967066312e+00,-2.958532222016574842e+00,-3.151968674326068864e+00,1.388945192523984407e+00,7.000000000000000000e+00
-1.146959540986473902e+00,-2.375231422272329418e+00,-1.984109920797605175e+00,-2.046975785322318053e+00,3.075679618346333744e+00,7.000000000000000000e+00
3.144981281257352990e+00,-3.702517811698923911e+00,1.223837604425160208e+00,2.998470307196183793e+00,3.800440781311025695e+00,6.000000000000000000e+00
3.441224988391057060e+00,-2.408148075258898846e+00,-7.536453397225775785e-02,1.872477638099885100e+00,2.722964264431594117e+00,6.000000000000000000e+00
-2.247524998846357480e+00,-6.494693452798143696e-01,-2.911883318504933982e+00,-3.418620312081638524e+00,2.948937536336026177e+00,7.000000000000000000e+00
-1.140953784441409935e+00,8.190501313852646126e-01,-4.887730393228963521e+00,-5.317581970466967789e+00,1.970076458428989596e+00,7.000000000000000000e+00
2.684765452976007882e+00,9.359444035797891415e-01,-5.851785137551108740e-01,-1.099722326630794278e+00,-4.535735150291314355e+00,3.000000000000000000e+00
2.990426524543806863e+00,-4.389289546253428043e+00,-6.749252651620140098e-01,1.589051330856584121e+00,3.893809055296884925e+00,6.000000000000000000e+00
1.469365358699636248e+00,-2.361793393851754352e+00,-1.088622542510957469e+00,3.040045192118389306e+00,3.531089576183814138e+00,5.000000000000000000e+00
2.834077024855383709e-01,2.190701818678679469e-01,-3.957152390896347960e+00,-3.946351129681878511e+00,3.080639493009471153e+00,7.000000000000000000e+00
2.497553500956809724e+00,-1.374793057378505878e+00,-9.570507895968485279e-01,1.492119365121714059e-01,3.367337375283476764e+00,6.000000000000000000e+00
-7.733441744553430919e-01,5.615354401162678144e+00,-3.184832072768050359e+00,-5.211191248359230421e+00,1.071815420473425151e+00,1.000000000000000000e+00
-2.387355945473688568e+00,5.577451032207657811e+00,-5.398683964498796062e-02,-3.608468231906849066e+00,3.037304554211099017e+00,1.000000000000000000e+00
-2.536524595970293561e+00,7.703491763607827059e-01,-3.868024075212614044e+00,-4.380537279339385748e+00,2.359531310661252768e+00,7.000000000000000000e+00
-3.200594518266391408e-01,-2.100407926114500334e+00,8.393038821681557682e-01,-2.719558503857272935e+00,-1.046060770037582494e-01,0.000000000000000000e+00
1.254956951934506515e+00,3.647780809506856237e+00,-7.342352790412308705e-01,4.128684572433817479e+00,-7.351588003394383897e+00,9.000000000000000000e+00
-2.750689146207287106e+00,4.645798308886158745e-01,-1.086245806711564788e+00,-2.499076224098863985e+00,4.122466941661849127e+00,7.000000000000000000e+00
-4.546428781404387998e+00,1.370426404652031582e+00,-6.995830563104278532e+00,-5.883775528418560441e+00,2.166183252086231636e+00,2.000000000000000000e+00
-1.731823184413810113e+00,-1.983122609236914746e-02,-3.185939604237808531e+00,-3.725765863178412740e+00,3.128910633585019863e+00,7.000000000000000000e+00
-2.791693778162008144e+00,-5.129078740633264966e-01,-2.518970738968000944e+00,-3.184723491344366941e+00,3.270957384339087337e+00,7.000000000000000000e+00
-1.345348373651783724e+00,5.252396961203172232e+00,-9.165839761874141622e-01,-3.352165552640188118e+00,2.178467059545170947e+00,1.000000000000000000e+00
-1.792755070652083393e+00,5.375397493977499330e+00,7.605122141507842937e-01,-2.303685851868814805e+00,2.110299200518736207e+00,1.000000000000000000e+00
-1.010082403841968679e+00,-1.001237685198869354e+00,-2.961538965916901578e+00,-2.965554514133022401e+00,2.193555018161496228e+00,7.000000000000000000e+00
-2.674658404281286650e+00,3.351026783296628064e+00,1.130153993169047189e+00,-1.836294082087116974e+00,1.764967050607386012e+00,1.000000000000000000e+00
-1.378232948905913302e+00,7.093919091650784381e-01,-3.645016964702845641e+00,-4.000797526406499216e+00,1.709296550400357884e+00,7.000000000000000000e+00
-8.607063276474472557e-01,-7.029723452830032304e-01,-2.813357133037260205e+00,-3.316582773613374169e+00,3.031600991621733687e+00,7.000000000000000000e+00
-9.598320070093449008e-01,-9.264663212043596774e-01,-3.239365492634409538e+00,-3.320771700995066578e+00,3.129541906772406179e+00,7.000000000000000000e+00
-6.729815104740731468e-02,-3.002421224115288667e-01,-4.407915118977554059e+00,-3.865191374982994699e+00,4.414712012289886967e-01,7.000000000000000000e+00
5.253847398112784006e+00,-4.300726201708662266e-01,-3.688885594185628003e-01,-1.064667949100360778e+00,-4.152352856123851410e+00,8.000000000000000000e+00
2.283966537335554214e+00,3.649198768217182032e+00,-3.911608852011030923e-01,5.249299928133080329e+00,-8.349765093944315097e+00,9.000000000000000000e+00
1.572545473824715101e+00,-1.179616591475222798e+00,-3.295978098397433498e-01,8.827447562859909169e-01,3.689706840884296568e+00,6.000000000000000000e+00
-2.793558452864786101e-01,-1.618532327818220873e+00,-4.682752452051092362e+00,-4.009629772343974885e+00,1.591170636045082354e+00,7.000000000000000000e+00
2.377229934428076064e+00,-2.593371095127598114e+00,-1.596857826627816390e+00,-1.096992898408075401e-01,3.861321929738865677e+00,6.000000000000000000e+00
-1.049382193928258600e+00,-1.121407138549425531e+00,-3.841478471874161915e+00,-3.364962456926169576e+00,7.441693333787765541e-01,7.000000000000000000e+00
2.274073270766469701e+00,-1.436178521493639115e+00,-1.513907939935923153e-01,8.325656618938943876e-02,-4.613024736158768846e+00,3.000000000000000000e+00
-5.682362993920974326e+00,2.009982377787515873e+00,-6.628306412645915024e+00,-5.336745536984641269e+00,2.018549492208566720e-01,2.000000000000000000e+00
-9.511655804574907780e-01,9.359771288438611947e-01,-4.898157597073626413e+00,-4.833546253135430959e+00,7.178569465755378909e-01,7.000000000000000000e+00
-1.457360538059147004e+00,-1.495138140845138741e+00,-1.926607067829275710e+00,-2.335300236481079761e+00,3.506438857646196006e+00,7.000000000000000000e+00
-1.961819325439916106e+00,-7.563075805240861982e-01,-2.979177334338463545e+00,-3.150169718484749470e+00,2.893981448024815162e+00,7.000000000000000000e+00
2.994175687060170787e+00,-1.491810730248183559e+00,-1.188796121136607153e+00,-2.551280776916874382e-01,5.420697425845278694e+00,6.000000000000000000e+00
3.152799436498372465e-01,-5.526101800770059080e-01,-4.425123236124152371e+00,-4.161823281654139173e+00,2.380807349393144978e+00,7.000000000000000000e+00
3.526676005535264835e+00,-2.091933979978218172e+00,-1.910155554388174304e+00,1.698770542399107297e-01,3.256918232597411755e+00,6.000000000000000000e+00
2.385241625618074846e+00,1.406657263875681574e+00,6.106342079761601926e-01,-2.517161535564229058e-01,-4.176255011793235994e+00,3.000000000000000000e+00
-9.082220338507910329e-01,-1.734256274243241025e+00,-4.570802480639749810e+00,-3.742868922955556510e+00,7.497690854947154371e-01,7.000000000000000000e+00
-4.061475212016431691e+00,7.554281184597509968e-01,-5.959892493603355490e+00,-4.330272917253975784e+00,5.089945089682573753e-01,2.000000000000000000e+00
-1.419655721292141681e+00,-1.392089307063942849e-01,-4.308344400344543246e+00,-4.033937568269949203e+00,-7.357093323180217970e-02,7.000000000000000000e+00
-1.775230104955670241e+00,-5.990328174391698068e-01,-1.042021771959549481e+00,-2.058289347297803662e+00,2.767957920656823667e+00,7.000000000000000000e+00
-2.307776352498757788e+00,-3.153623152840261401e+00,3.488197531484320990e+00,-8.060012196995787193e-01,6.480316739860015884e-01,0.000000000000000000e+00
-4.168222562625794936e+00,-4.382070341738152353e-01,3.611187606867033661e+00,4.064919830256772393e-01,-5.314286016179190497e+00,4.000000000000000000e+00
-2.597452539979691277e+00,2.805322914241771826e-01,-6.664480070004806578e+00,-4.599402242612335101e+00,6.373338974494334730e-01,2.000000000000000000e+00
7.730428541047514868e-01,4.130555844569686386e+00,9.474759554092117009e-01,6.024066050368076297e+00,-7.509102738140922995e+00,9.000000000000000000e+00
2.637505492847302513e+00,-8.101301819632594770e-01,-1.574683220850685794e+00,-1.394639891778328478e+00,-5.330353105498979005e+00,3.000000000000000000e+00
-3.765932535312617735e-01,-2.826381607227181902e+00,1.049786815568375387e+00,-2.239325600652548598e+00,-1.562577293792624333e+00,0.000000000000000000e+00
1.032692255525585523e+00,-4.783939700518037519e+00,2.383986007865753542e+00,-5.079590792269758071e-01,1.758110973408476552e-01,0.000000000000000000e+00
1.378671405658902893e+00,-2.298262438787892048e+00,4.052015986029646188e-01,1.475110203485304972e+00,4.112901926906049610e+00,6.000000000000000000e+00
-1.804900441728404692e+00,-1.940377902915817909e+00,-5.311955624126007969e+00,-4.675180690057849198e+00,1.602497619126950656e+00,7.000000000000000000e+00
8.555503551802792206e-01,1.383722213125085920e+00,1.913857025340991169e-02,-1.048897614186006910e+00,-4.702754337381589878e+00,3.000000000000000000e+00
1.574301388695371617e+00,3.577675468266087733e-01,2.322273938440681196e+00,1.109196605821547887e+00,-3.026145095331520096e+00,3.000000000000000000e+00
1.542586713991671576e-01,-5.943370386972806063e-01,3.093902482001870125e-01,2.922340408738788753e+00,4.995663889223069809e+00,5.000000000000000000e+00
2.966864368970732357e+00,-6.485321163277418810e-02,4.339981465164521879e+00,2.022646147625380753e+00,-2.011146025132215964e+00,8.000000000000000000e+00
-2.030311610356213325e+00,1.819745133179264229e+00,-4.059783667525767470e+00,-4.696091294526032911e+00,1.315957355968859321e+00,7.000000000000000000e+00
-1.173705980000424143e+00,-1.889417117813708913e+00,-3.280292734593031945e+00,-3.183393716493526870e+00,1.210600468957951703e+00,7.000000000000000000e+00
-1.887378060861694351e+00,-1.252939055137271218e+00,-2.489544768870564972e+00,-2.896575212179011594e+00,3.574379839831750338e+00,7.000000000000000000e+00
-1.037767868530429016e+00,-6.156699636073278414e-01,-2.828467566825465962e+00,-2.700935891645328546e+00,2.490348104862065259e+00,7.000000000000000000e+00
-1.847801412977142510e+00,5.683351284759311284e+00,1.557552296894993749e+00,-2.028638232223763715e+00,3.728434019985158887e+00,1.000000000000000000e+00
3.186348224830306108e+00,-6.070869640631180175e-01,8.726941255910459772e-01,6.276822030559167098e-01,-3.910193077942758499e+00,3.000000000000000000e+00
-7.007500558805368485e-01,-8.512697576681828027e-01,-3.939016431787329964e+00,-3.565606092384807635e+00,2.361748946108157110e+00,7.000000000000000000e+00
-2.638556063106284988e+00,-5.071628157375506207e-01,-2.974806321251138197e+00,-3.644414966048323823e+00,3.650134265661468369e+00,7.000000000000000000e+00
-1.354185054566510171e+00,-8.517117537485434653e-01,2.745083370971876047e+00,7.609172690451893040e-01,-5.558317664431866589e+00,4.000000000000000000e+00
2.979696462825507819e+00,3.234384733444644056e-01,-1.538707865052202362e+00,-1.864792034564575873e+00,-3.902922240535470433e+00,3.000000000000000000e+00
-2.892900619903521431e+00,-1.846627778697887745e+00,-1.643295356628372783e+00,-2.339307708637279326e+00,3.771032272484454495e+00,7.000000000000000000e+00
-4.777519604629815397e+00,2.631883754255266994e-01,-4.267632117519399415e+00,-2.811510164629724251e+00,2.285159539338759593e+00,2.000000000000000000e+00
-1.438445995363977215e+00,5.081750761427331398e+00,-2.423683589687454787e-01,-2.862888618502024141e+00,2.275644409912227051e+00,1.000000000000000000e+00
-3.176608207213369006e+00,5.966315335843753509e+00,-4.014640058647428456e-01,-4.038501199852770895e+00,2.930564303837187801e+00,1.000000000000000000e+00
-1.684617654749877014e+00,-7.061861748812641171e-01,-5.421860339094875414e+00,-5.747674816638290274e+00,3.359266654224365212e+00,7.000000000000000000e+00
2.003814531984696501e+00,2.167496538364721559e+00,-8.400704996604232422e-01,-1.992007491755765303e+00,-4.089034123722650627e+00,3.000000000000000000e+00
7.885880343019219252e-02,-3.374133011381227565e+00,-1.049013943518623204e+00,-3.645760443275399609e+00,-9.502761652244615664e-01,0.000000000000000000e+00
-1.798614517326372342e+00,-9.687320776857077931e-03,-3.333487539433088287e+00,-3.964843866132773176e+00,2.958437993678735278e+00,7.000000000000000000e+00
-4.103845197748432483e-01,4.542801478031912588e+00,-2.705456551127417786e+00,-4.726462045586169225e+00,2.463458764156904568e+00,1.000000000000000000e+00
4.628962669136968522e+00,-1.307304956178718891e+00,2.529961281309732080e+00,1.009911499516664035e+00,-2.362021056371421679e+00,8.000000000000000000e+00
-4.233973145575156138e+00,4.494871769494813152e-01,-5.506940627522348031e+00,-3.992326532269095729e+00,1.620350108474908790e+00,2.000000000000000000e+00
1.126958594473513597e-02,-3.063773846485250196e+00,4.166841512338409492e-01,-2.541519202340687400e+00,-2.382361956279931692e-01,0.000000000000000000e+00
2.213925103461933386e+00,6.844458574686362873e-01,-4.656532067661316998e-01,-9.614091734357446128e-01,-5.777806250814128575e+00,3.000000000000000000e+00
-2.539396401100812994e+00,4.047342707589975108e-02,-1.525263174903207286e+00,-2.187820195819159430e+00,1.711589390110593634e+00,7.000000000000000000e+00
-5.028103250240979483e-01,5.776673994713048543e+00,-3.162287404528483226e+00,-5.031147576934811738e+00,5.339397344773239018e-01,1.000000000000000000e+00
1.539096854582410634e+00,1.073850679376842754e+00,-2.510616307562085758e+00,-2.949269016590164050e+00,-5.061482123371795261e+00,3.000000000000000000e+00
1.101791640883658996e+00,-3.810987426692810764e+00,-4.814569720047898738e-01,-2.930915426743527785e+00,-1.136835001156829783e+00,0.000000000000000000e+00
5.915194675957032855e-01,-7.475353849953426666e-01,-3.539145345420369626e+00,5.541822764785111488e-01,2.932095737574417438e+00,5.000000000000000000e+00
-1.828561125769897711e+00,1.094574574129651090e+00,-1.334928927344212424e+00,-2.483101451543285876e+00,2.831558880845378212e+00,7.000000000000000000e+00
8.856694227413238751e-01,-3.697486080551544152e+00,1.146226685021911829e+00,-1.821821455639010212e+00,6.318026879711661215e-01,0.000000000000000000e+00
-2.383992652121648348e+00,-4.578293166728207297e-01,3.806352165124506914e+00,1.464302841636474950e+00,-5.533284016824874918e+00,4.000000000000000000e+00
4.048832250198032945e+00,-4.574869498847285165e-02,1.461122264183024821e+00,2.292211400655407294e-01,-4.381858484711167456e+00,8.000000000000000000e+00
-2.331865853170329128e+00,4.990328714124983023e-01,-2.507128571033364839e+00,-3.610724040092505582e+00,3.311405686680078730e+00,7.000000000000000000e+00
-1.094778965844532603e+00,4.970412609816543537e-02,-4.416104596017503603e+00,-4.865846468345272235e+00,3.512961222060127398e+00,7.000000000000000000e+00
1.707112930208921409e+00,-5.387808410691665717e-01,-1.168309637200524387e+00,3.799381551049038630e-02,2.194499967867998169e+00,6.000000000000000000e+00
-1.761151707843364722e+00,-1.412851051322596974e-01,-4.548746816238788071e+00,-4.788511893281270915e+00,2.505871410941897359e+00,7.000000000000000000e+00
2.211791845959691472e+00,-4.644592805577737238e+00,6.828048166623148507e-01,-1.367145256085550820e+00,-2.880826585408929885e-01,0.000000000000000000e+00
-3.613420076428992100e+00,1.168774067149673579e+00,-1.393824456737298378e+00,-3.598188056329874929e+00,4.245698644143540257e+00,7.000000000000000000e+00
-6.594937319421509958e-01,5.333998785095269035e+00,-1.705711399743461643e+00,-4.063196311621749324e+00,1.589885927264512944e+00,1.000000000000000000e+00
1.789721354826715460e-01,-3.565827594143728962e+00,-8.047464987519711843e-02,-2.803260636256244442e+00,-8.067282027134428102e-01,0.000000000000000000e+00
3.401384611851470563e+00,-2.776811686540280544e+00,-1.099456376431864557e+00,8.895312866185947076e-01,3.371027678686338014e+00,6.000000000000000000e+00
3.778416233224674681e+00,1.715884972082570847e+00,2.519448652870547978e+00,-2.061484552230969658e-01,-2.139394284605030894e+00,8.000000000000000000e+00
3.889444958206709657e+00,-2.361281821814990245e+00,-1.948193866912413474e+00,5.823091628179952739e-01,2.527436650685833452e+00,6.000000000000000000e+00
-2.251928818629437057e+00,-8.256731868665292406e-01,-3.921521116474252722e+00,-4.161747856747338048e+00,2.221631214491606165e+00,7.000000000000000000e+00
-1.083405435496276326e+00,6.223039405928580958e-01,-2.267647608615690924e+00,-2.428742129980659303e+00,2.319928112036846013e+00,7.000000000000000000e+00
-1.713884369115270756e+00,6.612395126515812294e+00,-1.230864124256376702e+00,-4.148809625692294389e+00,1.452077130808806960e+00,1.000000000000000000e+00
-1.155126941789234252e+00,-5.247446162238076361e-01,-4.445200322034078333e+00,-4.083514767212918173e+00,1.997095183230820803e+00,7.000000000000000000e+00
-1.338203090195723366e+00,-7.743048536998959896e-01,-3.421271103391958945e+00,-3.785246671832954934e+00,3.435762846121414693e+00,7.000000000000000000e+00
-1.964520539674284194e+00,-9.713349653948685214e-01,-2.219013405881265832e+00,-2.538541763199491541e+00,2.852085459856147587e+00,7.000000000000000000e+00
4.746161987782917535e+00,-5.609497730436272533e-01,2.189168005984542198e+00,1.169938523415761100e+00,-2.562689952041622199e+00,8.000000000000000000e+00
-4.756203156063212312e-01,-1.138951972013224345e-01,-6.300361293345691394e+00,-5.917150304447499565e+00,2.790951022380284030e+00,7.000000000000000000e+00
3.950479984854165849e+00,-5.887157515783509876e-01,1.816540671136894103e+00,3.356455756847138983e-02,-2.181919354605920347e+00,8.000000000000000000e+00
2.636104611322919844e+00,1.147143732695609986e+00,-1.259018323787035598e+00,-1.368097054450294170e+00,-5.717514626423967350e+00,3.000000000000000000e+00
-6.115390326630223417e-01,6.672376272706753708e-01,-3.835396266889366856e+00,-4.109046020666212939e+00,1.114263228896868574e+00,7.000000000000000000e+00
7.000172510087216970e-01,-3.692176874370523443e+00,1.611831569055654501e-01,-2.334605095364777672e+00,-6.356546572522119298e-01,0.000000000000000000e+00
-3.207084473941666403e+00,-5.923648379647766804e-01,4.704675472803199199e+00,1.516273351342219522e+00,-3.474867878547214683e+00,4.000000000000000000e+00
6.767796936430274801e-01,-2.868473155220605975e+00,8.095575339857647990e-01,-2.546743772912596349e+00,2.520471036216698213e-01,0.000000000000000000e+00
-1.919658958496649248e+00,-4.332898044285404815e-01,-2.605474138933770778e+00,-3.278416921863741784e+00,2.475005739119374493e+00,7.000000000000000000e+00
-2.616755311106010451e-01,-3.460957026596905628e+00,1.009952861716884698e+00,-1.972361949439879858e+00,-1.347951672296555659e+00,0.000000000000000000e+00
3.523283696186793046e-01,-4.875643152760151366e+00,1.203962581020181721e+00,-1.123646162658888947e+00,-1.512080586062739762e+00,0.000000000000000000e+00
1.370783049930645259e+00,-3.397876227834364826e+00,9.130072175851111638e-02,-2.021661146577965695e+00,-2.498169250098366323e+00,0.000000000000000000e+00
9.666607743419833865e-01,-1.872900300288798503e+00,2.711531310463347055e-01,1.347708114853358508e+00,2.764128769594656365e+00,6.000000000000000000e+00
-2.830233812604734389e+00,1.010073661260883077e-03,-9.021596375473773799e-01,-1.529538452521471248e+00,1.780867339254254889e+00,7.000000000000000000e+00
2.075750441630557219e+00,-5.190332238977961588e-01,-2.093843877989399083e+00,-7.749218432862321482e-01,2.977659501307476919e+00,6.000000000000000000e+00
-1.596940051395715487e+00,-1.116861989382842646e+00,-2.458688145253548729e+00,-2.899496594887628564e+00,3.725640796960099976e+00,7.000000000000000000e+00
-6.237276345924926968e-01,-5.315899560250458400e+00,2.686926483628517381e+00,-2.845922554074987731e-01,-1.564084332114306919e-01,0.000000000000000000e+00
8.042518786618750859e-01,-4.076798060803328738e+00,1.531594075669926447e+00,-1.114766851154950222e+00,-6.110960928706385964e-01,0.000000000000000000e+00
3.300709184575733701e+00,-1.084289266310804356e+00,-2.958904641438586669e-01,3.644417626236619023e-01,-4.905427709308707307e+00,3.000000000000000000e+00
3.460615779273570780e+00,-4.307271339175273717e+00,-1.683965759843985444e+00,1.314735628560441683e+00,2.393885046248287018e+00,6.000000000000000000e+00
-8.185753738187403483e-01,-2.247184693335515071e+00,-4.195971710963283030e+00,-3.806232110432151927e+00,3.175985855874036812e+00,7.000000000000000000e+00
1.215939975394598083e+00,-4.012471553861941764e+00,-1.107492290074940655e+00,-3.284153234079225658e+00,-1.693923039280640808e+00,0.000000000000000000e+00
4.992210830978591751e+00,-5.277881645222535223e-01,3.253523917362217244e+00,1.698147685873579338e+00,-2.061449820845647096e+00,8.000000000000000000e+00
-9.340838524462444781e-01,5.213512714001895532e+00,-1.136665530942213787e+00,-3.751271774229380185e+00,1.910526485516142348e+00,1.000000000000000000e+00
5.211715648113336208e+00,-1.383804660141445764e+00,2.496857229423419700e+00,1.628974551933217274e+00,-3.863341221872478304e+00,8.000000000000000000e+00
9.032684542560896757e-02,-2.250281650022428526e+00,-3.141139333938345768e+00,-2.587375346165052381e+00,2.488074427654776155e+00,7.000000000000000000e+00
-3.812622429514467975e-02,-2.130698194523455435e-01,-4.436944510252262219e+00,-3.723808799395079028e+00,4.817990150094067503e-01,7.000000000000000000e+00
-2.616091754669845892e-01,-3.652936714492850179e+00,9.982923871268863936e-01,-2.095387166501474052e+00,-1.007788685027149356e+00,0.000000000000000000e+00
3.893181734933245597e+00,-1.914730561064538206e+00,-4.304853926855370716e+00,-1.875853373233520305e+00,2.105802618984290220e+00,6.000000000000000000e+00
-1.878692610368974725e+00,5.311117749715235092e+00,8.422082504865080477e-01,-2.212125268379029119e+00,3.706101076966677788e+00,1.000000000000000000e+00
-2.743320036942134443e+00,4.255723125123952677e+00,1.074763153739601185e+00,-2.117470638341123479e+00,2.766638408510873504e+00,1.000000000000000000e+00
-1.523824093561286785e+00,-5.370479871222445523e-01,-3.000794389931447981e+00,-3.383055635572763897e+00,2.738770100409482655e+00,7.000000000000000000e+00
1.141314905203037133e+00,9.081368785296888291e-01,-1.103481478742670691e-01,-7.095556602630174181e-01,-5.267362305651171361e+00,3.000000000000000000e+00
1.328063687238552726e+00,2.248033671359216390e-01,1.138907705997934894e+00,2.368973224724945370e-01,-4.887227661668484657e+00,3.000000000000000000e+00
-2.184496340127591640e+00,5.140378733825380131e+00,-8.268447834189694978e-01,-3.397675471887163567e+00,1.627612915613805056e+00,1.000000000000000000e+00
-1.823605492399754002e+00,5.229009289394346421e-02,-4.581917414727938009e+00,-4.928054660901863393e+00,1.347287440265245051e+00,7.000000000000000000e+00
4.674731838405196349e+00,-1.006411924022481141e+00,3.853867973783428269e+00,2.285261397903866065e+00,-7.390117719516782202e-01,8.000000000000000000e+00
-3.097590541944875042e+00,-1.853913821057233235e+00,3.717570672235953388e+00,1.473013391661348148e+00,-5.923297939149615665e+00,4.000000000000000000e+00
4.688501284059189422e-01,-2.787470585646077748e+00,-1.641388431747946797e+00,2.419734044710414977e+00,2.603869636130548670e+00,5.000000000000000000e+00
2.658826932445216062e+00,-2.245485866438726941e+00,-9.952163939694232131e-02,1.469444193864448467e+00,2.601971647742994609e+00,6.000000000000000000e+00
1.077606951417099390e-01,-5.327837052484445834e+00,2.710806710073632608e+00,5.775379783638336095e-02,1.515909170070727785e-01,0.000000000000000000e+00
-2.135661310628905518e+00,6.377107337803868070e+00,1.250447978118719439e+00,-2.878687979504978234e+00,4.099967472355449338e+00,1.000000000000000000e+00
-1.421272581405209345e-01,-2.153424640413249547e-01,-3.127929704013114875e+00,-3.425366861158276155e+00,3.031915701888703296e+00,7.000000000000000000e+00
-7.463608759310069729e-01,-2.535923027152164888e+00,2.136993564554063418e+00,-1.503924665768113789e+00,-7.585624058652179480e-01,0.000000000000000000e+00
1.362382614790794699e+00,-4.408709637851039531e+00,1.885945468587542306e+00,-4.292337341050011523e-01,-1.084055300182679815e+00,0.000000000000000000e+00
-2.197629447444031214e+00,4.266122049286516393e+00,2.732071053044705877e+00,-1.111573191994117416e+00,5.417452916152370790e+00,1.000000000000000000e+00
-5.143629551704832492e-01,5.604191856276380612e+00,-1.986866442365110341e+00,-4.565846734944553731e+00,1.778295834953577348e+00,1.000000000000000000e+00
-1.763404406742928587e-01,9.119911280035970513e-01,-5.989958248938020091e+00,-5.884850560444079726e+00,1.665609730814212153e+00,7.000000000000000000e+00
-2.728053294633167258e+00,1.028075537668789341e+00,-5.266211244196768781e+00,-3.555208191077638080e+00,1.409649429963243383e+00,2.000000000000000000e+00
-2.463550269335301746e+00,7.195510390742961837e-01,-2.083608664227811769e+00,-2.774745846872632704e+00,1.851996512690386121e+00,7.000000000000000000e+00
-3.995732711178339169e-01,-9.302994634233006099e-01,-4.652497899616689914e+00,-4.229735401895074354e+00,2.186253668650961046e+00,7.000000000000000000e+00
1.827855490637304570e+00,-2.177396251119658732e+00,-1.318265069059673111e+00,2.956112146982103894e+00,4.077414199000845230e+00,5.000000000000000000e+00
-2.940658540038433522e+00,2.367099376769591368e-01,-2.456247709256655476e+00,-3.546350391671258873e+00,2.551862748769080369e+00,7.000000000000000000e+00
-5.515939029709234775e-01,-1.414668823492933658e+00,9.918211559883659545e-01,-3.120139042075121161e+00,-1.007613131420602576e-01,0.000000000000000000e+00
-1.896093229988695672e+00,-7.778319405239699780e-01,-2.002311821301897776e+00,-2.642462380289916091e+00,2.787346190544431668e+00,7.000000000000000000e+00
-3.749557210461920587e+00,-5.978292610317619271e-01,-5.124356874780378490e+00,-3.439605980307668620e+00,1.700675301829402075e+00,2.000000000000000000e+00
-1.203454981501194565e+00,-1.912223005046468582e+00,3.805239295834109137e-01,-3.302175233487287809e+00,-6.857828662338829595e-01,0.000000000000000000e+00
-1.531298840036977027e-01,-1.632455426949149135e+00,-5.655338924364842867e+00,-4.726486271864121846e+00,1.794106843712702126e+00,7.000000000000000000e+00
-1.392471202755749760e+00,-1.452858263129650496e-01,-5.822098756842607692e+00,-5.641975143355097977e+00,1.202064404621467020e+00,7.000000000000000000e+00
-5.831779691921572528e-01,-2.741484915776100539e+00,-2.454077123900270330e+00,-2.272893425072268769e+00,3.095948888922252173e+00,7.000000000000000000e+00
1.585233543759494657e+00,-3.293533484376717890e+00,8.367301505259359118e-01,-1.796040834253101126e+00,-6.740229742613644826e-01,0.000000000000000000e+00
-2.541730032523469074e+00,-1.190538777187342356e+00,-2.055755270344215457e+00,-3.058309533379210521e+00,3.637845953301769963e+00,7.000000000000000000e+00
2.456737560727325409e+00,8.850616754361935179e-01,-4.026530331769968107e+00,-3.710339481487325397e+00,-4.909278887936385338e+00,3.000000000000000000e+00
9.366555411444148493e-01,7.897871945274989591e-02,-5.920987748732693845e+00,-5.174425118467937956e+00,7.154885818644721729e-01,7.000000000000000000e+00
-4.744350476004318695e-01,-8.226115959682731571e-01,-4.075241888093799503e+00,-3.502479174511969884e+00,1.568767227138100573e+00,7.000000000000000000e+00
-1.426064774705624538e+00,-2.039744188286195303e+00,3.412116034131253084e+00,1.434390034262767566e+00,-5.028806602963706851e+00,4.000000000000000000e+00
-4.573705375388135153e-01,-4.089787828238344858e+00,3.391246593620752314e+00,-2.640122859302626024e-01,1.001300328758417901e+00,0.000000000000000000e+00
-1.817772189037555108e+00,5.503619997189064250e+00,6.739622864868823893e-01,-2.296067867144544028e+00,2.054470165193275299e+00,1.000000000000000000e+00
-2.914707780944203463e+00,-8.650460284409697831e-01,4.965852621632474317e+00,2.684628160224899140e+00,-5.947303987862090580e+00,4.000000000000000000e+00
-8.857853848551031639e-01,-1.812462759611749519e+00,-3.619829295955165449e+00,-3.140819376700703991e+00,1.159350684545730426e+00,7.000000000000000000e+00
1.394433550054431592e+00,3.870596085105618700e-01,-2.577490687675135117e+00,-1.502667088519591632e+00,2.305456692746938430e+00,6.000000000000000000e+00
-1.102892617324823021e+00,-1.125901948598032831e+00,-3.201728499887581680e+00,-2.698827041311189223e+00,1.363986276124170560e+00,7.000000000000000000e+00
2.133813607368118870e+00,1.098221595572002052e+00,-9.167550718393814302e-01,-9.356687932946965436e-01,-6.210876502401319499e+00,3.000000000000000000e+00
-1.924121986609906854e-01,-3.031983965159375849e+00,1.022246418634263021e+00,-1.937162749178579002e+00,-2.247618581521735770e+00,0.000000000000000000e+00
-8.548281919817066754e-01,-1.208061580148707570e+00,-2.396175651164169640e+00,-2.619921309513712160e+00,2.441934198997326888e+00,7.000000000000000000e+00
-2.957270814463558661e+00,1.071199201679170931e+00,-6.139249135639192723e+00,-3.980339897640667424e+00,-1.720105241633936854e-01,2.000000000000000000e+00
5.415895369222720745e-01,-2.788432145325579370e+00,5.684190092330101418e-01,-2.529914874982659434e+00,-9.782516618427540278e-01,0.000000000000000000e+00
3.072592830492875543e-02,-9.334440871693669983e-01,-4.113821085010965772e-01,-1.059641171333414844e+00,-7.305603193011796392e+00,4.000000000000000000e+00
2.862569964035684755e+00,-2.989804583827804230e+00,-1.283137310166277967e+00,6.008264097653537306e-01,3.347989460779447590e+00,6.000000000000000000e+00
-6.562048387743740774e-01,6.267474777740782876e+00,-1.125518784752904455e+00,-3.867222720109716239e+00,1.971436347786732490e+00,1.000000000000000000e+00
3.361599702845738946e+00,-5.025895691313082558e-01,-1.940036091497651549e+00,-1.635185969378812887e+00,-5.913201032465876139e+00,3.000000000000000000e+00
5.858662282750782824e-01,-1.201788123576549516e+00,-4.035984028569835402e+00,-3.546029841508087088e+00,2.276033705372894733e+00,7.000000000000000000e+00
-2.078901005648060019e-01,-1.258536216624127846e+00,-3.749759609302101282e+00,-3.384449006260644044e+00,1.790601851264172373e+00,7.000000000000000000e+00
3.779501762111651786e+00,9.303149517012166969e-01,1.415888132395819676e+00,-6.427496576915252557e-01,-2.758409924338989683e+00,8.000000000000000000e+00
-2.034736619432117699e+00,-4.227054898887458445e-01,-3.810766036688534975e+00,-3.901382711515033463e+00,2.107003093116600834e+00,7.000000000000000000e+00
-9.596314190804849931e-01,1.170437145308755422e+00,-5.762045845391781995e+00,-5.765650773835517384e+00,6.409771613000054824e-01,7.000000000000000000e+00
-3.348881977144437361e+00,1.406712338473515622e+00,-5.119995047664723131e+00,-3.129863417525517111e+00,-2.363895865333023871e-01,2.000000000000000000e+00
2.917174052946559293e+00,-1.491197242076302443e+00,-1.913441037921294496e+00,-5.218108657505318160e-01,3.502682195502099027e+00,6.000000000000000000e+00
-2.947599370464429658e+00,-1.085916224569883903e-01,-1.141205322754526241e+00,-2.166070019052524387e+00,3.144539332160221079e+00,7.000000000000000000e+00
-4.545447245097758326e+00,9.346744260485863043e-01,-4.122029062775897756e+00,-2.959167185786379051e+00,1.344139162781821106e+00,2.000000000000000000e+00
3.756644924206248959e+00,3.118181039012619671e-01,-3.281323227248183372e+00,-2.430151658072065235e+00,-6.562356608384837031e+00,3.000000000000000000e+00
-2.242316838970819237e+00,5.004077271516738090e-01,-4.006368028134463799e+00,-4.256326923091662273e+00,1.287557971448132887e+00,7.000000000000000000e+00
-2.547311329315690154e-01,-2.512168568195712659e+00,2.291816355796866045e+00,-6.858224525363303403e-01,-1.830676706128288478e+00,0.000000000000000000e+00
-2.079580673620483822e+00,1.826954933502087375e+00,-7.901114882942730233e+00,-5.725261861429067345e+00,5.422890045764416911e-01,2.000000000000000000e+00
-1.551635234148821318e+00,-2.009303097173638086e+00,-2.231096677207344836e+00,-2.382308506492211375e+00,2.891110850395798515e+00,7.000000000000000000e+00
-2.011531474273137388e+00,-1.285564198645404055e+00,-1.381404871027480663e+00,-2.286939681912485867e+00,3.685659651181201646e+00,7.000000000000000000e+00
-1.173289814121253105e+00,-1.436764627879133727e+00,-4.419454349866965615e+00,-4.240665402964243214e+00,2.034129231787895176e+00,7.000000000000000000e+00
1.623337125347188215e+00,1.113541343484377499e+00,-1.217592043709568639e+00,-2.040387343234634443e+00,-4.639576140458292919e+00,3.000000000000000000e+00
-2.122021105068076174e+00,-1.912670100671254758e+00,-3.527040908063104219e+00,-3.258320409006895346e+00,1.427742326773914883e+00,7.000000000000000000e+00
-2.115924371770783630e+00,-4.713585601248221346e-01,-2.814967774284182322e+00,-3.419105611066225681e+00,3.630756880128700015e+00,7.000000000000000000e+00
-2.046296217007738338e+00,-1.363567939244906935e+00,-4.255328685581957870e+00,-4.306279998198865755e+00,2.594944528579065768e+00,7.000000000000000000e+00
1.840077944860064374e+00,5.866509320247643711e-01,-1.396538840641541990e+00,-1.970498087483577354e+00,-4.285590813549564615e+00,3.000000000000000000e+00
-6.150559023389802205e-01,-1.256479836362153657e+00,9.052093774449807562e-01,-2.942371062626655487e+00,-2.603429933917698058e-01,0.000000000000000000e+00
-7.425505085506841629e-01,-1.202845332716752785e-01,-3.826937262648555382e+00,-4.180990659255043873e+00,2.993026546661381904e+00,7.000000000000000000e+00
-2.766287886230312854e+00,-1.873440069795635488e+00,4.484776836490232732e+00,2.587643375514496302e+00,-6.691728408165251274e+00,4.000000000000000000e+00
1.472483340718021338e+00,8.701152947483720146e-01,8.192349152866438278e-01,-2.944088372418132704e-01,-3.926315041012885310e+00,3.000000000000000000e+00
3.503477227008460759e-01,-3.680177115900845397e+00,2.084027983210569701e+00,-7.403864652013421033e-01,-2.170993965153154015e+00,0.000000000000000000e+00
-2.048223385092358129e+00,1.530953450706210028e-03,-4.982332466182326947e+00,-5.003840541016626453e+00,9.068268925517359857e-01,7.000000000000000000e+00
-2.661744655756406619e+00,-1.996941664171978936e-01,-1.583328738407645764e+00,-2.763223881322182329e+00,3.627235744493113145e+00,7.000000000000000000e+00
3.713731573306708000e+00,-2.618424931082818929e+00,-8.231516814201905730e-02,2.585599520712963173e+00,6.137753236364366094e-01,6.000000000000000000e+00
3.007178495208419067e-01,-2.864265821231189335e+00,9.187410749006035271e-01,-1.619699111344501619e+00,-3.026751284253968777e+00,0.000000000000000000e+00
-2.066169135809033275e+00,6.842093187757996908e+00,-2.022577804869165163e+00,-5.307602809246792397e+00,2.215356033774603883e+00,1.000000000000000000e+00
-2.984802391628047058e+00,-5.872910554018417884e-01,-1.076087565454604267e+00,-2.504539769832627272e+00,4.349766682520868954e+00,7.000000000000000000e+00
1.687755876413459533e-01,-3.812988015226118410e+00,2.084145287565809745e+00,-1.078462824690173960e+00,-5.042558155286934740e-01,0.000000000000000000e+00
-1.440714167029531811e+00,5.421973766563269237e+00,-9.117718577839514227e-01,-3.877063971378023055e+00,1.948482069101487690e+00,1.000000000000000000e+00
2.947778751526089813e+00,7.812822742952720834e-01,-1.984032127348301033e+00,-1.952414977450739331e+00,-4.434870639243811752e+00,3.000000000000000000e+00
-7.345034790132122238e-01,6.155159694426928674e+00,-4.749114645380605321e-02,-3.275345884231676941e+00,3.254353978121427016e+00,1.000000000000000000e+00
-1.306411885116915306e+00,-2.156189601438797787e+00,-3.609044614976370191e+00,-2.912433978716021166e+00,1.242612363016784682e+00,7.000000000000000000e+00
-4.092514172748296097e-01,-2.228181779437726773e-01,-4.310583177900532803e+00,-4.133351587333462085e+00,7.088859459068861391e-01,7.000000000000000000e+00
-5.698251172532103892e-01,-1.096989924872335598e+00,-4.841459502742938348e+00,-4.448182780198906450e+00,2.088165115427828677e+00,7.000000000000000000e+00
-7.181035851858142971e-01,-1.166340941740190429e-01,-3.218518917238638366e+00,-3.404944771359986966e+00,2.030708729151836422e+00,7.000000000000000000e+00
-1.368271602479665061e+00,5.254871815393684642e-01,-5.205411654838239421e+00,-5.021424389597346050e+00,4.958368443613153653e-01,7.000000000000000000e+00
-4.105574067943292604e+00,-1.210333174743613682e+00,-5.783732237222357853e+00,-3.491242026153316136e+00,8.368367347651908816e-02,2.000000000000000000e+00
-4.091786532624592243e-01,-1.967488158817435551e+00,1.571013684024131107e+00,-2.097852808212763431e+00,-5.209608499199300802e-01,0.000000000000000000e+00
-9.189719825746898163e-01,-7.136565710187601219e-01,-5.387587153566276932e+00,-4.669336069634995035e+00,1.159874003496666472e-02,7.000000000000000000e+00
2.980471696515050173e+00,-2.106057187392051500e+00,-2.529561104217452339e-02,1.418243393152161635e+00,4.246829697308580620e+00,6.000000000000000000e+00
2.941246783193930181e+00,-2.558136394851431739e+00,-1.972083161428757725e+00,1.827439269759046914e-01,3.257773462799957276e+00,6.000000000000000000e+00
-3.883798081660748025e+00,5.611350785142158459e-01,-6.526265959162625307e+00,-4.024086206490459006e+00,-1.201460678661559589e+00,2.000000000000000000e+00
-1.559692322286255317e+00,1.545248393117974572e+00,-4.996906695537803422e+00,-5.758347769474165823e+00,2.284912975780181821e+00,7.000000000000000000e+00
1.712658772632317805e-01,4.414551927867693237e+00,-9.534986070907902622e-01,4.121265213714841558e+00,-1.004902959170159171e+01,9.000000000000000000e+00
-1.459285945614796631e-01,-1.111699598244093812e+00,-3.327481877453326131e+00,-3.256782014755193355e+00,3.228074840760750686e+00,7.000000000000000000e+00
-2.244630207787727372e+00,-6.688544733023104039e-01,-2.757026367474448847e+00,-3.494437691337830554e+00,2.692651536476658780e+00,7.000000000000000000e+00
-1.360721966736965882e+00,7.204082580818134129e-01,-5.076087226311476464e+00,-5.012375538986337808e+00,1.261950760579229058e+00,7.000000000000000000e+00
1.800520117783058316e+00,3.607398784345176579e-01,-7.642262965376418471e-01,-1.014276675649868897e+00,-4.639216178602632468e+00,3.000000000000000000e+00
-2.924197705504130607e+00,5.444649241350871804e-01,-6.693431960720942264e+00,-4.619119344306059638e+00,9.354651098412767318e-01,2.000000000000000000e+00
1.789335484722491154e+00,2.305190838313759372e+00,-5.342658028697753192e-01,-1.168907928110110683e+00,-6.202643670789912633e+00,3.000000000000000000e+00
1.790893453807937297e+00,-1.621721270457303410e+00,5.121001958414022059e-01,1.501544143763798633e+00,3.503105240924023089e+00,6.000000000000000000e+00
-3.171580457806006059e+00,7.863659612022005918e-01,-2.710667042873560195e+00,-4.185884380570863428e+00,2.654115679414101869e+00,7.000000000000000000e+00
3.425649839897439097e+00,-4.526789469926652210e+00,-2.264726706608058748e+00,-3.289417445847345522e+00,-2.016031722389650671e+00,0.000000000000000000e+00
-3.652885053873777377e+00,1.734604805899587543e+00,-6.129523091415173042e+00,-4.715020736915473520e+00,1.374534227262642849e+00,2.000000000000000000e+00
-3.557486654069532683e-01,-1.181100161166241280e+00,9.537619634089999909e-01,-2.033830221992617426e-01,-6.390369366648776861e+00,4.000000000000000000e+00
-1.664486609190139799e+00,-8.413646981506016365e-02,-2.148813537861070433e+00,-3.153295778765143442e+00,2.997733279068194978e+00,7.000000000000000000e+00
3.391841755441226791e+00,-2.246886113634852578e+00,-3.284886718053869337e-01,1.210873078813959669e+00,3.775648740135177928e+00,6.000000000000000000e+00
-2.152959694895707710e+00,-9.135675930149635970e-01,-2.638129712494645673e+00,-2.696336129895842149e+00,1.961507691537323517e+00,7.000000000000000000e+00
-2.690027777611801341e+00,4.053664618283603360e-01,-9.992072276201668046e+00,-6.783799780666466717e+00,-1.105006419487640557e+00,2.000000000000000000e+00
1.556773215553606926e+00,4.219781289528693691e+00,2.614607674724548358e-01,5.354332263992728436e+00,-7.826669353616963143e+00,9.000000000000000000e+00
-1.873742875107517580e+00,5.423595500880153075e+00,4.980154319878898339e-01,-2.929571215934103190e+00,4.220226598437038845e+00,1.000000000000000000e+00
-1.525689722544774529e+00,4.929073802558335160e+00,7.611638856667047870e-01,-2.136155111659129524e+00,2.027230174816854191e+00,1.000000000000000000e+00
1.955430757275053777e+00,-1.370740629066071525e+00,-2.660472136851209868e+00,-8.240189535294674128e-01,2.011088839059029798e+00,6.000000000000000000e+00
-1.028440987914399640e+00,7.473085964894432554e-01,-4.658363677896601551e+00,-4.904953117360833836e+00,1.843442750115674045e+00,7.000000000000000000e+00
1.301716026766954082e+00,-3.871056623419968812e+00,8.511746904911386968e-01,-1.488782119821982608e+00,-1.987805117917145648e+00,0.000000000000000000e+00
1.011258690210863787e+00,-2.868691578493383076e+00,1.698703675068274688e+00,-6.766295011632338374e-01,-2.271340700449526295e+00,0.000000000000000000e+00
-2.264198768521803906e+00,5.808717401612356390e+00,6.618218644350893909e-01,-2.875765600616667417e+00,2.918473275266970646e+00,1.000000000000000000e+00
-4.608040537072002341e-01,-3.178217662812778399e-01,-5.442036203770534541e+00,-5.084654852563643246e+00,1.544882621466385775e+00,7.000000000000000000e+00
-2.882048404456359236e+00,-1.530709889829295900e+00,5.605497676011364505e-02,-1.034873986251565015e+00,3.752507317836681011e+00,7.000000000000000000e+00
5.284504604000950678e+00,-4.617153332657232823e-01,2.466671178737034342e+00,7.959785596933320884e-01,-1.803173112177617776e+00,8.000000000000000000e+00
-1.700316554480561626e+00,8.731208959741058040e-01,-2.744373154402612869e+00,-3.750732192221346573e+00,3.886867282637945564e+00,7.000000000000000000e+00
-6.967125292363569589e-01,-2.461095945704011800e+00,3.130918111368879764e+00,-9.062760216470284735e-01,6.238164849205973805e-01,0.000000000000000000e+00
-1.014793575847489082e+00,-1.469425540675036279e+00,-4.420307652889726491e+00,-3.650071629151698804e+00,1.528326971191612094e+00,7.000000000000000000e+00
-2.310540413740679033e-01,8.604762395140815867e-01,-2.767756437188841012e+00,1.741132278350042140e-01,2.954743408578210051e+00,5.000000000000000000e+00
-1.155540448890300276e+00,-1.185975004180744419e+00,-4.450232094505735425e+00,-4.510137441559840532e+00,2.546391368244512510e+00,7.000000000000000000e+00
-9.884674789038708775e-01,-2.117183549300783785e+00,-3.912188545650855609e+00,-3.060622693093114854e+00,1.456036097358820669e+00,7.000000000000000000e+00
-5.535486234816436868e-01,-6.022744746087796974e-01,-1.270909402980499481e+00,1.733218445340873215e+00,3.931186372068768087e+00,5.000000000000000000e+00
9.533482565347435322e-01,-4.979323165831307740e+00,1.055608518474491220e+00,-1.561454335225518131e+00,6.775980518406700404e-02,0.000000000000000000e+00
1.755785072307554762e+00,4.851475117743208720e+00,-2.858172961796141998e+00,2.971755484421661375e+00,-1.001257384003793760e+01,9.000000000000000000e+00
4.454539195521447503e-01,-4.135529615135304482e+00,2.891399157117585883e+00,-2.546230052335463623e-01,-1.002535400740266036e+00,0.000000000000000000e+00
-1.154947688274853945e+00,6.711668925896869808e+00,-1.849752341980528625e+00,-4.992045753020767584e+00,1.347226497879108864e+00,1.000000000000000000e+00
2.061512578471754953e+00,-2.159426727516568612e+00,-3.649215590348580118e-01,1.019900696092182146e+00,2.931803022696456207e+00,6.000000000000000000e+00
3.226369095162159972e+00,-5.693761868228472967e-01,-2.192673352059913316e+00,-5.368065983888300474e-01,2.345947175699211407e+00,6.000000000000000000e+00
-8.871044125629145016e-01,1.088728311758755840e+00,-5.476217966983853991e+00,-5.076014001067806980e+00,-1.146955314588355701e-01,7.000000000000000000e+00
-1.598875436946265216e+00,-3.966054953759639012e-01,-2.970936109688062210e+00,-3.588053055780862532e+00,1.997858532045935442e+00,7.000000000000000000e+00
5.167421214960040698e-01,-4.741839641239479874e+00,2.450426481285020497e+00,-6.732666977090679961e-01,-3.202237433701505820e-01,0.000000000000000000e+00
-5.305548390236142220e-01,-3.348994173923642403e+00,2.617236593785028820e+00,-1.002933094501363254e+00,-1.857476377505504206e-01,0.000000000000000000e+00
2.629813207886812165e+00,-1.934089259178584652e-01,-4.358333469055562515e-01,-8.404843418193658211e-01,-4.367750208283046831e+00,3.000000000000000000e+00
3.400664967811032557e+00,-3.053378327241066614e+00,-1.131987365462256978e+00,1.299176044875849811e+00,2.657001953666934480e+00,6.000000000000000000e+00
-1.409235308221087557e+00,-1.555347445872217182e-01,-5.049555460539270513e+00,-5.104984139054296044e+00,1.208040501280387646e+00,7.000000000000000000e+00
-1.536785248019242323e+00,-3.435278405508412458e+00,-3.254810891438126852e+00,-2.989259000172116654e+00,3.760986591304625648e+00,7.000000000000000000e+00
-2.942523227154596466e-01,5.549449977167465464e-01,-6.758399599079638165e+00,-6.319074850782613773e+00,1.325366615888799782e+00,7.000000000000000000e+00
-8.407894403781760451e-01,-3.274565503786530218e+00,2.041665863768509226e+00,-1.271978795975801324e+00,-7.464992171908453322e-01,0.000000000000000000e+00
1.669821141271506715e+00,-1.985719717600990641e+00,5.652130221782913910e-01,2.221999978951091581e+00,2.640241842057084121e+00,6.000000000000000000e+00
1.337481346121502046e+00,-1.159924144088910314e+00,-3.056466463544965873e+00,1.328569510346935045e+00,1.542094602738365960e+00,5.000000000000000000e+00
2.876718860006539646e+00,-3.278179609438284459e+00,5.859248993771259961e-02,1.841748036191180660e+00,3.941890075942694249e+00,6.000000000000000000e+00
-4.015924140577239676e+00,-3.804722864481441813e-01,-8.195519841254297333e+00,-5.572455519038786775e+00,-3.036713405159447432e-01,2.000000000000000000e+00
-7.353654077119231580e-01,-1.167410039959247525e+00,4.071945132165375458e-01,-1.074910867721833974e+00,-4.606740483565316069e+00,4.000000000000000000e+00
7.731395882365243999e-01,-1.659732516188465068e+00,1.367021245328520651e+00,2.344986402898999511e+00,3.531156284526840938e+00,6.000000000000000000e+00
1.639534462389126424e-02,-1.553874017258484397e+00,1.049480692608248500e+00,4.003829686175248703e+00,5.046699040812541170e+00,5.000000000000000000e+00
3.742720719131571450e+00,-9.146224776587902339e-02,-4.029159010214740100e+00,-3.085398669407364292e+00,-7.006075563551194207e+00,3.000000000000000000e+00
-1.736633927389402698e-01,-5.535572830511290121e+00,2.981865831525168264e+00,2.623771641133496035e-01,-3.990756263524957714e-01,0.000000000000000000e+00
3.348772809036455911e+00,-9.370560768220230763e-01,-6.319835096264218022e-01,1.013981352488646959e+00,2.648182752989544753e+00,6.000000000000000000e+00
-2.057367393963946522e+00,-9.579611826765009885e-01,-1.013990737781813811e+00,-2.002070857840034357e+00,5.073321204569936960e+00,7.000000000000000000e+00
2.812439829052048257e+00,-2.060014930054277382e+00,-1.050817552672515864e+00,4.684691779853296101e-01,3.183115565173909367e+00,6.000000000000000000e+00
-2.238799853798942863e+00,1.584394191613333613e-01,-3.488165080559810338e+00,-3.771167848973024483e+00,1.304623923789268725e+00,7.000000000000000000e+00
-3.248233560962422661e+00,1.843867143232157391e+00,-6.427392675456408355e+00,-4.488540863756123933e+00,-9.943329929870985406e-01,2.000000000000000000e+00
-1.787268408156876154e+00,3.794646813778621564e-01,-2.654029246425621658e+00,-3.379330264614071488e+00,2.384518653795724141e+00,7.000000000000000000e+00
3.310832924053057624e+00,-3.239666168126717594e+00,-7.548304981449990847e-02,1.796066354100646745e+00,3.937865641429728392e+00,6.000000000000000000e+00
6.618888308935068077e-01,3.247938933825538665e+00,5.404362545327297263e-02,5.209583441996599618e+00,-7.260234469569745386e+00,9.000000000000000000e+00
5.099047200594405416e-01,-3.582763496474707932e+00,-2.664894877932633688e-01,-2.798911553171570699e+00,-1.898007350444962160e+00,0.000000000000000000e+00
-2.230076762403829516e-01,-2.442594936751874446e+00,-3.668274579901860566e+00,-2.932095711891314682e+00,1.136654244578515494e+00,7.000000000000000000e+00
6.366561532544479096e-01,-3.836511875833559237e+00,1.466283131897742509e+00,-1.269093058339596736e+00,-9.159818108989431495e-01,0.000000000000000000e+00
2.868930033480394215e+00,-3.015901876894815370e+00,-2.201556217821683870e+00,-3.867662680863712676e+00,-2.237099527979045543e+00,0.000000000000000000e+00
-1.321669297193812431e+00,4.596319679514445089e-01,-4.714385611184372493e+00,-4.774308978660378067e+00,8.393417197699060139e-01,7.000000000000000000e+00
4.140001358153510225e+00,2.273748583647959287e-01,3.341076521183047987e+00,1.062668567994332181e+00,-1.054613160168404118e+00,8.000000000000000000e+00
-1.202321005819760646e+00,-1.415297753306851147e+00,-4.221015638759621602e+00,-4.110781874073437869e+00,2.363122656919527387e+00,7.000000000000000000e+00
-1.324961351348258543e+00,-1.759414966590174823e-01,-2.746356775898726177e+00,-3.442578959132303940e+00,2.396414182521023672e+00,7.000000000000000000e+00
1.976386016527859946e+00,-2.166736178388526834e+00,-1.361148028162630474e+00,-7.563995158646472095e-02,4.397705306949622361e+00,6.000000000000000000e+00
-4.744994026666577547e+00,-2.726972799518702084e-01,-5.090162891352208341e+00,-3.097385088402013764e+00,9.850401820322296498e-01,2.000000000000000000e+00
2.603895589292707147e+00,-2.510702270839952455e+00,-2.631817397244992751e+00,-1.911763157132950197e-01,1.290999201160210941e+00,6.000000000000000000e+00
2.196303277377511964e+00,1.151288283015568403e+00,-1.832394202854660259e+00,-2.154382208347331851e+00,-5.803072391851489265e+00,3.000000000000000000e+00
4.448602128993259797e-01,-3.117960015350037306e+00,1.453546639818592112e+00,-1.819317425257583443e+00,2.156234482326829793e-02,0.000000000000000000e+00
-2.198775804948275958e+00,-2.139916144332435266e+00,-3.396424169054110376e+00,-3.227734718840875150e+00,2.119847102500450386e+00,7.000000000000000000e+00
3.768247953498597980e+00,-3.932795595930391297e+00,-2.002722773343213358e+00,9.252913722651823214e-01,2.447335545563408488e+00,6.000000000000000000e+00
2.251614070858619920e-01,-3.469637602555723177e+00,1.435521232469872954e+00,-1.697859087615387619e+00,6.667654481601669181e-01,0.000000000000000000e+00
1.306987970559901457e+00,-2.724122636824576116e+00,-5.900385163373800257e-01,-3.113570411363189461e+00,-1.382712012975457094e+00,0.000000000000000000e+00
2.443644770998077143e-01,4.808891133499536785e+00,1.679627354216971513e+00,5.756085674009385755e+00,-7.151401344848408392e+00,9.000000000000000000e+00
1.745645744472184013e+00,1.441187422874003810e+00,1.757026785242156094e-02,-1.156194660892966075e+00,-2.743185771644158333e+00,3.000000000000000000e+00
-1.123568805625869027e+00,-8.251573486559540260e-01,-4.638825908457175906e+00,-4.567463568714525302e+00,2.783363703516446019e+00,7.000000000000000000e+00
-1.662242557030458867e+00,9.947893574786447202e-01,-4.454157037308418055e+00,-5.307418846882509200e+00,2.920046683604421656e+00,7.000000000000000000e+00
-1.873702534213789739e-01,-1.083598531071251037e+00,-4.714141011249096458e+00,-4.233321781239220982e+00,2.232830233443864998e+00,7.000000000000000000e+00
-8.514644235113540960e-01,-2.882803145773012998e-01,-3.047525985652110414e+00,-3.779449328857547918e+00,4.454230999336108887e+00,7.000000000000000000e+00
-1.689130693725036325e+00,-1.713408255850656481e+00,-1.387468073929932766e+00,-1.654631372410405366e+00,2.487880011759493915e+00,7.000000000000000000e+00
-2.097301255718120760e+00,-1.231112755233833678e+00,-3.336500114854094035e-01,-1.149852117916765115e+00,3.376205741237498614e+00,7.000000000000000000e+00
3.678408997789624824e+00,-2.899604861487492524e-01,5.957759482871066048e+00,3.068637648928187023e+00,-5.861080356354988474e-01,8.000000000000000000e+00
2.076376226365702404e+00,-1.273166042665653253e+00,-1.540830936070112234e+00,-3.281245968721024919e-02,2.906157421117406603e+00,6.000000000000000000e+00
1.216707607106040534e+00,-2.785917909056350616e+00,-3.181175010298363581e+00,1.122060824760811037e+00,4.749504178765540985e+00,5.000000000000000000e+00
-1.419331810798477811e+00,5.669178656531589588e+00,-1.631553687944674813e+00,-4.319485240934855419e+00,9.041809590200313718e-01,1.000000000000000000e+00
-3.031332573370945305e+00,-5.264647779180212650e-01,-7.243847352864237088e+00,-4.455873691589037122e+00,-7.434668219511081366e-02,2.000000000000000000e+00
-7.240310300357368778e-01,-1.489939618781340736e+00,-4.189405017401641729e+00,-4.380170727180448864e+00,3.969000301815698073e+00,7.000000000000000000e+00
-2.674355405640051142e+00,1.035946432804204953e+00,-2.086139344769945225e+00,-3.359778198728030407e+00,3.341705730346538505e+00,7.000000000000000000e+00
-1.498609130656121335e+00,-3.676426435367033951e-01,-2.005098477830615789e+00,-2.779909856707865057e+00,2.822419027575946426e+00,7.000000000000000000e+00
-1.663264416541181179e+00,-1.005294267584774248e+00,-1.500496310397345434e+00,-2.288544310996718956e+00,4.012308662695033057e+00,7.000000000000000000e+00
2.070488530811469108e+00,6.745226821473547796e-01,2.871872481119263493e-02,-4.383183009241606309e-01,-3.600114418195433430e+00,3.000000000000000000e+00
-1.534344146840628476e+00,5.774230833707102661e+00,-1.045779272917492397e+00,-3.965468733918406041e+00,2.522624975696039495e+00,1.000000000000000000e+00
1.570288704208392394e+00,-2.155114844663330143e+00,-9.429179515770482745e-01,5.819235887734572898e-01,2.439488205961800826e+00,6.000000000000000000e+00
2.039533384053813680e+00,-1.481449402582824204e+00,-1.181960961970841550e+00,3.084367671050064486e-01,3.365585776218861902e+00,6.000000000000000000e+00
-2.456034000785924043e+00,6.391951706440267555e-01,-2.755049415388497902e+00,-3.778498163850442459e+00,3.380858572181623334e+00,7.000000000000000000e+00
-1.028154395421081002e+00,8.713487501838681482e-01,-5.632356264518951328e+00,-6.076443144754809289e+00,2.298799647914206989e+00,7.000000000000000000e+00
-1.761511789318529475e+00,-1.139450534558658301e+00,-2.921369733355353659e+00,-3.270623530975711457e+00,3.340849262422914023e+00,7.000000000000000000e+00
2.313166664495565961e+00,-2.332318212986123740e+00,1.880525209044254131e+00,2.916463580401261524e+00,5.087288535452264782e+00,6.000000000000000000e+00
-8.810975151080265855e-01,4.136062395246381307e+00,4.322221184316588083e-01,-2.258887430050670719e+00,1.858201188528684877e+00,1.000000000000000000e+00
-3.714342334404711288e+00,2.224803454774889833e+00,-5.356713324283663091e+00,-3.993870399866422893e+00,1.166277279482569762e+00,2.000000000000000000e+00
-1.103533141634171821e+00,5.225141677751567570e+00,-6.638149860787817547e-02,-2.509328330263909557e+00,1.052264401424683582e+00,1.000000000000000000e+00
-5.338806834728687889e+00,1.370649826980738561e+00,-5.532999480983804119e+00,-4.249569838038439684e+00,4.716553605155955342e-01,2.000000000000000000e+00
1.009554556882294118e+00,-1.385495443617658085e+00,-2.530552648943229510e+00,1.891423349679432375e+00,1.930047141101522756e+00,5.000000000000000000e+00
3.173812649949638409e+00,-4.923971662277085715e-01,4.576697301489910608e+00,2.371881204840385671e+00,-1.221997807268390579e+00,8.000000000000000000e+00
1.068334793661551485e+00,-4.838404819113329758e+00,1.380534689789543412e+00,-1.407465795774537787e+00,5.482251303959439354e-02,0.000000000000000000e+00
-1.611884543321658203e+00,-1.642410593272254804e+00,-2.502469421478467737e+00,-2.774537675224585609e+00,2.691433195137107326e+00,7.000000000000000000e+00
3.753884206405469492e-02,-3.650709239333066236e+00,2.590725090962147981e+00,-6.992467182337215315e-01,-2.210778989050017629e-01,0.000000000000000000e+00
-2.336755150460963826e+00,5.416818805289802086e+00,2.487363064298153681e+00,-1.391733167143116345e+00,4.147145422837185791e+00,1.000000000000000000e+00
3.390820249679967535e+00,7.290404429639499306e-02,-1.217412165560011861e+00,-1.461722372460707575e+00,-4.854357940349881773e+00,3.000000000000000000e+00
-2.485035685497053226e+00,-2.351066807961905425e-01,-2.767500506316127318e+00,-3.422989683885503620e+00,2.752520477191744863e+00,7.000000000000000000e+00
-8.359246461366403036e-01,-2.768868634029045150e+00,3.307686826341624808e+00,-4.935187971814580798e-01,-2.773372844129195353e-02,0.000000000000000000e+00
-2.585740554559063042e+00,5.173423442365709946e-01,-6.372102307875936233e+00,-3.905520165257803544e+00,-5.095654027691305377e-01,2.000000000000000000e+00
1.841743668824816993e+00,7.855975096331239138e-01,4.613271844697803825e-01,-9.968771141032424510e-02,-4.304545865689108908e+00,3.000000000000000000e+00
-2.461585982743234702e+00,-4.034817938145158767e-01,3.143629251456485196e+00,9.060427507004489289e-01,-4.971523465133931730e+00,4.000000000000000000e+00
-1.367301845984538466e-01,2.934993069147747921e-02,-5.081729117915741334e+00,-4.787515644355951672e+00,1.050511711948558746e+00,7.000000000000000000e+00
-7.407223446453489180e-01,-2.365145567602344290e+00,3.323240710389212538e+00,-7.653680986049159474e-01,1.166975296167548137e+00,0.000000000000000000e+00
-3.045163257534261092e+00,5.558863323245279986e+00,1.789891195868191565e+00,-1.949675357111571250e+00,4.057659302327657258e+00,1.000000000000000000e+00
-1.325758617410994544e+00,-1.270316914980905043e+00,-1.595117520577123527e+00,-1.847090964601999952e+00,1.922062411353524292e+00,7.000000000000000000e+00
1.684972850392990051e-01,-8.037853627409369262e-01,-6.222832561368776716e+00,-5.380590980396167566e+00,2.435452189845985327e+00,7.000000000000000000e+00
7.625739959451208749e-01,-3.463243963643232615e+00,7.894547132507814258e-01,-2.247951027747349340e+00,-2.767416405484016684e-01,0.000000000000000000e+00
1.688343881368941535e+00,-8.402122735897682437e-02,-3.361941237173549091e-01,-9.338576725512666155e-01,-2.585005467942055102e+00,3.000000000000000000e+00
-2.075266129889331346e+00,6.591507807317692480e-01,-2.415925718330562244e+00,-3.653337012690050400e+00,3.840399166565678257e+00,7.000000000000000000e+00
-1.273877807018824138e+00,-4.136038337154902822e-02,-4.315109090643256984e+00,-4.633168136934342485e+00,2.639712266050925571e+00,7.000000000000000000e+00
-2.877253911019875598e+00,2.183822314845564883e+00,-5.675035878694576041e+00,-3.760028877693062821e+00,-7.588157988561185230e-02,2.000000000000000000e+00
-2.495052715007918254e-01,-1.009695872102869707e+00,-4.975903820412338696e+00,-4.560177057201599382e+00,1.637878531902545731e+00,7.000000000000000000e+00
-7.484446500175017114e-01,-3.514543926598532320e+00,1.231928523606519166e+00,-1.839836630092589687e+00,-8.170263677890632348e-01,0.000000000000000000e+00
1.494846846459178646e+00,-4.363878082441460471e+00,8.898942985927301708e-01,-1.617256588032742748e+00,-9.289624137269202331e-01,0.000000000000000000e+00
-2.766662924026151771e+00,1.903040252296652191e-01,-6.191937007034378659e+00,-4.135841510547212607e+00,1.629300931262036567e+00,2.000000000000000000e+00
-4.909711591558962862e-01,-3.245509764940161190e+00,2.588460409031214216e+00,-8.773792841850347468e-01,1.285233183117052425e-01,0.000000000000000000e+00
8.601758951424250954e-01,-9.683399909534101679e-01,-6.933220430923753064e+00,-5.048333969435250701e+00,-6.474940743687892519e-01,7.000000000000000000e+00
2.970484081991661807e+00,2.912298632964468448e-01,-4.089594636011276152e-01,-4.578489804099964977e-01,-5.183864545132034429e+00,3.000000000000000000e+00
-8.395287070668291385e-01,-2.386806491576339173e+00,-2.742379963723879488e+00,-2.306346224963552238e+00,2.136368906978143745e+00,7.000000000000000000e+00
-3.548235182927028109e-01,8.503893544439697916e-01,-3.350833438700216771e+00,-3.593428652036546378e+00,1.630631251664048875e+00,7.000000000000000000e+00
-1.951268821617976323e+00,-1.136883852694016594e+00,-2.755264287162503045e+00,-3.136028412102410901e+00,3.785265430190633662e+00,7.000000000000000000e+00
2.769938106204973494e+00,-4.269854377233375797e-01,-1.822025928359802260e-01,1.140276499630477725e+00,3.352435558793980697e+00,6.000000000000000000e+00
-1.885846065884935641e+00,1.762729106030544557e+00,-2.684572325406311855e+00,-3.650691267048785882e+00,1.367215108357566322e+00,7.000000000000000000e+00
3.526343639616510983e-02,-1.399909387625790647e+00,-1.180337891002753770e+00,2.277069954587724876e+00,2.523596921012941863e+00,5.000000000000000000e+00
-2.959479015720124728e+00,4.512337590916656316e-01,-2.496138689059387072e+00,-3.639515754712398632e+00,2.700811743274492027e+00,7.000000000000000000e+00
-2.010560343091706059e+00,4.075542281831943114e+00,-6.631566048946959668e-01,-2.752798734954052584e+00,1.169976462853789811e-01,1.000000000000000000e+00
4.894831542108609490e+00,-3.719501780457524220e-01,4.781099867580457463e+00,2.315145946033704050e+00,4.019242827491277259e-01,8.000000000000000000e+00
1.178688860836287766e+00,-5.558116783844120334e+00,-1.954541180966299085e-01,-1.844174335902972306e+00,-2.367978959913517478e+00,0.000000000000000000e+00
3.280841403365419406e+00,-3.984403439429594851e+00,-1.070684007341026200e+00,1.144096079787888520e+00,3.749208986072288141e+00,6.000000000000000000e+00
7.791167201683970589e-01,-3.110567413200554299e+00,-9.831146659138975119e-01,-3.247290937404643696e+00,-1.155712865048273752e+00,0.000000000000000000e+00
-7.890717550602933672e-01,-1.932892622644418745e+00,-3.980636000566959876e+00,-3.573246561205333460e+00,1.831026774043471361e+00,7.000000000000000000e+00
-1.120261942069363581e+00,-2.081610078589434920e+00,-2.503979334486566621e+00,-2.700807392099471738e+00,4.035423029330074129e+00,7.000000000000000000e+00
-4.519414683133401445e-01,-2.104782770442784612e-01,-3.066425922948744276e+00,-3.150684827976284463e+00,2.408247747921560489e+00,7.000000000000000000e+00
-1.683890693544462414e+00,-8.685571782723828793e-01,-2.431894080254569879e+00,-2.937167362519963021e+00,3.454425809556738169e+00,7.000000000000000000e+00
-1.572997938469337553e+00,8.438152249986553555e-01,-3.558185166935518673e+00,-4.106441752612350449e+00,1.842212967613376717e+00,7.000000000000000000e+00
1.326921929132901301e+00,-3.178482908793857753e+00,-7.657570834387164016e-01,-3.081099843411954531e+00,-1.080503894521434471e+00,0.000000000000000000e+00
5.043845895151405356e-01,9.738974878220924003e-02,-4.956410550777255786e+00,-4.064600826849011028e+00,5.022129875450129788e-01,7.000000000000000000e+00
-1.218772370034226782e+00,-8.380227215352484826e-01,-2.724851274068030627e+00,-2.662095320537350318e+00,1.892142229627807204e+00,7.000000000000000000e+00
6.941893360488186893e-02,-4.457901659029210428e+00,2.828996673745807211e+00,-3.228648248894717687e-01,5.223941287729630956e-01,0.000000000000000000e+00
4.027503032506867697e+00,7.656803448004570467e-02,3.668924598551079885e+00,1.189413242398224213e+00,-1.472510397928313841e-01,8.000000000000000000e+00
-7.024200489865941588e-01,-2.606268329742254863e+00,2.861164708685285163e+00,-9.851169377546717953e-01,-1.059558673596861622e+00,0.000000000000000000e+00
-1.694138327487973328e+00,-1.178775837797416903e+00,-1.937597539686332748e+00,-2.387653000681329463e+00,2.400731724683252910e+00,7.000000000000000000e+00
1.763066439177724209e+00,-8.299482749315676422e-01,-5.697086987897586052e-01,-7.265989785260426048e-01,-4.163843835025195617e+00,3.000000000000000000e+00
1.677451161396362467e-01,-2.315742799023510212e+00,1.606181662335076865e+00,-2.115698257181388708e+00,7.037724361552222252e-01,0.000000000000000000e+00
-1.338686860736206796e+00,-1.812152066585558829e+00,-4.132673201086577208e+00,-3.944496204081570312e+00,2.156751634929388928e+00,7.000000000000000000e+00
-1.547126237715697794e+00,5.575206592768556790e-01,-3.987742866840428224e+00,-4.234164995610931292e+00,2.369181322441343607e+00,7.000000000000000000e+00
-2.752519770957824630e+00,-5.413191254270138808e-01,-2.040946175842862864e+00,-2.828332643794774892e+00,3.630464306090655402e+00,7.000000000000000000e+00
-5.503193243144534286e+00,1.914539363502616220e+00,-4.548044059950468565e+00,-4.081751582129917288e+00,2.254168978221234187e+00,2.000000000000000000e+00
-1.279189432374865376e+00,-2.038738118868272942e+00,-2.642075534331816744e+00,-2.511260876584871848e+00,1.773319786593494873e+00,7.000000000000000000e+00
-8.778057017300483489e-01,-6.975232311578809519e-01,-1.926033032700709136e+00,-2.314239797080892114e+00,2.692836086184484667e+00,7.000000000000000000e+00
3.670052180548307952e+00,-5.569947335745555339e-01,-3.255404207708064490e+00,-2.306880938026614647e+00,-6.692145794380772728e+00,3.000000000000000000e+00
3.541316515870800985e-01,-2.866990505858299620e+00,3.066794307156730071e+00,-6.641303133528421165e-01,4.428842598753331417e-01,0.000000000000000000e+00
1.525432277409103365e+00,-3.980500997670514352e+00,-1.753072821727172714e+00,-3.488278957695704285e+00,-1.566118340810921605e+00,0.000000000000000000e+00
-1.050245577038441791e+00,-8.916747337244635974e-01,-3.131770066570324751e+00,-3.441093762805655487e+00,2.903181824315476334e+00,7.000000000000000000e+00
-8.013381697194829067e-01,-8.477555652736774583e-01,-2.723280622491833558e+00,-2.892045263773149077e+00,2.297101871049540556e+00,7.000000000000000000e+00
-3.229015629699231837e+00,-1.996611341247991778e+00,1.244556942191483495e+00,-1.792610831720359843e-01,4.556983273323834460e+00,7.000000000000000000e+00
-5.388741991663685837e-01,-1.575789746804496572e+00,-2.415961163331135086e+00,-2.384982800232229749e+00,2.746561134038228325e+00,7.000000000000000000e+00
2.772270688309077524e+00,-2.218665336126725229e+00,-3.314426332676536080e-01,1.524846076964734953e+00,2.458466564100740381e+00,6.000000000000000000e+00
-1.458052631842911229e+00,6.578385054355145201e+00,1.483758459590639456e-01,-3.306196825337174072e+00,3.168100746277909163e+00,1.000000000000000000e+00
4.947587310627644952e-02,-3.805680765779216213e+00,2.321570018413085634e+00,-1.075349156558468744e+00,5.093667598689796128e-01,0.000000000000000000e+00
-2.582945290354903722e+00,3.898298291163123430e+00,1.260226354340248767e+00,-1.318787802427894063e+00,2.213435370155318882e+00,1.000000000000000000e+00
7.019914628722356831e-02,4.278841394664099629e-01,-3.618413722178432490e+00,-4.250304901019095638e+00,3.544795878967804903e+00,7.000000000000000000e+00
2.071953341664091397e+00,-2.896311596978132119e+00,-8.908271386065776953e-01,1.030941413828504016e+00,2.668813664087190229e+00,6.000000000000000000e+00
2.766833952906476490e+00,1.568520357442806601e+00,-2.303333847732357054e+00,-2.522182047191905419e+00,-5.405200071416389918e+00,3.000000000000000000e+00
2.322513585386522195e+00,-5.229996335175582933e-01,-8.167107524169832100e-01,3.213786574507543903e-01,2.999421736010592365e+00,6.000000000000000000e+00
-1.976306210773388083e-01,-2.567464164798885840e+00,-1.077257698594106694e+00,3.206045537645598298e+00,2.538733391869650191e+00,5.000000000000000000e+00
2.560307598195011192e+00,-3.090344452860062319e+00,1.029983286569277762e-01,1.535490314117507360e+00,4.660572320081353581e+00,6.000000000000000000e+00
-7.059603971144237100e-01,-2.184598173891340589e-01,-1.889303835807489840e+00,-2.295138695319138833e+00,2.128369330848828511e+00,7.000000000000000000e+00
-2.312234601044116378e+00,6.207603414015967047e+00,-5.827709300863370689e-01,-4.011000713069796220e+00,2.419713255344023928e+00,1.000000000000000000e+00
4.695156252916727474e-02,-9.554701764097043304e-01,-4.777731810529528111e+00,-4.426671754163852945e+00,1.773171445842348870e+00,7.000000000000000000e+00
1.542158421884477937e+00,-1.447510544674415478e-01,-2.747218621881783118e+00,1.453136740628626411e+00,2.295682085235252412e+00,5.000000000000000000e+00
-1.474906719667571586e+00,5.552045835375267302e+00,5.503868983823720917e-01,-2.617684496659286708e+00,3.154003691724004188e+00,1.000000000000000000e+00
1.342981208120551662e+00,-1.539210298935202337e+00,-1.901946023001652275e+00,2.270638597407419468e+00,2.598555248133819884e+00,5.000000000000000000e+00
-1.397665368798420182e+00,-1.410559023486630981e+00,-4.201193363742281583e+00,-3.775074643780568007e+00,1.510890509266491488e+00,7.000000000000000000e+00
3.668149094099512619e-01,-4.335298934923400793e+00,7.368252702540764032e-01,-1.360927717614620835e+00,-1.946555003800487960e+00,0.000000000000000000e+00
-2.014096656570237620e+00,-7.920092056457445073e-01,-3.706786475942938086e+00,-3.810461779765093482e+00,2.185118530363593603e+00,7.000000000000000000e+00
-1.453252097124930753e-01,-2.973779905412324176e+00,1.202193931865162879e+00,-1.836007277551913175e+00,-1.004606816882630760e+00,0.000000000000000000e+00
-1.239242745164610415e+00,4.920445483268627740e+00,-7.722266759425336913e-01,-3.292281080506220814e+00,1.092654127434706579e+00,1.000000000000000000e+00
-2.066624255470476790e+00,-3.246102265146823540e-01,-3.255585744291021655e+00,-3.580824962434237424e+00,2.052009607764485377e+00,7.000000000000000000e+00
-3.342659184776278214e-02,-9.964626139967722729e-01,-8.651226527528100840e-01,2.084717318482819159e+00,5.476900770510482630e+00,5.000000000000000000e+00
-1.825799394611379300e+00,-1.301570497394333614e+00,-3.137653656982570372e+00,-3.483607164770641251e+00,2.566415906292947469e+00,7.000000000000000000e+00
-2.046361768279039595e+00,5.670769070299328973e+00,2.794945159264849432e-01,-2.563122888352343587e+00,1.313489530134957173e+00,1.000000000000000000e+00
-1.751251783617895352e+00,7.662694762198485332e-02,-1.689776195544007376e+00,-2.014932670380488400e+00,2.201503318935341458e+00,7.000000000000000000e+00
1.974360655833626188e+00,-1.092497164096280227e-01,1.638302415696030190e-02,2.091160703685214506e-02,-6.239590267089772269e+00,3.000000000000000000e+00
3.222762893531539996e-01,-2.833868291162767061e+00,3.664299253338727524e-01,-2.652146632973974683e+00,-5.438246590239647071e-01,0.000000000000000000e+00
4.198192748610694913e+00,-1.051358618775574127e+00,-2.461533850426322889e+00,-1.078648661062743680e-01,2.419840760664924151e+00,6.000000000000000000e+00
-1.280102210410211994e+00,-3.405783460884754810e+00,3.533068944569684344e+00,-9.843464702242740172e-01,2.153573020359425438e+00,0.000000000000000000e+00
-1.202692745195792279e+00,5.322638772442150890e-01,-4.905196726051146427e+00,-5.185314884658053458e+00,2.524916381753646633e+00,7.000000000000000000e+00
-2.753770337432368542e+00,1.833885328231615874e-03,-2.178191616418021948e+00,-2.799772718656983628e+00,1.087469610977474632e+00,7.000000000000000000e+00
-1.576052496470127240e+00,-2.028872331510929161e+00,-6.105071904286321072e-01,-9.913055182474472815e-01,3.150947957972479063e+00,7.000000000000000000e+00
-2.242388023200544644e+00,1.309145422173384699e+00,-2.925667069962333056e+00,-4.124405852141385331e+00,2.405312864345764634e+00,7.000000000000000000e+00
1.457641210096560780e+00,5.713101003923617860e+00,2.627052953815180170e-02,4.440000422107345912e+00,-7.049005288294094562e+00,9.000000000000000000e+00
-1.928108947563124564e+00,-1.008411936331589986e+00,-3.491857729167313629e+00,-3.617561246505943018e+00,5.914959620704358656e-01,7.000000000000000000e+00
-2.270459588319140742e+00,-1.749715990153151379e+00,-4.435330302523311730e+00,-4.387600735923402162e+00,2.642194327012443278e+00,7.000000000000000000e+00
4.576585678591937878e-01,-1.198755378304771746e+00,-8.008289361427057829e-01,-3.988627638849594259e+00,-1.611158481172348500e+00,0.000000000000000000e+00
2.393960156685196683e+00,-8.366103391873034312e-01,-7.143841366787644365e-01,-7.504826088979926757e-01,-4.407434161209047296e+00,3.000000000000000000e+00
-2.478809589527906088e+00,-2.441208432369684100e+00,-1.933011111267573634e+00,-2.167692526003311304e+00,3.413629083925131091e+00,7.000000000000000000e+00
-1.315357369470434579e+00,-4.654304042285516418e-01,-4.066581724623175020e+00,-3.992342713464369197e+00,6.252311118641803445e-01,7.000000000000000000e+00
-1.906992297531707070e+00,-7.212737001992984842e-01,-2.598036074604328949e+00,-2.806473968092867644e+00,1.820389082172981565e+00,7.000000000000000000e+00
9.697451701119478296e-01,-3.771580549828688955e+00,1.504577447670325308e+00,-1.053332201678464530e+00,-2.015237433749805795e+00,0.000000000000000000e+00
-4.195604169103988590e-01,-3.330234004993377184e+00,-4.509797217623598975e+00,-3.107129673309994455e+00,6.374914512334740602e-01,7.000000000000000000e+00
1.575556077011750045e+00,-4.763334597617378208e+00,-4.491955344087876778e-01,-2.316286239909691513e+00,-1.415505029309207297e+00,0.000000000000000000e+00
1.034957242703437252e+00,-1.916501635936993519e+00,-3.713952281331716954e+00,3.422361432604398845e-01,3.724392685979880380e+00,5.000000000000000000e+00
-1.554159798234453715e+00,6.558017952743494305e+00,3.224906542539356935e-01,-3.219860417939007569e+00,2.590071511470262600e+00,1.000000000000000000e+00
1.101714694695458574e+00,-4.389410160246845827e+00,1.459565581961021374e+00,-7.967490026129677716e-01,-2.539697657991947910e+00,0.000000000000000000e+00
-4.724676951975884109e-01,-2.227278892116302256e+00,-2.457695347489484039e+00,-2.388643915289283104e+00,3.254813415503440943e+00,7.000000000000000000e+00
3.652816532987568920e-01,-5.974255635796605901e-01,-4.926273035209054463e+00,-4.264975044552791417e+00,1.383011173464257837e+00,7.000000000000000000e+00
-1.502368742033599380e+00,9.108136716990727910e-01,-3.862077743438754318e+00,-4.458898388385375000e+00,2.850281621082761507e+00,7.000000000000000000e+00
-1.732186814815861009e+00,-1.421612548554389788e+00,-3.778627726426150968e+00,-3.981428325454042128e+00,3.318826419932951577e+00,7.000000000000000000e+00
-7.861110493880411054e-01,-2.289241250455336996e+00,-3.844794610166571758e+00,-2.951553551815300214e+00,7.541977196398107486e-01,7.000000000000000000e+00
-1.653309359176684756e+00,5.478837102190026620e+00,5.877611902004673539e-01,-2.726626159654678361e+00,3.848299421892756644e+00,1.000000000000000000e+00
4.162302606879078937e+00,-3.122941652676115343e+00,-2.520983108107099468e+00,6.772900230381766473e-01,2.151480863426550982e+00,6.000000000000000000e+00
-2.269771834625861295e+00,7.123360998852280856e-03,-2.029136443087034891e+00,-2.913348306539635946e+00,3.182946058795319555e+00,7.000000000000000000e+00
-1.575482927907850161e+00,9.885176374118635756e-02,-1.632176164496139892e+00,-2.867867253012574835e+00,4.099358085039561672e+00,7.000000000000000000e+00
-2.636954792540250114e+00,-1.880934752971671897e-01,-1.757109406363011939e+00,-3.018977726622277036e+00,3.413141895949157956e+00,7.000000000000000000e+00
-2.205543289168482524e+00,4.188770199586436815e-01,-3.011055932445454442e+00,-3.821755103484528959e+00,2.067957034707797792e+00,7.000000000000000000e+00
-3.588380992956652804e+00,6.106751736270499276e-01,-6.186031352504893555e+00,-4.370111505533528451e+00,7.690131078536603937e-01,2.000000000000000000e+00
-3.715811214872496993e-01,-5.103643420753477544e-01,-3.581242014683883035e+00,-3.606279964520556547e+00,2.659957585384762346e+00,7.000000000000000000e+00
-1.170524257435225035e+00,-1.486474675729985151e-01,-5.255307648851794688e+00,-4.915088168953134939e+00,9.644855497276189071e-01,7.000000000000000000e+00
-1.548541320551550804e+00,-1.123534615329733866e+00,-2.655819008308712981e+00,-2.940115075240172349e+00,3.158006188977780848e+00,7.000000000000000000e+00
2.098520133231167595e+00,-2.285116630244289126e+00,5.102309453117169769e-01,1.929104241132459263e+00,3.451974990335884730e+00,6.000000000000000000e+00
3.461916269235246091e+00,-1.683941382146374233e+00,3.678815044707438808e+00,1.774840110169877860e+00,-9.230762833323391536e-01,8.000000000000000000e+00
9.895092844142430177e-01,-3.845425681952300945e+00,1.421392129053559161e+00,-1.133827562933622968e+00,-1.244763735455567399e+00,0.000000000000000000e+00
1.183796189113927921e+00,-3.015282030818394077e+00,-1.974693094963128059e+00,2.548554238378147652e+00,2.793928093593707640e+00,5.000000000000000000e+00
-1.387185708305694209e+00,-7.345782490129194597e-01,-3.005765761383720758e+00,-3.600322628993447349e+00,3.106305579688223517e+00,7.000000000000000000e+00
-2.009198991564344616e-01,-3.081531465738325815e-01,-4.459140176435285596e+00,-4.026871622849056642e+00,1.112221728849963398e+00,7.000000000000000000e+00
-3.037418436889288031e+00,9.605723386035659728e-02,-3.836348183702158465e+00,-4.362417090618000870e+00,2.460104459225318951e+00,7.000000000000000000e+00
3.061868670113964352e+00,-1.943296464470180451e+00,4.757127972818773753e-01,2.246331146529341183e+00,3.131034854409416646e+00,6.000000000000000000e+00
-6.625012825038266717e-01,-3.140537150801657518e+00,2.800572963822931083e+00,1.466001275683108895e+00,-6.390584483346382960e+00,4.000000000000000000e+00
3.278737614923283861e+00,-3.629669119824873835e+00,-1.064094666139997258e+00,1.072796736728159228e+00,3.514592115599658229e+00,6.000000000000000000e+00
-1.877368461807871869e+00,-6.864167677060241113e-01,-2.898333130615875941e+00,-3.491158055619798084e+00,2.905830986369601021e+00,7.000000000000000000e+00
-1.884757503029286796e-01,-2.376239546961555482e-01,-4.781724606907846287e+00,-4.661832543503639847e+00,2.468398343718841925e+00,7.000000000000000000e+00
-1.844983886733618572e+00,5.975529894668222930e+00,1.435120686630750209e+00,-2.396100210452657642e+00,4.114212965114215415e+00,1.000000000000000000e+00
-2.139834596874407247e+00,-7.472180179600932393e-01,-3.493819098386113708e+00,-3.990316598174300733e+00,3.200473758324631213e+00,7.000000000000000000e+00
2.383456503433967200e-01,-2.803938465771982358e+00,1.545650459652015529e+00,-2.057465073359649121e+00,-4.679113314747990193e-02,0.000000000000000000e+00
-2.329267685568710000e+00,-2.568925805224327785e+00,3.772198123598213826e+00,1.653910956594661474e+00,-3.933795454887011100e+00,4.000000000000000000e+00
1.484321684699067001e+00,-3.514586556251598548e+00,1.596690083163033291e+00,2.904254585788795140e+00,4.465867539809170950e+00,6.000000000000000000e+00
1.212377342013883919e+00,3.724498579602780524e+00,1.011037479104318848e+00,6.297011636561950176e+00,-9.063752727230426132e+00,9.000000000000000000e+00
-1.566584952045810608e+00,-1.008968312850458293e+00,-4.060604056662530326e+00,-4.019881605375478451e+00,1.960705079361054981e+00,7.000000000000000000e+00
-2.918888189963701474e-01,-7.442729030285554215e-01,-4.083493908580128284e+00,-4.268773723286166444e+00,3.231468178722763263e+00,7.000000000000000000e+00
-2.923528430581747273e+00,5.902462313307980324e+00,1.187489894764449438e+00,-2.808209701200398367e+00,3.923034446263483854e+00,1.000000000000000000e+00
6.819101836231511449e-02,-3.340776363396912974e+00,1.669798199760142099e+00,-1.959595407967970937e+00,7.900428915592692114e-01,0.000000000000000000e+00
-1.161024392426559082e+00,-9.925443798651126803e-01,-4.017255028650335014e+00,-3.774460106941612381e+00,2.070149434104674224e+00,7.000000000000000000e+00
4.611928723742189540e+00,-1.608747877081787347e+00,4.716055374252881016e+00,2.873845744865509921e+00,-8.560494763899113568e-01,8.000000000000000000e+00
1.490967799509016700e+00,2.468749797859468575e+00,1.185135182283269195e+00,6.350631683434596830e+00,-6.669751008908384904e+00,9.000000000000000000e+00
-4.912946815085758590e-01,-6.941966366655747400e-01,-5.192658324469719311e+00,-4.685907539435778091e+00,1.263268374467007460e+00,7.000000000000000000e+00
1.981141853391575447e+00,-2.651885857748756403e-01,-5.849141132502833962e+00,-1.444846058472549766e+00,3.814584280474826450e+00,5.000000000000000000e+00
-5.636818384967613449e-01,-3.600200993235630698e+00,2.556222167501544629e+00,-5.207512209884064269e-01,-1.166109275610142992e+00,0.000000000000000000e+00
-1.174710557289331714e+00,-3.023081033074763724e-01,-4.202317871739355226e+00,-3.741801681499315801e+00,7.900203523531214023e-01,7.000000000000000000e+00
-1.506577016138369585e+00,-3.999576885360949685e+00,4.064956656916816513e+00,1.934179632610494304e-02,1.268365224054264884e+00,0.000000000000000000e+00
-1.963328619874028291e+00,-2.576386244738993359e+00,-2.741400107619186510e+00,-2.965574382875346693e+00,3.211381079573022213e+00,7.000000000000000000e+00
1.355544327957350914e+00,-2.728723871288815328e+00,2.295586829615586577e+00,-9.475858263694431072e-01,-1.533065043618332179e+00,0.000000000000000000e+00
-1.768372206513093348e+00,2.653290395892983211e-01,-4.212765418645006754e+00,-4.330168273421310055e+00,6.042080188727179113e-01,7.000000000000000000e+00
-2.030162304634951731e+00,-8.361048900826304475e-01,-2.193828554716082291e+00,-2.987344886005415923e+00,2.397020123263525537e+00,7.000000000000000000e+00
-6.556231533336579487e-01,-1.810081158774306198e+00,2.296177047621092981e+00,-1.711418615004675736e+00,3.428131379709743465e-01,0.000000000000000000e+00
-1.812637679137869329e+00,-5.286521867663812602e-01,-3.619072424333854787e+00,-4.058800208161611245e+00,3.364229266493359294e+00,7.000000000000000000e+00
1.237394895155737196e+00,-2.868481958308140900e+00,1.085348473422690807e+00,-1.805773290314283575e+00,-1.356006397375787431e+00,0.000000000000000000e+00
-4.441051513188323696e+00,-4.154664826541262790e-01,-4.205491639823642380e+00,-2.427271803505511638e+00,1.170894475173028804e+00,2.000000000000000000e+00
3.864945772406134794e-01,-3.690603869532464554e+00,1.854211340269729114e+00,-1.191270932242551650e+00,2.039837839463744806e-01,0.000000000000000000e+00
-1.777475634092685608e+00,-1.063550196311659590e+00,-2.120975430928405459e+00,-3.074557648193126713e+00,4.330528512414824505e+00,7.000000000000000000e+00
3.296298203961345319e-01,-2.477450405963601110e+00,5.266341200816392065e-02,-2.924225759930962898e+00,-1.540798230708060768e+00,0.000000000000000000e+00
-2.719786176184276538e+00,-4.342987545862649346e-01,-1.722700367232068874e+00,-2.228997387459504154e+00,1.344124855871352109e+00,7.000000000000000000e+00
2.857490496052425000e-01,-1.815143124233385308e+00,5.008275376341954355e-02,-2.856648288662468005e+00,-2.003286527765348879e+00,0.000000000000000000e+00
2.208608501639502730e+00,4.228674706621718293e+00,-5.968024359374535237e-01,4.917233545254958926e+00,-8.537912650156890493e+00,9.000000000000000000e+00
-2.282837859537012459e-01,-5.606323741945590022e+00,3.285708670075337512e+00,4.467388767078100398e-01,1.675690380152783376e-01,0.000000000000000000e+00
-2.020398330985126112e+00,-9.383094528886791741e-01,-2.372344877174928257e+00,-2.821365379269711759e+00,1.951003212571661427e+00,7.000000000000000000e+00
2.601235370220457810e+00,-3.823980318165672854e-01,-4.713916763792654230e+00,-9.789801178409186788e-02,2.885920497676083940e+00,5.000000000000000000e+00
3.508192147051030219e+00,-1.212361577874655039e+00,-3.138770573064068592e-01,1.356180779476379605e+00,2.588715735330289203e+00,6.000000000000000000e+00
1.118346286125406319e+00,-3.635996257176716817e+00,-1.035562775882467701e+00,-3.476759970473259020e+00,-1.237248489466273194e+00,0.000000000000000000e+00
1.455887763478039165e+00,-3.551876717122870897e+00,9.897396729111523905e-01,-1.360936469360581880e+00,-1.887264635189763284e+00,0.000000000000000000e+00
4.004463351616774247e+00,-3.302205239413815274e+00,-2.297060939246959865e+00,4.491549755800243460e-02,3.987298823579158658e+00,6.000000000000000000e+00
2.381624934426021856e+00,-2.873048305458033802e+00,1.382266026771777900e+00,2.821032749165986786e+00,4.530680072087174715e+00,6.000000000000000000e+00
2.502723819633095204e+00,-1.744722978975437044e+00,1.834943304960622024e-01,1.794835559589452290e+00,3.121284502056321575e+00,6.000000000000000000e+00
4.815942966667650649e-01,-3.218151833465793032e+00,5.335750588380780979e-01,-1.914182629525554180e+00,-2.639534271939995236e+00,0.000000000000000000e+00
-2.530976166571750507e+00,-9.334886637459975933e-01,-1.394333049169983019e+00,-2.246917983521107942e+00,3.523152306837983971e+00,7.000000000000000000e+00
1.192033299114398925e+00,-1.028835664714413234e+00,-2.156487368186085440e+00,1.627279997834299330e+00,2.549939054359033896e+00,5.000000000000000000e+00
-7.448784104966572617e-01,5.799989765979471912e-01,-3.764406098613435780e+00,-4.155089259280734026e+00,1.210082003294520314e+00,7.000000000000000000e+00
-1.116417034294044042e+00,6.458727538107752686e+00,-1.403502454064744720e+00,-3.972985771493570795e+00,5.918740684744381308e-01,1.000000000000000000e+00
8.682050731832274826e-01,5.050968359216941650e+00,1.256848734903681652e+00,5.225769055826950726e+00,-6.280924536037611361e+00,9.000000000000000000e+00
-2.025813857198712764e+00,-7.169815678985055341e-01,-1.691973414379194685e+00,-2.375585336818521576e+00,3.074765926958042961e+00,7.000000000000000000e+00
-1.659041494292945229e+00,-1.359868404057093194e+00,1.464659072160998221e+00,4.952706109760880368e-03,-6.115090525455006087e+00,4.000000000000000000e+00
-1.229752018061763597e+00,-1.551658755935960921e+00,-4.648294060311854103e+00,-4.157529894893077227e+00,1.562988005319628115e+00,7.000000000000000000e+00
-3.761729679716544705e+00,2.605708845195606749e+00,-7.134369313641453658e+00,-5.401496482538258981e+00,-6.156770275806913162e-01,2.000000000000000000e+00
5.375649720558777211e+00,-6.323010968998346026e-01,2.205195083659113653e+00,7.641936457677844796e-01,-1.407229109063347749e+00,8.000000000000000000e+00
-1.616675705209748681e+00,-2.332017981693029540e+00,1.522893067606836182e+00,-2.736548352251469751e+00,6.860430572076946509e-01,0.000000000000000000e+00
-8.594450320816232614e-01,-6.204725905012713483e-01,-5.370373034533384882e+00,-4.830563626637596641e+00,4.113396704431467876e-01,7.000000000000000000e+00
-2.479581022672781909e+00,-1.151240500524739696e+00,-2.222750318395327440e+00,-3.450672934557541094e+00,5.089733055952753382e+00,7.000000000000000000e+00
1.583477847451115528e+00,-3.746878006395315541e+00,-1.570579935756333478e+00,-3.810211923440480764e+00,-1.237676869973791005e+00,0.000000000000000000e+00
-4.232836833465127846e-01,-3.265441954827501547e-01,-5.475353161397754853e+00,-4.624956163939701881e+00,2.476642329162384859e-01,7.000000000000000000e+00
-8.450697296199304320e-01,-2.116627008661758680e+00,-5.222768918027377083e+00,-4.615276192596303950e+00,2.919780122133790012e+00,7.000000000000000000e+00
1.589056403927364469e+00,9.301053725419241580e-01,7.492130610962326465e-01,-4.596999592198613982e-01,-3.669070087495994503e+00,3.000000000000000000e+00
8.113389072232219945e-01,-1.828542276504823150e+00,-2.758154197745465108e+00,1.782853288606089492e+00,2.050973206824815875e+00,5.000000000000000000e+00
2.890056558272772858e+00,-9.830747200869502933e-01,-2.408012600773149270e+00,-7.150388218730677758e-01,2.792938266978608475e+00,6.000000000000000000e+00
-1.981060355455288358e+00,-1.977009529995157888e-01,-2.406481496246271057e+00,-3.251375576458330308e+00,4.006145342553151245e+00,7.000000000000000000e+00
3.882226380669523191e+00,-1.596458060793212397e+00,-1.387352342828478857e+00,5.789156220965239186e-01,2.383641509539653480e+00,6.000000000000000000e+00
-2.220930198342532247e+00,6.216115095787160705e+00,9.518890640248486301e-01,-2.686022749748943284e+00,3.460877790688202893e+00,1.000000000000000000e+00
1.005797389839121703e+00,-2.787070442613388987e+00,-8.606389771054447912e-01,-3.449733529558516310e+00,-2.001347012567109562e+00,0.000000000000000000e+00
3.956094565088672521e-01,3.585234279641162924e+00,8.910275869241247593e-01,5.698305782872786551e+00,-7.897963131254707392e+00,9.000000000000000000e+00
-1.005492668949689250e+00,-8.300360926394230177e-01,-3.246306121253409671e+00,-3.570373829077238881e+00,3.022864132906342594e+00,7.000000000000000000e+00
-1.757889834520510286e+00,-7.671686909858967951e-01,-1.570669927479542149e+00,-2.689934003132854023e+00,4.422409471335702946e+00,7.000000000000000000e+00
3.585499129031322951e+00,3.763686764255347317e-02,4.524318407744864601e+00,2.182472687299053415e+00,-1.913598565138616259e+00,8.000000000000000000e+00
3.469988167028174586e-01,-7.863670436185360435e-02,-4.622815582425629510e-01,1.939438303562475596e+00,4.641516725321042536e+00,5.000000000000000000e+00
-1.163504521887685605e+00,-1.070617499712082976e+00,-1.330172711577134015e+00,-2.072932869228863773e+00,4.699777910599490127e+00,7.000000000000000000e+00
2.689553756413812113e+00,-3.093668059776684576e+00,-1.208390652694294687e+00,8.309316121845774505e-01,2.588610006392149554e+00,6.000000000000000000e+00
-7.085422862651585829e-01,-5.917183546619589896e-01,-2.022666424207527403e+00,-2.155368948689004416e+00,2.097660180421058396e+00,7.000000000000000000e+00
-1.593902027181298031e+00,-7.748794766972436632e-01,-2.777642260209319147e+00,-3.042304217912264352e+00,1.618961281851221123e+00,7.000000000000000000e+00
-1.172750858388385664e+00,-8.207652043612692072e-01,-3.091052253283703699e+00,-3.275531790973936985e+00,2.708289029692345640e+00,7.000000000000000000e+00
1.743550723155694149e+00,-2.629018690184006690e+00,7.549015504944872612e-01,-1.891891497913962494e+00,-1.518457571813207840e+00,0.000000000000000000e+00
-7.601992272463977685e-01,-2.484484037300565828e-01,-4.639465733215207166e+00,-4.120714221051436255e+00,4.866509758768815530e-01,7.000000000000000000e+00
-1.441120093962578563e+00,3.516132248812809946e-01,-4.275301606991943615e+00,-4.892273607686188797e+00,2.826423493291204458e+00,7.000000000000000000e+00
-2.081141835186249178e+00,6.975046771183477823e+00,3.003972923784147264e-01,-3.424236226369163028e+00,3.083155463845944411e+00,1.000000000000000000e+00
3.640996737908463454e-01,-4.468780690005283773e+00,9.929596259180657469e-01,-1.773736142506420643e+00,2.642834916483465801e-01,0.000000000000000000e+00
3.156091679066761024e+00,-3.151737338750568274e+00,8.043871706694014079e-02,2.171744756102648832e+00,3.085428200835524049e+00,6.000000000000000000e+00
-7.179567720683680543e-01,-1.414360581785295778e+00,-3.137290501633910544e+00,-2.731753762013406917e+00,2.048534559799688459e+00,7.000000000000000000e+00
-8.732274965869716299e-01,2.103907142586249612e-01,-3.740279255424929783e+00,-4.198034852520430960e+00,2.619264253807149334e+00,7.000000000000000000e+00
1.545265046412688914e+00,1.046121534067634862e+00,1.168182449299988601e+00,-2.496142848954597815e-01,-3.103081922489410616e+00,3.000000000000000000e+00
-6.271943617429018847e-01,-7.026267876027740833e-01,-6.185185325838861381e+00,-6.013929599138526427e+00,2.538149151965224171e+00,7.000000000000000000e+00
-1.774603847101622556e+00,-1.307931140770950851e+00,2.682948154739665192e+00,7.990601583207704861e-01,-5.218360217215231245e+00,4.000000000000000000e+00
-4.578392927728927031e-01,4.713493971235365620e+00,-1.488468495000397684e+00,-3.421789610031544360e+00,2.535193553677725364e-01,1.000000000000000000e+00
-1.612226539414888471e+00,-1.532671482755575409e+00,-2.430898826027663162e+00,-3.170485780354101113e+00,3.978478383718612843e+00,7.000000000000000000e+00
4.538977632598601986e+00,-9.963991171443692396e-02,4.314879492746380940e+00,2.352534559578899565e+00,-1.049060361501517935e+00,8.000000000000000000e+00
2.492447399936430497e+00,-1.848037941155350916e+00,-1.227810141036631830e-01,1.245998809573816368e+00,2.888992430487010488e+00,6.000000000000000000e+00
-1.692185706387271393e+00,5.246869721466135950e+00,-1.065739446054388750e+00,-4.086344743115778222e+00,1.932124734733273286e+00,1.000000000000000000e+00
1.487845758940687046e+00,5.812548844009858273e-01,5.167710785461974154e-01,-8.126820751519041597e-01,-2.781925632438975171e+00,3.000000000000000000e+00
-3.256025203186473149e+00,6.375876913489742392e+00,2.055657161782671327e+00,-1.841280168912726722e+00,2.515142821277384311e+00,1.000000000000000000e+00
-3.684646211792021453e-01,-4.829418534061337809e+00,8.596897385341731868e-01,-1.971865075269971124e+00,4.748117922319972095e-01,0.000000000000000000e+00
-1.655755791350763811e-02,-2.830519299677277889e+00,1.515693464706952875e+00,-1.807396605662583866e+00,1.247001271688737423e-01,0.000000000000000000e+00
-1.008936231649329773e+00,4.394821337723396226e+00,-8.093912748418901071e-01,-3.524539314933357925e+00,2.524815669042045574e+00,1.000000000000000000e+00
2.026012575220430989e+00,-1.292852239525419389e-01,-1.942446682387585444e+00,-1.797180242185761667e+00,-4.843201543868440595e+00,3.000000000000000000e+00
1.869007127126702361e+00,7.691733546157277779e-01,-1.955942622179775325e+00,-2.087176913441950887e+00,-4.989296224040914218e+00,3.000000000000000000e+00
-1.368265115127195619e+00,-2.243078996942972303e+00,2.456075519700162246e+00,-1.286035065876460326e+00,-9.846714043107168690e-01,0.000000000000000000e+00
8.030233288966521776e-01,5.816012097686801496e+00,1.235792892489188999e+00,5.498158188705037475e+00,-7.898989126479445844e+00,9.000000000000000000e+00
2.659344395225298197e+00,-4.172038341173859299e-01,-9.323113059409761094e-01,4.836997307924405520e-01,2.720093151787944308e+00,6.000000000000000000e+00
-3.393860469828360316e+00,2.923159570772455029e-01,-6.188640698118299532e+00,-4.149553834962708798e+00,3.202828401563166394e-01,2.000000000000000000e+00
-2.597969355256009472e+00,-9.868093306049057212e-01,-1.647488434728102469e+00,-2.232653301528647383e+00,3.768707582421403579e+00,7.000000000000000000e+00
-1.968932488251236013e+00,4.302631279823769805e-01,-3.694784113744612686e+00,-4.008793344744953302e+00,1.480512160729961835e+00,7.000000000000000000e+00
-7.479281626691685059e-01,-3.143947604508735338e+00,2.343841319350449481e+00,-1.490238840179388458e+00,1.262391573146081636e-01,0.000000000000000000e+00
-2.633999955807709181e+00,2.365396630995404703e-01,-1.579850451760942187e+00,-2.800465531062854563e+00,2.958343511400182813e+00,7.000000000000000000e+00
2.867655396948593616e+00,-2.766021990906719186e+00,-2.485113760275600381e+00,-4.044396284038550560e-01,3.668927297128441456e+00,6.000000000000000000e+00
-2.149916957850671828e+00,-1.079132020316006635e+00,-3.681823205692838830e+00,-3.697773920957929228e+00,1.548243590158789651e+00,7.000000000000000000e+00
-2.022228714874102717e+00,4.776456081553011046e+00,1.089011288181847892e+00,-1.957531460682967905e+00,2.613620635014669347e+00,1.000000000000000000e+00
3.452662188473039073e+00,-1.952035174726905575e+00,-2.222466721499875231e+00,-4.279604571132498148e-01,3.382435462142194815e+00,6.000000000000000000e+00
2.193075751747745605e-01,-4.398275953964524199e+00,7.194146783383666977e-01,-1.858608012999722225e+00,-1.375675397834356106e+00,0.000000000000000000e+00
-2.448766579890356287e-01,-1.857776727539107497e+00,1.568184489157746775e-01,3.190114865404200639e+00,4.782970684597320776e+00,5.000000000000000000e+00
2.883863543913068650e+00,-1.982088457012488147e+00,-2.669875805455783180e+00,-2.554349496310436285e-01,8.819862652071595033e-01,6.000000000000000000e+00
2.607047365921129511e+00,4.247983825903755561e-01,2.903494385026273772e+00,5.536395697279275496e-02,-1.986211727533209626e+00,8.000000000000000000e+00
-5.136668230883284503e-01,7.219565112096197890e-01,-2.950209172455629858e+00,-3.386456622273519290e+00,1.707966247479503652e+00,7.000000000000000000e+00
-1.326232095257504184e+00,-1.715142649319943979e-01,-3.879013065329592891e+00,-3.922984810022542401e+00,1.957811151749110801e+00,7.000000000000000000e+00
9.154879689918112851e-01,-4.284599718676647129e+00,-7.016867935351587260e-01,-2.729891313336673342e+00,-1.022201433969369688e+00,0.000000000000000000e+00
8.014811004353934454e-01,-3.290775349142375017e+00,9.089121507093594898e-01,-2.140206209507531376e+00,-1.541132354944557692e-01,0.000000000000000000e+00
-9.660214128056975325e-01,-1.124573982402032213e+00,1.150547658571988430e-01,-1.218189682505488536e+00,-6.927400229585243707e+00,4.000000000000000000e+00
2.412138475317659125e+00,-1.876731402228564827e+00,-9.869554478264599973e-02,1.637821385797672669e+00,1.982985256105590066e+00,6.000000000000000000e+00
-1.664225659827455184e+00,-5.676703622588754605e-01,-2.306646101505950508e+00,-2.537896448777623881e+00,2.022491089587274526e+00,7.000000000000000000e+00
2.425429142451717368e+00,2.554173413117916791e+00,-1.043201253448618582e+00,-2.138938852865899243e+00,-4.190741717235756170e+00,3.000000000000000000e+00
2.014976887840030095e-01,3.017746408081785514e+00,-1.102069135382994114e+00,3.765024618628482145e+00,-6.787550696904685488e+00,9.000000000000000000e+00
1.926473978995864256e+00,3.191634413244222590e-01,-1.738967709020692309e+00,-2.038338842778434135e+00,-4.492667525477402002e+00,3.000000000000000000e+00
-1.202588388457326296e+00,-7.099288493164903624e-01,-3.419990892122395376e+00,-3.302218738974828760e+00,1.603423691479905600e+00,7.000000000000000000e+00
-2.065015436179577502e-01,-1.653489725015632628e+00,-4.161193302975005892e+00,-3.290775875957283603e+00,1.699778013575362623e+00,7.000000000000000000e+00
-1.727243002179118525e+00,4.897358923910378081e+00,-4.228360840450492986e-01,-3.513071769830920399e+00,3.018756052802401779e+00,1.000000000000000000e+00
1.195574245256364909e+00,-4.064230366299238284e+00,-1.928059647111756592e+00,-3.934624941410032939e+00,-2.762272914161242543e+00,0.000000000000000000e+00
-7.392321579121424735e-01,2.869627284946710821e-01,-1.192473054411225641e+00,-2.171249403266468203e+00,2.474314649994540094e+00,7.000000000000000000e+00
-1.899067929936653076e+00,-2.708531849841492867e-01,-4.766265565989173503e+00,-4.775896794972495307e+00,1.644023297707999820e+00,7.000000000000000000e+00
1.149942612396520847e+00,3.670172458294369555e+00,-5.555373894230325460e-01,4.463785627240059561e+00,-7.398629391891716978e+00,9.000000000000000000e+00
-2.574060496172749346e+00,9.508971096058598249e-01,-3.334075010534666816e+00,-4.131513348766671534e+00,1.896799786327356019e+00,7.000000000000000000e+00
5.162845338146897500e-01,-3.218295834823716284e+00,2.107747574506161126e+00,-1.135396156126454059e+00,-8.502133547520728252e-01,0.000000000000000000e+00
-6.036036699065596700e-01,-2.918333490581157541e+00,1.388165843868426341e+00,-1.989084417441745245e+00,-5.055901113741676500e-01,0.000000000000000000e+00
-1.132604650453516992e+00,-6.222265321860109832e-01,-4.372217296793825980e+00,-4.235777097345699183e+00,2.213394375919100376e+00,7.000000000000000000e+00
-1.486343860067511180e+00,-1.784844379904339251e-01,-3.941208035761401440e+00,-3.810285937975738779e+00,1.302675640695486692e+00,7.000000000000000000e+00
-7.130530374810654104e-01,-1.573207027748487974e+00,-4.623819396996333708e+00,-4.290507056208304526e+00,2.438916078151976308e+00,7.000000000000000000e+00
-2.080161214591403240e+00,-3.341871742714589422e-01,-3.268256919940895067e+00,-4.147127536212276588e+00,3.032148485720804310e+00,7.000000000000000000e+00
2.040364153152369298e+00,4.242264222489227077e-01,-5.534948443428337750e-02,-6.557732081135274615e-01,-4.901377641098434879e+00,3.000000000000000000e+00
-3.838034739523359939e-01,-7.387930557896597028e-01,-4.909708360133524074e+00,-4.478340597861683037e+00,2.039084431682354648e+00,7.000000000000000000e+00
-8.754451538434960822e-01,-7.010263368422381403e-01,-2.782231088913807326e+00,-3.565426411566798848e+00,3.208136059498650994e+00,7.000000000000000000e+00
3.170667939210852215e-01,-1.459612435443577549e+00,2.371820679079239547e+00,-9.570737497705252839e-01,-1.223524238348981941e+00,0.000000000000000000e+00
-1.681393776848431498e+00,-1.073214129105577008e+00,4.034364954008606396e+00,1.857241972092953830e+00,-5.056225781189509938e+00,4.000000000000000000e+00
7.660292182547923101e-01,-1.419728180492751957e+00,-6.341010056386470195e-01,3.186696680682720384e+00,3.673946264584601273e+00,5.000000000000000000e+00
1.084867582465239289e-01,-3.778697115408466534e+00,1.715471273653289330e+00,-1.299871590436752156e+00,-2.026490951601417567e+00,0.000000000000000000e+00
1.431417303397083840e+00,5.845635989522007137e+00,-9.157811184926110959e-02,4.485810973633197030e+00,-8.009700202651513834e+00,9.000000000000000000e+00
-4.148250686782221086e-01,-3.661207116007177742e+00,8.687682106506408042e-01,-2.388321723904603289e+00,-9.102829599534447702e-01,0.000000000000000000e+00
2.649199385789354766e-01,-2.894633811499974563e+00,1.385250136515464803e+00,-1.900269597258280818e+00,-2.257167028319907176e-01,0.000000000000000000e+00
-5.814607915287735018e-01,-3.324404623459536801e+00,1.687887488499825395e+00,-1.588236361592759716e+00,-2.273424411077943075e-01,0.000000000000000000e+00
1.758659366900826138e+00,-2.222185733578751154e+00,-2.379368584590052238e-01,1.338944831808326352e+00,2.375421198008765611e+00,6.000000000000000000e+00
-5.795668954901396219e-01,-8.186708705336183112e-01,-3.000597304314064129e+00,-3.215401049529538646e+00,2.879391922432606332e+00,7.000000000000000000e+00
-1.133819207588778077e+00,-1.969302519006028707e+00,-2.086632815443706157e+00,-2.067796044665921595e+00,2.142041184302705403e+00,7.000000000000000000e+00
-3.027322964156002605e-02,-3.609672383635958326e+00,2.722145011642400636e+00,-9.171991310473143200e-01,1.115325320433974809e+00,0.000000000000000000e+00
-9.551064913642072218e-01,-1.826426284241779774e+00,1.763635889381547583e+00,-2.062603800566265466e+00,1.389925359290180851e-01,0.000000000000000000e+00
-7.924975881972849967e-01,-8.174415494803211057e-01,-1.712512749406255752e+00,-2.116555420211327920e+00,2.893981685368877343e+00,7.000000000000000000e+00
-4.730767121896412242e+00,2.452845501564737241e+00,-6.081268681287062883e+00,-5.068035580420191977e+00,9.833953734167043548e-01,2.000000000000000000e+00
-6.527010955012643167e-01,-1.840214000104755998e+00,-2.810545339667586351e+00,-2.640562514890986812e+00,3.876935618878242007e+00,7.000000000000000000e+00
-1.399563380370666854e+00,-2.626582388778478272e+00,-1.740764766407317810e-01,-8.935133684978823210e-01,4.257692431102991115e+00,7.000000000000000000e+00
8.298293008075315891e-01,-2.757211050888669135e+00,1.116268244299877699e+00,2.190854187711668288e+00,4.321022139567899600e+00,6.000000000000000000e+00
9.972738424203296814e-01,5.769890653293515470e+00,3.494025213408802344e-01,5.333184961174769256e+00,-9.763446233807474783e+00,9.000000000000000000e+00
-6.730459325305948592e-01,-9.785303187022843519e-01,-5.216799086415773168e+00,-4.637790001331759449e+00,9.341385635044501257e-01,7.000000000000000000e+00
1.735298669452392417e+00,-3.355087861215422240e+00,-1.680691036334171606e+00,6.875852772279826830e-01,1.062132857344682435e+00,6.000000000000000000e+00
-1.099609758639750190e+00,1.183684697748740300e+00,-4.223048929676613383e+00,-4.595966082710419620e+00,1.879603332257912429e+00,7.000000000000000000e+00
-2.007456799396451164e+00,4.253379217864002027e-02,-3.480309476460324625e+00,-4.092938633418985894e+00,1.709342923652525936e+00,7.000000000000000000e+00
-1.586707032264117689e+00,-2.120655806873026794e+00,-2.851979621911667095e+00,-2.644990421526207669e+00,2.169464045612127467e+00,7.000000000000000000e+00
-2.791580215969006851e+00,6.716816579007284460e+00,2.731987475051782521e+00,-1.322830505864598605e+00,2.595420386186157113e+00,1.000000000000000000e+00
-1.623204597739232424e+00,-1.427598663636933551e+00,-3.405587073864977832e+00,-3.399936077197358575e+00,3.342647288426539465e+00,7.000000000000000000e+00
-2.087796684404601422e+00,2.655677259687827529e-01,-3.365176877043417392e+00,-4.128447330775903978e+00,2.383022468183356057e+00,7.000000000000000000e+00
-1.637739359582864207e+00,3.968520826427835435e-01,-4.828574407703557725e+00,-4.894227632858332733e+00,1.273620967965868989e+00,7.000000000000000000e+00
-1.424430662437799588e+00,-8.948951301565448713e-01,-4.799254236225865888e+00,-5.130052873083976728e+00,2.772351881911780946e+00,7.000000000000000000e+00
-8.375242709334298485e-01,-1.008277742527705856e+00,-4.486298872721468101e+00,-4.455920136049414282e+00,2.320252730869498681e+00,7.000000000000000000e+00
1.360301997784539418e+00,4.730885178564061988e+00,3.548995772783485325e-01,5.003237944229488754e+00,-7.924473263716302895e+00,9.000000000000000000e+00
-4.828945533902442300e-01,-2.739513012334744424e-01,-4.413408834276587811e+00,-4.465064545060545065e+00,3.782611403678020068e+00,7.000000000000000000e+00
-4.203519183542495097e-02,5.108452861879338336e+00,-2.212863723241777603e+00,-4.119980688028721083e+00,4.250885120731827116e-01,1.000000000000000000e+00
-7.639835101321454935e-01,-8.277750365891751727e-01,-4.855162488177549918e+00,-4.209491465888683059e+00,5.545204121269693420e-01,7.000000000000000000e+00
2.058536691730961099e+00,-1.976218126542236497e+00,-1.834733752988141564e+00,2.331398655448264634e+00,2.952324496135934506e+00,5.000000000000000000e+00
2.070557887200496161e+00,-2.566390722580050632e+00,-8.629247698220156026e-01,8.906448960789472569e-01,3.685516617752278457e+00,6.000000000000000000e+00
-7.066472118050216578e-01,-4.042957237135673232e+00,1.641198790913108718e+00,-1.184738294701972006e+00,-1.349753259953589302e+00,0.000000000000000000e+00
-9.142559302530867127e-01,-1.131116322316318312e+00,-4.657448619510154764e+00,-4.552336153273105701e+00,2.559619227531085173e+00,7.000000000000000000e+00
1.079156418352311464e+00,-2.012552018877309834e+00,3.563425968388643783e-01,-2.680216705495344964e+00,-1.693193713394364863e+00,0.000000000000000000e+00
-5.009216148065817054e-01,3.149542068875885170e-01,-2.843441854815787817e+00,-2.954973555277413677e+00,1.722565270760628264e+00,7.000000000000000000e+00
-2.212834910616441331e+00,-1.030970088791339778e+00,-1.867090487641216434e+00,-2.811642474259636870e+00,4.147449956267966087e+00,7.000000000000000000e+00
-2.279295322452113304e+00,-1.248919156203469827e+00,-1.304030314382620626e+00,-2.324483850133172602e+00,4.913450944325282066e+00,7.000000000000000000e+00
-2.852147499158706800e+00,-8.529323000505404373e-01,-1.030436364772910673e+00,-2.071175725755823205e+00,3.726288593799668369e+00,7.000000000000000000e+00
7.760114445684198614e-01,2.109846438483885311e+00,-2.939738348793030642e-02,-1.728003646204066879e+00,-4.012038528379273217e+00,3.000000000000000000e+00
-3.963186071567567748e+00,4.433555350106018755e-01,-5.733035495245390578e+00,-4.075459275287755645e+00,1.471024192527631946e+00,2.000000000000000000e+00
-8.393337370494484695e-01,-1.480322633737045201e+00,-5.032751762682520891e+00,-4.731109363666454293e+00,2.719906605299692082e+00,7.000000000000000000e+00
-8.033156331526994931e-01,5.535135932141640680e+00,1.209454013601970468e-01,-2.823156447944275449e+00,3.330062995136624515e+00,1.000000000000000000e+00
2.021151320801572560e+00,-3.045140759595934554e+00,-2.112831337517213193e+00,-3.835784025441505207e+00,-2.611916348608411820e+00,0.000000000000000000e+00
-5.066764594740825745e-01,-1.668427141317932572e+00,-4.445532488461079623e+00,-4.067764546063817654e+00,2.459317390246057222e+00,7.000000000000000000e+00
2.819487787521249844e-01,-3.898957884814516106e+00,1.040550193281295499e+00,-1.686463915783355416e+00,-9.815640665646693241e-01,0.000000000000000000e+00
1.002563808916624666e+00,-6.626204141746090404e-01,-2.049667469635780837e+00,2.001386637647401656e+00,3.145255106710270088e+00,5.000000000000000000e+00
1.253439631607042859e-01,-6.553747517433664571e-01,-5.311917096891890289e+00,-5.118791729900234344e+00,2.626192384751683040e+00,7.000000000000000000e+00
-1.242438015144875951e+00,-1.510631155612576659e+00,-3.864167962439179593e+00,-3.667726948908570872e+00,2.473019834846704068e+00,7.000000000000000000e+00
-5.443280541252533133e-01,-1.565810148470630825e+00,-3.206135870577558666e+00,-2.827091245250739071e+00,2.797344213933884216e+00,7.000000000000000000e+00
-1.235771768983501273e+00,-1.037747414631538856e+00,-5.437019424861189165e+00,-5.085115697660635981e+00,2.090188624378397364e+00,7.000000000000000000e+00
-2.358059036659065022e+00,-6.850783024881468286e-01,-3.040862736269601019e+00,-3.663663865541505249e+00,3.712902289022671276e+00,7.000000000000000000e+00
1.096887149779179227e+00,-1.824321899249674306e-01,-1.792712010900264552e+00,2.157722031906370130e+00,1.964818759450822849e+00,5.000000000000000000e+00
-1.313817474371806293e+00,-4.021807052181778364e-01,-3.752005035014267520e+00,-3.709710176622748712e+00,2.948438079825999925e+00,7.000000000000000000e+00
7.991157804362892803e-01,-5.105188992756082733e+00,-6.914265101282394133e-01,-2.477611391631732385e+00,-2.386334104184027360e+00,0.000000000000000000e+00
-4.275926874036217740e-01,-1.050044885681705287e+00,-6.088427410779026161e+00,-5.293600923990156915e+00,1.013256929984095001e+00,7.000000000000000000e+00
1.915564129010328021e+00,1.304904278476268775e+00,1.546941362041318602e+00,-1.822325346258400203e-01,-2.667192558638759703e+00,3.000000000000000000e+00
4.116919684854511097e+00,-2.968757935845321327e+00,-1.508994719842119192e+00,1.319929380056106494e+00,1.827653975017529131e+00,6.000000000000000000e+00
-2.252962205859621037e+00,7.799305815690145138e+00,-9.053751485195998816e-01,-4.375775158610593074e+00,1.481827929216607886e+00,1.000000000000000000e+00
-1.224265674179695340e-01,-3.307291860623233326e+00,2.240897186813288311e+00,-1.034090065986293716e+00,-5.357354320953796600e-01,0.000000000000000000e+00
1.210692211610554292e+00,-2.102513462011643686e+00,1.831236906802083064e+00,-1.091337460039241369e+00,-1.723964124223545946e+00,0.000000000000000000e+00
-1.378924216170995587e+00,1.687741574106415676e+00,-1.855997420820870714e+00,-2.457411883043504552e+00,2.495283800345375447e+00,7.000000000000000000e+00
2.327320983661014697e+00,-1.176184371118359273e+00,-1.027916663073021208e+00,2.398600330823984217e-01,3.162709639876652101e+00,6.000000000000000000e+00
9.166308479665562503e-01,-2.631628477841842617e+00,1.640770353802660120e+00,-1.435943104100242618e+00,-5.901333654756004687e-01,0.000000000000000000e+00
3.609925476211627959e+00,7.281815886941223059e-02,-1.551665925637538024e+00,-1.416370659715439073e+00,-4.706018807287825290e+00,3.000000000000000000e+00
-1.004075702528289593e+00,-7.413091071628984396e-01,-4.313112753903847185e+00,-4.180425665133800983e+00,2.203492436173194235e+00,7.000000000000000000e+00
-4.081972110655778252e-01,-3.795698741398269238e+00,1.047298280582728225e+00,-1.817303828445121727e+00,-1.108239919143794577e-01,0.000000000000000000e+00
2.704976715604050508e+00,-2.500296644129324508e-01,-3.587713791174964584e-01,-8.023203929144694380e-01,-3.500784530707249598e+00,3.000000000000000000e+00
-2.060346143816358389e+00,1.750037770140316917e+00,-3.504522182588241552e+00,-4.553009763574555002e+00,2.291721218246690839e+00,7.000000000000000000e+00
-4.545013086177606687e-01,-4.917947433667849144e-01,-4.402567617001762912e+00,-4.435492703006095994e+00,2.316848671325705489e+00,7.000000000000000000e+00
-3.178590077420313520e+00,6.795691821329197246e-02,-6.853297542917085039e+00,-4.569428555099506184e+00,5.849041638306984314e-01,2.000000000000000000e+00
3.235525893717006163e+00,9.475151476787826987e-02,-6.660955804087176357e-01,-1.240558316236315406e+00,-2.621891640196530648e+00,3.000000000000000000e+00
-3.511001509885366634e+00,-5.917803309789027022e-01,6.163891859248452620e-01,-1.158839886883125780e+00,3.939919164728219236e+00,7.000000000000000000e+00
-3.732067508212977835e-01,-3.836650306447579428e+00,8.141681537239351396e-01,-2.395014889860823892e+00,9.459990570093302908e-01,0.000000000000000000e+00
-3.217321291960293816e+00,7.992756572885333366e-01,-4.065190442550640881e+00,-2.299563067082002199e+00,5.082857909561668830e-01,2.000000000000000000e+00
-2.281466610678209328e+00,6.275691686480752374e+00,6.016761349752870469e-01,-2.895212399831716521e+00,2.036266874115951087e+00,1.000000000000000000e+00
-2.159373402082531701e-01,-2.807950348186772693e+00,1.755474940090790081e+00,-1.844234456008415401e+00,-5.286479267553596539e-01,0.000000000000000000e+00
1.499288775517627847e+00,-3.496902720378636253e+00,7.589600589954375032e-01,-1.651339227603239479e+00,-1.460344142741182516e+00,0.000000000000000000e+00
-2.754956314396417305e-01,-3.473467235211692206e+00,1.251988997868637599e+00,-2.167521612511874363e+00,-6.064023110088026525e-02,0.000000000000000000e+00
-1.040445258103883663e+00,-4.742595192189273057e+00,4.703407038471231871e+00,1.075226849608770019e+00,1.133041600937907845e+00,0.000000000000000000e+00
1.703756553191697387e+00,-3.794392193919615242e+00,1.223761293800031957e+00,2.320439663679906062e+00,5.633352637899991855e+00,6.000000000000000000e+00
-5.945645967336168347e-01,-3.415816294284154342e+00,7.695360905193981971e-01,-2.598144322611529500e+00,2.674975879418096669e-01,0.000000000000000000e+00
-1.126870891244564410e+00,5.604383456632529015e-01,-3.846682522638254831e+00,-4.808061305421770015e+00,4.149552430372855483e+00,7.000000000000000000e+00
2.236441104676890335e-01,-1.247340299182053247e+00,-3.471106979269290793e+00,-3.107504528599283944e+00,2.794937991186903226e+00,7.000000000000000000e+00
-1.259494567844435364e+00,7.062378264572699571e-01,-3.416506948870771332e+00,-4.085597879460799220e+00,2.458763025162648663e+00,7.000000000000000000e+00
2.669549133734696156e+00,-1.757968052191483999e+00,1.271700579702446765e+00,1.795224482550472178e+00,5.629373773662639024e+00,6.000000000000000000e+00
-1.208233040495866772e+00,-2.571902696403131738e+00,-2.344342768927780707e+00,-2.607683815029426366e+00,4.572266829199840288e+00,7.000000000000000000e+00
1.245750189025774279e+00,-4.828165764550625738e+00,1.512238826146818704e+00,-5.114649778328380636e-01,-1.839531000495210789e+00,0.000000000000000000e+00
-1.411350473141435247e+00,3.768186615941985895e+00,1.109108945498926468e+00,-1.921840867775851835e+00,3.947743072876115811e+00,1.000000000000000000e+00
2.637152244389167066e+00,6.074346236570510316e-01,-9.162970804390080382e-01,-1.122533995658925088e+00,-4.765807301036794286e+00,3.000000000000000000e+00
-1.775183585487235982e+00,1.663733511142844179e-01,-3.581027212406680871e+00,-3.659497844788600407e+00,1.719955563857558323e+00,7.000000000000000000e+00
-1.934984710937055485e+00,1.589374815454833167e-02,-4.146615258392810865e+00,-4.476524884907150614e+00,2.985576858872688533e+00,7.000000000000000000e+00
-2.241668650908861249e+00,3.635651867483252198e-01,-2.491203951518685678e+00,-3.365707826589183327e+00,2.495752157638842839e+00,7.000000000000000000e+00
-2.595324404377277738e-01,-5.674691273684928650e-01,-4.021086562620487470e+00,-4.083514142685812587e+00,2.857239916946997749e+00,7.000000000000000000e+00
1.478103096737046540e+00,-3.706754254638679136e+00,-4.442518391656191667e-01,-2.496005331586205411e+00,-9.386598694713191859e-01,0.000000000000000000e+00
-2.076477346654009182e+00,-4.277742211694659513e-01,-4.955201110228112604e+00,-4.854740562447964258e+00,4.199061718821405775e-01,7.000000000000000000e+00
-1.581789850566828415e+00,4.388690484625376698e+00,-4.849334718371321462e-01,-2.976317619959188754e+00,1.774729693381149609e+00,1.000000000000000000e+00
-1.001070898898184458e+00,-1.632641453182438473e+00,1.478168680527094159e+00,-2.224143759278918608e+00,-7.889697867492734273e-01,0.000000000000000000e+00
-2.422688520009963487e+00,6.287201106026439668e+00,1.054945045542554416e+00,-2.200264153789581734e+00,1.133113607728285954e+00,1.000000000000000000e+00
-1.902053539874433596e+00,-2.589338315476429564e+00,-3.082829723195421145e+00,-2.909362282511035680e+00,2.353810007774607804e+00,7.000000000000000000e+00
-2.258523249620410511e-01,-5.031011886602273497e-01,-6.480877211134298044e+00,-5.626547642904477620e+00,1.479104320754231372e+00,7.000000000000000000e+00
1.297149784609230805e+00,-4.510850225146474379e+00,-4.045947930857599073e-01,-2.193519653531401215e+00,-1.795689632475804043e+00,0.000000000000000000e+00
5.472600735611081735e-01,-1.110956564686508052e+00,-4.016669223899410390e+00,2.201275787195036415e-01,3.139144494924327233e+00,5.000000000000000000e+00
2.103316774825327862e+00,-2.667951391350854351e+00,-3.296402763838762073e+00,2.229217720320297857e+00,8.730821217707674942e-01,5.000000000000000000e+00
1.893399104809805333e+00,-3.614022738496883491e+00,1.117288578137180410e+00,-1.726048455982762020e+00,1.269087173224206500e-01,0.000000000000000000e+00
-1.427208019962917573e+00,-2.882719292256373578e+00,3.085727945486095969e+00,-8.677690542447478173e-01,-6.287814756465008870e-01,0.000000000000000000e+00
-2.379289439084411040e+00,-1.753724109896608985e+00,-2.831846872089762268e+00,-3.237932545285059582e+00,3.658433744775129171e+00,7.000000000000000000e+00
-1.800614804346138298e+00,8.946482690022364848e-01,-7.292650601717284076e+00,-4.327543871704081724e+00,-1.025117436658502301e+00,2.000000000000000000e+00
-4.882729313850364683e-03,-1.208532713591950580e+00,-5.621904231206913849e+00,-5.142227812706791745e+00,1.858775378549945234e+00,7.000000000000000000e+00
-1.367117530571642758e+00,1.106864590103856960e+00,-4.360558899929207755e+00,-4.603945032817458483e+00,7.239061744003537635e-01,7.000000000000000000e+00
3.257968620847518260e+00,-5.425616711240732748e-01,3.738262915926198193e+00,1.385840984298754242e+00,-3.360110977034553303e-01,8.000000000000000000e+00
-3.202909246678342647e+00,1.721192536010967555e-01,-6.150343156953630874e+00,-4.371608435862563091e+00,1.884392099583158009e+00,2.000000000000000000e+00
6.093527334919461580e-03,-3.986077773702677352e+00,4.421002793766040107e-01,-2.287047650075280991e+00,-4.027240015946119134e-01,0.000000000000000000e+00
-5.045193956069283558e+00,1.446525846628980538e+00,-5.196671005560321355e+00,-4.482425398611580292e+00,2.625280837723835248e+00,2.000000000000000000e+00
-2.594668541370851678e+00,5.381352035550339252e+00,-4.057156918978025439e-01,-3.295033127819351204e+00,1.874837644376112333e+00,1.000000000000000000e+00
1.934801438766399651e+00,4.297938044658009993e+00,1.981655024638376394e+00,6.594279913106908531e+00,-7.131393104063224797e+00,9.000000000000000000e+00
2.555229049884432335e+00,-3.745591059144398383e+00,-8.218765648881231067e-01,1.511644483930197458e+00,2.786552827741825666e+00,6.000000000000000000e+00
-2.029438738343155357e+00,-1.087127917688367029e+00,-1.813933098293362800e+00,-2.609117180976225026e+00,3.893386631929002473e+00,7.000000000000000000e+00
7.982649073544867413e-01,-3.824814636672940082e+00,-5.393558648020749802e-01,-2.983785635483116927e+00,-1.107103342799755419e+00,0.000000000000000000e+00
3.083164228915913352e-01,-2.959407884211845197e+00,7.844814307815376475e-01,-2.072963981536506850e+00,-9.019510043755963880e-01,0.000000000000000000e+00
-1.491593670498361002e+00,-1.352086538043181907e+00,-4.395074904786511638e+00,-4.277993828701063705e+00,2.035098313911618106e+00,7.000000000000000000e+00
8.849897471223097112e-01,-4.708095794330704464e+00,2.637906844008768292e-01,-2.014435354973257208e+00,-7.328148478882197114e-01,0.000000000000000000e+00
3.429182353666111460e+00,4.131262418899689925e-01,-1.734521846640395992e+00,-1.677674320911137995e+00,-4.740486993158778084e+00,3.000000000000000000e+00
2.002829063296521911e-03,-1.556199832292020302e+00,-5.679214397971110273e+00,-4.381554891306120858e+00,3.764344328525458527e-01,7.000000000000000000e+00
-3.563729793119270184e+00,-2.543256483350194580e-02,-4.649253435921441913e+00,-2.691600513338765488e+00,1.209585590896103735e+00,2.000000000000000000e+00
-1.598868687621693541e+00,-6.577888523423228717e-01,-2.071040004530867229e+00,-2.228990583633254197e+00,2.300226563379257350e+00,7.000000000000000000e+00
9.594234866493420166e-02,-1.387262681458868885e+00,-3.257451472949813187e+00,-3.126634795683080448e+00,2.047331503651541595e+00,7.000000000000000000e+00
-3.869840187287117761e+00,6.148487202730554824e-01,-4.353000097429618798e+00,-3.054426361898044728e+00,1.922465784758255580e+00,2.000000000000000000e+00
-2.165838994729984091e+00,1.047926465634976712e+00,-2.405156823784125653e+00,-3.421114910300120826e+00,2.454203106327189854e+00,7.000000000000000000e+00
3.325933873471334845e+00,-3.206593101066155693e+00,-1.879564995695728991e+00,4.911296026089073674e-01,2.871777747196121666e+00,6.000000000000000000e+00
5.630295689748487042e+00,1.957541356372226593e-01,3.866961317562664369e-01,-8.835592888318014593e-01,-2.719066274423122653e+00,8.000000000000000000e+00
-4.093500024689746830e-01,-3.531047091459622034e-01,-4.570895024344574509e+00,-4.088057422137455710e+00,6.713558010492344241e-01,7.000000000000000000e+00
3.049989296055709787e+00,-3.488738625377123537e+00,-6.559479642330299232e-01,1.659786584593673675e+00,2.637024087480476453e+00,6.000000000000000000e+00
5.183662920903102656e-01,-2.717355744450705934e+00,6.121195110593855571e-01,-2.259340460819448726e+00,-1.590035998464799372e+00,0.000000000000000000e+00
-3.295612948994697811e-01,-2.115904066246186765e+00,-3.870313783622799875e+00,-2.977912825931586127e+00,8.369774338884498066e-01,7.000000000000000000e+00
-1.947682293089823435e+00,5.787051462419428027e+00,-6.400631070594469119e-01,-4.071357153216397684e+00,3.101258340816285042e+00,1.000000000000000000e+00
-7.940708759080628010e-01,1.117140932773338369e+00,-4.681976852588467075e+00,-5.027098434680540073e+00,1.715174255845959506e+00,7.000000000000000000e+00
1.946677007801426162e+00,7.208229420863285775e-01,7.175696473306780732e-01,-5.185808088387207082e-01,-3.209154214650939085e+00,3.000000000000000000e+00
1.713703724324242561e+00,-3.420234955971267476e-01,1.219554625034352524e-01,-1.176244380956284585e+00,-2.856139989602637375e+00,3.000000000000000000e+00
-2.338528740117995497e+00,1.022582979812970416e+00,-4.858648792952033446e+00,-5.833592440309335103e+00,2.617900227521315237e+00,7.000000000000000000e+00
-1.841747371895212870e+00,6.475675987590870930e-01,-4.135248874872627489e+00,-4.423546464964510427e+00,2.448232259914231879e+00,7.000000000000000000e+00
-3.546833055233803211e+00,-1.415337169654866889e+00,-5.425331607482434926e+00,-2.765602045892967986e+00,-2.347057270406708446e-02,2.000000000000000000e+00
2.648318399789446165e+00,-1.364484695211489296e+00,-3.195084826928026533e+00,-9.080697782965171383e-01,1.331868926208231274e+00,6.000000000000000000e+00
3.057483816020642120e+00,-2.822380479630801631e+00,-1.689624550074004805e+00,5.643533521335771797e-01,2.947014479301167000e+00,6.000000000000000000e+00
-5.839565740627498114e-01,-3.979323978783481319e+00,1.771063851696589531e+00,-1.778612959515416758e+00,3.251856269223066254e-01,0.000000000000000000e+00
-9.838309488043330830e-01,-7.152995420353287503e-01,1.465557610716712089e+00,-5.001262842546013720e-01,-5.892415107604122682e+00,4.000000000000000000e+00
-9.797561616341776691e-01,-4.205516964163477089e-01,-4.258332741361770424e+00,-4.538842676868211967e+00,3.344774243685306292e+00,7.000000000000000000e+00
-1.745628503445044999e-01,-1.123269640992050400e+00,-3.947540632735702548e+00,-3.710170362467354099e+00,2.923230774133359855e+00,7.000000000000000000e+00
2.172040243450744368e-01,-3.860305507199679464e+00,1.494335002268081469e+00,-1.792917947522567390e+00,-3.620459555919166433e-02,0.000000000000000000e+00
-4.087112962228925395e-03,-1.004426268649320386e+00,-3.438896265845810873e+00,-3.749144685873852190e+00,2.099206750175321101e+00,7.000000000000000000e+00
-1.379596148953292412e+00,-1.066933988951559442e+00,-2.754253784437041386e+00,-3.005255332205116758e+00,2.641540797456534140e+00,7.000000000000000000e+00
-1.508148765547017600e+00,2.010431944883945832e-01,-3.804897537519532857e+00,-4.485970194208894313e+00,2.270785626763037524e+00,7.000000000000000000e+00
3.285297057083944150e+00,-1.225577594911306800e+00,-2.833415940188418469e-01,6.516952267664494203e-02,-5.629842287642977894e+00,3.000000000000000000e+00
-9.741987628332193783e-01,-1.061427998615189106e+00,-3.431480458669388334e+00,-2.795226546168626758e+00,-7.430417472461522954e-02,7.000000000000000000e+00
-1.631941369501249239e+00,1.915585471810166973e-01,-3.598788688720999662e+00,-4.303013364958355957e+00,2.845611667515770549e+00,7.000000000000000000e+00
3.935857762296174123e+00,3.447197091251756884e-01,5.583985320846093003e+00,2.666206747310470249e+00,-8.426518812609395948e-01,8.000000000000000000e+00
1.107658929368543932e+00,1.216079412524184278e+00,6.002814248003321973e-01,-8.989870793422903850e-01,-3.375977719524807075e+00,3.000000000000000000e+00
1.304077234735459445e+00,-2.417389997175078520e+00,-1.643648567400903815e+00,2.464956275418562548e+00,5.102171880154550365e+00,5.000000000000000000e+00
1.267720878172512888e+00,-1.014016857843188069e+00,-1.010200092992538767e+00,2.373955665052939423e+00,3.754088944316631427e+00,5.000000000000000000e+00
-4.811210604812828917e-01,-1.537701724324763486e+00,-4.604635572595605630e+00,-4.152042833360441776e+00,1.685165936735984804e+00,7.000000000000000000e+00
-3.704040194691996302e+00,3.197813415778848478e-01,-6.841643312785093300e+00,-4.538699189293240899e+00,-4.603275373315731667e-01,2.000000000000000000e+00
-7.689413912372882187e-01,-5.576333351480593503e-01,-4.206442240152092893e+00,-4.314967294609127535e+00,1.766813191856706045e+00,7.000000000000000000e+00
-4.900720610890681450e-01,1.795330194022964621e-01,-2.817190180914544761e+00,-3.177025230640496467e+00,2.609234507669552894e+00,7.000000000000000000e+00
-1.238415346524871730e+00,4.507145606157175521e+00,-6.633085435703662824e-01,-3.842380508951716234e+00,4.114122192615864648e+00,1.000000000000000000e+00
8.548618825865390569e-01,-3.065556937540999449e+00,1.031726212936705966e+00,-2.361656547650392124e+00,2.260269044433426966e-01,0.000000000000000000e+00
-2.369087798928835475e+00,-3.541138109376760768e-01,-2.340814676847017495e+00,-2.987125983659530082e+00,2.429005053841758244e+00,7.000000000000000000e+00
-5.136325746634878842e-01,-3.737750474169700965e+00,4.177343572180094444e-01,-2.579363575374133966e+00,-7.196001578548507638e-01,0.000000000000000000e+00
2.099142186138024946e-01,-3.987291101339625055e+00,9.993515326438751067e-01,-1.792934170605816169e+00,8.699281359420180104e-01,0.000000000000000000e+00
-2.370505096093084685e+00,-9.205942697530865582e-01,-1.601823051636521500e+00,-2.508519519692768540e+00,3.756321126656607223e+00,7.000000000000000000e+00
1.058450853504887990e+00,7.649844310625938948e-02,-1.067348118704508908e-01,-7.661714642077570581e-01,-4.594933888168325709e+00,3.000000000000000000e+00
4.395707356289025647e+00,-3.924416264815052902e+00,-2.281815338388309744e+00,6.257127715516889177e-01,3.643146538892734210e+00,6.000000000000000000e+00
-4.072164765932136388e-01,-8.428971257732754685e-01,-5.862357872930292757e+00,-5.233653362153185107e+00,8.479958542581450542e-01,7.000000000000000000e+00
2.059275175739677888e+00,1.551044296210732254e+00,-5.405360914211995160e-01,-1.260323834115405717e+00,-5.451045094399488811e+00,3.000000000000000000e+00
-1.817176338548025794e-01,-2.611997905864709146e+00,-1.835613643600432665e+00,-1.552457775057739520e+00,3.495681870966695470e+00,7.000000000000000000e+00
-1.431839141925399517e+00,-8.191139617102999315e-01,-2.733117457593925437e+00,-2.858903505333723061e+00,2.146960668215904811e+00,7.000000000000000000e+00
-1.805017717515075448e+00,-8.717370214832620423e-01,-3.313510553831444216e+00,-3.625202805367152337e+00,2.843884162478874877e+00,7.000000000000000000e+00
-2.133255905436858058e+00,-1.906406629708215394e+00,-1.824157428461843811e+00,-2.282183500177957125e+00,3.303843233651815758e+00,7.000000000000000000e+00
-1.073437914133309690e+00,-6.203956364291760006e-03,-2.849758152680176515e+00,-3.267947856443393917e+00,2.655673234213735689e+00,7.000000000000000000e+00
-3.601564449903660869e-01,-1.023606220096102692e+00,-3.373753389327104113e+00,-3.090953375572458750e+00,2.560757367785049254e+00,7.000000000000000000e+00
2.656033432454189658e+00,-2.307699517925770216e+00,-3.026821969983870986e+00,-9.811579640140974945e-01,2.676245293510010281e+00,6.000000000000000000e+00
2.296183917249085660e+00,-4.758030487112653306e-01,1.527809029368211169e+00,6.364925897368509666e-01,-3.213661558617643355e+00,3.000000000000000000e+00
-1.825528913351104343e+00,5.061097421936837648e+00,-4.090445954403898465e-02,-3.030206433829523593e+00,2.392626598173962726e+00,1.000000000000000000e+00
-1.264262597555857015e+00,-9.058990005116001054e-01,-5.436959358921367169e+00,-5.140169808362625936e+00,1.910249613604512176e+00,7.000000000000000000e+00
-1.339879910498943394e+00,-3.612779789498214544e+00,1.463120998118693450e+00,-1.697762415218380339e+00,-3.964498418428871185e-01,0.000000000000000000e+00
1.527108793234332795e+00,-5.441692482497999528e+00,1.279044371082822540e+00,-8.179393789779956236e-01,-6.654344586732111599e-01,0.000000000000000000e+00
9.090488567193020231e-01,-3.948618201854739773e+00,-1.202672714648349572e+00,-3.269796730736441503e+00,-1.679892508668396456e+00,0.000000000000000000e+00
-5.939652570698978895e-01,-4.834855233945010156e-01,-6.306848707126851750e+00,-5.911444764573305477e+00,9.370995882729087345e-01,7.000000000000000000e+00
-1.404070698624410252e+00,-7.687907598907297579e-01,-6.672337770100527088e+00,-5.849338298149741711e+00,5.504435289331528480e-01,7.000000000000000000e+00
-1.283581189675489842e+00,-1.920756929306591254e-01,-3.788999141864546782e+00,-3.954079619977746596e+00,8.424299080302825038e-01,7.000000000000000000e+00
-2.288440814492435749e+00,-5.127369022510230856e-01,-1.083361457532909133e+00,-1.863684724129239356e+00,1.913299205912775358e+00,7.000000000000000000e+00
-1.214754206880009901e+00,5.685049464259131824e+00,-2.009194647090684960e+00,-4.719607346362500344e+00,1.946052098204235525e+00,1.000000000000000000e+00
-1.979193081048811420e+00,8.377639608069574750e-01,-2.672720043228909326e+00,-3.971295476340697572e+00,3.596037884922437033e+00,7.000000000000000000e+00
-1.800017872367792648e+00,-5.404222013642799860e-01,-3.486477285907598311e+00,-3.803477580169944083e+00,1.773515946696510248e+00,7.000000000000000000e+00
-5.888102651938760257e-01,-1.430556299466615000e+00,-4.734902004438926504e+00,-4.047864874970509064e+00,1.811376973873001894e+00,7.000000000000000000e+00
-3.048158556876796155e+00,5.966724270092408133e+00,5.783771744050062447e-01,-3.081376669008824898e+00,2.284799774256195626e+00,1.000000000000000000e+00
-1.831398035290482174e+00,-5.432750835322929656e-02,-2.913406056920411213e+00,-3.799908970419910048e+00,3.404607284850225124e+00,7.000000000000000000e+00
1.977166146168092054e+00,-2.254233079241602322e+00,-5.809824853201651651e-01,1.257363377445851915e+00,1.999437225594029366e+00,6.000000000000000000e+00
-1.724034417635752270e+00,6.102214465036126967e+00,-8.472776117970648446e-01,-3.762099110914739253e+00,1.255898325907580881e+00,1.000000000000000000e+00
3.319700735137776082e+00,7.138149782776193053e-01,2.100910246388420166e+00,-9.571948426562859602e-02,-2.844831419804530359e+00,8.000000000000000000e+00
-9.775367024841470354e-01,-3.487050923219899179e+00,2.977994879664595640e+00,-1.009598053225901237e+00,5.380896654034773574e-01,0.000000000000000000e+00
-3.942062499340200921e-01,-3.356692467986421402e+00,1.942726910231200810e+00,-1.509195941666174212e+00,-9.968476316525712866e-01,0.000000000000000000e+00
-2.191033172708689580e-02,-8.381803554163504977e-01,-2.845573826682187835e-01,2.362713761423576919e+00,5.196527362469947064e+00,5.000000000000000000e+00
-3.390121991519834843e+00,1.674636132035168368e+00,-5.783980781812444683e+00,-4.441065818396570997e+00,1.333892622314498011e+00,2.000000000000000000e+00
5.764751814949630182e-01,9.576432503479614944e-01,-2.232181684453996340e+00,1.393124641712029099e+00,2.341443009173128420e+00,5.000000000000000000e+00
-1.924513201269920870e+00,8.959296853797017457e-01,-1.873407027714167450e+00,-2.543266360813898785e+00,1.743152634691090830e+00,7.000000000000000000e+00
2.359273020912409535e+00,-2.754111440312461134e+00,4.329174686630559571e-03,1.914784323278774902e+00,3.225111386414258874e+00,6.000000000000000000e+00
4.375419463589863334e+00,-2.565070990727440048e+00,-1.749459519339481295e+00,1.035263738218762386e+00,1.719112732881625139e+00,6.000000000000000000e+00
2.096185126098887075e+00,3.434635443928347520e+00,-7.701554662852350130e-01,4.854583416827778386e+00,-9.088360010500997177e+00,9.000000000000000000e+00
4.457059525765406427e+00,-4.272827417280006812e-01,2.941334394347753456e+00,1.871713286956658173e+00,-3.772653687819703450e+00,8.000000000000000000e+00
-1.811755213279399035e+00,-3.609239815696140830e-01,-1.712671874531108029e+00,-2.362985289981278658e+00,2.618106216227515493e+00,7.000000000000000000e+00
-7.203212269644975185e-01,-4.498221194837332959e-01,-5.027789626292880953e+00,-4.935853345463019792e+00,1.476007515072429443e+00,7.000000000000000000e+00
4.645353604949745474e+00,-1.428797932900562895e+00,2.247472525598012805e+00,5.632839171068090289e-01,-1.556937210224436097e+00,8.000000000000000000e+00
-1.854737112509195596e+00,-1.804791967296384581e+00,-1.705403460489658851e+00,-2.226467241964911192e+00,2.737472805083229321e+00,7.000000000000000000e+00
6.380311203360472527e-01,-1.950231951688103260e+00,-5.695442336169399544e-01,-3.294390255131240064e+00,-2.746756032050383656e+00,0.000000000000000000e+00
5.162549024415309384e-01,-4.673385171014791672e-01,-7.760409171697369324e+00,-6.812157337367024112e+00,7.771877957893673639e-01,7.000000000000000000e+00
-9.358586333481005992e-01,-1.210716635634658367e+00,-2.288066470919562168e+00,-2.773109267097136676e+00,3.016733503184932719e+00,7.000000000000000000e+00
-2.070629416150773672e+00,5.844558957204994520e+00,4.415972403691175163e-01,-2.988246251118078955e+00,2.995673322138912908e+00,1.000000000000000000e+00
-1.118562499998303483e+00,-7.893874322452394399e-01,-4.537749405378534107e+00,-4.380590825980288372e+00,1.126284566034928769e+00,7.000000000000000000e+00
8.059799447043300979e-01,-2.353185997620171221e+00,1.297674046476815279e+00,-1.859555233581647871e+00,-1.566892456166044889e+00,0.000000000000000000e+00
-1.209269228858399270e+00,-8.727717107563977006e-01,-3.533164037109348232e+00,-3.434409198115321971e+00,2.373509127566902244e+00,7.000000000000000000e+00
2.904199298830491660e+00,2.690913139671893828e-01,-1.942477889172094629e+00,-1.829639624148062582e+00,-5.064679807072734796e+00,3.000000000000000000e+00
3.396218289400475321e+00,-3.863456860444149488e+00,3.934645684108432073e-01,2.881873861979790341e+00,3.304780084524550965e+00,6.000000000000000000e+00
-2.640718858506821753e+00,-7.583024204252346578e-01,-1.319727920083793471e+00,-2.125730488203382951e+00,3.210082975762971191e+00,7.000000000000000000e+00
-1.921000723261871101e+00,-2.813036014922282724e-01,-4.612729616026348900e+00,-4.581280911157097790e+00,2.080603330239294113e+00,7.000000000000000000e+00
2.727215209587617650e+00,1.234985812640222891e+00,-1.872732219964586386e+00,-2.387843984772687556e+00,-3.911258159229513254e+00,3.000000000000000000e+00
-1.894052409504432211e+00,1.483730573494010940e-01,-1.875664434803754554e+00,-2.475288448578443212e+00,1.730110821379935437e+00,7.000000000000000000e+00
-5.296911465304192657e-01,-7.079969880664012116e-01,-3.282660127067068778e+00,-3.100140052403875135e+00,1.140922139023684556e+00,7.000000000000000000e+00
1.844807215809643131e+00,-2.538534785274621619e+00,5.790753336850784638e-01,-2.290665423706371495e+00,-3.490081733648703888e-01,0.000000000000000000e+00
-1.567045175745969132e+00,6.113441174431557990e+00,-3.868432661571729603e-01,-3.581708556539087596e+00,3.039916690130168853e+00,1.000000000000000000e+00
-1.926942870960345555e+00,-3.387424456815947282e-01,-3.017538700765701964e+00,-3.439289866860214318e+00,1.486590627601461101e+00,7.000000000000000000e+00
1.810534633631759038e-01,-4.658479315047652669e+00,2.310195492939953077e+00,-3.624041485054765310e-01,-1.074395987504611183e+00,0.000000000000000000e+00
-3.183628741135777762e-01,5.125086715288388328e-01,-3.768386033930618773e+00,-4.281974266180166744e+00,2.223050639104190651e+00,7.000000000000000000e+00
-1.037231577688942252e+00,-3.287133376517758165e+00,3.535697772411170003e+00,-2.658212938700837968e-01,-7.641283289149669589e-01,0.000000000000000000e+00
-9.214031437893674958e-01,2.508251573171876858e-01,-4.890458791724320520e+00,-4.980662003517924319e+00,2.531164002594637363e+00,7.000000000000000000e+00
-9.362733763093196160e-01,-6.720307106051935930e-01,-1.239992775215648990e+00,-1.273493979768129281e+00,2.406165700887657799e+00,7.000000000000000000e+00
-3.149383921332540304e-01,-2.735828741674040554e+00,-4.736652074224529052e+00,-3.799582444585205110e+00,1.583848583687451184e+00,7.000000000000000000e+00
-1.540012142004021145e+00,1.317279338329185034e-01,-2.229183598551923051e+00,-3.091332618941493582e+00,2.128676083020378584e+00,7.000000000000000000e+00
2.853211164175856407e+00,8.495581612860859666e-01,-1.395837429229467963e+00,-1.821822170165938060e+00,-4.517798349990084894e+00,3.000000000000000000e+00
-3.423133500606247104e+00,9.151853829236252791e-01,-2.200680929235222738e+00,-3.058683898072396268e+00,6.451398055506344376e-01,7.000000000000000000e+00
-9.881674794416175356e-01,-2.097932462863841274e-01,-6.659469938588429727e+00,-5.767007835801414295e+00,3.525848486137545534e-01,7.000000000000000000e+00
-1.591646298414653993e+00,-1.611727157031250801e+00,-2.358962480641995096e+00,-2.497818816787320095e+00,3.624552914016228922e+00,7.000000000000000000e+00
-8.479612082204444068e-01,-4.850580813634890465e-01,-2.928925575009694082e+00,-2.908132412367171682e+00,1.033577604507973646e+00,7.000000000000000000e+00
-4.165058541116110069e-01,-2.892305017401404221e+00,1.959580479372145412e+00,-1.576840066542082308e+00,-1.104934103979044180e-01,0.000000000000000000e+00
-4.757857527314685031e-01,6.081492370006831294e-01,-3.667979262419991393e+00,-4.121109122161457528e+00,1.528541172766445300e+00,7.000000000000000000e+00
-1.960741171698271001e+00,-3.278810940277744890e-01,-3.220365536087700598e+00,-3.593591528339364682e+00,2.374386796017053936e+00,7.000000000000000000e+00
1.751998739515301828e+00,-1.183104828536113873e+00,-3.195959147866400674e-01,-7.277372902977050639e-01,-4.746670963749161309e+00,3.000000000000000000e+00
-4.739300791734217810e-01,4.727556140229018489e+00,1.555760596578383614e+00,5.242442278604850792e+00,-6.677461960591329238e+00,9.000000000000000000e+00
-2.135937213473659835e+00,-4.797121361957625840e-01,-4.436599517577025864e+00,-4.528536099758878386e+00,1.086739010143573436e+00,7.000000000000000000e+00
-1.329661263730262499e+00,-5.484694834733000457e-01,-2.418139707713014452e+00,-2.846926736854657580e+00,2.866753749483329283e+00,7.000000000000000000e+00
-2.449957807396368370e+00,-6.364672183296107288e-01,-1.724975418973802688e+00,-2.309108511758071636e+00,2.332843471353141407e+00,7.000000000000000000e+00
-1.885433820532030902e+00,-5.328998606215968881e-01,-2.449421859253204659e+00,-2.929299908249773043e+00,3.275633049344163883e+00,7.000000000000000000e+00
-1.806248608407488021e+00,-1.410381247864110676e+00,-3.437707074510755856e+00,-3.267293576860841764e+00,2.089367107856269890e+00,7.000000000000000000e+00
-4.358392967012289176e+00,-1.246431964112988955e-01,-4.910951312838260030e+00,-2.818066074444923519e+00,-4.941191266364482471e-01,2.000000000000000000e+00
3.494565447094128974e+00,1.024316088905736333e+00,4.481411897819046253e+00,1.664192703672409346e+00,-1.219248703683657897e+00,8.000000000000000000e+00
3.754173729753720767e+00,-8.715338899053679533e-01,-2.620968145443299147e+00,-6.642259087387100136e-01,1.693862489566464902e+00,6.000000000000000000e+00
-1.132460631741909252e+00,-7.190741290412353548e-01,-4.641925022328115880e+00,-4.492164255961524688e+00,1.235675926652927581e+00,7.000000000000000000e+00
2.103101585157063913e-01,-2.636704120432940890e+00,4.808299809541535241e-01,-2.562261188597802608e+00,-8.909946267766659656e-01,0.000000000000000000e+00
2.236457159549531060e+00,-2.871555596226067042e+00,-1.741062627763207082e+00,5.571882684481467563e-02,4.019375606281709423e+00,6.000000000000000000e+00
-6.753016467088626129e-01,1.809095712918793453e-01,-4.098972372416933574e+00,-4.270063005412120027e+00,2.044225533985236432e+00,7.000000000000000000e+00
6.774479539750943857e-01,-1.485190313595632139e+00,-3.807895353238494263e+00,4.555600758009598072e-01,3.115675856933025845e+00,5.000000000000000000e+00
-1.046480520830584515e+00,-2.563042849678452750e+00,-3.599815788021845098e+00,-3.216047204119645286e+00,2.898923416014766108e+00,7.000000000000000000e+00
3.248160480030074737e+00,-2.286197344203435566e-01,3.142636053940482732e+00,9.233391177542926709e-01,-2.756509032737148424e+00,8.000000000000000000e+00
3.381018883348202220e+00,1.496308188429786412e+00,3.322718568680838924e+00,7.840029095743572540e-01,-2.280434747208242907e+00,8.000000000000000000e+00
5.377066710674427430e-01,-1.218463224330688099e+00,8.461567845733084514e-01,-1.945206963375996356e-02,-3.207142905322575288e+00,3.000000000000000000e+00
-2.342793159682254434e+00,5.866897832184453598e+00,1.867702864366536319e+00,-1.792933031480405281e+00,2.556948965984835009e+00,1.000000000000000000e+00
1.497019623107867181e+00,1.564325019410218953e+00,1.276534825404387785e+00,-2.692985073197838308e-01,-3.735580643888312569e+00,3.000000000000000000e+00
-1.140443976083712618e+00,3.618247675687403797e-01,-3.621693338689132347e+00,-4.183710331016442296e+00,2.475185533690709150e+00,7.000000000000000000e+00
-1.614506661058152881e+00,-1.376582404219248712e+00,-3.326022001144125273e+00,-2.892332020419464467e+00,3.147759553937727328e-01,7.000000000000000000e+00
1.089048649369849242e+00,-3.372655272027168749e+00,1.123760010877987270e+00,-1.428018871419329594e+00,-9.697504118206594637e-01,0.000000000000000000e+00
3.871809540332478150e+00,-2.931386666097739013e+00,-2.645392119780798357e+00,9.522579232211623168e-01,1.145104688488985278e+00,6.000000000000000000e+00
1.547492561032000058e+00,4.924278004206729342e+00,3.604651965960417037e-01,5.148342056824755986e+00,-6.494663397923977399e+00,9.000000000000000000e+00
-9.201519298810428849e-01,-1.441410279000030048e+00,-1.317177527630260192e+00,-1.183976626424172673e+00,1.726072880094539963e+00,7.000000000000000000e+00
-1.187217197639909960e+00,-9.406474058723424125e-01,-3.320466395951587213e+00,-3.673271319381762545e+00,2.981827085789997778e+00,7.000000000000000000e+00
1.269974631126523201e+00,-1.621023011979015216e+00,-4.156528152697100964e+00,6.013930293494035295e-01,1.963930539841235445e+00,5.000000000000000000e+00
1.355823485521600924e+00,-2.757194535443987959e+00,-2.488953863910285114e-01,-2.729560398295002521e+00,-1.362035079211460165e+00,0.000000000000000000e+00
6.639301912933948113e-02,-4.149203874914848988e+00,1.247924537923307930e+00,-1.764319776143685514e+00,8.733832443748473784e-01,0.000000000000000000e+00
-1.674319907425033449e+00,4.773760248417728391e+00,2.510175875791703093e-01,-3.219514556441945174e+00,3.265667608377583520e+00,1.000000000000000000e+00
2.089915410602708190e-01,-1.452995145372372399e+00,-1.535063924196354845e+00,2.283801025730251677e+00,3.296893549835437476e+00,5.000000000000000000e+00
-3.341432776196854304e-01,-4.023911931422047950e+00,1.199902387815921179e+00,-1.654885957607560520e+00,1.602518930637851224e-01,0.000000000000000000e+00
4.336076087374041710e-01,-3.735728177097174640e+00,2.276918520656241895e+00,-9.581928514720059464e-01,6.102315835766192187e-01,0.000000000000000000e+00
-1.776719718437810291e+00,4.328190551082863102e+00,-1.989310077548087641e-01,-2.879926949172235684e+00,2.774759240055496345e+00,1.000000000000000000e+00
-1.192868925763051591e+00,-1.576095352059411425e+00,-1.658806616052708405e+00,-2.019895324343737197e+00,3.211263587263361696e+00,7.000000000000000000e+00
-6.322627421231448164e-01,4.546447987293595894e-01,-1.344241201467952118e+00,1.287679410603384644e+00,4.707250269655036234e+00,5.000000000000000000e+00
6.141284513381771726e-01,3.739409450286542036e+00,6.300667745927803765e-01,5.339982273811823887e+00,-7.842994972885370508e+00,9.000000000000000000e+00
1.135623652227341296e+00,5.629009885169736771e-01,7.047925789222230231e-01,-8.628884569739473376e-01,-1.660195674668345500e+00,3.000000000000000000e+00
-1.716726775154528317e+00,-1.115643015430098695e+00,-3.362603159699441235e+00,-3.486496740382008852e+00,2.168376539215848720e+00,7.000000000000000000e+00
1.492261511232244153e+00,1.798547999780926832e+00,5.814836357521659949e-01,-9.882570500874139352e-01,-3.686789823823277690e+00,3.000000000000000000e+00
-4.417173867347245597e+00,1.160573515681551537e+00,-5.933643111138665382e+00,-3.679777227141213469e+00,-1.025778845612095092e+00,2.000000000000000000e+00
4.687420739794634361e-01,-3.182754811948954821e+00,2.963093858859755958e+00,1.077124397572863379e-01,-1.858000532763388168e+00,0.000000000000000000e+00
7.521618547958398571e-01,-2.466474857107205931e+00,-6.277379380850724999e-01,-3.206482779115961357e+00,-2.235388065248446576e+00,0.000000000000000000e+00
-9.154115837774324804e-01,-4.241031480261734377e-01,-4.699633629702444360e+00,-4.346407533366949849e+00,2.261925042061904811e+00,7.000000000000000000e+00
-2.340719294004000250e+00,1.926384931965087199e+00,-4.221012586315192827e+00,-4.856267349886528528e+00,1.380861795613256948e+00,7.000000000000000000e+00
-6.617951244579202419e-02,-9.701744632232071064e-01,-4.092427900684433517e+00,-3.497556155673806177e+00,2.304059504656882140e+00,7.000000000000000000e+00
-1.776291592952806475e+00,1.240354977751728871e+00,-1.139596474595956588e+00,-2.849059386024960894e+00,4.899090906377376875e+00,7.000000000000000000e+00
-1.847328305980890706e+00,-2.266258296947995632e+00,-2.488095199593746809e+00,-2.658575869148906978e+00,4.293490954921068692e+00,7.000000000000000000e+00
-1.333374325933446736e+00,-7.811599583437796035e-01,-2.049376280664421568e+00,-2.265046011120961822e+00,2.458841935418313973e+00,7.000000000000000000e+00
-1.811989671019635040e+00,-3.403218739217780175e+00,-1.215307293928786780e+00,-1.292040851446415450e+00,3.599181756177770808e+00,7.000000000000000000e+00
-1.737846150110122778e+00,-8.113070989253321486e-01,-2.991400718108404355e+00,-3.304748211057079388e+00,2.523140737924470578e+00,7.000000000000000000e+00
1.339640492989284892e+00,1.257005231813026480e+00,1.968495818096541949e+00,4.864544394488265477e-02,-2.005702850411815952e+00,3.000000000000000000e+00
1.829646500476617588e+00,4.973583408224536706e-01,1.596393442093388515e+00,6.349473752375731639e-01,-3.115964974449683567e+00,3.000000000000000000e+00
2.605595935388974604e-01,-6.182356298175342157e-01,-1.005996964623432355e+00,2.205135775995098246e+00,4.280066407328908973e+00,5.000000000000000000e+00
1.493585941955865470e+00,-3.696696063290698664e+00,8.238371658915099038e-01,-1.647656178091474022e+00,-1.090561716770002354e+00,0.000000000000000000e+00
-1.275141309067575612e+00,-1.308536798843984439e+00,-2.225365600382238629e+00,-2.597422095222860605e+00,3.211584834016951717e+00,7.000000000000000000e+00
-1.040553734914962503e+00,-2.210821345147309991e+00,-3.680546093173282518e+00,-3.363659113388640431e+00,2.849146381818612017e+00,7.000000000000000000e+00
4.096834667583675871e-01,-4.692746688584976233e+00,2.244836025349646658e+00,-6.796734804589362744e-01,-5.632873405702700786e-01,0.000000000000000000e+00
2.618669618457112769e+00,-6.356297269243962322e-01,3.851974798265474842e+00,1.538001300080908962e+00,-1.923204906709748752e+00,8.000000000000000000e+00
-1.186244699238000688e+00,-1.548501183768559830e+00,-3.585366187590932174e+00,-3.344140366727512248e+00,2.642918040973913474e+00,7.000000000000000000e+00
-2.046033386421588940e+00,3.452091614089072280e-01,-3.527316939013380725e+00,-4.384313187419373925e+00,3.791296638919152251e+00,7.000000000000000000e+00
1.079125582331990962e+00,-2.553553057223696854e+00,9.421668988770700581e-01,2.199896974652789439e+00,4.811101852561670889e+00,6.000000000000000000e+00
2.479212477612772858e+00,5.394047443622643767e-01,-2.014438357630506271e+00,-2.035426472175050350e+00,-4.911585757301769384e+00,3.000000000000000000e+00
1.174787198618731265e+00,1.664147153811298269e-02,6.920667241830554817e-01,1.607808462612954348e-02,-3.783544484188187340e+00,3.000000000000000000e+00
-1.270171948979444521e+00,7.169173964102124041e-02,-3.294369399053492575e+00,-4.204624667441267505e+00,3.402287367537619733e+00,7.000000000000000000e+00
2.454914582674406542e+00,-3.288335577124415821e+00,-9.892906126970054670e-01,1.298803699308863413e+00,2.078371195670230431e+00,6.000000000000000000e+00
2.847115193652109522e+00,-2.764118090803074246e+00,-7.493909897708228574e-01,1.392883798454347399e+00,2.918480809679042220e+00,6.000000000000000000e+00
-2.535083978267365534e+00,2.586660463427490342e-01,-2.790940477578835122e+00,-3.395164750330999404e+00,2.786454273951653349e+00,7.000000000000000000e+00
3.987109309120783429e+00,-2.625135364225787082e+00,-1.564656952256186395e+00,1.058257054808785069e+00,9.118904449733907791e-01,6.000000000000000000e+00
-9.922036660887960657e-01,3.987125321531413413e-01,-4.329133756500200825e+00,-4.420807098922270306e+00,2.046087341800765458e+00,7.000000000000000000e+00
-1.756001480736680831e-01,-3.547807390167618813e+00,2.102161092135477194e+00,-1.074043831810783889e+00,-1.250099029060464995e+00,0.000000000000000000e+00
-1.359823995960761200e+00,-1.564587659569721678e+00,-3.415454761968509168e+00,-3.406409737317422248e+00,1.839177635614298367e+00,7.000000000000000000e+00
4.018969241357962296e+00,3.919480372584361327e-01,-1.858052473830818840e+00,-1.351917509661583194e+00,-6.238259106286734301e+00,3.000000000000000000e+00
1.467715244932570329e+00,4.555353814980277471e-01,2.606109531302011284e+00,1.260007293025072084e+00,-3.512341175501267898e+00,3.000000000000000000e+00
-3.039664030485803359e+00,-1.466403839725813674e+00,5.748532309457061729e+00,2.983096998864093408e+00,-4.621291519573742512e+00,4.000000000000000000e+00
-2.139245943840779152e+00,-8.441486016065746778e-01,-1.504059941974835279e+00,-2.525459339856317431e+00,3.614309459374225320e+00,7.000000000000000000e+00
1.059162285840368423e+00,-4.391979423026873164e+00,8.637102979287180071e-01,-1.638042355929928862e+00,-1.662650832365650366e+00,0.000000000000000000e+00
1.294046624823327329e+00,-3.643805471976184762e+00,4.459307894265581718e-01,-2.292167032009116312e+00,-1.053567112489446567e+00,0.000000000000000000e+00
2.217474281200979558e+00,-1.983426336374953802e+00,-2.082664768431202518e+00,2.167013277199202115e+00,2.961877683328809407e+00,5.000000000000000000e+00
-1.474895050774558847e+00,-5.632836782488339633e-01,-4.873451080215438935e+00,-4.452719807717057776e+00,7.976882055548354389e-01,7.000000000000000000e+00
2.746319185382885553e-01,-4.323796622130694267e+00,1.662360677992773095e+00,-8.276668411994941854e-01,-1.893044960317514569e+00,0.000000000000000000e+00
-3.113080992236261224e+00,-9.515487578003674063e-01,2.550825675859893060e+00,6.088477749370667658e-01,-5.607819835694283661e+00,4.000000000000000000e+00
2.622259959883949332e+00,-1.159617921618178560e+00,-2.459641133434470106e+00,-5.687477077960099159e-01,1.162974248148609613e+00,6.000000000000000000e+00
3.558759037365484712e+00,-3.669798249169505588e+00,-5.249882986020032449e-01,1.800125051617367911e+00,3.874588196789365391e+00,6.000000000000000000e+00
2.596240600896944084e+00,-3.421572028068093907e+00,7.201256504453668050e-02,1.774436014913706394e+00,3.679060404470595014e+00,6.000000000000000000e+00
1.266263283571277709e+00,-8.185006335452935100e-02,-3.739428018621845151e+00,2.254955382454806312e-01,3.215773817942125579e+00,5.000000000000000000e+00
-2.103784764377243821e+00,6.229870310149008716e+00,5.459101885796705522e-01,-2.721534619690424428e+00,2.335512844751323591e+00,1.000000000000000000e+00
-4.187993016664123935e+00,1.922029438204865937e+00,-5.685062480508955574e+00,-4.524386834306551641e+00,1.714398262478587176e+00,2.000000000000000000e+00
-1.012485639782022329e+00,2.303101456791937784e-01,-3.256139669056323349e+00,-3.649916600770000574e+00,2.846941449028459914e+00,7.000000000000000000e+00
3.504025477507380248e+00,-2.197116544376012115e+00,-1.101534016244725134e+00,1.323671932259310902e+00,1.937218378140888930e+00,6.000000000000000000e+00
9.686459739514517997e-01,-3.024836042505828271e+00,-1.108470951078325939e+00,-3.539062019793552505e+00,-2.540199590012137687e+00,0.000000000000000000e+00
-1.693701328228573333e+00,-3.142545491658982337e-01,-2.931698004238867838e+00,-3.228825455652023724e+00,2.105502900382771880e+00,7.000000000000000000e+00
6.587652528248161277e-01,-2.821698569832044257e+00,6.260186158206004770e-01,-2.223613384030732387e+00,-1.763728176741209186e+00,0.000000000000000000e+00
-2.564875983748203803e-01,-4.024670971286811394e+00,1.866389534666504257e+00,-1.212906959523259109e+00,-1.727577462763714711e-01,0.000000000000000000e+00
-8.460345510836858596e-01,-7.446053391050675430e-01,-2.881298978501442676e+00,-2.840037706569616738e+00,1.359986957473852121e+00,7.000000000000000000e+00
-6.007786766954060775e-01,-3.155112999259922280e+00,1.848902543269306920e+00,-1.933080758278026057e+00,9.092676397303326441e-01,0.000000000000000000e+00
-2.325725934241362314e+00,-3.966856621576906883e-01,3.351854829847921824e+00,1.045003016870301060e+00,-5.006987376414961055e+00,4.000000000000000000e+00
-2.298665672609611743e+00,-6.373079204338513160e-01,-3.079759023092634163e+00,-3.516666962967172960e+00,2.541382149710767813e+00,7.000000000000000000e+00
-1.463310703668463386e+00,-1.103781675276163554e+00,-2.257462817596634697e+00,-2.975804071556063413e+00,3.958470443706078257e+00,7.000000000000000000e+00
-3.670972464505162791e-01,5.253099528172877619e+00,-1.867895849767345906e+00,-4.505043276350765957e+00,2.615698524088275079e+00,1.000000000000000000e+00
4.407879575006122153e+00,-1.016625101130709669e-01,2.681148924042487725e+00,5.874240931620392514e-01,-1.013752616300635623e+00,8.000000000000000000e+00
-1.383078886248372552e-01,-1.834642188256163875e+00,-5.827430217770029230e+00,-4.452082671430519945e+00,-4.607226679400800440e-01,7.000000000000000000e+00
-1.770185158490255262e+00,-9.462865529606464543e-01,-2.027077414228360741e+00,-2.802240380875767212e+00,2.918946126008297171e+00,7.000000000000000000e+00
-9.261893664629354816e-01,-4.218790650365998318e-01,-4.222225064396293526e+00,-4.302679701363569365e+00,1.519187750153610406e+00,7.000000000000000000e+00
6.152853619904457005e-01,-2.790122628342845967e+00,-1.371190528601947012e+00,3.043991805811451012e+00,2.566879527530152139e+00,5.000000000000000000e+00
5.037745763062634330e-01,-2.252812127599374659e+00,-4.856195955414852605e+00,-3.575623321129372201e+00,6.687242413753490267e-01,7.000000000000000000e+00
-1.395828733336184069e+00,-2.616530466332361304e-01,-3.444769656434907290e+00,-4.050467175688457822e+00,3.468172142075033992e+00,7.000000000000000000e+00
-3.419120627598340345e+00,5.766937915373713253e-01,-1.879054990439593453e+00,-3.020118219606150234e+00,2.136012051292931702e+00,7.000000000000000000e+00
-2.640918128303975543e+00,1.350640541716811027e+00,-1.895764090756570264e+00,-3.265589140256311751e+00,1.939703685235552477e+00,7.000000000000000000e+00
-7.942363592483785428e-01,-2.420014010708797070e+00,-3.430002536436711047e+00,-3.317698215742753920e+00,4.280293166656564452e+00,7.000000000000000000e+00
-1.627035313358985658e+00,-4.402384954270939232e-01,-3.814299787420305066e+00,-3.899009246702676457e+00,2.400889387944836528e+00,7.000000000000000000e+00
2.388171554040404931e+00,-1.677670058900421202e+00,-1.752322072850319046e+00,-3.583769337793167309e-01,4.645674653472472215e+00,6.000000000000000000e+00
1.386933466859712194e+00,-3.916490138754336936e+00,2.634277833582829853e-01,-1.943158580193429463e+00,-1.324864284252096569e+00,0.000000000000000000e+00
-9.162194652212445334e-01,5.040742381512054671e+00,1.985709344474760440e+00,5.934384914255184107e+00,-6.795835113142777217e+00,9.000000000000000000e+00
3.796861375591980559e-01,-9.812584153913167517e-01,-7.762634699947625894e-01,2.357788158752316843e+00,4.758212411090418925e+00,5.000000000000000000e+00
-1.469097737442010665e+00,-1.064649041433083143e+00,-2.303792495212520386e+00,-2.336669940749086738e+00,2.317992407655391052e+00,7.000000000000000000e+00
-2.092795826424485472e+00,-9.481929504100220507e-01,-1.883776024569781438e+00,-2.694330876923491491e+00,4.037601812252749056e+00,7.000000000000000000e+00
3.101146860983828635e+00,-1.076534861451205582e+00,-2.847664415654533876e+00,-6.269888201228515090e-01,1.302703915399838319e+00,6.000000000000000000e+00
-3.062187227399399081e+00,6.314823328902627875e-01,-8.351852904742449013e+00,-5.919483712161611066e+00,2.430935765599673559e-01,2.000000000000000000e+00
-1.789011044779104775e+00,4.755268100220341188e-01,-3.198353141898309548e+00,-4.030458466347441870e+00,1.797527453879194326e+00,7.000000000000000000e+00
-1.376434768553853605e+00,-3.418645747468999629e-01,-4.065604767979897005e+00,-3.789380363419188491e+00,9.183840128937066360e-01,7.000000000000000000e+00
-9.337417291556016075e-01,-1.067799411302842616e+00,-4.674625311702690134e+00,-4.483046163461526845e+00,1.272826040313904006e+00,7.000000000000000000e+00
-1.438085579301755068e+00,-3.023278703497024322e-01,-2.893403343166515373e+00,-3.336161609597963373e+00,2.565762394862119766e+00,7.000000000000000000e+00
-1.959607954514914485e-01,-1.685704342420577762e+00,1.492579820167541760e+00,-2.081647316654749336e+00,-1.318731719984062245e+00,0.000000000000000000e+00
-1.518611095860505023e+00,-3.760664510373308844e-01,-2.959139834340291042e+00,-3.341574744000722852e+00,1.864981841845200661e+00,7.000000000000000000e+00
-1.364909122428492383e+00,5.700587554200132523e+00,-1.314176545673006569e+00,-4.341719180378988518e+00,2.004695983791654701e+00,1.000000000000000000e+00
2.242038484694562683e+00,-2.259806840663124650e+00,-1.186810756936732325e+00,4.499874779248881351e-01,2.797533223421070137e+00,6.000000000000000000e+00
-4.275461828988682988e+00,2.408026595679189530e+00,-6.343087891938705702e+00,-5.187932392569774009e+00,-3.144832905157490255e-01,2.000000000000000000e+00
2.063362891200972715e+00,-3.978241703576931521e+00,2.758518649935622347e-01,-1.729104023673579071e+00,-2.125128370100856312e+00,0.000000000000000000e+00
-1.710398975784606534e+00,-1.191533765004333834e+00,4.928020372566336071e+00,2.270232224071281113e+00,-4.862814463101414297e+00,4.000000000000000000e+00
-1.781443466622379290e+00,-5.853265243312486543e-01,-3.525814817510202204e+00,-3.886102367604297836e+00,2.798193418105848984e+00,7.000000000000000000e+00
-7.082742544326292577e-01,-3.593855720774734031e-01,-4.584541726017557828e+00,-4.546094426181955583e+00,2.657626248379371781e+00,7.000000000000000000e+00
-2.687810651342633417e+00,-1.871381464105521308e+00,-1.193730721735593026e+00,-1.799886098257504452e+00,2.983407583063794721e+00,7.000000000000000000e+00
-8.815458363810244613e-01,6.012101196320975838e+00,-1.957026044901899908e+00,-4.814941464636814494e+00,2.166160203093724590e+00,1.000000000000000000e+00
-1.239343140264934195e+00,5.337857312454676872e+00,-8.246845624921801399e-01,-3.126873029347922994e+00,2.003790350539676357e+00,1.000000000000000000e+00
-2.317982666940437753e+00,5.771482021020688968e+00,1.369912985101666258e+00,-2.051103310048530304e+00,2.671941810206405421e+00,1.000000000000000000e+00
-2.051057314040739765e+00,9.978612629704314285e-03,-2.591126600246305589e+00,-3.109064797435180161e+00,2.818284234576414082e+00,7.000000000000000000e+00
-1.217656628195135760e+00,5.751423449487903738e+00,5.442767628476095076e-01,-2.708536163429680066e+00,1.944404547897874647e+00,1.000000000000000000e+00
-3.280550388963877850e+00,1.022070254416648227e+00,-6.719677950363918129e+00,-4.311956608944749192e+00,-1.066045986926011491e+00,2.000000000000000000e+00
-4.181389489346402755e+00,2.488530304274577665e-01,-6.683847653437747560e+00,-4.784317332292405744e+00,4.385420877019620689e-01,2.000000000000000000e+00
-3.512211858663080721e-01,-4.386260652230643764e+00,3.439780620432168590e+00,7.658184601089611243e-02,-2.825933785259182041e-01,0.000000000000000000e+00
-1.756228198768511772e+00,-6.297055355194987047e-01,-2.896072592965428960e+00,-3.493807057977329933e+00,3.465943115278649511e+00,7.000000000000000000e+00
-3.094724043050846252e+00,3.281194573547747684e-01,-3.029550843276391348e+00,-3.744974420319039599e+00,8.832368461710874419e-01,7.000000000000000000e+00
-6.325975582649523421e-01,5.486247604911381970e+00,1.907587319110318980e+00,5.173868340409322641e+00,-6.717037169955275111e+00,9.000000000000000000e+00
-5.667449226016849639e-01,-4.929278880306910970e+00,3.088151408897959804e+00,-2.533595214766495296e-01,9.055994630310712501e-02,0.000000000000000000e+00
2.111035837141077565e+00,6.078436835492450063e-01,-1.908549974403641603e+00,-2.433786639735872726e+00,-5.187736950988814044e+00,3.000000000000000000e+00
-3.081962989631797267e+00,-2.512336597271017435e+00,-1.396675850922745932e+00,-1.728545737607914301e+00,2.292621037945520079e+00,7.000000000000000000e+00
3.507788675464099004e+00,-2.438815025780141088e+00,-2.086105300638909643e+00,5.304556694935914640e-01,1.847550379741911053e+00,6.000000000000000000e+00
-3.033697354176700500e+00,8.088790896133067676e+00,2.229137690640483616e+00,-2.565897382853224329e+00,3.916423600692846119e+00,1.000000000000000000e+00
-1.322176901004444627e+00,-4.659035073687387563e-01,-3.333110480573746148e+00,-3.704512458198922609e+00,2.159790358222599238e+00,7.000000000000000000e+00
-1.616313219917561605e+00,-2.280749496105450858e-01,-4.590124059223791519e+00,-4.665294050711165319e+00,1.569336401858915098e+00,7.000000000000000000e+00
-1.397180982909648872e+00,-1.026509945488183861e+00,-2.211636391217079112e+00,-2.191986283689848491e+00,2.231636839241852854e+00,7.000000000000000000e+00
3.031768008116634938e+00,1.208520125160362113e+00,3.505207011192114752e+00,1.019426594406988018e+00,-2.837979042600475399e+00,8.000000000000000000e+00
-7.377560716538447139e-01,7.374473179403113754e-01,-4.947063250415892455e+00,-4.782005387657486395e+00,1.071535985671056235e+00,7.000000000000000000e+00
1.673346068681070553e-01,-2.984393399086244347e+00,8.985024524864173578e-01,-2.281476946711274323e+00,3.413344136581017429e-01,0.000000000000000000e+00
-1.392837565635387242e-01,-2.755672567576500143e+00,-5.019334666154688485e+00,-3.804860040059721893e+00,7.641029203469619224e-01,7.000000000000000000e+00
-1.745078708232123965e+00,-2.673715473256766728e+00,1.335964228277388255e+00,4.686410858586350092e-01,-7.231371403038155066e+00,4.000000000000000000e+00
3.819319869797005218e+00,-2.374463728621840630e+00,-4.093742080168741637e+00,-1.408758162734839114e+00,1.576661580415115171e+00,6.000000000000000000e+00
-4.653279566474602724e+00,-1.013367082597064206e+00,-5.295802906782133945e+00,-3.448085955239081901e+00,1.606470720816074671e+00,2.000000000000000000e+00
2.676776319168063800e+00,-2.626478543556988399e+00,-1.318779436762561819e+00,7.801478257105602943e-01,3.712942731057764956e+00,6.000000000000000000e+00
1.039423210106550144e+00,3.907759665745451194e+00,1.578019320549676863e+00,5.939140412804347235e+00,-6.025893344245687011e+00,9.000000000000000000e+00
2.388823456890071473e+00,-1.450582249796084966e+00,-8.046556035026825038e-01,7.289770600724562177e-01,2.642850843922228243e+00,6.000000000000000000e+00
1.302995184328820555e+00,-1.110280360319954029e+00,-3.117380464531659623e+00,8.897873366208568502e-01,3.245097695878141675e+00,5.000000000000000000e+00
3.485670634794820089e+00,-1.999227482956013713e+00,-2.268760916033982777e+00,1.061932163277973518e-01,1.147387339390526506e+00,6.000000000000000000e+00
7.016417394074767611e-01,-4.957364582877460180e+00,2.791834427343061087e+00,-2.943845652299898613e-02,2.734246050532221708e-02,0.000000000000000000e+00
-1.005403329627390541e+00,-1.123188576168854924e+00,8.163440144074074478e-02,-3.894563937827542510e+00,-1.234654197121027863e+00,0.000000000000000000e+00
-3.076608973375432043e+00,9.766107113275213081e-01,-6.202218808439999620e+00,-4.196998350719084669e+00,2.202057318699754962e-01,2.000000000000000000e+00
-2.675171019375867765e+00,-1.162937915532685218e-01,-2.851431576585379712e+00,-3.542361476174438639e+00,3.242022588564398511e+00,7.000000000000000000e+00
-1.216599256759264724e+00,4.751824458717657240e-01,-5.124703783269922930e+00,-4.991905458322238864e+00,1.225245689014569317e+00,7.000000000000000000e+00
-7.798428595922312079e-01,-3.154013858987936736e+00,1.505242935400619597e+00,-1.946366657265112154e+00,-7.484724415286260202e-01,0.000000000000000000e+00
-3.400918892467831967e+00,5.947722744183703281e-01,-7.737466059847684541e+00,-5.294027658326436736e+00,3.504491547883218372e-01,2.000000000000000000e+00
-1.821212878579097527e+00,1.558042688783857210e-01,-2.950188847471285847e+00,-3.185393229828838990e+00,2.575921429505663163e+00,7.000000000000000000e+00
1.111698407956903001e+00,-3.861432835026443744e+00,8.183800167938124481e-01,-1.346440184084812808e+00,-3.193570921706534005e+00,0.000000000000000000e+00
-3.567379047277243309e+00,2.865402796750252667e-01,-2.988869030593594989e+00,-4.223474086907253344e+00,3.231301668796648485e+00,7.000000000000000000e+00
2.135576129985002236e+00,-1.891896462943658541e-01,-1.826357647486241964e+00,2.243213494671612906e+00,2.124399918436697288e+00,5.000000000000000000e+00
-3.122708052489464592e+00,-8.837406172919913816e-01,-6.224096924647089857e+00,-3.472758598187148493e+00,-3.225448960900434425e-01,2.000000000000000000e+00
-1.779752788405777775e+00,1.583693973324658222e+00,-3.124433953609377035e+00,-4.050268947040711609e+00,2.754652446530334142e+00,7.000000000000000000e+00
2.259930745759120008e+00,-9.431767606745457000e-01,-1.643395599905161264e+00,2.369560674057124228e+00,2.699625013756672853e+00,5.000000000000000000e+00
-1.091794309973857846e+00,-7.229898637816724039e-01,-4.233783694139608755e+00,-4.135994682246595389e+00,1.408325298875125586e+00,7.000000000000000000e+00
-1.315839975292208752e+00,-2.019094514334735191e+00,-3.004216488466444623e+00,-2.661301142889539673e+00,1.004177605408627549e+00,7.000000000000000000e+00
3.013012835800835454e+00,4.479025788882083359e-01,-2.923748548126750890e+00,-2.839982388083687859e+00,-6.050652057682255780e+00,3.000000000000000000e+00
2.866700027929828032e+00,6.403634411462398868e-01,-9.516400919883273302e-01,-1.377352307142663657e+00,-3.613340087590448668e+00,3.000000000000000000e+00
3.869620777681528345e+00,-1.325282639092913772e+00,3.291346740462045783e+00,1.592910234546698778e+00,-1.933448462811251822e+00,8.000000000000000000e+00
-4.786535279207314586e-01,1.446158893545406721e-01,-4.158111039379340568e+00,-4.305743582807352254e+00,2.057655763663781112e+00,7.000000000000000000e+00
3.777544943406821787e+00,-4.576478218522241903e+00,-4.373661258439751620e-01,2.300890446709339621e+00,2.616751517591481946e+00,6.000000000000000000e+00
-1.536013007385763407e+00,-4.965607062663094928e-01,-3.128865724028201178e+00,-3.352872829094208917e+00,2.275283966472207986e+00,7.000000000000000000e+00
2.498391693022989468e+00,-1.608099654358305264e+00,1.006504139272673681e-02,1.447874970707665687e+00,3.154552532017472100e+00,6.000000000000000000e+00
-9.626936301331358026e-01,-4.557685296203738412e-01,-5.234568234892879701e+00,-4.763509960801298071e+00,6.024833443245162234e-01,7.000000000000000000e+00
-1.654779378853425964e+00,4.626984004119223393e+00,-6.224498778820504175e-01,-3.349839366055893830e+00,2.908381544615082692e+00,1.000000000000000000e+00
-2.038718168557869248e+00,-2.743011217787105771e+00,3.961273425563204054e+00,-3.926742121231006077e-01,3.393230084758133702e-02,0.000000000000000000e+00
9.571800365504703478e-01,-3.856248620207185951e+00,2.804771082359297729e+00,-2.282810755953614545e-01,-3.613983529215756274e-01,0.000000000000000000e+00
-1.469500431115732475e+00,5.639448119812912275e+00,9.431842794730298518e-01,-2.240059332928718838e+00,2.390320199673094503e+00,1.000000000000000000e+00
-8.633500862704770462e-01,-5.412235142588375236e-01,-3.186527048343552160e+00,-3.555454467665092100e+00,3.035899898297165667e+00,7.000000000000000000e+00
-2.884286330650011054e-01,-2.166204703343602489e+00,-4.312694935382534567e+00,-3.767979654435029691e+00,2.174789919232819280e+00,7.000000000000000000e+00
-2.687371415627998417e+00,5.644910974428844597e+00,4.619683368354270403e-01,-3.126741559935635628e+00,2.698695200765479196e+00,1.000000000000000000e+00
-1.701188740673739597e+00,-1.770390373299033371e+00,-6.079671333403567246e+00,-5.500195282777620598e+00,1.412740331288555584e+00,7.000000000000000000e+00
4.115533706295201988e+00,-1.233447610607731448e+00,-3.756731838276460511e+00,-1.077054621218571651e+00,1.431618507233524351e+00,6.000000000000000000e+00
-9.967047329422653590e-01,-1.454136402846736065e+00,-1.983060232058666994e+00,-2.092576676877325070e+00,3.777804398573705313e+00,7.000000000000000000e+00
-3.943415653712667446e+00,-2.788723518446464822e-01,-3.904303897406131707e+00,-2.160264478185447867e+00,1.532549879154015526e+00,2.000000000000000000e+00
2.395655508053953220e+00,-1.825917601049925842e+00,-2.692571753255241784e+00,1.966648806725345811e+00,2.616454018065097475e+00,5.000000000000000000e+00
-9.247737532874164001e-01,-4.723452573593826642e+00,3.280345317241776248e-01,-2.049701363217434569e+00,-1.532945524892515454e+00,0.000000000000000000e+00
1.104356927803003874e+00,-1.136399650016177265e+00,-2.585977616075802121e+00,1.325756291920575425e+00,3.499156608841214933e+00,5.000000000000000000e+00
-1.189073751162725845e+00,7.870873659630790442e-01,-6.985726094758141436e+00,-6.764641166304329545e+00,2.039213732488516229e-01,7.000000000000000000e+00
-1.744345404033699642e+00,4.753303341301013951e+00,-1.245108270623178415e+00,-4.157864761749058502e+00,2.513666860208652487e+00,1.000000000000000000e+00
-2.030872093308468962e+00,-3.216275950194471406e-02,-2.529892144591681991e+00,-2.918888824864359410e+00,8.031745671913085305e-01,7.000000000000000000e+00
6.878052719915362934e-01,-1.272737592046620625e+00,-1.891901370895772080e-02,-3.547123288657709317e+00,-1.720878188682282151e+00,0.000000000000000000e+00
-4.595592964241474121e+00,-2.120276919935048632e+00,5.599107718264766831e+00,2.290324679241701133e+00,-4.281751842637849137e+00,4.000000000000000000e+00
-1.035720585941053651e+00,-1.125789772736758954e+00,-4.557715998252362510e+00,-4.473903172704583042e+00,2.071213267133121150e+00,7.000000000000000000e+00
1.660401791792489146e+00,-1.842024541122830039e-01,1.072434984796237778e+00,2.575294045642531060e-01,-3.789960442024062903e+00,3.000000000000000000e+00
8.685795852381761328e-01,-3.530422535648000792e+00,-1.197844545103896152e+00,-4.149925273723306773e+00,-4.791322384249694366e-01,0.000000000000000000e+00
-3.896189009397519332e+00,-2.692898334474717714e+00,-5.836415261948302735e+00,-2.653793103976475276e+00,-6.821988973230648234e-01,2.000000000000000000e+00
-1.927108675420700967e+00,1.181018157337019980e+00,-2.607622354282743249e+00,-3.726020716679958600e+00,2.802864921325290748e+00,7.000000000000000000e+00
-1.295288703471293212e+00,1.073236039463288272e+00,-2.398778919180156510e+00,-3.259957022264263315e+00,3.450566714360812082e+00,7.000000000000000000e+00
-8.383432262655283740e-01,-3.046773087233559107e-01,-4.490167430388237513e+00,-4.177919242171180159e+00,1.203846081342049734e+00,7.000000000000000000e+00
-4.126444911342615485e-01,-3.571260819967537969e+00,9.816251763372598749e-01,-1.929742623191825768e+00,-1.862845467873751826e+00,0.000000000000000000e+00
-1.309777488716956206e+00,-1.096577071981021945e+00,-4.184624361001251458e+00,-4.286077749576611140e+00,2.316124007659749573e+00,7.000000000000000000e+00
-2.002848027170362144e+00,-1.622441371575944202e-01,-5.832002892403030714e+00,-5.421912453488903161e+00,5.338173593381035920e-01,7.000000000000000000e+00
3.101661021175952104e+00,1.704091021252617466e+00,-3.168506063328253852e-02,-6.608196603219720355e-01,-4.151168926301157747e+00,3.000000000000000000e+00
-1.803572230628650130e+00,-9.178482070138193061e-01,-2.975089064941318195e+00,-3.021212995229075382e+00,1.613730174461950551e+00,7.000000000000000000e+00
-2.221849118454474414e+00,4.666540773125920638e-01,-3.460853276460322370e+00,-4.083573956077143130e+00,2.831266968168842268e+00,7.000000000000000000e+00
-1.417302150774263358e+00,-1.395631202405986926e-01,-3.966336551239153074e+00,-4.010592158090715564e+00,1.201526748636179143e+00,7.000000000000000000e+00
-1.796009690351723087e+00,4.615986360369425334e+00,1.319920505899277785e+00,-1.833982276606148654e+00,3.311980041367566407e+00,1.000000000000000000e+00
1.702487913138191145e+00,7.134897224892970957e-01,-3.924135806064042442e-01,-1.157727401333496164e+00,-4.215428743610595497e+00,3.000000000000000000e+00
1.414448928207669987e+00,-1.334084123908411357e+00,-2.666617641565561581e+00,1.348450379728274307e+00,3.395531677326986131e+00,5.000000000000000000e+00
4.194900043222985708e+00,-2.906449038033076526e+00,-1.093649683936928074e+00,1.306965539693740963e+00,3.109564505331940509e+00,6.000000000000000000e+00
-2.698582903941356914e+00,-9.037465045382611084e-01,-3.040956394888348346e-01,-1.870347672733261524e+00,4.684105194018828300e+00,7.000000000000000000e+00
-4.464933447063057503e-01,6.766787403722664074e+00,-3.026879264660092272e-01,-3.421583551520206434e+00,2.812522082478177587e+00,1.000000000000000000e+00
-1.421912349855737334e+00,1.220749901480119859e-02,-1.988508949195046949e+00,-2.901541927377826013e+00,4.241176973959402297e+00,7.000000000000000000e+00
9.131011519374087060e-01,-3.886075047048441755e-01,1.903480564268227093e+00,7.641018097015005450e-01,-3.958200438278420386e+00,3.000000000000000000e+00
1.042384545746294355e-02,4.967105128343068721e+00,1.625110873349230989e+00,5.905956189124417222e+00,-6.484444764731442490e+00,9.000000000000000000e+00
-1.550692364299381509e+00,4.739900843441657852e-01,-4.511133246186240342e+00,-4.719231527175198337e+00,2.668250834062206422e+00,7.000000000000000000e+00
-1.865565539174372400e+00,-5.834344461496214773e-01,-2.538397855137927817e+00,-3.070312988492274187e+00,3.088074998918930447e+00,7.000000000000000000e+00
1.176654516930485839e+00,3.408244529829561387e+00,-7.922144365655556797e-01,4.281643704910856663e+00,-7.854953244502969056e+00,9.000000000000000000e+00
3.787507148272474033e+00,-2.560289114937353894e+00,-2.613816920241435415e+00,-4.014381460304414784e-01,3.412157666250591248e+00,6.000000000000000000e+00
1.073083111427532432e-01,-4.115370760453474497e-01,-6.668178697995552628e-01,2.486921709235553557e+00,2.317186140101209713e+00,5.000000000000000000e+00
9.678035735603836009e-01,-2.872440333031759607e+00,4.765444898443074173e-01,-2.165114312036736877e+00,-1.148556015523380269e+00,0.000000000000000000e+00
-1.608504036902089540e+00,-4.416220025734222676e-01,-3.651575875600966636e+00,-4.026751739360737936e+00,2.289099997321584201e+00,7.000000000000000000e+00
4.153500620254013675e+00,-9.808528084647011314e-01,3.564446981220465549e+00,1.636371505495050060e+00,-1.542934469801503061e+00,8.000000000000000000e+00
-6.538535566905026020e-01,-3.222832525350921795e+00,9.966018501279514386e-01,-2.035383096995308616e+00,-7.986513574656084469e-02,0.000000000000000000e+00
2.960119356274439895e+00,-4.878118782914718787e-01,-1.230056210060715083e+00,1.212892463831357209e-01,3.458019393163656030e+00,6.000000000000000000e+00
1.240559315567182130e+00,-2.187807364879332361e+00,-2.075950564768588080e+00,2.134562860294908493e+00,2.656429135185099710e+00,5.000000000000000000e+00
-1.240396803355511501e+00,6.278932688683243946e+00,-9.346445199183862629e-01,-4.434171173996508841e+00,4.233062215213932333e+00,1.000000000000000000e+00
-2.235834681668555479e+00,2.843500504339386836e-01,-3.135664760522669070e+00,-3.742489662946065998e+00,2.834430574278693715e+00,7.000000000000000000e+00
-1.125825390025676914e-01,-3.014950979003510501e+00,-1.524281180520375756e+00,-4.102443344341298648e+00,-1.808827413508200088e+00,0.000000000000000000e+00
1.547502105254826565e+00,2.056476111105763671e+00,-1.311147607398404524e+00,-1.948651288350542465e+00,-5.990992717115488198e+00,3.000000000000000000e+00
4.410453157577907568e+00,4.936740486847616682e-01,3.451549293465123291e+00,9.572260110146086909e-01,-1.718609964419464342e+00,8.000000000000000000e+00
-1.597166737305007134e+00,1.158111814410279550e+00,-3.499917840485220033e+00,-4.555796350716804888e+00,2.244253536370690583e+00,7.000000000000000000e+00
-1.108310326692559356e+00,5.553276276598935191e-01,-2.998665883995810688e+00,-3.860563658594521552e+00,3.858744068862037135e+00,7.000000000000000000e+00
-1.744943587617692193e+00,-1.091002737466040928e+00,-3.172817599681303058e+00,-3.553636906852014388e+00,2.143992094606006038e+00,7.000000000000000000e+00
-1.268844593565412682e+00,-8.539915683501055899e-01,-4.094415311794285195e+00,-4.229338838905975173e+00,2.695750656384016342e+00,7.000000000000000000e+00
3.736236924152708250e-01,-2.743093435478525244e+00,2.459685846684112942e+00,-7.289538748325853357e-01,-1.247762244846108981e+00,0.000000000000000000e+00
-1.834120088128745385e+00,-4.046045126247647949e-02,-3.968414700843265752e+00,-4.302405187140679210e+00,1.562704889298862199e+00,7.000000000000000000e+00
-4.761625715617605614e-01,-3.023252723024841271e-01,-3.256853799666539206e+00,-3.623636585799587806e+00,2.698494421182977110e+00,7.000000000000000000e+00
-7.110310752179264115e-01,5.672651952179877277e+00,-1.348984824480215838e+00,-4.259543881826780343e+00,2.622882821795430974e+00,1.000000000000000000e+00
2.523823389730450728e+00,-1.395713953033113519e+00,-3.834716451993691599e-01,-6.423342627564944118e-01,-3.366874926381314914e+00,3.000000000000000000e+00
1.537792577552236084e-01,-5.726894882245866514e-01,-1.401784604058182948e+00,1.952894371705872434e+00,2.960469229643860167e+00,5.000000000000000000e+00
5.472763966291254167e-01,-3.716650981140358301e+00,6.323934258376547879e-01,-1.686692692018349815e+00,-2.081273474969826953e+00,0.000000000000000000e+00
7.244454477900303946e-01,-4.133134177970592127e+00,1.735265489007742801e+00,-1.002166478329342469e+00,-1.044978658285128370e+00,0.000000000000000000e+00
3.452488752093489488e+00,3.292561156126985744e-01,-1.615340208379243414e-01,-2.383061179102431981e-01,-4.483638400578301209e+00,3.000000000000000000e+00
6.354484790498481361e-01,-3.517411987388226802e+00,2.569333712861245012e+00,-2.776295977298818829e-01,-8.082802412265578385e-01,0.000000000000000000e+00
6.269069432630690608e-01,-4.517613608724560414e+00,7.802734485842737211e-01,-1.830865747621631456e+00,-6.155733897841035862e-01,0.000000000000000000e+00
1.075964188436096425e+00,-3.503903819859647939e+00,9.091025456503309954e-01,-2.093455354072756958e+00,3.448633441507472641e-01,0.000000000000000000e+00
-1.583695301207129313e+00,-7.274836736542205085e-01,-1.360315063433070737e+00,-1.944997712365299947e+00,2.235103679117999231e+00,7.000000000000000000e+00
9.149201570116081150e-01,-3.550730664272450543e+00,4.386024826152221667e-01,-2.341373184683146036e+00,1.075661651104100058e-01,0.000000000000000000e+00
-1.522587544501335266e+00,7.718238646237867151e-01,-5.277039384541630795e+00,-5.411721431895399448e+00,1.861652206022380796e+00,7.000000000000000000e+00
9.231803581248856361e-01,-4.524015171854942174e+00,1.025407077373638565e+00,-1.409828677841144629e+00,-3.558921932709157576e-01,0.000000000000000000e+00
1.372781013912052206e+00,-1.043284828678989334e-01,6.016360300871255173e-01,-2.480497833095858806e-01,-4.236310231961174289e+00,3.000000000000000000e+00
1.016499939035397482e+00,-1.100358569549908655e-01,-2.392266289512332555e+00,1.194393537518218640e+00,4.656437665055879194e+00,5.000000000000000000e+00
-2.751084861453187536e+00,3.190229763065386415e-01,-2.286815332444388726e+00,-3.539605985772979135e+00,2.762657489593465243e+00,7.000000000000000000e+00
-7.796140163746844154e-01,-1.332834379602359842e+00,-4.629008009860798190e+00,-4.659973199880973915e+00,2.909180542197099761e+00,7.000000000000000000e+00
-1.498131485266666729e+00,5.539971008848509904e-01,-3.765270195778148477e+00,-4.247057146581791010e+00,2.156483701579025691e+00,7.000000000000000000e+00
-3.265993247897802210e+00,7.928321953078393269e-02,-1.439871766645877349e+00,-2.680032147127190179e+00,4.297889031940518301e+00,7.000000000000000000e+00
-1.262513435251554350e+00,-1.151689740929179084e+00,-5.970228069158039830e+00,-5.753394594739094536e+00,2.011085643131938383e+00,7.000000000000000000e+00
3.199982956574657589e+00,5.504615294120333013e-01,-1.033211641227745059e-01,-5.629765915644328045e-01,-4.371044255392471989e+00,3.000000000000000000e+00
1.223225571294377367e+00,8.418467876123320037e-01,2.142697146453286017e+00,6.259851586511789856e-01,-3.592675275170976956e+00,3.000000000000000000e+00
2.103043172498155311e+00,7.389939315016430532e-02,2.465169717801733995e+00,3.769579468815736356e-01,-2.233079789564991202e+00,8.000000000000000000e+00
-1.595907567580485020e+00,5.673593978272815086e+00,-1.469117288193183324e+00,-4.534114215347829102e+00,3.032664440547510054e+00,1.000000000000000000e+00
-2.451550325618190307e+00,4.519825923168300008e+00,2.205793173761280812e+00,-1.233970085953962625e+00,2.986133645500852030e+00,1.000000000000000000e+00
-1.268469590610850073e+00,-2.124082841054096171e+00,-3.042780806714592057e+00,-3.020678049771150064e+00,2.108238677432718866e+00,7.000000000000000000e+00
5.772640977813621177e-01,-3.571544328560375181e+00,1.029033371104961958e+00,-1.593555667384578323e+00,-2.097403347156368003e+00,0.000000000000000000e+00
4.497300045491824605e+00,-2.101877599906491145e+00,-2.860429748292427909e+00,-5.442260353120420557e-01,2.929584686062148613e+00,6.000000000000000000e+00
-4.832655405687101835e-01,5.154741432678090263e+00,-1.826495536451605561e+00,-3.644974961324373375e+00,8.136329070882523107e-01,1.000000000000000000e+00
-1.726773530730809636e+00,-1.294062692285710581e+00,-3.208795739865761831e+00,-3.374236574168544500e+00,2.240362760196589864e+00,7.000000000000000000e+00
-1.050409546960205054e+00,6.522792992863499784e+00,-1.327140771908527528e+00,-4.497251557797556032e+00,2.452153792246449360e+00,1.000000000000000000e+00
1.215014750735889271e+00,-3.668307921331062538e+00,-4.716350446027692267e-01,-2.334383156021570205e+00,-2.356936059836332031e+00,0.000000000000000000e+00
-1.613505742135006527e+00,-7.745546717508335899e-01,-2.672184808107625820e+00,-3.391929576754126430e+00,3.674918964429576551e+00,7.000000000000000000e+00
-1.912251343616317323e+00,-1.344005014987848190e+00,-4.241636721765969398e+00,-3.806213275164653353e+00,1.897488637364981079e+00,7.000000000000000000e+00
-1.216654572620342156e+00,6.605696738246608080e-02,-2.077895865111026197e+00,-2.702547908489822515e+00,2.049880482130150394e+00,7.000000000000000000e+00
2.571996318533328552e+00,-2.201228606796620468e+00,-4.041174169310019493e-01,1.322729045867016895e+00,3.427647504215082463e+00,6.000000000000000000e+00
8.743767658887291461e-01,-3.161260638796703493e+00,-7.071101307164658900e-01,-2.759015606954351885e+00,-2.549620584649638921e+00,0.000000000000000000e+00
7.811412972762485363e-02,-9.470270050857972910e-01,-3.704405290557459374e+00,-3.154621593826961501e+00,9.105575245400364670e-01,7.000000000000000000e+00
-1.836872748694071911e+00,-6.444264289926459055e-01,-1.494112670285606681e+00,-2.461809009754128752e+00,3.792520680102137831e+00,7.000000000000000000e+00
-9.071500034030205439e-01,-1.291492230393000318e+00,-3.649596601409424323e+00,-3.475997610393664061e+00,2.987474163625750023e+00,7.000000000000000000e+00
2.657561749265919371e+00,-3.123798373549159901e+00,-1.457498966607555735e+00,8.082759065746480953e-01,2.055249082120925497e+00,6.000000000000000000e+00
-3.519174339402539875e-01,-2.603610044924614897e+00,1.249467249762663962e-02,-3.096272360706310067e+00,-7.164061246271076211e-01,0.000000000000000000e+00
-1.684821803002396701e+00,-4.425763845916826922e-01,-1.611029827594482544e+00,-2.644238044799225307e+00,3.214850523838300500e+00,7.000000000000000000e+00
1.436423027649028850e+00,4.439968618228609110e+00,2.325560347396583571e-01,5.590332851426210503e+00,-8.882866995350859440e+00,9.000000000000000000e+00
7.587328950293948937e-01,-2.859284503660246557e+00,-3.359705295997220120e-01,-3.155089240928506289e+00,-3.891202435188236275e-01,0.000000000000000000e+00
8.559895903037831877e-01,-4.636109415257216426e+00,-1.057830339578998968e-01,-2.150383482191076112e+00,-2.333375714094314102e+00,0.000000000000000000e+00
-9.907261772790000309e-01,-5.228979489808652792e-01,-1.999543193912863837e+00,-2.707023027415860650e+00,2.976828978412604965e+00,7.000000000000000000e+00
-2.261530682620800092e-01,-9.485188389705235812e-01,-3.889327130175100677e+00,-3.697311633365717221e+00,1.398213197613287662e+00,7.000000000000000000e+00
2.505882216086187331e+00,-2.217899187991148047e+00,-1.898971287817114106e+00,-8.348085782618452910e-02,3.432289467282127138e+00,6.000000000000000000e+00
-1.688008266855042017e+00,-1.717726717100628298e+00,3.489740286477069020e+00,1.426542637110215450e+00,-4.158556400968874023e+00,4.000000000000000000e+00
2.477819077611823850e+00,-2.855986460386358505e+00,-5.308005522286826094e-01,1.420829912270161977e+00,2.484995934322442146e+00,6.000000000000000000e+00
1.553832860894184709e+00,-1.999226909553769360e+00,-4.791132899086560371e-01,1.337860762548088722e+00,2.016529465475627614e+00,6.000000000000000000e+00
-7.516426176591637365e-01,-8.342714878409769330e-01,-3.638388225612708471e+00,-3.730745278986710822e+00,3.083117890100014247e+00,7.000000000000000000e+00
3.088916204205492400e-01,-2.577683407183290143e+00,2.136668818893328048e+00,-1.103372085658979485e+00,-8.360060109343470103e-01,0.000000000000000000e+00
1.086211843361486018e+00,-2.760769858007799726e+00,1.002930439136977769e+00,-2.018753298363222370e+00,-2.362402181941179347e+00,0.000000000000000000e+00
-8.656345457424046153e-01,-6.261960881047630156e-01,-3.666083776691288154e+00,-3.801929984684466302e+00,2.716328663616748518e+00,7.000000000000000000e+00
2.332427979751371172e+00,-2.070941808965514941e+00,-7.984538464323387430e-01,1.163838359888760721e+00,2.902384055213047098e+00,6.000000000000000000e+00
3.597977627822141145e+00,-1.698108441699178739e-01,2.060159441558537807e+00,2.933230036134646945e-01,-3.628129342204872820e+00,8.000000000000000000e+00
-3.535947048251160574e+00,1.304864746312135448e+00,-6.053819925530868673e+00,-4.182339965442252172e+00,1.681063634678554575e+00,2.000000000000000000e+00
-1.754133963464261092e-01,-9.585005262448712537e-01,-5.815897693904380716e+00,-5.168096521159250223e+00,1.487619413605633545e+00,7.000000000000000000e+00
-1.718715202647978169e+00,-1.681079109702632080e+00,-3.214165940894768703e+00,-3.255482215658023648e+00,2.346500383764763775e+00,7.000000000000000000e+00
2.449052669419175654e+00,-3.054657710098648060e+00,7.228051965769666243e-01,1.872480758415194346e+00,4.826904400738393441e+00,6.000000000000000000e+00
-1.935984855127761861e+00,5.147672584552076991e+00,1.614606412132261637e+00,-1.767787569789253332e+00,4.045201898781368044e+00,1.000000000000000000e+00
-1.458201299333152345e+00,5.186745043520307741e-01,-3.693448712818217405e+00,-3.985940675876284978e+00,2.209401927342614869e+00,7.000000000000000000e+00
-9.097021756861309871e-01,-3.262590862521437707e+00,1.770900340983134758e+00,-1.840092643615293566e+00,-7.221420555183936107e-01,0.000000000000000000e+00
-1.388713548575261525e+00,-5.509836440032486182e-01,-2.656838622244683368e+00,-2.904201843623191337e+00,3.357460784397317433e+00,7.000000000000000000e+00
-1.576553831879878409e+00,-1.079223526374358255e-01,-2.858840082687454043e+00,-3.501408096391984692e+00,3.465311454564842908e+00,7.000000000000000000e+00
-7.608022228260264974e-01,-4.055641712577060076e+00,1.534322816550898416e+00,-1.519863892335867606e+00,-7.932946507671652103e-01,0.000000000000000000e+00
4.599454296381142449e+00,-1.744311085714328691e+00,4.413198087251382518e+00,2.983396371933702884e+00,-1.384566799506439461e+00,8.000000000000000000e+00
7.123719239222440214e-01,-4.851306155340277648e+00,1.056725931912949612e+00,-1.444840170713687311e+00,-8.426682187428904403e-01,0.000000000000000000e+00
3.659928403042441936e+00,8.597879235804459785e-01,-2.647179688835827438e+00,-2.267233678519963380e+00,-6.135349267821832875e+00,3.000000000000000000e+00
9.221553369284424262e-02,-3.348170772572972798e+00,-8.077467398940504362e-01,-3.609727020874454961e+00,-1.012663720925377264e+00,0.000000000000000000e+00
2.271634760586743518e+00,-1.670758335550472040e+00,-1.263432150730994463e+00,5.357233333652962060e-01,3.352453544309279998e+00,6.000000000000000000e+00
1.628673727273828309e-01,-2.174983073975985892e+00,3.729707491196668112e+00,-1.680649566382308446e-01,-2.227627144808757842e-01,0.000000000000000000e+00
-4.149877244612272253e-01,-3.762880412641904204e+00,1.948365182038086507e+00,-1.320107155948142097e+00,-5.617301578078511687e-02,0.000000000000000000e+00
1.432512993378328159e-01,-1.026998250420253722e+00,-3.898764309205622336e+00,-3.310400840106899167e+00,1.116501793602127757e+00,7.000000000000000000e+00
8.237619650916411240e-01,-1.857170435461782843e+00,-6.563142955339994700e+00,-5.750227355483604974e+00,3.185798317113385902e+00,7.000000000000000000e+00
-3.140025128686850242e-01,-2.641304009830701904e+00,2.627421865383261057e+00,-1.000295603852839221e+00,-9.591575469846555513e-03,0.000000000000000000e+00
-6.199947767276314803e-01,-6.944927481435898553e-01,-5.638956669087701989e+00,-5.225630372344801877e+00,1.748002585935328534e+00,7.000000000000000000e+00
-7.134506191407760656e-02,-4.485373934134383456e-01,-3.304059301809706639e+00,-2.965677659861176707e+00,1.229141041399931522e+00,7.000000000000000000e+00
2.382061018959411580e+00,3.051629758638135570e+00,-4.373604021976941758e-01,5.363783305646626864e+00,-8.401358750601112035e+00,9.000000000000000000e+00
3.653987572943056539e-01,-2.452365204707993129e+00,1.242851353890783939e+00,-1.940994043094038446e+00,-6.544383661998336432e-01,0.000000000000000000e+00
3.829774836739559429e+00,-2.660276993598678974e+00,3.360868978590016987e-01,2.103229314006845208e+00,4.036102637937679205e+00,6.000000000000000000e+00
2.388229749299934035e+00,-2.138859420492072783e+00,-1.188468050134881215e+00,9.973355381370276884e-01,1.453309437399219695e+00,6.000000000000000000e+00
-1.351004475159889751e+00,-1.221976715427472771e+00,-1.689617797713194758e+00,-2.065141968387155913e+00,3.418898222280550847e+00,7.000000000000000000e+00
-1.290791932331500080e-01,-2.763906770619285691e+00,7.188116481419101200e-01,-2.192536023223033315e+00,-1.136436196879941907e+00,0.000000000000000000e+00
3.594200503665604396e-01,-2.996304009006474978e+00,1.904765646803840307e+00,-1.350195990154306802e+00,-5.436162101966725002e-01,0.000000000000000000e+00
-8.905326284302227391e-01,-2.851798945544780639e-01,-4.630911697482106959e+00,-4.228675475006598461e+00,2.323529744694882826e+00,7.000000000000000000e+00
-2.349026110978639448e+00,4.675838343680291942e-01,-3.027434699804072871e+00,-3.445159073615545076e+00,2.169155144845044347e+00,7.000000000000000000e+00
1.081936728098683576e+00,1.639795547183972024e-01,-1.624991524929694231e+00,2.085583957925755350e+00,2.855381476132130114e+00,5.000000000000000000e+00
2.374231834720882617e+00,5.464135099693518960e-01,4.800029697961462061e-01,-6.055174933709139840e-02,-5.328093976639204143e+00,3.000000000000000000e+00
1.505377377907743397e-01,-4.057647959338177124e+00,1.767323996143361997e+00,-1.415873540274050546e+00,1.705899825054832675e-01,0.000000000000000000e+00
2.259345846881447795e+00,3.721100894049573782e+00,-1.426375427433692389e+00,3.656586401391908492e+00,-6.130319509713083370e+00,9.000000000000000000e+00
3.423665353985867910e+00,-3.161319579921221479e+00,-1.978194026083944124e+00,4.381568433843825994e-01,1.652436586894643344e+00,6.000000000000000000e+00
-6.636465832314559776e-01,4.011866418364921749e+00,-1.261361967385436378e+00,-3.337646195752499434e+00,2.024954420429503354e+00,1.000000000000000000e+00
2.922724987838183797e+00,-2.564882391707584031e+00,-1.130597264680681224e+00,4.423768808557515531e-01,3.947929255007895488e+00,6.000000000000000000e+00
-2.280913139271353973e+00,-7.271992888414378076e-01,-3.609285697327428100e+00,-3.731239829551452392e+00,1.389295258168536273e+00,7.000000000000000000e+00
-4.549928352461706460e+00,-3.966651406961615445e-01,-3.902829342654971168e+00,-2.134258660454475098e+00,1.053233908718557599e+00,2.000000000000000000e+00
3.273804411113275248e-01,-2.768116921968236444e+00,-1.238358337674396292e+00,-3.772266423443646932e+00,-9.578382496462892748e-01,0.000000000000000000e+00
-1.921238661559684813e+00,5.190527948779882772e-01,-6.447855044998219043e+00,-3.672145232297223671e+00,-1.483005853518316153e+00,2.000000000000000000e+00
-3.695073981639186211e+00,-1.701431241900632330e+00,5.736659001568203742e+00,2.733403992622029044e+00,-4.454239715737138283e+00,4.000000000000000000e+00
-3.230599486500666639e+00,-4.455438353611635982e-01,-6.988504903310850391e-01,-1.972283734830335478e+00,3.491933873696365875e+00,7.000000000000000000e+00
-2.250829905677731446e+00,1.319210239242689875e+00,-4.955871945386131294e+00,-5.736222183425320864e+00,2.781583051915998972e+00,7.000000000000000000e+00
6.786980652038562267e-01,-3.948848941360548093e+00,2.317860144899005270e+00,-1.050314409460102238e+00,1.326780450326183969e+00,0.000000000000000000e+00
6.505199651654276494e-01,-3.726229362785985710e+00,2.180666471790610572e+00,-1.032736831457850224e+00,-4.517018683553272740e-01,0.000000000000000000e+00
1.647676948586411338e+00,1.494228736206156816e+00,-2.238545853850152090e-01,-1.510603034024557312e+00,-3.659597917941533662e+00,3.000000000000000000e+00
-2.531114419499496559e+00,-7.623199688207679681e-02,-6.578319644802571808e+00,-3.755203189991631607e+00,4.331461385690408283e-01,2.000000000000000000e+00
-1.605231983884067626e+00,-6.302044330176991282e-01,-3.596720177880730951e+00,-3.353930434458380461e+00,7.243882537109163078e-01,7.000000000000000000e+00
-4.095862050229423512e-01,-3.217181903283988564e+00,1.673384283506879289e+00,-1.817496129290290696e+00,4.819958819788239257e-01,0.000000000000000000e+00
-5.553064681299284544e-01,-1.227167532037201303e+00,-3.427700437968405733e+00,-4.095853428954757014e+00,4.999900832301181097e+00,7.000000000000000000e+00
5.579734901212641818e-01,-4.934715663333688163e+00,1.639942971279244377e+00,-8.349535175699480671e-01,-8.374959072318933773e-01,0.000000000000000000e+00
8.547717091845987714e-01,3.285272587813125589e-01,-2.791843847495921072e+00,1.004619606714023394e+00,1.218601280214415938e+00,5.000000000000000000e+00
2.492684023754647704e+00,5.778377723151894019e-01,-1.314916654557528597e+00,-1.269203565533884470e+00,-4.944548988912221610e+00,3.000000000000000000e+00
-4.049831453945984538e-01,-4.552052231084924294e+00,1.541678603333699993e+00,-1.125012194853307168e+00,-1.262418742589086040e+00,0.000000000000000000e+00
1.619837456570575096e+00,-4.149349724303545983e+00,7.370113253929506669e-01,-1.591896118633113755e+00,-2.072985387959627168e+00,0.000000000000000000e+00
9.757626802792218612e-01,-1.041533767502970331e+00,-6.006400328605140393e-01,2.759539978688790640e+00,4.767604557892556549e+00,5.000000000000000000e+00
-2.116062030456453247e+00,6.743403736885183797e+00,3.592950665218825890e-01,-3.569799338281142820e+00,3.562901383203463279e+00,1.000000000000000000e+00
1.438383760959782709e+00,-2.012077062667688487e+00,-1.144557534416607014e+00,-3.730315313752406325e+00,-1.808424340796795482e+00,0.000000000000000000e+00
1.791539653968951207e+00,5.154617926715127751e+00,-1.190610833651341238e+00,4.051587659015905452e+00,-8.166095022291179006e+00,9.000000000000000000e+00
-1.544286023016617548e+00,5.625366566876082164e-01,-3.409145156078925432e+00,-3.937336191921215978e+00,1.720523050144749044e+00,7.000000000000000000e+00
-2.739430717028270568e+00,1.017445814523763037e+00,-3.635835908482588863e+00,-4.829721476219631882e+00,3.139230884291835721e+00,7.000000000000000000e+00
3.900815672795578948e-01,4.022374181004490623e+00,1.039300058303486846e-01,4.901112291959921485e+00,-7.371742937906348381e+00,9.000000000000000000e+00
2.868122252671684969e+00,-2.659636959307821957e+00,-2.926118274683077392e+00,-4.990781336778167820e-01,2.582951149111635925e+00,6.000000000000000000e+00
-2.027332817408276533e+00,6.777815903218740168e+00,-2.764540202265535762e-01,-3.032790673316018815e+00,4.696180324362601022e-01,1.000000000000000000e+00
1.793636766461377485e+00,3.724047740748712698e+00,-1.279243210101414174e+00,4.680061002542971416e+00,-1.002964508049060655e+01,9.000000000000000000e+00
-1.915083797153881440e+00,5.134397832862023670e+00,8.189125733539681651e-02,-2.860522927302813212e+00,2.235988468168994103e+00,1.000000000000000000e+00
1.259021243250346922e+00,-1.288337225285523246e-01,-2.051935581589392932e+00,1.216210853587431862e+00,3.755145082490586983e+00,5.000000000000000000e+00
-3.368574651013749310e-01,-4.581088774387043649e+00,1.640192836637303531e+00,-9.699970728358824346e-01,-7.916490239756235336e-01,0.000000000000000000e+00
1.774275575906099078e+00,-2.612919537917998802e+00,1.983033248016947914e+00,3.293707089527647458e+00,2.594565078243295631e+00,6.000000000000000000e+00
-1.464592010970582114e+00,-1.733517767097532136e+00,-1.992446314225501780e+00,-2.323299125684955779e+00,4.059018494993888559e+00,7.000000000000000000e+00
-7.076356368302070265e-01,-1.648935541036247399e+00,-4.083595110328283262e+00,-3.322290375512363614e+00,7.362605363440897221e-01,7.000000000000000000e+00
1.850746500807700867e+00,-4.275128546423246689e+00,-2.731946041155673410e-01,-2.002414008524867839e+00,-2.364827235652461113e+00,0.000000000000000000e+00
8.441951813789062564e-01,-4.571822879524467531e+00,9.172489139829247407e-01,-1.493403924523591719e+00,-4.589885597096286796e-02,0.000000000000000000e+00
6.341095499676892011e+00,4.284150701758232538e-01,1.452711441977901363e-01,-6.052721961535464379e-01,-3.866957139862154058e+00,8.000000000000000000e+00
-1.445054933011381992e+00,6.524308446898019476e-01,-4.613620832060565391e+00,-5.209373389475950411e+00,3.494417662654358825e+00,7.000000000000000000e+00
-5.786916583586093621e-01,-1.898751154710289213e-01,-4.224315172694838694e+00,-4.454537780481418352e+00,3.718077134132325767e+00,7.000000000000000000e+00
-1.260408334418678500e+00,-1.814137588263074585e+00,-3.967540279186967833e+00,-4.096731377306273458e+00,3.679912944769700545e+00,7.000000000000000000e+00
-3.267906395363343042e-01,-2.898932628079250451e-01,-3.886664847999150130e+00,-3.861386722617759393e+00,1.926186843217341904e+00,7.000000000000000000e+00
-2.330660437231970139e+00,5.748107532403385456e+00,-5.444260413785175778e-01,-3.642795170576182517e+00,2.408816057099136376e+00,1.000000000000000000e+00
-1.672120063744173546e+00,5.118166095428398066e-01,-5.033933581001969415e+00,-4.981567449754875199e+00,1.444513622467884728e+00,7.000000000000000000e+00
-8.555170371088116621e-01,6.189823136841575923e+00,-1.222397636708011159e+00,-3.696181731846715834e+00,1.376021233177695313e+00,1.000000000000000000e+00
1.749135776219026717e+00,-3.017682357849015506e+00,1.514346513890788781e+00,2.326227905808874841e+00,4.913779016748380357e+00,6.000000000000000000e+00
-2.157954203573501317e+00,-1.287905440432610460e+00,-3.119679926464466568e+00,-3.263806735911824575e+00,2.138802235484110525e+00,7.000000000000000000e+00
-1.355035343999959840e+00,5.055155242102226332e+00,-1.358223158909428741e-02,-2.604861153097042248e+00,1.845032203429573636e+00,1.000000000000000000e+00
-6.788823140718999172e-01,-4.734365277830752117e-01,-4.928546817140415648e+00,-4.419715398768474302e+00,1.938858279941055640e+00,7.000000000000000000e+00
9.914330319160689076e-01,-2.526716580017248859e+00,1.095542410623758511e-01,-2.612829973926106941e+00,-7.582857936590503556e-01,0.000000000000000000e+00
7.042733303771412379e-01,-2.483299355474586356e+00,-9.235298803549160107e-01,-3.338039137658133981e+00,-1.583881174047066631e+00,0.000000000000000000e+00
1.620397699137130054e+00,-5.991007948417305107e-01,-5.149385139260441058e+00,-7.051687630558187703e-01,2.055194172059881641e+00,5.000000000000000000e+00
4.592710670361251246e+00,-1.390462397288237062e+00,-2.216721809541194688e+00,4.341542759053698131e-01,1.510017796006603907e+00,6.000000000000000000e+00
2.589153862767700875e+00,-1.590516014447810766e+00,-1.409256634954231702e+00,3.817426389479464111e-01,2.204573368802894340e+00,6.000000000000000000e+00
-1.267080600339274721e+00,-9.974041341806842986e-01,-2.670823614586779193e+00,-3.052043730904125063e+00,2.844316692900918042e+00,7.000000000000000000e+00
3.278721497439295085e+00,-1.064062213345311925e+00,5.572411182958517673e-01,3.734255470553450307e-01,-4.177325779554343477e+00,3.000000000000000000e+00
-2.009609390089644787e+00,6.754087748501413913e+00,1.128730719063980870e-01,-3.189104333004082470e+00,2.485615814873960439e+00,1.000000000000000000e+00
-2.131907636536373829e+00,-7.798445346784003140e-01,-1.624238052488263584e+00,-2.013813042556085620e+00,3.547778623787060770e+00,7.000000000000000000e+00
-1.110081217695032096e+00,-3.716194389937568676e+00,1.938476990606728068e+00,9.408756220095479961e-01,-4.486326844832454697e+00,4.000000000000000000e+00
-3.904249166685247463e-01,-5.066767198061091548e+00,3.025310641712978921e+00,8.464879399012630035e-03,-3.769822202222493368e-02,0.000000000000000000e+00
-1.371085912337969503e+00,-6.529602240679114322e-01,-2.794825677900070193e+00,-3.301350024231965108e+00,3.352725481786208217e+00,7.000000000000000000e+00
8.831044128371218216e-01,-4.952972694329870862e+00,-7.021077411257869993e-01,-2.563414913958748098e+00,-1.863070545649550658e+00,0.000000000000000000e+00
-9.896912963899864302e-01,-6.832690297577381777e-01,-4.246233010806285790e+00,-4.497027955390999310e+00,3.325307377165737321e+00,7.000000000000000000e+00
3.402870680672822168e+00,-3.196262702690368496e+00,-1.678938537067301118e+00,5.262209020442383256e-01,3.585164560537004608e+00,6.000000000000000000e+00
-2.921717602383251844e+00,-5.805136567833630856e-01,-3.009415314219440418e+00,-3.548883856185783614e+00,1.400028591061103667e+00,7.000000000000000000e+00
-6.808191462675535766e-01,5.058800364275290562e+00,-1.636816077040901263e+00,-4.040351579434629414e+00,2.571728816881428958e+00,1.000000000000000000e+00
-1.798776837192471056e+00,-2.828596392128944537e+00,3.062348552483511899e+00,1.434315250370268524e+00,-4.904549845720206136e+00,4.000000000000000000e+00
-2.132354050334900109e+00,-8.110430416856860836e-01,-3.087737117197860037e+00,-3.490786370374075354e+00,3.040939787168663422e+00,7.000000000000000000e+00
1.062123428078873832e+00,-1.952006072354423916e+00,-4.839925729775423902e-01,-3.436437190100455119e+00,-1.599992166109629466e+00,0.000000000000000000e+00
1.745934828606560130e-01,-4.100757702196278665e+00,4.216115958150068010e+00,1.134314647896399686e+00,-1.099727765181999217e+00,0.000000000000000000e+00
-1.714979336153591882e+00,3.220933139468317719e-01,-4.179656988526111228e+00,-4.503990002305002349e+00,8.823715559386710039e-01,7.000000000000000000e+00
2.539727817149340372e-01,-3.871207788387267978e+00,1.953659782325353200e+00,-1.158239730998791517e+00,-6.766475147393340439e-01,0.000000000000000000e+00
-1.498516372048843026e+00,-6.355984191956859375e-01,-2.604521768127033177e+00,-2.963355501731884001e+00,2.736215226294341551e+00,7.000000000000000000e+00
3.580998637120520023e+00,-2.996978666730730212e-01,-3.072690083411062090e-01,-4.513790718219655718e-01,-4.570860785530475923e+00,3.000000000000000000e+00
-9.463846939537291503e-01,-1.146933867766055215e+00,-2.380329320782255564e+00,-2.746646340562607591e+00,3.900558443644662088e+00,7.000000000000000000e+00
-1.271084100683401941e+00,1.395852998435316572e-01,-2.203311089066645412e+00,-2.986323988746256930e+00,2.897884004500935529e+00,7.000000000000000000e+00
-1.150037792199574360e+00,-1.540323261672259969e+00,-2.560181715614118669e+00,-2.547208942137863197e+00,2.151103404769605376e+00,7.000000000000000000e+00
-1.815972082145860478e+00,5.068716842552893898e-01,-3.168139845765653106e+00,-3.700729937874870590e+00,2.040928627057832845e+00,7.000000000000000000e+00
1.349287437025179504e-01,-3.927203444907142682e+00,1.046496111846635380e+00,-1.795715854796268385e+00,-1.234647779516376831e+00,0.000000000000000000e+00
9.240636416997413116e-01,-4.245878604281791979e+00,-9.400806502814004206e-01,-3.328203878739279364e+00,-8.759700581014936427e-01,0.000000000000000000e+00
-1.618823962066401334e+00,-1.482094894378954031e+00,-3.099433727856129916e+00,-3.240846212805819970e+00,2.992911564517665379e+00,7.000000000000000000e+00
-1.587054634143630016e+00,-1.185194299215096558e+00,4.109429100920578115e+00,1.876105558208458035e+00,-5.426339584274328942e+00,4.000000000000000000e+00
4.014882982437761316e-01,-1.950470468373489474e+00,-2.474380486895700670e+00,1.281162917749414154e+00,4.294501238975005464e+00,5.000000000000000000e+00
-2.810479802674845207e+00,-4.039755015436520824e-01,-2.941850990710556335e+00,-3.562148036549007468e+00,1.887145578582375638e+00,7.000000000000000000e+00
-1.195511447092589608e+00,-5.133633732755267243e-01,-4.245959940998242033e+00,-4.739270253141836697e+00,3.877908839220442161e+00,7.000000000000000000e+00
-1.853873735444414583e+00,-2.393290205070741916e-01,-2.469984872418912403e+00,-2.818214734919460618e+00,3.010261279939047796e+00,7.000000000000000000e+00
2.997894267178013550e+00,1.916156044923265744e+00,7.051447796359791576e-02,-7.099545241689874109e-01,-4.973952873556060972e+00,3.000000000000000000e+00
-1.925408169945557413e+00,-1.283654357424242276e+00,-1.408957066733488972e+00,-1.514037142214240905e+00,2.703375498335418570e+00,7.000000000000000000e+00
-1.594659301479245839e+00,3.376889225752431334e-01,-2.514824751335877462e+00,-3.458450723379034031e+00,3.658364219101899906e+00,7.000000000000000000e+00
-1.177221179479217339e+00,4.857330688154893217e+00,2.323702208974550570e-02,-2.890169830253539907e+00,3.143786763183888944e+00,1.000000000000000000e+00
-6.390096781212666333e-01,-2.160695531493967536e+00,-3.561769837894699808e+00,-3.155980771492889136e+00,1.606809042805051657e+00,7.000000000000000000e+00
1.445611138413488650e+00,5.582316072697636855e+00,-1.206604449191683415e+00,3.726941437441365856e+00,-7.362054142153590774e+00,9.000000000000000000e+00
1.720425691621370934e+00,3.418045508478120276e+00,4.809581484892671566e-01,5.657335829961890106e+00,-7.182728249176626001e+00,9.000000000000000000e+00
1.972705099017408592e-01,-1.273341944503944889e+00,-2.097910768662649250e+00,1.894408237080837498e+00,1.962453149842380284e+00,5.000000000000000000e+00
1.215269438228200771e+00,-9.318994938525659855e-01,-8.125557963057197242e-01,2.338534713958476452e+00,4.640398175991276908e+00,5.000000000000000000e+00
6.026934853046613805e-01,-2.560269140505241126e+00,-2.081352317854438194e+00,2.447112920184287166e+00,2.092559769138806480e+00,5.000000000000000000e+00
-1.519843772762587086e+00,-1.506614818030067582e+00,5.804977836440264882e-01,-1.174570823414262666e+00,-5.675124687357524955e+00,4.000000000000000000e+00
-2.071760584614119605e+00,-3.488429439214243422e-01,-1.625934043966412279e+00,-2.799659108251133066e+00,4.158226567626888581e+00,7.000000000000000000e+00
1.256854253220419659e+00,-3.352019587000533374e+00,1.771916925035861845e-01,-2.536412386858236889e+00,-8.713067498563580315e-01,0.000000000000000000e+00
8.937878643291874425e-02,-2.137428941685806993e+00,3.122728761312774104e+00,-4.217767136407998829e-01,-8.396979992219489874e-01,0.000000000000000000e+00
3.506236508303634647e+00,-3.800769896391169134e+00,-1.166496449202774288e+00,1.447574193819603616e+00,2.331507482315747115e+00,6.000000000000000000e+00
-9.449829128238129705e-01,-9.853361855867528440e-01,-3.818063574327235976e+00,-3.727386357194695243e+00,2.736963416468147781e+00,7.000000000000000000e+00
2.708633367032899475e+00,3.675660106112569880e-01,1.232765893395831452e-01,-1.419152588071649068e-01,-4.580919119375779225e+00,3.000000000000000000e+00
1.540220627039107004e+00,-4.161190832019769914e+00,-1.692627119299766392e+00,-3.146640824953800042e+00,-2.320281876695854617e+00,0.000000000000000000e+00
3.019387362573313638e+00,-1.210521945040173852e+00,4.694647591173498391e+00,2.488849749019429236e+00,-1.071961093965410949e+00,8.000000000000000000e+00
3.316459251316973944e+00,-8.676738178889507047e-01,-2.266851787047611033e+00,-3.861776556127775595e-01,2.119141035248680360e+00,6.000000000000000000e+00
-1.724286657696884717e+00,2.447280557631096448e-02,-4.624910339611958854e+00,-4.145180407602633288e+00,9.174236561937750001e-02,7.000000000000000000e+00
3.574273602518204473e+00,-1.334242745775283678e+00,4.011061815047669121e+00,1.765957683484596696e+00,-7.732000996791902336e-01,8.000000000000000000e+00
-5.498528584781895212e+00,2.148944535729476080e+00,-4.642934902388056173e+00,-3.857723578085160199e+00,1.006975789570489832e+00,2.000000000000000000e+00
-1.735761808718524035e+00,-4.552241975036352972e-01,-2.349173828285597565e-01,-1.275594236381471180e+00,3.455951888042928299e+00,7.000000000000000000e+00
7.738214410849144631e-01,1.075365167466978411e+00,2.965425267656872088e-01,-7.434637481357805333e-01,-5.637004807472919765e+00,3.000000000000000000e+00
-1.237579529236376708e+00,-2.413027153367469424e+00,-4.060122335099147328e+00,-3.644317351480605094e+00,2.312250486328342625e+00,7.000000000000000000e+00
-1.061469543789541170e+00,-4.283068832077907007e-01,-2.968071658586307837e+00,-3.401642856933387637e+00,2.125165439495215303e+00,7.000000000000000000e+00
-1.307299190665120459e-01,-1.180777826357667371e+00,-4.668832087138935272e+00,-4.225176555677872869e+00,2.086923470634965305e+00,7.000000000000000000e+00
-3.347028738880400978e-01,-2.815587127274465362e-01,-3.542474790206346036e+00,-3.820648463883313806e+00,2.971785553283143422e+00,7.000000000000000000e+00
-2.320502650798042410e+00,-9.429011906928512765e-01,-2.511231326452413981e+00,-3.085171130665574246e+00,3.226362185388742976e+00,7.000000000000000000e+00
-1.394509906748326034e-01,-4.172603728609685092e-01,-4.108218358729751607e+00,-3.843112531646359464e+00,3.093680196174283914e+00,7.000000000000000000e+00
-1.543004418582028858e+00,3.116303060887982701e-01,-2.736084741279066535e+00,-2.872900896994589726e+00,2.031825276083770948e+00,7.000000000000000000e+00
-5.685248952202222039e-01,-3.483964144425663267e+00,9.287750480805586628e-01,-2.363057478293538072e+00,-4.578446277726231917e-01,0.000000000000000000e+00
-1.328215122188399211e-01,-6.263878078500522140e-01,-5.695818367203780319e+00,-4.983954983446799325e+00,5.495158942381364042e-01,7.000000000000000000e+00
-1.915255842210003445e+00,-1.162693889458675356e+00,-4.820527926363146420e+00,-4.661883287980758794e+00,1.043014111142480882e+00,7.000000000000000000e+00
-3.870068524381785835e+00,2.266908999427420801e-03,-4.928678371793217217e+00,-3.210037307449094879e+00,9.563132194269146069e-01,2.000000000000000000e+00
-1.047981493901961825e+00,-1.923279696092857316e+00,-2.094240528660388456e+00,-2.136320333549806882e+00,2.392788462850227393e+00,7.000000000000000000e+00
8.662149251631680036e-01,-2.259245303904562907e-01,-2.690137387292813820e+00,1.069004419290936703e+00,3.104424067526459829e+00,5.000000000000000000e+00
-1.607367062432378590e+00,-1.388919803417024701e+00,-2.804722070540153211e+00,-3.233949863979137529e+00,2.784647412710153258e+00,7.000000000000000000e+00
-3.000249371695864031e+00,1.375094040216142455e+00,-6.005237193797847262e+00,-4.145020036447493617e+00,1.261648163198823225e+00,2.000000000000000000e+00
-2.486327182290110294e+00,-1.923987037483642748e+00,-1.581452739008919028e+00,-2.001747622356671030e+00,3.177374445858592189e+00,7.000000000000000000e+00
5.196396728382707275e-01,-4.019157867348724267e+00,1.346971648215607997e+00,-2.044681277822795629e+00,9.054014123054938690e-01,0.000000000000000000e+00
1.098251488950333421e+00,-4.804199248501149988e+00,2.826411674310603139e+00,4.271888005613372896e-01,-2.483348557774455456e-01,0.000000000000000000e+00
1.949005600358497237e+00,-2.123522395855466538e+00,5.762236623194918472e-01,2.251241700942084201e+00,3.186966129010570192e+00,6.000000000000000000e+00
-4.309449837039662334e+00,2.076338788504953570e+00,-4.163271398014287250e+00,-3.203131467484507056e+00,1.587224580282310837e+00,2.000000000000000000e+00
-1.289566998943344034e+00,-3.229885994123104509e-01,-2.584197521204884662e+00,-3.052729239986009979e+00,2.663401344905019563e+00,7.000000000000000000e+00
-2.408861261822992983e+00,5.498771117090326399e+00,1.633176449568095601e+00,-2.106668427474123639e+00,2.931812876296884696e+00,1.000000000000000000e+00
7.150043865906338669e-02,-4.816456002491416477e+00,2.129284251793403637e+00,-8.570809716712687321e-01,3.358208912768304577e-01,0.000000000000000000e+00
3.460765466369651655e+00,-1.805179144739867292e+00,-1.967696185724834068e+00,2.381919161065841339e-01,1.395781986385532303e+00,6.000000000000000000e+00
1.914958610621715351e-01,-3.632517777975623474e+00,-1.938194904642805971e-01,-2.626952134700691666e+00,-1.509635040171328546e+00,0.000000000000000000e+00
-1.530148440102023333e+00,-3.568342903124154808e-01,-5.347220073245095406e+00,-5.192602327181059962e+00,2.340527017018362521e+00,7.000000000000000000e+00
1.532300657885433237e+00,-2.028110836858063148e+00,1.132643223322244153e-01,1.526844026508350050e+00,3.532096100984269516e+00,6.000000000000000000e+00
7.507755463410883401e-01,-4.410261150507183814e+00,1.691268019011433754e+00,-6.304923599740129836e-01,-1.265684591844607798e+00,0.000000000000000000e+00
-2.329237039772972917e+00,5.593880823482162423e-01,-1.750757998601683241e+00,-2.744766234449798059e+00,3.602786582530762782e+00,7.000000000000000000e+00
-1.309262467016178544e+00,-6.937218207176002460e-01,-3.780695606148012811e+00,-3.915890758454975362e+00,2.509902150665023868e+00,7.000000000000000000e+00
-2.032744950014060414e+00,-1.295381769323515009e+00,-3.182347371514026246e+00,-3.368597980566691685e+00,2.981694550423615198e+00,7.000000000000000000e+00
1.887932431187228088e+00,3.465969294275333401e-01,5.826141457545286784e+00,2.748912769841881154e+00,-1.406675205048029786e+00,8.000000000000000000e+00
-1.709955067805632445e-01,1.130495734146975240e+00,-4.595549771516441950e+00,-4.793462825139205741e+00,2.135140396287501741e+00,7.000000000000000000e+00
2.769769957760368051e+00,-2.520632130413083427e+00,-2.829968557898831505e-01,1.426942690436667105e+00,2.794154223221259947e+00,6.000000000000000000e+00
2.528606811656422870e+00,-5.919651164066828258e-02,4.290273605377413091e+00,1.798425719652311461e+00,-1.226266999670568847e+00,8.000000000000000000e+00
3.272123609756014684e+00,-2.138818044440807586e+00,-1.142265614920161321e+00,9.981455692103206045e-01,2.054698773050502858e+00,6.000000000000000000e+00
5.364354798548892633e-01,-3.806529433311390598e+00,-2.140198593082018319e-02,-2.402673444054979957e+00,-3.686633917914041270e+00,0.000000000000000000e+00
9.925504026474341046e-01,4.585171213953880831e-01,1.666030709876406224e+00,6.016986718899314246e-01,-4.945322776364827533e+00,3.000000000000000000e+00
2.774060718695651850e+00,4.372856993391180391e-01,-9.488486060672299827e-01,-9.729558142118635011e-01,-5.601820020546530721e+00,3.000000000000000000e+00
2.071868435009815990e+00,4.116966786295093605e+00,-2.498568728640942482e-01,5.014700888735875495e+00,-9.091433901063240342e+00,9.000000000000000000e+00
9.212009915678480709e-01,-2.220366646726683157e+00,-2.232204861399756712e+00,1.682810736251587835e+00,2.515961994908025634e+00,5.000000000000000000e+00
-3.995649945156549254e+00,5.715749911271587713e+00,2.127851537358645739e+00,-2.244187303075753981e+00,3.699687691998409633e+00,1.000000000000000000e+00
2.158809757123170137e+00,-4.059479725041061471e+00,1.113855339272494804e+00,2.442100591647496266e+00,4.820559328094438989e+00,6.000000000000000000e+00
-7.203096870991674283e-01,6.131897097934244645e-01,-5.277436554859209039e+00,-5.577296806778466731e+00,2.438904934618392417e+00,7.000000000000000000e+00
3.957146194227513236e-01,6.146085388936316285e+00,6.071554038987972968e-01,4.723451419430015896e+00,-7.963942280027602294e+00,9.000000000000000000e+00
1.064531423679178773e-01,4.956846432528106305e+00,-1.362000870064023372e+00,-3.669503420274187189e+00,1.879488446569701932e+00,1.000000000000000000e+00
-1.947247103318455075e+00,6.487902935237184643e+00,1.938969765772078913e-01,-3.451263113849777575e+00,2.255939802710220654e+00,1.000000000000000000e+00
-1.568321190010362853e+00,-1.244622656014885864e+00,-3.205420075006806702e+00,-3.140743189420196035e+00,2.297765656419819891e+00,7.000000000000000000e+00
2.079636842813429531e+00,3.333604387978849476e-02,1.636150932100264299e+00,8.594914494624947832e-01,-3.695934945986969478e+00,3.000000000000000000e+00
2.760340220637884201e+00,1.065238915673310194e+00,-1.943767918492807611e+00,-1.853562177575243108e+00,-7.117119945457871744e+00,3.000000000000000000e+00
-1.495519217348259655e+00,5.851073628073351074e-01,-4.721560414748813272e+00,-4.741738720784272054e+00,4.758399342026627399e-01,7.000000000000000000e+00
-2.045441328693302196e+00,3.372746566034906524e-01,-3.469732648263128105e+00,-4.009356157751001959e+00,1.324758823349616588e+00,7.000000000000000000e+00
-2.186367028075015817e+00,8.846072761772048043e-01,-3.809185805836771799e+00,-4.449240580515678722e+00,1.545573222579778694e+00,7.000000000000000000e+00
2.533881861504247546e+00,8.454674419891758941e-01,-9.519803167391526211e-01,-8.763675575237463988e-01,-5.746422405917480880e+00,3.000000000000000000e+00
2.002274590543829724e+00,-1.831074602771615600e+00,-2.346393836941384592e+00,1.686947955452783088e+00,4.296735458170238608e+00,5.000000000000000000e+00
3.402712661067679001e+00,-2.051171860312153594e+00,-6.749954613354679500e-01,7.468615388300336999e-01,4.140931647647803970e+00,6.000000000000000000e+00
8.674257317647607879e-01,-5.430351709668116422e-01,-1.718089731123926711e+00,1.843008521942864908e+00,3.605422599658349103e+00,5.000000000000000000e+00
-1.564975305127099592e+00,-8.101926746130823087e-01,-3.756366549788991982e+00,-4.213181177826121449e+00,2.622632607004591776e+00,7.000000000000000000e+00
2.743188534424116920e+00,-2.587406732830616729e+00,-1.139743066123144910e+00,8.394410878543390186e-01,2.512405372083022836e+00,6.000000000000000000e+00
2.607033388534718110e+00,-3.553754836083157898e+00,8.655040730760417411e-02,1.928819913322702195e+00,2.826105034541154026e+00,6.000000000000000000e+00
-1.139703771802264287e-01,-3.546503617963302712e+00,3.341510847127435291e+00,-4.452245795818513541e-01,9.869466577331409418e-01,0.000000000000000000e+00
3.492215862233654100e-01,-2.495644759586875150e+00,8.253444507703903144e-01,-2.010797040694326743e+00,-1.905200153701681165e+00,0.000000000000000000e+00
9.780736117539043928e-01,-1.433509079916744922e+00,2.487007193025999374e+00,2.909607939809828014e+00,3.758744015748508360e+00,6.000000000000000000e+00
-1.823497885656130357e+00,-5.826700472264184638e-01,-1.966307167322186578e-01,-1.150515078604971375e+00,3.714248773657496727e+00,7.000000000000000000e+00
-1.028714533953185128e+00,1.509038316646420241e-01,-2.313406125007455572e+00,-3.179119514970902394e+00,3.564924432661002118e+00,7.000000000000000000e+00
-1.175131319948294895e+00,4.910884556721142324e+00,-5.072701517500944890e-01,-3.073156761699581629e+00,1.665423815055576462e+00,1.000000000000000000e+00
-8.803513951941603632e-02,-2.905576148718218121e+00,1.794926568582748905e+00,-1.289499643473534629e+00,-1.640783077253148203e+00,0.000000000000000000e+00
1.560573561553650013e+00,-1.546480777483620894e+00,-3.063456414807062878e+00,1.205231100715515646e+00,3.372635517868868504e+00,5.000000000000000000e+00
-5.546285122844976101e-01,-5.130442699195132406e+00,4.047852245208829025e+00,8.582816727867993434e-01,2.530303712789266912e-02,0.000000000000000000e+00
-4.858450984706356723e-01,-5.798827443216154620e-01,-4.817281731005591539e+00,-4.669292195394253220e+00,2.282395914368056111e+00,7.000000000000000000e+00
2.489238381450141535e+00,8.072972222474740223e-01,-1.152560259540384546e+00,-1.117916511750906672e+00,-6.126373692146422911e+00,3.000000000000000000e+00
-1.774002819096116790e+00,1.304328981755361605e+00,-3.154700830982574811e+00,-3.793403095862715180e+00,1.662140024093024859e+00,7.000000000000000000e+00
-1.523162735616854668e+00,-1.169379669168510105e+00,-3.309843041301501643e+00,-3.466815447509819847e+00,2.719603681629620962e+00,7.000000000000000000e+00
1.914781146925880195e-01,-2.243688592083992628e+00,1.530250110424790089e-01,-2.595326089448647622e+00,-9.030117474253127607e-01,0.000000000000000000e+00
-1.907578834295096115e-01,4.144931526642455566e+00,-5.866063578141721413e-01,-2.569350148763481112e+00,2.935418182472446791e+00,1.000000000000000000e+00
-2.027942918901012304e-01,-3.726594452643822830e+00,1.673481377745695831e+00,-1.502137409332365614e+00,-7.409184996306625859e-01,0.000000000000000000e+00
-4.447488634793009155e+00,-1.097353953267409921e+00,1.038483291953695431e-01,-1.672554988970386791e+00,4.698527930232546446e+00,7.000000000000000000e+00
-6.376251986490335533e-01,-7.541927437561743996e-01,-4.688318301261756638e+00,-4.208497708195902298e+00,1.403865037984375341e-02,7.000000000000000000e+00
-2.503957598637367887e+00,4.835457580814666478e+00,1.039100504261402325e+00,-2.524259865884807663e+00,3.695485192314699852e+00,1.000000000000000000e+00
-7.453673060579318888e-01,-7.296340742664196855e-01,-3.787754532209460123e+00,-3.329534907056856063e+00,2.163131208768969138e+00,7.000000000000000000e+00
-2.120734005695241731e-01,-2.598589776503420712e+00,1.113905550654846088e+00,-2.495984498951399289e+00,2.228423285079697003e-01,0.000000000000000000e+00
-4.303308121750745840e+00,4.382834067178723036e-02,-5.339044747340888186e+00,-3.729601201461388182e+00,7.242595779773501885e-01,2.000000000000000000e+00
2.914062746255885905e+00,2.004976741455965605e+00,-3.456165634035314738e-01,-9.114648115003974871e-01,-5.586551718696355806e+00,3.000000000000000000e+00
-1.311894259701835264e+00,-1.616671373292427605e-02,-2.497917900992616236e+00,-3.341496809533782031e+00,3.438567629814540894e+00,7.000000000000000000e+00
-9.312922855333429784e-01,-1.666262470866329615e+00,-4.074626189792817321e+00,-3.357056965739543930e+00,1.126567668754878015e+00,7.000000000000000000e+00
-3.256493478130133568e-01,5.798912919149483702e-01,-4.588544757002055441e+00,-4.227253477603680309e+00,1.312582085258990894e+00,7.000000000000000000e+00
-7.170737377926198475e-01,3.252643993392184130e-01,-2.652248757221770781e+00,-3.061517087384010072e+00,2.939448333140722625e+00,7.000000000000000000e+00
5.492577505954846506e-01,-4.665088343759632217e+00,1.342587670086312635e+00,-1.363482496339855299e+00,-9.704409698926955152e-02,0.000000000000000000e+00
2.516401983486955540e+00,-2.270961346485684818e+00,-2.979053982636526987e-01,1.469095570369389758e+00,2.741564956354267224e+00,6.000000000000000000e+00
-1.244662141960988011e+00,-9.558656028200962496e-01,-4.169407867980569726e+00,-4.058611131731165500e+00,2.019816907905637837e+00,7.000000000000000000e+00
1.166255656958365416e-01,-2.578532783100873971e+00,1.999006201654691894e+00,-1.811904167013463018e+00,2.391233789873092874e-02,0.000000000000000000e+00
-2.847820431791225460e+00,-1.580638949080442002e+00,-1.237461669954802668e+00,-2.254637543250561649e+00,2.883272692931142078e+00,7.000000000000000000e+00
-1.643883773311370922e+00,-5.688668128801344093e-01,-3.971247427122896578e+00,-4.009270580862737354e+00,3.462186157810600129e+00,7.000000000000000000e+00
-1.006247412551926290e+00,2.835380937491988051e-01,-3.701997864003680139e+00,-3.934954713262156734e+00,1.797004277187046473e+00,7.000000000000000000e+00
-1.008392703695013548e-01,-1.594984478641316095e+00,-4.739735553120349998e+00,-4.326876610265283141e+00,1.312304955404220319e+00,7.000000000000000000e+00
2.655943034058235952e+00,3.298139165952900798e-01,-4.119553678561222121e+00,-3.749128515887841129e+00,-5.850918336758458516e+00,3.000000000000000000e+00
2.368762112143419252e+00,1.495824981024735267e+00,-1.404872301742925877e+00,-1.913384513642679030e+00,-5.687283543918524309e+00,3.000000000000000000e+00
-2.408281087611428894e+00,5.212855731441322860e+00,9.431426951111774315e-01,-2.344222435634978119e+00,2.100158836140422203e+00,1.000000000000000000e+00
-1.455385181821153839e+00,-7.640495101937412326e-01,-3.774791593696354752e+00,-3.927821397839668993e+00,2.573389676432217943e+00,7.000000000000000000e+00
-1.539726564067616099e+00,-9.538994416873949334e-01,-5.271149808537661130e+00,-5.211210790640786961e+00,2.507258584135336310e+00,7.000000000000000000e+00
-3.990736665694631480e+00,-1.267174788734073632e+00,1.154627153398748218e+00,-4.155140350034028929e-01,4.238732687621393325e+00,7.000000000000000000e+00
-5.633719533127024004e-01,-5.329577598379006131e-01,-3.145577001760504476e+00,-3.196964383524667497e+00,1.521118311930190758e+00,7.000000000000000000e+00
-1.571150456524526895e+00,6.591203451921477940e-01,-4.436922953602920217e+00,-5.137590906483116449e+00,3.596808751549479322e+00,7.000000000000000000e+00
-1.601485671952209922e+00,2.248866784934683505e+00,-4.716395898566400291e+00,-5.321145014446759802e+00,1.391545893824916114e+00,7.000000000000000000e+00
-2.662808355286435891e+00,1.008211802087712050e-01,-2.280175415374652736e+00,-3.617846993654509014e+00,4.321698921550371608e+00,7.000000000000000000e+00
-2.822492457371184038e+00,5.988944081016375875e+00,-5.696281266873983729e-01,-3.728473842635354085e+00,1.907349626672739884e+00,1.000000000000000000e+00
-1.033240541365929133e+00,-1.489737277899518153e+00,-5.154030377116928463e+00,-4.335247474330118145e+00,6.769905086202087086e-01,7.000000000000000000e+00
-1.294727662024011794e+00,1.308394056065148581e-02,-4.270481678774417311e+00,-4.229654706189237778e+00,1.701652723311842141e+00,7.000000000000000000e+00
-9.570657918613362236e-01,-8.223359274369319571e-01,-3.918886558394672814e+00,-3.789108886004730614e+00,2.205284981178632364e+00,7.000000000000000000e+00
1.635166189715753227e+00,-1.957878449230437523e+00,-8.533383049084137806e-01,3.316789714178167259e+00,3.197285040978683490e+00,5.000000000000000000e+00
-1.555063328471083750e+00,-1.376818402758773985e+00,-3.854202745622266058e+00,-3.761778630389971401e+00,1.638445121675300653e+00,7.000000000000000000e+00
-1.815033105109268741e+00,-3.813751630986553787e-01,-2.663669283908371543e+00,-3.478343617378231389e+00,3.353619362944886717e+00,7.000000000000000000e+00
3.185903847193380489e+00,1.147646356758559527e+00,1.918477379706617914e+00,-7.085544455795473873e-01,-1.607961497066863865e+00,8.000000000000000000e+00
-4.552620858088242128e-01,-9.177690060512527781e-02,-4.268160855503984941e+00,-4.199959176503199387e+00,2.207526886784461517e+00,7.000000000000000000e+00
2.456993025856855528e+00,1.111719467388572857e+00,-5.442757793935469879e-01,-9.928921623522065643e-01,-4.600824085075618797e+00,3.000000000000000000e+00
-2.712357660447882957e+00,2.003965608486093786e-01,-5.198342509574690240e+00,-5.212886219002297317e+00,1.243408463725324209e+00,7.000000000000000000e+00
-2.126226048274834746e+00,-9.122509083988517009e-01,-1.358154395882744669e+00,-1.845368132306332676e+00,2.401108547031390650e+00,7.000000000000000000e+00
-3.019968193679460899e+00,2.296700697800138080e+00,-7.122721364010571321e+00,-5.192960402409954490e+00,-3.883753450196931190e-01,2.000000000000000000e+00
-1.348020502620085770e+00,6.313284236694173046e+00,7.802566241905869449e-01,-2.702423656780592598e+00,2.073103869043691372e+00,1.000000000000000000e+00
-2.708587694016193925e+00,-1.035074393705641471e+00,-1.689680989464680483e+00,-2.532355360010706047e+00,3.543982903068650270e+00,7.000000000000000000e+00
9.508769553638141137e-01,3.962392702191396054e+00,6.134228417296594404e-01,5.778098869047744834e+00,-9.306832878986210034e+00,9.000000000000000000e+00
3.964557804521079198e+00,-2.668459797051717430e+00,-1.625507564258385607e+00,6.249625144764485718e-01,2.484604368292365972e+00,6.000000000000000000e+00
2.352374785085382225e+00,-1.091700279120200179e+00,-1.375553038920346527e+00,-1.290322339620336711e+00,-4.947278992085543337e+00,3.000000000000000000e+00
-2.466906819972099374e+00,-1.026542530347724691e+00,-2.640171442162811299e+00,-3.610575150603107630e+00,5.466149444664951673e+00,7.000000000000000000e+00
-1.691156865381218122e+00,-1.209841877843364610e+00,-3.354789975000500579e+00,-3.236006274230838642e+00,2.413113313202623900e+00,7.000000000000000000e+00
-4.411764713876622501e+00,3.303189259264445732e-01,-6.484470647885962613e+00,-4.289712890537788148e+00,-1.368088823950119881e+00,2.000000000000000000e+00
-1.932514287435258105e+00,6.255318677052416898e-03,-2.951375613461189040e+00,-3.655821870142111685e+00,3.287917887737506373e+00,7.000000000000000000e+00
1.208613814830474809e+00,-4.048732195535382772e+00,1.698611868154414006e+00,-5.870868444602267422e-01,-1.591651966873816715e+00,0.000000000000000000e+00
1.495390012696744764e+00,-3.945629390928817148e+00,8.613124297140268837e-01,-1.178326120662580800e+00,-3.022756305797989373e+00,0.000000000000000000e+00
4.073875843258745744e-01,-4.112397004991437122e+00,2.161407594942825305e+00,-7.341578178761801743e-01,4.601971689572871838e-01,0.000000000000000000e+00
4.384671016509527952e+00,-7.383401043526914842e-01,4.101717456313393129e+00,2.266627042004658144e+00,-1.725561609738957669e+00,8.000000000000000000e+00
-1.663337205706026056e+00,-2.217720831290669548e+00,-2.108373796933504796e+00,-2.097191332290503141e+00,1.634740702943343171e+00,7.000000000000000000e+00
-2.380639644057040538e+00,-1.658885192585350721e+00,-2.608862883785293629e+00,-2.903337111415691396e+00,3.040217048685691648e+00,7.000000000000000000e+00
1.033123250039193586e+00,-3.108585162897125720e+00,9.568576447013115160e-01,-2.134109365716199136e+00,-8.659664314774204175e-02,0.000000000000000000e+00
4.312248838207323409e+00,-1.346629335002994088e+00,3.071421925318107427e+00,1.550618304136307302e+00,-1.417433014203056452e+00,8.000000000000000000e+00
2.945934181037400457e+00,-2.131185592982675736e+00,-7.401382529776487362e-02,1.757467665685855440e+00,2.574710238104195525e+00,6.000000000000000000e+00
-1.841597536165747062e+00,-2.674377703164682263e+00,2.785471727987412827e+00,-9.193716358747235917e-01,-1.021907767661592636e+00,0.000000000000000000e+00
2.831197943857639565e+00,-4.116503282749730541e-01,2.480308739561506437e-01,-1.137162277316558640e-01,-4.336864084495358540e+00,3.000000000000000000e+00
3.173192939759059694e+00,-1.523275094562175802e+00,-1.728873094844517899e+00,2.466828510260236917e-02,3.119607532585044307e+00,6.000000000000000000e+00
2.537357984300532276e+00,3.091293484559396454e-01,-4.858084809401469473e-01,-3.696169021699099444e-01,-5.645397258067956336e+00,3.000000000000000000e+00
-3.023034896947626837e+00,-7.454798822392991742e-01,-5.847106581959768512e+00,-3.418943312112477706e+00,8.012809140831380628e-01,2.000000000000000000e+00
-2.887676531025898718e+00,-1.901723491942589828e+00,2.854405740157432536e+00,9.611000304124250881e-01,-6.331792120041524363e+00,4.000000000000000000e+00
-3.174641734904612989e+00,-1.625912321556591378e+00,3.728469852573474963e+00,1.059596240466918804e+00,-4.049734187842129352e+00,4.000000000000000000e+00
1.984746224391899849e+00,-2.192193386366877661e+00,-5.732957123645546771e-01,8.141007123525099143e-01,2.870800425591460758e+00,6.000000000000000000e+00
-1.431115128127156577e+00,6.372236877505005559e+00,-7.560421907062137015e-01,-3.779600421117382592e+00,2.249701844164551545e+00,1.000000000000000000e+00
-2.592017732274155328e+00,-7.229911037570035948e-01,3.387444425423761896e+00,1.177067730742384466e+00,-6.005945480672335357e+00,4.000000000000000000e+00
-1.156790848500095226e-01,-3.241138707117799722e+00,-7.471788097587728217e-02,-2.678604776146787714e+00,-7.597895839871039447e-01,0.000000000000000000e+00
-6.925345670831825062e-01,-5.247218578406762646e-01,-3.894081624990409107e+00,-3.831939452202422380e+00,2.016770051794854801e+00,7.000000000000000000e+00
-1.698631599989449237e+00,-7.745354335214685859e-01,-9.041586445918323722e-01,-1.707890591786441536e+00,4.359261313637311730e+00,7.000000000000000000e+00
-2.901006895098195315e+00,-1.628126548648783256e+00,-3.633365008982085420e-03,-1.024027731133266839e+00,3.346608881584851147e+00,7.000000000000000000e+00
5.807188605800244208e-01,-3.515122797690489964e+00,-3.835611442563891527e-01,-2.982748551713856777e+00,-2.208933936879123205e+00,0.000000000000000000e+00
2.248368532563294053e+00,-2.827839195310510423e+00,-9.220817933059453075e-01,1.172547143292034022e+00,3.286142680048296683e+00,6.000000000000000000e+00
-1.629232165127162624e+00,-4.086798881695285351e-02,-3.158981253903372810e+00,-3.301165621756044555e+00,1.684137420854860068e+00,7.000000000000000000e+00
3.138509543485645814e+00,5.034758928465048022e+00,-9.813105956214341896e-01,3.901717699628585390e+00,-7.187983368927210570e+00,9.000000000000000000e+00
3.435055463080977756e+00,-2.361638722093634790e+00,-1.165720040063737750e+00,1.091555008856973430e+00,2.581275397190510024e+00,6.000000000000000000e+00
2.846224869752095543e+00,9.206941469375500287e-01,-1.094739780631975856e+00,-1.595477326182126232e+00,-4.032250067827370721e+00,3.000000000000000000e+00
-3.523408949225550479e-01,-2.258824207930825168e+00,-2.662283751674290322e+00,-2.392712792002897881e+00,2.251560891107722728e+00,7.000000000000000000e+00
-1.769836026606801394e+00,-3.316955590961231937e-02,-2.170809915109467969e+00,-3.056692675501480494e+00,4.469363357122579039e+00,7.000000000000000000e+00
-4.259482967631559980e+00,1.150845818602554749e+00,-5.572495301866752904e+00,-4.114936811821523044e+00,1.253463800190377953e+00,2.000000000000000000e+00
-2.376810815651223319e+00,-1.434388012314762095e+00,4.587441447203249645e+00,1.804354914028283519e+00,-3.592167099772809014e+00,4.000000000000000000e+00
-1.365773302510835174e+00,-2.090413291788454586e+00,-4.214824764655867639e+00,-3.800125006015246054e+00,3.466952569125278938e+00,7.000000000000000000e+00
-1.747963493820212211e+00,1.955452881673268584e-01,-4.663979757427534345e+00,-4.770045981593337814e+00,1.367154517207279874e+00,7.000000000000000000e+00
1.130736479921015336e+00,-3.266521268172922987e+00,6.253511724212211798e-01,1.788778096073028845e+00,4.768297529285446146e+00,6.000000000000000000e+00
-3.135859505665166136e+00,2.457733395790047404e-02,-5.862538571679813515e+00,-3.544409535338364670e+00,5.920619589529044734e-03,2.000000000000000000e+00
3.750940330160986935e+00,7.832532561927042503e-01,1.870888338069001344e+00,-5.364617833922400575e-02,-3.331584310000357263e+00,8.000000000000000000e+00
-1.996843746871499903e+00,-1.433016241443500149e+00,2.019073470980072837e+00,6.803612394253279183e-02,-5.563847259707961790e+00,4.000000000000000000e+00
-1.610750191762484240e+00,3.304745135364505204e-01,-4.557773609882696420e+00,-4.929091925097725202e+00,2.664918257364630172e+00,7.000000000000000000e+00
-2.744850394174873642e+00,5.940050348350911946e+00,5.323566396695861291e-01,-2.973339987237063387e+00,3.378937516483553338e+00,1.000000000000000000e+00
-2.990212249805425770e+00,1.633364256457763841e-01,-6.317627707287297945e+00,-3.804498949846196520e+00,-1.232941111828999708e-01,2.000000000000000000e+00
2.371933460453037323e+00,-3.076848010865191441e+00,-4.542573135273188512e-01,1.200170156510612651e+00,4.291974142619356059e+00,6.000000000000000000e+00
-1.902194522715325020e-01,-2.480199081796564009e+00,2.235659144823259226e+00,-1.192455273927000237e+00,-8.481993222228325635e-01,0.000000000000000000e+00
7.778421947051684660e-01,-9.710086872609012820e-01,-2.235410530053627109e+00,1.152735960742511390e+00,3.158563284847587305e+00,5.000000000000000000e+00
-5.587525852383694591e-01,-1.020757616430624459e+00,-2.313027017248728168e+00,-2.213599730481506267e+00,1.211805388619225266e+00,7.000000000000000000e+00
3.570120852399845557e+00,-3.147234332861793771e+00,-2.486849415748248138e+00,2.173259080078283612e-01,1.945394281522187185e+00,6.000000000000000000e+00
-9.551163018850952202e-01,-4.450323349158185615e-01,-4.373228603281221538e+00,-4.269322833908385739e+00,2.325399188144485763e+00,7.000000000000000000e+00
2.109649338460470869e+00,-7.315024651840532632e-01,-2.471040167107249275e+00,-1.018070247075480994e+00,3.008653943360592109e+00,6.000000000000000000e+00
-2.592533666108553181e+00,4.673502105899088876e-01,-2.733127729554955199e+00,-3.984747331308506446e+00,3.603759999311631379e+00,7.000000000000000000e+00
3.466608182349490974e-01,-3.957374046766860332e+00,-1.674525274915413808e+00,-4.098109998747684557e+00,-1.247717813162336320e+00,0.000000000000000000e+00
1.711115853296898637e+00,-2.483312275031776650e+00,-2.167694999492115748e-01,9.581414850208067602e-01,3.416600838767009929e+00,6.000000000000000000e+00
-3.673267117090103007e+00,4.642794276283595534e-01,-8.116907799421092307e+00,-5.361493556407663341e+00,-7.830171089996156297e-01,2.000000000000000000e+00
-4.613120682423465513e-01,-8.967676754602144085e-01,-5.242176620983517665e+00,-4.914065428956954307e+00,3.391999359985290230e+00,7.000000000000000000e+00
3.186245531995318903e+00,-1.441505696776268053e+00,-6.618241443784194100e-01,8.412908465507984435e-01,3.287751939089644804e+00,6.000000000000000000e+00
2.295483920708700776e+00,-4.374868129515285808e+00,-4.513990563518409105e-01,-2.135704290832678875e+00,-1.209931308689250917e+00,0.000000000000000000e+00
2.065377062761414528e+00,-3.385679804879857979e+00,-1.135536598024053934e+00,-3.257990939476280712e+00,-1.688560784864663322e+00,0.000000000000000000e+00
-2.127551142131927975e+00,-7.566765389643730078e-02,-2.192320724111768371e+00,-2.489058493373847991e+00,1.698783917864287396e+00,7.000000000000000000e+00
-3.022710013040709853e+00,1.292997480090990248e+00,-6.711409971591832502e+00,-4.818788278687999416e+00,2.384125795845369045e-01,2.000000000000000000e+00
3.131423146821731951e+00,-1.557462682732239534e+00,-1.553895806187206130e+00,7.728075299138850718e-02,3.493060051712856495e+00,6.000000000000000000e+00
-1.349777568511692172e+00,-1.646212303463387705e-01,-2.371899767329453734e+00,-3.162675825867062862e+00,2.816632944099862534e+00,7.000000000000000000e+00
-4.607188772236162855e+00,3.945972820254528557e-02,-4.057766003723211945e+00,-2.707268226007693901e+00,9.487579482480843485e-01,2.000000000000000000e+00
3.916115354667868420e+00,-3.183058118346531185e-01,3.582251445551481339e+00,1.509946971834270846e+00,-1.032564117314669794e+00,8.000000000000000000e+00
2.918309811293312350e+00,-2.600381832505703983e+00,-2.619686874417302747e+00,-5.076157182534547507e-01,1.959749522766581986e+00,6.000000000000000000e+00
3.781705222947141287e+00,-3.649778055675352295e+00,-2.427241238904066289e+00,2.097406463066392168e-01,2.324667794585799641e+00,6.000000000000000000e+00
-7.013159570502377482e-01,-1.652365792766507191e+00,-4.643548882268140332e+00,-3.842980163879800681e+00,6.648658953334695143e-01,7.000000000000000000e+00
-1.754217122741964507e-01,-2.532717186596383119e+00,1.622774093889875757e-01,-2.802512023003742136e+00,-2.229445812612444122e+00,0.000000000000000000e+00
-5.146974816910414585e-01,-5.474257301967084821e-01,-5.197785765430873894e+00,-5.060334577601512507e+00,2.460894151526078044e+00,7.000000000000000000e+00
2.818106108295838741e+00,1.125942312329417216e+00,-1.860056194869239787e+00,-2.035712706918155757e+00,-5.036521826499754440e+00,3.000000000000000000e+00
-2.682666505756385877e+00,-9.718021765331436024e-01,-2.104825896605840185e+00,-2.657815228702049115e+00,2.355112791019609020e+00,7.000000000000000000e+00
-1.262872276727202037e+00,-1.078775025473356353e-01,-4.849546330495271285e+00,-5.053755023144404390e+00,1.958805502291085521e+00,7.000000000000000000e+00
2.305624495171161747e+00,-4.199776832087039224e+00,5.495549180487677710e-01,2.589149759789052929e+00,3.761401506050989330e+00,6.000000000000000000e+00
-9.724072293700978253e-01,6.429039489889335712e+00,-2.815519846446762897e-01,-3.628732702211429739e+00,2.264066325494281884e+00,1.000000000000000000e+00
-4.574802132966318546e-01,-3.243661971426415880e-01,-4.568843311095923454e+00,-4.250541204579252330e+00,1.161273802158584445e+00,7.000000000000000000e+00
3.501907367846115005e+00,-2.804818280789720397e+00,-2.334818718207257948e+00,3.288968305008438398e-01,9.306208878476009971e-01,6.000000000000000000e+00
8.679895615910199203e-01,-2.915305631429041533e+00,9.671173562926966838e-01,-1.402254480265631820e+00,-1.970797192936776909e+00,0.000000000000000000e+00
-2.008453232493633056e+00,6.931225493704449292e+00,9.254801460354202813e-01,-2.491530540244716541e+00,2.862805088922402152e+00,1.000000000000000000e+00
-4.102530572050264723e+00,1.187562731101371449e+00,-5.673219310342938471e+00,-4.162778108006128797e+00,1.851339755408127452e+00,2.000000000000000000e+00
2.669101267757863383e+00,-3.242438865558093131e+00,-1.498864896889301246e+00,8.451464627135215624e-01,2.626556560696698739e+00,6.000000000000000000e+00
9.632610124458547141e-01,-4.585711707590953701e+00,1.731479928598558038e+00,-8.014437821357257574e-01,-1.155445097540400035e+00,0.000000000000000000e+00
-2.492283881707664683e+00,-5.716369056430700146e-01,-2.912967049389195040e+00,-3.648485456971225727e+00,2.691611444927682228e+00,7.000000000000000000e+00
9.625263605125431443e-01,-1.254890299559793698e+00,-2.352179690355570507e+00,1.219539444905471726e+00,4.042161910533076608e+00,5.000000000000000000e+00
3.168807865081942676e+00,-1.992982319271800806e+00,-1.259507369431610124e+00,5.612048494525028186e-01,4.414633056506803932e+00,6.000000000000000000e+00
-4.846931840968680127e-01,-4.047525989647882128e-01,-3.341822261112382897e+00,-3.310803175497841089e+00,1.935642569751091280e+00,7.000000000000000000e+00
-7.804940274047732496e-01,1.385128614760048893e-01,-5.068810989443871762e+00,-4.957188668706377754e+00,2.329801746262451179e+00,7.000000000000000000e+00
-1.559469389592680333e-01,5.711428297503974294e-01,-5.038949603708769764e+00,-4.798153637576536568e+00,2.557559047316085632e+00,7.000000000000000000e+00
-3.053060916116308032e-01,-1.081775582442219497e+00,-4.935321241499994294e+00,-4.314087779743966955e+00,2.441622346644111985e-01,7.000000000000000000e+00
-2.008327669843274765e-01,2.483537210018453567e-02,-4.981781076768442063e+00,-4.783407935406409628e+00,2.124205938178541420e+00,7.000000000000000000e+00
-9.682184994687606516e-03,-6.372837506084747528e-01,-5.841526241602888803e+00,-4.994693722477578923e+00,2.173046610743158968e-01,7.000000000000000000e+00
-3.283762788760801410e+00,-2.563718994685859620e+00,5.376817314046233420e+00,3.104266498320271683e+00,-5.092745842072101681e+00,4.000000000000000000e+00
-1.446843398592373653e+00,-3.358097783459688679e-01,-3.296131080058915863e+00,-4.095933465541724772e+00,3.520390887913084743e+00,7.000000000000000000e+00
2.485085983485320338e-01,-3.208989767220785883e+00,8.572970350769347769e-01,-2.242847141818308465e+00,-7.056981386309703341e-02,0.000000000000000000e+00
-2.255433539499026807e+00,1.362030001144558078e+00,-2.289143694679776964e+00,-3.513861429514876900e+00,2.137428796819836219e+00,7.000000000000000000e+00
-2.594795089963139567e+00,-2.061550538153595458e+00,-2.863212578639442452e+00,-3.205698087567807164e+00,3.043431240016021277e+00,7.000000000000000000e+00
4.876346409174189822e-01,-3.049282219700845786e+00,1.995744355567480088e+00,-9.043656660454703067e-01,-5.573594670245007876e-01,0.000000000000000000e+00
-1.512718178762340937e+00,5.236597425743046763e+00,9.685608691628144751e-01,-2.344649398438886756e+00,3.610799844280283555e+00,1.000000000000000000e+00
-2.096638170464860451e+00,5.898662131469009751e+00,1.404795106733240373e-01,-3.080534008914126431e+00,1.599374546796938690e+00,1.000000000000000000e+00
-2.244624196617790890e+00,-1.688842059687179598e+00,2.666372563229112647e+00,7.583110061895684817e-01,-5.917869043171680055e+00,4.000000000000000000e+00
2.054860874326564224e-01,-6.709012896539249260e-01,-5.541012118536241537e+00,-4.750596880426082080e+00,1.051005264129508454e+00,7.000000000000000000e+00
-1.035880889979432062e+00,-1.524525092631467738e+00,-4.251432237880585774e+00,-4.381122579030792608e+00,3.155810633384681374e+00,7.000000000000000000e+00
-3.243950744893810412e-01,4.094840196858294812e-01,-6.754480775852312213e+00,-6.314116163460996134e+00,1.019900981636263415e+00,7.000000000000000000e+00
-8.711824058184340913e-01,-1.989492308998885406e+00,-3.751606385958564882e+00,-3.523332186078108386e+00,2.223385116973991327e+00,7.000000000000000000e+00
-1.922040466311542239e+00,-5.909803255914526376e-01,-3.312760483784080279e+00,-3.741699679214311125e+00,3.440123733573176246e+00,7.000000000000000000e+00
-1.081133929170020380e+00,2.616945803355591460e-01,-2.391919344777693635e+00,-3.095570606892378063e+00,2.413908239027899416e+00,7.000000000000000000e+00
-1.607854848844065154e+00,-8.134058048007605235e-01,-2.699557856733701744e+00,-3.297589745166697561e+00,3.474774066401461692e+00,7.000000000000000000e+00
4.092552971487042335e+00,1.318854248397206108e+00,3.632919441601719868e+00,1.275074086811663454e+00,-2.681396837799611799e+00,8.000000000000000000e+00
-9.010822959387975173e-01,-9.012301005130070042e-01,-4.416078816543412167e+00,-4.229680745679230469e+00,1.376798127530716176e+00,7.000000000000000000e+00
-4.729714479456669451e+00,5.834924657731799247e-01,-6.372572602027579691e+00,-4.470768755852450482e+00,1.270541281997892513e+00,2.000000000000000000e+00
-9.515494881671849869e-01,-2.442463909489883456e+00,-1.535763503118404039e+00,-1.596399748251928541e+00,3.161914535938884274e+00,7.000000000000000000e+00
-1.569644395165013528e-01,4.105579050722266032e+00,9.352769430326723921e-01,5.134006431034170426e+00,-5.745352718293447403e+00,9.000000000000000000e+00
-1.770676209274861357e+00,1.136948722841150783e+00,-3.685581047404722810e+00,-4.305501516318567923e+00,2.282416147797897477e+00,7.000000000000000000e+00
-3.269626252728541349e+00,-7.080833596972290200e-01,-5.382354188896155023e+00,-3.378754844812769331e+00,1.562030702058228249e+00,2.000000000000000000e+00
-1.309510953747769380e+00,-4.146470558152646202e-01,-4.430161036216502701e+00,-4.484929427144761505e+00,1.841631497899034686e+00,7.000000000000000000e+00
-1.421531707515345744e+00,-4.074575906792821556e+00,3.054689124353865637e+00,-6.370319245539197706e-01,1.157276386629057185e+00,0.000000000000000000e+00
-1.286914543882789808e+00,5.582302123426673646e+00,-1.032662698106638466e+00,-4.058169076380838902e+00,2.574939798837794225e+00,1.000000000000000000e+00
1.012396601145296726e+00,-3.544285221494498650e+00,4.893473840765180105e-01,-2.646481398891743719e+00,3.053506962356414833e-01,0.000000000000000000e+00
-8.256648299468869467e-01,1.054587142163693647e+00,-6.424915797214995727e+00,-6.151637256002008058e+00,1.058150810509361106e+00,7.000000000000000000e+00
-2.149249778428216739e+00,-1.184850469967069220e+00,-2.516251570331612175e+00,-2.662070291767788532e+00,2.052672873186601965e+00,7.000000000000000000e+00
-1.308822373608420575e+00,-2.297967258118946143e-01,-3.022442641297053090e+00,-3.176266026937458520e+00,2.663448334653120586e+00,7.000000000000000000e+00
-8.597072477256239020e-01,-6.693608907726962265e-01,-4.754488755376435449e+00,-4.669281816054670742e+00,2.635245610127640248e+00,7.000000000000000000e+00
-1.532048004595720103e+00,5.444216786235301697e+00,-1.961172770319357328e+00,-4.522507803676218963e+00,1.479823856936229420e+00,1.000000000000000000e+00
-1.663874944609733397e+00,4.766467420239782093e+00,1.349114806814132761e+00,-2.378870696924336059e+00,4.816003201820654667e+00,1.000000000000000000e+00
-2.933600972767075099e+00,1.092970626354003327e+00,-6.262432372101518929e+00,-3.974856386131755404e+00,-1.896665853383295436e-02,2.000000000000000000e+00
-9.841241588479261726e-02,-3.094986288349488746e+00,2.425054548628205797e+00,-1.096124889498026889e+00,-2.630483139620767852e-01,0.000000000000000000e+00
-1.557831908626025941e+00,1.041332008903215200e+00,-4.728301959196895332e+00,-4.747651199345671813e+00,2.023328490482378506e+00,7.000000000000000000e+00
1.180148158452733131e+00,-5.918134147157776415e-01,-3.794629394842091052e+00,4.939526998210826414e-01,1.815568197180734700e+00,5.000000000000000000e+00
4.793625897818528436e+00,-9.027193047512089841e-01,2.720417589442534201e+00,1.579685653577909799e+00,-3.466214979990266176e+00,8.000000000000000000e+00
3.531259315205226734e+00,-1.027863702603874829e+00,-1.205795403110106800e+00,-1.077363290466831103e+00,-4.551191715905349433e+00,3.000000000000000000e+00
4.489926619964155208e+00,-1.169976761952146393e+00,3.165413928089495510e+00,1.650906521481583011e+00,-2.314028822480506786e+00,8.000000000000000000e+00
-1.915625151566527684e+00,-1.041522420124154191e+00,-1.258002961065972647e+00,-2.143188029428565677e+00,3.781369602708343880e+00,7.000000000000000000e+00
2.306182122709587112e+00,-2.052446925762013041e+00,-1.833330361796756680e+00,-1.258396769094631829e-01,3.490229237828239572e+00,6.000000000000000000e+00
3.115169106004559207e+00,-2.985642510010436457e+00,-7.595895082752859295e-01,8.498910301557506264e-01,3.471917514464069487e+00,6.000000000000000000e+00
-1.085054989711430773e+00,-5.235461090284242447e-01,-3.686372924836323506e+00,-3.235552893700852195e+00,1.817446030951588742e+00,7.000000000000000000e+00
2.255413620346031323e+00,-2.834759336981873545e+00,1.013260208525394557e+00,2.554961867953352783e+00,3.386779015437272555e+00,6.000000000000000000e+00
1.957446338608210379e+00,5.899159757657057579e-01,2.173325175440405932e-01,-7.068172213794101655e-01,-4.148095880329813134e+00,3.000000000000000000e+00
7.559751338705678059e-01,-5.089891415218785298e+00,1.538210940581899999e+00,-7.614568290527320427e-01,-1.275788174645900552e+00,0.000000000000000000e+00
-1.309466156679255811e+00,2.759090429077024620e-01,-3.099613747339746261e+00,-3.887351707777094489e+00,3.503578699071743241e+00,7.000000000000000000e+00
-8.479161970710039631e-01,4.960931459751662942e+00,-1.493046334852326185e+00,-3.581837827135117447e+00,9.249452758762308768e-01,1.000000000000000000e+00
-2.096438574730068893e+00,2.631709869726476247e-01,2.358481786787686385e+00,1.513149183611282866e-02,-6.347502102858696205e+00,4.000000000000000000e+00
5.826817577704733742e-01,-3.257665652416362745e-01,2.272979056261118513e-01,3.141526357219306398e+00,3.554091302825452825e+00,5.000000000000000000e+00
-3.263594053080877355e+00,1.742611568106022135e+00,-6.592825249492019424e+00,-4.532747446112614043e+00,-6.457327272045392252e-01,2.000000000000000000e+00
7.569770374343354202e-01,-3.630393643761002487e+00,-3.727672894423101901e-01,-2.955914173133735279e+00,-8.912226412871203651e-01,0.000000000000000000e+00
1.646061611135027025e+00,-1.784498851090997817e+00,7.902420502244521527e-01,1.905477344810541540e+00,3.411503949109539136e+00,6.000000000000000000e+00
-4.481880080452134707e-01,-9.888538952278668193e-01,-2.581441339649583444e+00,-2.503969801540323115e+00,1.433572032817694186e+00,7.000000000000000000e+00
3.141579558245678250e+00,-1.899215500910332421e+00,-2.005554686475542692e+00,-3.407340301870855903e-01,3.370721006822429366e+00,6.000000000000000000e+00
1.935509651464271119e+00,-2.488520769900954388e+00,6.647652036669339237e-01,1.937330027917517183e+00,3.691260863586965701e+00,6.000000000000000000e+00
1.929892385114845066e+00,-2.817894816730503127e+00,-6.374210273041298613e-01,-2.730819988849823687e+00,-2.239134010226161653e+00,0.000000000000000000e+00
-7.472259943441904584e-01,-3.553853994476767197e-01,-2.389356409948357296e+00,-2.709917563221635017e+00,1.979271917866747055e+00,7.000000000000000000e+00
-1.863399972035247876e+00,2.169863357433997608e-01,-4.228187461817538129e+00,-4.312270522877564183e+00,1.465465190207310808e+00,7.000000000000000000e+00
-2.343858045464608075e+00,4.729667547142237360e+00,2.919494600448964139e-01,-3.145321917162544167e+00,2.689194502251563978e+00,1.000000000000000000e+00
-3.489880179124164039e-01,-2.313782102779166350e-01,-4.855423789130521861e+00,-4.599977482442296761e+00,1.975525361938646585e+00,7.000000000000000000e+00
-1.545243022621797246e+00,6.193640334027949557e+00,-2.086333291572616822e-01,-3.528125990020411162e+00,2.179604562002556367e+00,1.000000000000000000e+00
3.731974331493859154e-01,1.872890308767103384e+00,1.232933781305386722e-01,-6.731325811104574841e-01,-5.669255408535399887e+00,3.000000000000000000e+00
-1.366321292424428568e+00,-2.485366019141402871e-01,-2.132753572165414724e+00,-2.607878060922229402e+00,2.521021595317071817e+00,7.000000000000000000e+00
2.747615433529679407e+00,1.043810066570147743e+00,-5.090161446134227052e-01,-1.632949007401153008e+00,-2.530743029759333851e+00,3.000000000000000000e+00
-7.169117826027797680e-01,2.545258998707552456e-01,-5.159308074661668186e+00,-4.827441224770475436e+00,6.869834038513292773e-01,7.000000000000000000e+00
-1.586333664433321911e+00,-1.552276939039531456e+00,-2.317893866872439368e+00,-2.605304470314677268e+00,3.322440209186938276e+00,7.000000000000000000e+00
-2.138062712825238965e+00,8.102222062383712675e-02,-1.347954644636534471e+00,-2.354330983129272248e+00,3.913697780554548533e+00,7.000000000000000000e+00
2.217799549540201642e+00,5.485013253143341538e-01,9.713269633903673927e-01,-7.115532382282990786e-02,-3.259572032830123867e+00,3.000000000000000000e+00
-1.441862345866357087e+00,-1.021329485645901869e+00,-5.037430868063460743e+00,-5.061663463689431985e+00,1.553361628502664127e+00,7.000000000000000000e+00
-3.220205543351639221e+00,9.384668699686001814e-01,-3.628650721920887445e+00,-1.871019388459175703e+00,4.561804578107457320e-01,2.000000000000000000e+00
-1.946189677798239703e+00,-9.633106485797485741e-01,-8.589281527339318600e-01,-2.203209317458572070e+00,4.794842251295024838e+00,7.000000000000000000e+00
-2.638300272087819920e+00,4.736176231690714999e+00,9.579898745072935595e-01,-2.500839227029006739e+00,3.526449883710712996e+00,1.000000000000000000e+00
-1.559105093478488691e+00,6.211350925470357609e+00,4.190285723035842569e-01,-2.948088473055856973e+00,1.947843073033514116e+00,1.000000000000000000e+00
3.645278693255066926e+00,9.969172239690522741e-02,3.992316093107064034e+00,1.466827201572763473e+00,-1.147724016384297885e+00,8.000000000000000000e+00
1.866681475131082846e-01,-1.095038676143960554e+00,-4.325520636689849319e+00,-3.968348331136525964e+00,2.496481845855115012e+00,7.000000000000000000e+00
-1.751316942210721095e+00,-1.618440290237618262e+00,3.271810380494120540e+00,-1.289832870109701934e+00,-2.332030676184874696e-01,0.000000000000000000e+00
2.930694890033044508e+00,-4.061917438291902549e+00,3.258078760821896402e-01,2.612407689174204073e+00,3.355786893906643975e+00,6.000000000000000000e+00
-4.101713296669123210e+00,-2.199768893242764686e-02,-4.990027689437906311e+00,-3.544618943869403793e+00,1.385982642728335934e+00,2.000000000000000000e+00
-7.468048139504832594e-01,-3.356836023585297646e+00,1.495571943474292675e+00,-2.231851537958321252e+00,1.583179289329568473e-01,0.000000000000000000e+00
-4.307283479347277094e-02,-2.417630429934566560e+00,8.009302668741328235e-01,-2.518455427202854313e+00,-1.040036819889379682e+00,0.000000000000000000e+00
-2.798288576610961087e+00,-1.035469156199730234e+00,-3.379899335972055940e+00,-3.469373042040400090e+00,1.014861156012829557e+00,7.000000000000000000e+00
-4.239058712423119601e+00,8.675250094341029339e-01,-4.250737926332829097e+00,-2.830592781404922764e+00,8.366551176189569450e-01,2.000000000000000000e+00
2.985407926224690645e+00,-2.936789245619725097e+00,-3.787878175164988703e-01,1.503632818880901167e+00,2.852999823259345202e+00,6.000000000000000000e+00
-3.982565926770133213e+00,1.220837146029567277e+00,-6.081294223207880378e+00,-4.327380844702817697e+00,4.243196214321678372e-01,2.000000000000000000e+00
-9.571616206475509481e-01,-1.635309344945273358e+00,-3.482603115415285000e+00,-3.163459216506526950e+00,1.292243560968237670e+00,7.000000000000000000e+00
-2.059344937373835727e+00,-5.554612549676464506e-02,-2.569348587760359681e+00,-3.298507602415668316e+00,2.532509290490763565e+00,7.000000000000000000e+00
2.095562126352370491e+00,3.996541872830849051e+00,-2.752931065325362248e+00,3.329895568227872360e+00,-1.022380706889934565e+01,9.000000000000000000e+00
1.858777108844578363e+00,1.469352430338177529e+00,8.797307613677400606e-02,-1.125098051608398153e+00,-3.649427175849068394e+00,3.000000000000000000e+00
1.331693598747272445e+00,-6.301636441857347393e+00,4.421026286969261809e-01,-1.287537480041640814e+00,-4.375999651960256753e-01,0.000000000000000000e+00
-5.113142350132349190e-01,-3.252702341854772694e+00,2.657406742474832662e+00,-1.106369488773375487e+00,2.079691361915554648e-02,0.000000000000000000e+00
2.011036656615111440e+00,9.711575822619716858e-01,1.297386121406579385e+00,8.111628839465756524e-03,-3.979402471847770517e+00,3.000000000000000000e+00
-1.900467914207690512e-01,-3.781123749371906761e+00,-1.553127866674625324e+00,-3.873178757908720460e+00,-2.454089754497893683e+00,0.000000000000000000e+00
-1.990684842475881400e+00,-2.351561577813223169e-01,-5.696848946231820587e-01,-1.692840221006309820e+00,3.020792671435272858e+00,7.000000000000000000e+00
7.273836756798243153e-01,-3.362183766027202036e+00,-1.876164911021109272e-01,-2.821164785425260391e+00,-1.322287846961890612e+00,0.000000000000000000e+00
-1.671276556963011251e+00,5.835234970203373450e+00,1.072175330078543265e+00,-2.429401927324122745e+00,3.059265207353070171e+00,1.000000000000000000e+00
-5.370044538378077048e-01,-2.058777163518877629e+00,-4.173968749245081433e+00,-3.496283726322684693e+00,1.336914521274705336e+00,7.000000000000000000e+00
4.691317083654770848e+00,4.409274547871379069e-01,4.906160865463029541e-01,-1.333202226102497390e+00,-2.012524890274363099e+00,8.000000000000000000e+00
2.591681056523698068e+00,-7.020367368897364457e-01,-1.820450861778763585e+00,-1.747151775806045637e-01,2.755769060939572412e+00,6.000000000000000000e+00
-2.490314019827649883e+00,1.734466179207900804e+00,-3.197587981992540573e+00,-4.489217582688650232e+00,3.347885614458604664e+00,7.000000000000000000e+00
-8.145704862176786909e-01,6.122964675853358685e+00,-2.223237953506929543e+00,-4.819285322567445462e+00,1.860190027721362105e+00,1.000000000000000000e+00
-7.730004120512879995e-01,-9.531943795454470569e-01,-2.728832681258499537e+00,-2.975941307242328193e+00,3.123047293269401781e+00,7.000000000000000000e+00
3.794080865730740104e-01,-1.361814741984272104e+00,-2.653486947480135694e+00,1.680815814099022365e+00,1.162725275517961787e+00,5.000000000000000000e+00
2.706586851080025724e+00,-2.769112395784047553e+00,-5.313914019074779116e-01,1.235287907309760458e+00,2.546928579815803673e+00,6.000000000000000000e+00
2.283097747947417488e+00,-2.288569346880542366e+00,2.981545944917349256e-02,1.504623571501134238e+00,3.365363205630687471e+00,6.000000000000000000e+00
-3.673614089733953758e+00,7.389090901397614708e-01,-4.841536636553530393e+00,-3.560244892202004685e+00,2.280946799685461990e+00,2.000000000000000000e+00
-3.387056147831851161e-01,-1.013876757054334110e+00,-3.183743689892318152e+00,-2.945839430580854401e+00,1.565481393862429682e+00,7.000000000000000000e+00
-2.538337550522571373e+00,5.844985349872404257e+00,-2.056653501163051012e-01,-3.679121789131518661e+00,3.847189167463526349e+00,1.000000000000000000e+00
3.849417239580911421e+00,-2.948732262017967898e+00,-1.944831799124637550e+00,6.532837111212286274e-01,1.983327814109979936e+00,6.000000000000000000e+00
-1.319748605010008236e-01,-3.702801938841312701e+00,2.001364863049619025e+00,-1.055976259925335281e+00,-1.661202582423286334e+00,0.000000000000000000e+00
-2.000158701888180346e+00,-4.690332013944605305e-01,-2.700994667182988529e+00,-2.957447574115948719e+00,2.069529198199542286e+00,7.000000000000000000e+00
-2.703015032344814328e-01,-5.235247229420996185e-01,-4.956316403280387917e+00,-4.440772849396031674e+00,7.680593654594867203e-01,7.000000000000000000e+00
-3.119768225798114525e+00,-1.244305471926865803e+00,-2.733493963209108757e-01,-1.196770049737031716e+00,2.719574735116339959e+00,7.000000000000000000e+00
3.386273992145630185e+00,7.208758145841116516e-01,-2.379600308104623529e+00,-1.941457982810539384e+00,-5.651004798684760466e+00,3.000000000000000000e+00
7.136506175799978147e-01,-4.103834762693546523e+00,2.643405350211393223e+00,3.981817062575281063e-02,-7.727241482289355368e-01,0.000000000000000000e+00
-1.694613360875022678e+00,3.135009664622356307e-01,-2.631239887793495047e+00,-3.230896741846667641e+00,1.648287271630733963e+00,7.000000000000000000e+00
-2.582055103790910078e+00,-4.325342190944779786e-01,-3.118141172479803824e+00,-3.795906080730473864e+00,1.820183440144567122e+00,7.000000000000000000e+00
-1.766759335243289986e+00,5.203159320404367350e+00,-2.081505816065102321e-01,-3.349736076136570873e+00,2.630260181158341037e+00,1.000000000000000000e+00
-2.805706172881413885e+00,6.270613360991379892e+00,-1.444567517843825089e+00,-4.504260672808576338e+00,9.698881156481168331e-01,1.000000000000000000e+00
-1.599882852752305906e+00,1.879534646571127399e-01,-4.116430774250326330e+00,-4.638672734495247418e+00,1.861592021578479583e+00,7.000000000000000000e+00
-2.751660966145069942e+00,1.616388730198103640e-01,-2.091327568678996940e+00,-2.974894354124558049e+00,2.063518032013096803e+00,7.000000000000000000e+00
1.737955763660899711e-01,-1.355145296578274206e+00,-5.352962309372599314e+00,-4.618866142957331000e+00,1.449869971343107578e+00,7.000000000000000000e+00
2.619178364091376388e+00,-2.309615165672585402e+00,-2.386714804069450135e+00,1.796438061632300576e-01,1.757159737592300486e+00,6.000000000000000000e+00
3.418258017592457954e+00,-2.058267540851347555e+00,-1.935926264379320250e+00,5.346479665370905410e-02,3.064802528506901602e+00,6.000000000000000000e+00
-3.649245129758241224e-02,-1.176456500100553582e+00,-8.656800532734355569e-01,2.008187827882103260e+00,4.374720785447362204e+00,5.000000000000000000e+00
2.123422194434667065e-01,-2.863250677045235726e+00,3.364902168430924601e+00,-3.658534199275577103e-01,1.485155427996210697e+00,0.000000000000000000e+00
2.066417496705369172e-01,-5.660943236499490716e+00,3.295790536321934638e+00,4.369482832815304585e-01,-8.082632201742598888e-01,0.000000000000000000e+00
3.638036595352525993e+00,-3.906687232972212431e+00,-1.651047685242423846e-02,2.403939432313257463e+00,2.741040778523504251e+00,6.000000000000000000e+00
8.549527642585759146e-01,-3.487947436837282478e+00,2.642144293282037704e-01,-2.304390426422566751e+00,-1.084943861821797695e+00,0.000000000000000000e+00
2.995387487763619405e-01,-5.068277494131668170e+00,1.884489661387324322e+00,-9.237218318650921578e-01,2.679596879387428077e-01,0.000000000000000000e+00
2.216582107029163140e+00,3.955906893466142549e+00,2.446668290577685978e-01,5.667096790710608012e+00,-8.671188064838011300e+00,9.000000000000000000e+00
-1.523035767458772449e+00,-2.339695746063122916e-01,-3.114631538890177964e+00,-3.517037448358950602e+00,3.114051562272225571e+00,7.000000000000000000e+00
-1.641614637675693711e+00,-5.421241750634592238e-01,9.161333320636290134e-01,-4.323195127213387834e-01,-6.629302417411226500e+00,4.000000000000000000e+00
1.307268850908110736e+00,-2.551936437650324851e+00,-1.386765643127198189e+00,2.593471006031486503e+00,4.233252485775794938e+00,5.000000000000000000e+00
3.984943839040201441e-01,4.861993746113738801e+00,-1.003812992275995963e+00,3.505773782536390826e+00,-7.210541096378892512e+00,9.000000000000000000e+00
2.630008637735489874e+00,-6.779901461578138888e-02,1.505808089689621543e+00,8.725105388067972978e-01,-4.200882114217397323e+00,3.000000000000000000e+00
-4.115867787496389485e-01,-3.918455660150071740e+00,1.779824751459455401e+00,-1.142814504428502298e+00,-1.113453407439983778e+00,0.000000000000000000e+00
3.810926629087135198e-01,-1.067588869792185147e+00,-2.244949866839576647e+00,1.233517705839572987e+00,4.265285013757120325e+00,5.000000000000000000e+00
9.534438441684068843e-01,-3.281971453428735863e+00,2.363328550590518273e-01,-2.346152037081575159e+00,-1.654039674857499698e+00,0.000000000000000000e+00
-1.036018955786181639e+00,-2.693768491128543108e+00,-3.520569568172831509e+00,-3.327739792647312456e+00,3.544948416886727127e+00,7.000000000000000000e+00
-3.089048894464392347e+00,2.442311171534441439e+00,-2.835073700749851877e+00,-3.982839330373185494e+00,3.154536478815864187e-01,7.000000000000000000e+00
-1.532409752954459803e+00,-5.369310494373624731e-01,-3.067213461452335199e+00,-3.626664117359028605e+00,3.057627387829254140e+00,7.000000000000000000e+00
-1.213088301781055867e+00,-1.832854150219584755e+00,-1.902450619100079843e+00,-2.156388804216541111e+00,3.783551287707191957e+00,7.000000000000000000e+00
3.357781972536626469e+00,-3.480753366878080790e+00,-1.294961467629873519e+00,7.142779544104084222e-01,4.344160581826493228e+00,6.000000000000000000e+00
-1.674383180625917955e+00,-1.202166774166159913e+00,-1.401420936423761754e+00,-1.980400850909778576e+00,3.411959413751908254e+00,7.000000000000000000e+00
1.650345102853226331e+00,-2.586080716802836132e+00,-3.285970328493271753e-01,-2.315752794773242140e+00,-3.348762951628538875e+00,0.000000000000000000e+00
1.847518982145027744e+00,-2.930190798831976640e+00,-2.164609163581807383e-01,1.387645953102745189e+00,3.709589605378029731e+00,6.000000000000000000e+00
-1.904892797160433915e+00,-9.252175937258473315e-01,-3.465287465438559256e+00,-3.739130929559802308e+00,2.932445790144179387e+00,7.000000000000000000e+00
-2.488516326993884586e+00,4.313271739892025058e-01,-3.203094180840572847e+00,-4.389530426870420499e+00,2.840821717481459174e+00,7.000000000000000000e+00
-2.726362616765972469e+00,1.283534115742881454e+00,-3.861011991512678598e+00,-4.845332611953899971e+00,1.205086747348828036e+00,7.000000000000000000e+00
-1.047559196544775473e+00,-7.388290267268151634e-01,-3.920010816336029880e+00,-3.880054684229807815e+00,2.302868355535892420e+00,7.000000000000000000e+00
-7.152851914371475273e-01,-1.025022603033198143e+00,-2.923575162542543904e+00,-2.941685240649070110e+00,2.362758301147668050e+00,7.000000000000000000e+00
3.827427329275688628e+00,-2.401072977452854307e+00,-2.351616030086168152e+00,-1.435379565868608043e-01,3.044080881653913995e+00,6.000000000000000000e+00
-6.784059642260679146e-01,5.079635912847003665e-01,-4.383919539155830769e+00,-4.459128065062085255e+00,7.776474694184516423e-01,7.000000000000000000e+00
-7.744679417261199905e-01,-1.002011266100186981e+00,-3.570392650632222775e+00,-3.525419459402140632e+00,2.081132176045920268e+00,7.000000000000000000e+00
2.921362103969993296e-01,5.286403125619841603e+00,-1.786696287227031998e+00,-3.796483410574942763e+00,2.263271648378534895e+00,1.000000000000000000e+00
-1.291545213307882634e+00,-7.164143727968079745e-01,-2.065762028898635361e+00,-2.869155331990718594e+00,3.312500349383744158e+00,7.000000000000000000e+00
-1.731209663958957812e+00,-3.210397444334678885e-01,-3.486019975864188769e+00,-3.886302097617338802e+00,3.277395153318677590e+00,7.000000000000000000e+00
-1.014213571846480644e+00,5.458934196788746140e-01,-5.883701334144259221e+00,-5.839909667439547647e+00,1.918261066189384856e+00,7.000000000000000000e+00
-8.625545984000180244e-01,-2.448759257681422774e+00,2.809294209648280916e+00,-1.164310702305747736e+00,-4.003140654252951292e-01,0.000000000000000000e+00
-2.957667533065164278e+00,-1.188785562514377725e+00,-3.792237730374125260e+00,-1.520844240596803010e+00,7.703535207208622726e-01,2.000000000000000000e+00
-1.819373508241154402e+00,8.167540886752437945e-01,-3.085039152247456951e+00,-3.876324755384617848e+00,2.968045570752365414e+00,7.000000000000000000e+00
-7.250890354175503205e-01,-2.145717646404375678e+00,-4.306263030828629823e+00,-3.757074862607576282e+00,2.103552210704231040e+00,7.000000000000000000e+00
-2.716867394207007180e+00,2.637904828494269105e-01,-5.914786098801696035e+00,-3.574741212311881799e+00,-2.898730382823699325e-01,2.000000000000000000e+00
-1.233485576829385533e+00,-1.434077749624326881e+00,-5.608747781019225442e+00,-5.286109011549592118e+00,2.088885042249244872e+00,7.000000000000000000e+00
-1.947390765875476548e+00,7.391306525122656734e-02,-1.631133690510904177e+00,-2.502650187299781059e+00,3.277262183784306782e+00,7.000000000000000000e+00
-1.081122442560088048e+00,8.816893094589106639e-01,-3.505592734737033478e+00,-4.412250122290385157e+00,3.075145905159012205e+00,7.000000000000000000e+00
-7.440026628086415794e-01,-3.099875912893154339e+00,3.490200655530841356e+00,-2.501309811351225543e-01,-4.695499149938939243e-01,0.000000000000000000e+00
1.252893837285039003e-01,-1.423008033829040508e+00,-3.616016030051421470e+00,-3.513016710179835744e+00,3.358121066469400340e+00,7.000000000000000000e+00
3.079755590663359577e+00,-1.020327240602077357e+00,-1.670372089732621301e+00,-1.116455750197312913e+00,-6.778475126953970253e+00,3.000000000000000000e+00
-1.036428102084409053e+00,-1.790696161192132374e+00,-3.192018541231508522e+00,-3.108587196588481039e+00,2.280655430598094835e+00,7.000000000000000000e+00
1.091964666932426081e-01,1.912179938139015600e-01,-6.601354815750600125e+00,-5.899788296674532084e+00,8.965879868522785845e-01,7.000000000000000000e+00
-2.379196101765677973e+00,5.696768525678193917e+00,6.178257477123436647e-01,-2.736129710046340424e+00,1.994732051930995453e+00,1.000000000000000000e+00
-5.016338425047503158e+00,2.460082219311975127e+00,-6.640838005778783248e+00,-5.578908727116603572e+00,2.116542733412863253e+00,2.000000000000000000e+00
2.965803190040392945e+00,-3.985641879568298407e+00,-4.472946225582125068e-02,2.168563430868567732e+00,3.222221272902405786e+00,6.000000000000000000e+00
-1.771330442294817842e-01,-4.637960458237908590e+00,2.389174704577079478e-01,-1.914387017683124137e+00,-1.881882311218207038e+00,0.000000000000000000e+00
-7.097858326766046666e-01,-6.139345400816322851e-01,-2.875032589155630536e+00,-3.014127089383821900e+00,2.420389068289598988e+00,7.000000000000000000e+00
2.258330538658465114e-01,-4.766860863382294866e+00,1.944536653954182626e+00,-6.271904937326194807e-01,-1.426545847876469653e+00,0.000000000000000000e+00
-2.312108730054789785e+00,5.867324402585700760e+00,-9.475133416432504063e-01,-4.642056669031298988e+00,3.664660901966613871e+00,1.000000000000000000e+00
-3.337578367709145510e+00,8.077273586969703212e-01,-5.225227584109257251e+00,-3.385537691667818816e+00,4.387265785491891168e-01,2.000000000000000000e+00
-1.133324813372008633e+00,5.260851380356747903e-02,-3.506641646100042031e+00,-3.862087127202034509e+00,1.727793536292349108e+00,7.000000000000000000e+00
-3.507749827021914069e+00,-1.250901538461853590e+00,-5.176231323571364840e+00,-2.735477667627351561e+00,1.127514711755271293e+00,2.000000000000000000e+00
3.733793044646122272e+00,-1.135692677310827792e+00,-2.039015220702034892e+00,7.595455358869861173e-02,2.319164720181220218e+00,6.000000000000000000e+00
7.499478812266048566e-02,-2.097664079859708486e-01,-2.773891682596629771e+00,-3.238165604679400289e+00,3.267654246979363020e+00,7.000000000000000000e+00
7.714002105705571877e-01,-3.188033607957427851e+00,1.814416813951539309e+00,-1.133532474661738565e+00,-1.107842853996027443e+00,0.000000000000000000e+00
-5.020076747112955040e+00,2.504920846668384216e-01,-4.902066388531919117e+00,-3.529363583143688476e+00,1.128134919794982149e+00,2.000000000000000000e+00
4.068850430742688706e-01,-3.227693485042341326e+00,1.134328972539291325e+00,-1.191075177848524236e+00,-3.317741406045158659e+00,0.000000000000000000e+00
-2.199469952407581808e+00,-3.164403505085845725e-02,-2.606195826440189656e+00,-3.350127721039092954e+00,4.047035202269626097e+00,7.000000000000000000e+00
1.929886852060114899e+00,-5.179201920981656215e+00,1.400457183848481835e+00,-5.996458115116637400e-01,-1.670296841183175562e+00,0.000000000000000000e+00
4.077535940996715347e+00,-2.740939708694300148e+00,-4.163641598329302917e-01,1.504291633700760578e+00,3.673993091222051977e+00,6.000000000000000000e+00
-1.531111433712991410e+00,5.243962493119822099e+00,-8.743765349818737320e-01,-3.908800577175141733e+00,2.957143882219903652e+00,1.000000000000000000e+00
2.426198516084697054e+00,8.823230771566101804e-01,-7.447718788447819094e-01,-1.188704094463175931e+00,-5.299089452822243196e+00,3.000000000000000000e+00
-8.024523623486246038e-01,2.162654235382684420e-01,-3.890660608053782443e+00,-4.242833693682948493e+00,2.724028636267392667e+00,7.000000000000000000e+00
2.071305815943945139e-01,1.058291492064854733e+00,-2.443502932950811779e+00,1.096659847343213645e+00,2.081143124426472202e+00,5.000000000000000000e+00
-3.476999131535893905e+00,-2.205921277549215131e-01,-5.070446655427736538e+00,-3.038574333854464626e+00,8.605068597439614608e-01,2.000000000000000000e+00
-1.501708644337582443e+00,8.197462795837220373e-01,-5.625187544234946380e+00,-5.899079989040022731e+00,2.260480804847244674e+00,7.000000000000000000e+00
-1.518723537395920031e+00,1.448598946037078949e+00,-4.149902583280129953e+00,-4.620441715780395420e+00,1.401508483037273267e+00,7.000000000000000000e+00
2.420924221719300107e+00,-1.739686053483517236e+00,1.635778081561503894e-01,1.995432616762788713e+00,2.200792008862286764e+00,6.000000000000000000e+00
-2.874341904203976839e+00,4.586939566821660819e+00,1.875824431179805574e-01,-3.375666804603118631e+00,4.216056529463843461e+00,1.000000000000000000e+00
-2.905466115959299267e-01,-2.529173524711468168e+00,1.655039118076484517e+00,-1.832479498026131859e+00,-3.500039703316055184e-01,0.000000000000000000e+00
-2.117795024104660140e+00,2.033708144786814387e+00,-1.910872403224666227e+00,-3.661809407105382608e+00,4.298251091808248603e+00,7.000000000000000000e+00
-2.850916530009087180e-01,-3.995070620578307974e+00,6.676483939750657015e-01,-2.116730317550906015e+00,-1.406797123800377802e+00,0.000000000000000000e+00
2.075236821234775597e+00,1.235051635088153077e+00,-1.061213103857864049e+00,-1.671490743835608805e+00,-5.312906116745748974e+00,3.000000000000000000e+00
1.753978764445496497e+00,-3.189826956914438849e+00,-1.303667675244044588e+00,-3.166549746204114779e+00,-2.966501171188757002e+00,0.000000000000000000e+00
1.125918499476528112e+00,-3.596776669864734988e+00,1.088011949848169069e+00,-1.496701599946228090e+00,-1.061227795258511186e+00,0.000000000000000000e+00
3.062558754808159533e-01,-3.195565654862394300e+00,1.721555307813484870e+00,-1.693238414120795010e+00,-5.007085505368166212e-01,0.000000000000000000e+00
2.440637551141575656e+00,-1.209883489860692718e+00,2.731651614720658761e-01,2.179268325610138057e-01,-3.663097780677078585e+00,3.000000000000000000e+00
2.598680528772007836e+00,-1.869480836761728826e+00,-4.053491288439963758e-01,1.115201438362164676e+00,3.332937177407353513e+00,6.000000000000000000e+00
-5.473829696790812882e-01,-1.263408143447890986e+00,-2.654671170937620506e+00,-2.386087037558056956e+00,1.954561592517364499e+00,7.000000000000000000e+00
4.109982479482505724e+00,-2.456356380009804052e+00,-2.132215912988558948e+00,6.090179544702694070e-01,1.805518961197498440e+00,6.000000000000000000e+00
-8.519070612533434783e-01,-1.476817748352481807e+00,1.935755926492815915e+00,-2.177118877095704175e+00,7.649881944479304252e-01,0.000000000000000000e+00
-1.613258830462755311e+00,-3.832750828769712625e-01,-1.765276360521883969e+00,-2.785965286327259260e+00,3.121076568316937472e+00,7.000000000000000000e+00
-3.499976850031539133e+00,8.155771038435591924e-01,-4.645172475286541314e+00,-2.955154550872496788e+00,1.582603663981258624e+00,2.000000000000000000e+00
1.071374955864999423e+00,-4.808410442264087870e+00,-1.161140105441464510e+00,-3.049865148303795959e+00,-4.577285572958239568e-01,0.000000000000000000e+00
-1.539202887239561557e+00,-6.456780554608595457e-01,-2.304382093044551105e+00,-2.968091794314283050e+00,3.826206731539885109e+00,7.000000000000000000e+00
3.411824347091829690e+00,1.716801141860569146e-01,-6.005075943759075746e-02,-2.727115405073008425e-01,-3.995118032701825861e+00,3.000000000000000000e+00
-8.972617836211412845e-01,-2.676603782099173934e+00,-1.962735311298785978e+00,-1.654925120898454560e+00,2.859379181643117107e+00,7.000000000000000000e+00
-1.394592602037644458e+00,6.368813902146527539e+00,-4.838936873418939744e-01,-2.917943055580859646e+00,3.362425772121436784e-01,1.000000000000000000e+00
-2.974466265483185490e-01,-4.939322286075478630e+00,1.585842957444052459e+00,-1.253038278937880667e+00,5.377269229365524428e-01,0.000000000000000000e+00
-3.405953632809559206e+00,-1.504963238694693450e-01,-6.187665803099411832e+00,-3.817610012614669923e+00,4.285560927881932325e-01,2.000000000000000000e+00
8.527921747312779965e-01,-3.302542061342020663e+00,1.260176018300256828e+00,-1.462773891816757654e+00,-2.996453425088417610e+00,0.000000000000000000e+00
1.639684726858885222e+00,-1.938486042056400738e+00,-1.845596802856775298e+00,2.268984810040991285e+00,3.914674615575905570e+00,5.000000000000000000e+00
-6.300980759680303578e-01,-1.526597317571845025e+00,-3.259459135423738108e+00,-3.509958319986920650e+00,3.850449694317009008e+00,7.000000000000000000e+00
-3.785173529228139877e+00,-3.403289884591283454e-01,-4.418648394161626136e+00,-2.900363654905116828e+00,1.818630831258817526e+00,2.000000000000000000e+00
1.848250724790341248e+00,1.147326742121110854e+00,9.068317727305297282e-01,-4.028677240002220827e-02,-4.762192118754384751e+00,3.000000000000000000e+00
1.480494682001927687e-01,-2.005256543666730895e+00,-5.641489287766373373e+00,-4.875632703892882169e+00,1.714202428791315791e+00,7.000000000000000000e+00
-2.044248533295621950e+00,-1.592003128371362042e+00,-3.661073476025867190e+00,-3.247767168720469666e+00,3.498861169663505799e-01,7.000000000000000000e+00
-4.187757461768177869e-01,-2.738423768553640336e+00,1.889274005334343753e+00,-1.650084846440537101e+00,6.783694605284987245e-02,0.000000000000000000e+00
-1.255355628325408146e+00,6.897329218655180227e+00,-1.017394854085020395e+00,-4.249774282757869059e+00,3.389875901226095944e+00,1.000000000000000000e+00
3.321478972580432787e-02,-4.871448712146945859e+00,1.272149480657538190e+00,-1.541624186672865493e+00,-4.000797657632593762e-01,0.000000000000000000e+00
5.575289696773491066e-01,-4.215538364635730062e+00,1.832399285603564021e+00,-7.888969573425256288e-01,-2.150876786926100959e+00,0.000000000000000000e+00
-2.667168924776454286e+00,1.444332641064495659e+00,-8.428568742516977963e+00,-6.074951658516672737e+00,5.790840703530694134e-01,2.000000000000000000e+00
1.548262142480376857e+00,-2.131484095391456890e+00,-1.674871771948654997e+00,1.557725419693674340e-01,1.566467705231370022e+00,6.000000000000000000e+00
2.168650679583247864e+00,-2.365691248033235716e+00,3.396444101005499649e-01,1.719714495578228863e+00,3.547353844946735002e+00,6.000000000000000000e+00
2.668635726513339801e-01,-4.376805901734521775e+00,9.837075648516203641e-01,-1.384303852734994456e+00,-2.604203641413314063e+00,0.000000000000000000e+00
-2.209754890712468001e+00,1.586252426890550904e-01,-2.308522577269253695e+00,-3.176179791123294738e+00,3.592893649903124764e+00,7.000000000000000000e+00
-1.062657523066254273e+00,-1.116774587585999345e+00,-3.595165830184380074e+00,-3.954151246258245322e+00,3.765069252769146058e+00,7.000000000000000000e+00
1.480910111847817623e+00,-1.541552568590608185e+00,-2.991225835263012112e+00,1.636078783171430517e+00,1.879824413780962988e+00,5.000000000000000000e+00
1.892131993384148059e+00,1.033468609893564150e+00,2.992726694087801231e+00,1.539074398839285651e+00,-2.985651674181437176e+00,3.000000000000000000e+00
-4.987725712512371956e+00,1.049006047310333090e+00,-3.891900255228316396e+00,-2.868072118825100603e+00,6.361986880947095857e-01,2.000000000000000000e+00
-2.576560223639016711e-01,3.621878527418836313e+00,-6.337466443065291610e-01,4.559383216364027547e+00,-9.341988215073648405e+00,9.000000000000000000e+00
1.807573082376944251e+00,3.690068213215142556e+00,-3.003401377216416424e-01,4.616752109116922576e+00,-6.055341702117977398e+00,9.000000000000000000e+00
-1.900928129083009788e+00,-2.102961421836978817e-01,-2.249039981286435008e+00,-3.026628391236864779e+00,2.768923653827798148e+00,7.000000000000000000e+00
-7.799140826829734641e-01,5.113562051844851908e+00,1.270571870272421355e+00,-1.836886927692652938e+00,2.973884630015048547e+00,1.000000000000000000e+00
-7.737751110028106005e-01,-7.837923033944660389e-01,-3.559428221339391296e+00,-3.396610126915671213e+00,1.856282101144213881e+00,7.000000000000000000e+00
3.200435020440864697e+00,7.017356349972522223e-01,2.615847504893774378e+00,6.236987007910342884e-01,-1.920009240655232485e+00,8.000000000000000000e+00
4.712465809989216381e-01,-4.055468711317065988e+00,1.669651858595726512e-01,-2.421427820299403066e+00,-8.016950624434850958e-01,0.000000000000000000e+00
-3.219144889164915035e+00,5.149998621010087874e-01,-6.622505637289314073e+00,-4.328623514561674490e+00,-1.722230981048639142e-01,2.000000000000000000e+00
-1.366502821319315997e+00,1.159404152189053017e+00,-3.237412070816226617e+00,-3.735146732727518959e+00,1.726526357653412003e+00,7.000000000000000000e+00
7.021147552717280638e-01,-1.667123859441182132e+00,-3.091002992258585103e+00,1.253477274418340670e+00,2.167283027517463267e+00,5.000000000000000000e+00
-1.088304488058196684e+00,5.417393426515230287e-02,-2.366146734221420189e+00,-3.166528123226457048e+00,4.160809478898483071e+00,7.000000000000000000e+00
1.112327674535847688e+00,-5.067147748531501072e+00,9.246290500946530155e-01,-1.420543587354971882e+00,-8.996750721644818372e-01,0.000000000000000000e+00
2.448241639259918667e+00,-7.009852453780446302e-02,-1.986487875440925283e-02,-1.263924652285537686e-01,-6.035009527806627361e+00,3.000000000000000000e+00
-1.390358396142346908e+00,8.739083958161977805e-02,-4.217486775907886454e+00,-4.325769859286321406e+00,2.382005941133486626e+00,7.000000000000000000e+00
-5.759449856775231247e+00,7.516377669254381555e-01,-5.662351063780252325e+00,-4.086914566016784711e+00,-5.500153882331358934e-01,2.000000000000000000e+00
1.281097824954881892e+00,-4.707851647278968876e+00,1.835549569036747597e+00,-6.502757842348922956e-01,6.094517421584152994e-02,0.000000000000000000e+00
-3.489535370948104731e+00,6.593446479291699802e+00,1.332782627537916875e+00,-2.877046804266291335e+00,4.342628055943619003e+00,1.000000000000000000e+00
-2.065479952644595940e+00,4.903546429423689013e+00,2.108305243632497383e+00,-1.463276947465663280e+00,2.999995033487134588e+00,1.000000000000000000e+00
3.409250481213549122e+00,-2.850526333077447738e+00,8.624334714107364519e-01,2.604648999309902457e+00,3.228267533705923231e+00,6.000000000000000000e+00
-1.554908104198631902e+00,6.494338529211929334e-01,-6.682342803381585483e+00,-6.274407321234980017e+00,-2.752399506718700706e-01,7.000000000000000000e+00
-6.355412038996022250e-01,-4.365003687419533485e+00,4.509124745147873092e+00,5.575942361448158469e-01,1.158425979158092645e+00,0.000000000000000000e+00
3.339823483824576833e+00,-2.779861101111388511e+00,9.841683691457173699e-01,2.693063118852786708e+00,3.287177151535813024e+00,6.000000000000000000e+00
1.095438677275171191e+00,-4.580241040895509208e+00,1.026340285231969629e+00,-1.088751344392558940e+00,-1.500908242448634855e+00,0.000000000000000000e+00
6.458644158817455905e-01,-5.695107825968898752e+00,1.831060805391360180e+00,-7.091114601209572710e-01,1.813791534344636192e-01,0.000000000000000000e+00
-6.635390198419410801e-02,3.684345177765471657e+00,2.922734075309909585e+00,7.213252517401714137e+00,-7.731035817578707281e+00,9.000000000000000000e+00
-2.214276394075412213e+00,6.636815024448352140e+00,-1.742995818700496358e+00,-4.936032176316579978e+00,2.589653187476089524e+00,1.000000000000000000e+00
-1.473914360808195267e+00,-6.087625866758282767e-01,-3.408936605423074084e+00,-3.586196434585780413e+00,3.097860069121646021e+00,7.000000000000000000e+00
2.544292739164295103e+00,1.023020360272229645e+00,-1.715193410632660065e+00,-2.148271768044141439e+00,-4.318417905988184202e+00,3.000000000000000000e+00
1.488377925365596655e+00,4.757555445531418847e+00,-1.513990557267352211e+00,4.119805319691726808e+00,-1.014891302339311352e+01,9.000000000000000000e+00
2.526066791606532691e-01,-3.857417026501650970e+00,2.380257461759644144e+00,-1.002202415954656756e+00,1.641416271953209050e+00,0.000000000000000000e+00
7.877224627968594239e-01,-2.361747766568138562e+00,1.159487964243720803e+00,4.418904337042389052e+00,4.459638743121606019e+00,5.000000000000000000e+00
2.408094119939517608e+00,-3.123286401032216109e+00,-7.938329780297310734e-01,1.104860669578148880e+00,3.032772114429352683e+00,6.000000000000000000e+00
-1.506743116118387738e+00,5.059328860695065655e-02,-4.344612228503958562e+00,-4.614683894922409380e+00,2.488101942800788002e+00,7.000000000000000000e+00
-9.669238566367603649e-02,-1.213245781685726277e+00,-4.559375300243218909e+00,-3.982096529596563794e+00,2.447527657605330198e+00,7.000000000000000000e+00
-2.553367135745366667e+00,6.824461162138611980e-01,-4.624159290309397541e+00,-5.019157061362085948e+00,5.723127242495363864e-01,7.000000000000000000e+00
3.167183614528432667e-01,-3.810783445986368090e+00,1.118791137198602570e+00,-1.795718072652489949e+00,-3.332311213069623634e-01,0.000000000000000000e+00
-1.297979849310892275e+00,5.487685055288246794e+00,3.751119057206227514e-01,-2.685432072147696747e+00,2.235996733623968780e+00,1.000000000000000000e+00
1.692753240075001164e+00,8.564206828064160892e-02,-3.262125478032873005e+00,1.206690524939945997e+00,1.605545527850934739e+00,5.000000000000000000e+00
-1.957106845355821578e+00,-1.726982466811290085e+00,-1.441628304183520726e+00,-1.914719951883769422e+00,4.028644622676860187e+00,7.000000000000000000e+00
-4.918311245876162974e-01,7.927692885674084700e-01,-1.718322753707389738e+00,-2.422532935581839464e+00,3.111304564434535180e+00,7.000000000000000000e+00
1.496387644201176093e+00,2.925987208453030841e-01,-3.005185405450072178e+00,6.254858230079310966e-01,2.730699418766359354e+00,5.000000000000000000e+00
-2.108197557042313264e+00,-1.433038359486128233e+00,3.370565216085018356e+00,1.181293622135636046e+00,-5.406416198728713596e+00,4.000000000000000000e+00
-1.400571884323005056e+00,4.710521802095576582e+00,1.547387526740437114e+00,-1.727753781946312017e+00,2.874889472454755790e+00,1.000000000000000000e+00
-3.653891573795376768e+00,-3.222324942175262830e-02,-2.125053952112548217e+00,-3.402913775582090850e+00,3.507398771002224525e+00,7.000000000000000000e+00
6.685066797061670618e-01,-1.185550278769040844e+00,-5.831630057782527743e+00,-5.165496949687542916e+00,2.307974563217539465e+00,7.000000000000000000e+00
-7.984449986960991952e-01,-2.068640065084780044e+00,2.874077760249080349e+00,-1.279382653960909000e+00,1.590865765144756361e-01,0.000000000000000000e+00
-2.127133927963408500e+00,5.482766495437711995e+00,6.784058715904550674e-01,-2.490664364745693860e+00,2.490049493976236317e+00,1.000000000000000000e+00
-1.570083475529632011e+00,2.787362793040939479e-01,-5.034487326816824648e+00,-5.668546582080740137e+00,3.226012256318461890e+00,7.000000000000000000e+00
5.190222656729351902e-01,-2.287186810470231091e+00,-1.953080127896695384e+00,2.384208166760332759e+00,2.845904119709758540e+00,5.000000000000000000e+00
1.056214805188894656e+00,2.346981260428109728e+00,-2.736240656398530868e-02,-1.122039802215058613e+00,-6.373003300342427124e+00,3.000000000000000000e+00
2.642792375043240050e+00,6.701499047419802180e-01,-9.472416433179229323e-01,-1.474290264637793779e+00,-3.507322037424393191e+00,3.000000000000000000e+00
-1.279830571870008704e+00,-6.451245677913493015e-01,-4.158697739082785283e+00,-4.387687416615687397e+00,3.087083612450395087e+00,7.000000000000000000e+00
2.411043978537717347e+00,-2.034701878695475585e+00,-3.055228062693412738e+00,-1.172167413698288030e+00,2.254447250463786467e+00,6.000000000000000000e+00
-2.779445860212963471e+00,-2.206173349166294262e+00,-2.597260843517413265e-01,-1.418917583198187504e+00,5.510242922040096580e+00,7.000000000000000000e+00
-1.558402385759321662e+00,1.065447020231013342e+00,-3.758542763619206362e+00,-4.267895869247398721e+00,1.692310411991462260e+00,7.000000000000000000e+00
-1.661041273173112121e+00,-1.855826152148593478e+00,-1.378628615930690637e+00,-1.601956352067620770e+00,2.093671758620077483e+00,7.000000000000000000e+00
-1.453725954586937652e+00,-1.145769196936129664e+00,-2.689366236789756393e+00,-2.845871383183289360e+00,2.567186298260732080e+00,7.000000000000000000e+00
-1.968669546347164623e+00,-1.360756976930671769e+00,-1.585375249800956343e+00,-2.151334517174777528e+00,2.661686040187661639e+00,7.000000000000000000e+00
-1.910021218736358328e+00,5.467268049582340694e+00,4.101587912217127263e-01,-2.819043832477441835e+00,2.200600519994653670e+00,1.000000000000000000e+00
-2.610097451561715687e+00,5.817050198756044566e+00,8.168264494654104979e-01,-2.640077536980161899e+00,1.527492083325290295e+00,1.000000000000000000e+00
-1.015546835180985319e+00,-2.448696592812840578e+00,-4.380375849563548307e+00,-4.101595230327556685e+00,2.859899328213321823e+00,7.000000000000000000e+00
-1.124889022224940582e+00,4.625273567544337383e-01,-3.852591302504671855e+00,-4.725354546259165289e+00,4.243585938407958835e+00,7.000000000000000000e+00
7.861438384970660387e-01,-9.742296303500912469e-01,-2.211244004156448506e-01,2.868572645275159871e+00,5.081397737662092240e+00,5.000000000000000000e+00
-1.891986987223730710e+00,3.262607683938276160e-01,-4.898544663136846111e+00,-4.959881444649156812e+00,1.711996488349713408e+00,7.000000000000000000e+00
-5.293582815755843995e-01,-3.509179030682932354e-01,-4.869274760942498226e+00,-4.469827212975832964e+00,2.258195684075068321e+00,7.000000000000000000e+00
-3.194412539809445839e+00,2.422750660548439461e-02,-1.491264039124484020e+00,-2.948740930454026188e+00,4.608028592813155022e+00,7.000000000000000000e+00
3.491344284605935044e+00,-2.183856107671526825e+00,-1.135777053347785337e+00,8.490485969374391706e-01,3.525340697751305541e+00,6.000000000000000000e+00
-8.197874821478984275e-01,8.651100136660448969e-01,-3.966229200298848401e+00,-4.169944500182382718e+00,1.586187874407843035e+00,7.000000000000000000e+00
-1.194336353069902712e+00,4.280084249645359218e-02,-3.098486614245180348e+00,-3.644669513433668850e+00,1.876874974652795958e+00,7.000000000000000000e+00
-3.834868324881486323e+00,6.447024962767777811e-02,-4.398628116943953614e+00,-2.920666184392281650e+00,1.810262576638871357e-01,2.000000000000000000e+00
-1.154490985557096394e+00,-1.063484652314928613e+00,-1.968052332860083853e+00,-2.316614533726196523e+00,3.204308116970191467e+00,7.000000000000000000e+00
6.922718349263821125e-01,-3.328441285129962512e+00,-1.625922352215666833e-01,-2.827208073246645803e+00,-2.128588535645338786e-01,0.000000000000000000e+00
1.833686595810845865e-01,-3.677120877731940407e+00,4.949442817954324836e-01,-1.884213095865528986e+00,-1.515264147409597140e+00,0.000000000000000000e+00
-3.200497467544307639e-01,-4.894762753267722033e+00,8.476801322486986479e-01,-2.050892243447340668e+00,-5.019422245638848201e-01,0.000000000000000000e+00
-1.887695964182618091e+00,5.934898082890536219e-01,-2.200718897464112089e+00,-3.231940590975548311e+00,2.308149253476683871e+00,7.000000000000000000e+00
-1.084907043693591255e+00,-2.407280052665149161e-02,-4.306431959955647315e+00,-4.765171354530546743e+00,2.871041148053891767e+00,7.000000000000000000e+00
-1.813430763757156061e+00,-1.147021318248521160e+00,-1.254768564595009739e+00,-2.170294519190226534e+00,3.699678471124483892e+00,7.000000000000000000e+00
4.136611617074684943e+00,-5.254757022642319031e-01,-2.681779014056517418e+00,-1.948826521011770341e+00,-5.626542895324292637e+00,3.000000000000000000e+00
-1.719818509608709745e+00,-8.066086322602364356e-02,-3.407207952616818858e+00,-3.740195803582301082e+00,2.130113489259037873e+00,7.000000000000000000e+00
-1.313152914781609670e+00,-1.890858071036141563e+00,-3.444258059397205418e+00,-2.931464496677628873e+00,1.492337367139284998e+00,7.000000000000000000e+00
-1.128420795196657167e+00,-4.428951156920185039e-01,-4.239183126687049885e+00,-4.073024260747446945e+00,2.023140371359386513e+00,7.000000000000000000e+00
-1.509273826675069596e+00,-4.688662115200832314e-01,-3.183906206903743374e+00,-3.697184426697958326e+00,4.043558651872663390e+00,7.000000000000000000e+00
-1.847598233796971634e+00,1.902911301285961643e-01,-3.912080819916525343e+00,-4.500891503119844650e+00,2.484943768614628290e+00,7.000000000000000000e+00
-3.463816639157895505e+00,-8.441917808741059015e-02,-9.908193525022392922e-01,-2.519746841976652885e+00,4.141683226746392776e+00,7.000000000000000000e+00
1.251685930662335411e-01,-3.090583072226178896e+00,2.252714260534759649e+00,-6.946899084524832402e-01,-2.318161802534777660e+00,0.000000000000000000e+00
1.304946789133599072e+00,-3.113413727887484939e+00,5.596067719623776249e-01,-1.991785051181603983e+00,-1.466409304998856022e+00,0.000000000000000000e+00
4.156165525767262281e+00,-1.687683624454625331e-01,2.792873710757326045e+00,6.819303492358529395e-01,-1.842141233935359779e+00,8.000000000000000000e+00
1.247539805456937101e+00,-4.056131269406540341e+00,1.044011939429053015e+00,-1.263970578400264611e+00,-1.289119839874835804e+00,0.000000000000000000e+00
6.583545717837279154e-01,-3.863633539946967677e+00,1.144871103325328265e+00,-1.629961333007508673e+00,-1.238223181698144604e+00,0.000000000000000000e+00
4.927040840753287299e+00,-1.074411778722016653e+00,1.419178012204248329e+00,2.557020188452038129e-02,-1.856689919240575026e+00,8.000000000000000000e+00
-1.424588189324905274e+00,-9.867946532130589254e-01,-1.392689458261339608e+00,-1.969625085555851252e+00,4.041467929584993790e+00,7.000000000000000000e+00
-9.104457227757065674e-01,-1.991578132525172462e+00,2.838421232115021287e+00,-1.610294965216620078e+00,7.664565914708192373e-01,0.000000000000000000e+00
-2.281368716149897169e-01,-3.220339871070749815e+00,2.314804810617339115e+00,-4.868387894163075380e-01,-1.277623745874725270e+00,0.000000000000000000e+00
-2.816501566779954224e-01,-1.023620259855355430e+00,-2.692846424217184786e+00,-2.957696135208204957e+00,3.514964975353590759e+00,7.000000000000000000e+00
2.541054510305068348e+00,-2.127992946320095058e+00,-1.538195310649841607e+00,5.241319460983492329e-01,1.793292788924865766e+00,6.000000000000000000e+00
3.181656743886821737e+00,-1.426508845549211202e+00,-2.055974870938197974e+00,-5.624072115258628157e-01,5.164816284277164549e+00,6.000000000000000000e+00
-1.832896771226757426e+00,7.742414294695127985e+00,-2.253597117587335941e+00,-5.530792987727798149e+00,2.413886234183642898e+00,1.000000000000000000e+00
3.530355616079973169e-01,-1.531691577558558670e+00,-3.278200104272920523e+00,-2.617750152175557954e+00,2.317303778531452529e+00,7.000000000000000000e+00
-1.487802812251799889e+00,9.087907446398179045e-01,-4.962452237690182955e+00,-4.971356568204941873e+00,-1.254766894724085313e-01,7.000000000000000000e+00
-6.744756429522469343e-01,2.656247785705020403e-01,-5.705263390695272996e+00,-5.752755109511214826e+00,2.411082594166741977e+00,7.000000000000000000e+00
-1.525288723522516765e+00,-4.100454934494733306e-01,-3.312346742521698140e+00,-3.582232359634857755e+00,1.011406210011589035e+00,7.000000000000000000e+00
1.205692144540151389e+00,-3.191733285920792085e+00,-3.895149740868919519e-01,-3.021740213014279419e+00,-1.001980935240761372e+00,0.000000000000000000e+00
1.634395271668786620e+00,-5.650186212735024860e+00,1.203697337784897625e+00,-5.029070924234646522e-01,-1.821775147054792932e+00,0.000000000000000000e+00
-6.799110442579466840e-01,-1.435869949694860370e+00,-4.420550998724822378e+00,-4.059010170785970928e+00,2.505410772608025916e+00,7.000000000000000000e+00
2.555310583218343368e+00,4.505928204236147039e+00,-9.266971559704793027e-01,4.644455028533675645e+00,-9.391993997034948194e+00,9.000000000000000000e+00
-7.196806626638320159e-01,-4.768141417408140459e-01,-4.256001717662126538e+00,-4.349134796796729319e+00,2.122886677262461053e+00,7.000000000000000000e+00
-7.924195052229980885e-01,-3.336411373306320982e+00,5.889423090165637475e+00,3.974533275055129877e+00,-3.977199398628060045e+00,4.000000000000000000e+00
-8.380430922782396985e-01,-3.911583723537983004e-01,-4.344379570266924340e+00,-4.204103862733198582e+00,2.187490022034123349e+00,7.000000000000000000e+00
-1.097457440632577885e+00,-4.666523040160098224e-01,-3.667684436786345259e+00,-3.807938149314971099e+00,1.054611478300711225e+00,7.000000000000000000e+00
-9.816636081553014037e-01,-7.026757339163695049e-01,-2.227639661900987722e+00,-2.499697408716356595e+00,3.357043663045303994e+00,7.000000000000000000e+00
-8.035573601665095822e-01,-2.393791439935587295e+00,1.202280017099620846e+00,-1.989407937195002196e+00,-9.865885377908328868e-01,0.000000000000000000e+00
3.547167155569977304e+00,-1.852848504118731920e+00,-2.506123629575212064e+00,2.611556065261302351e-01,1.309597875623980112e+00,6.000000000000000000e+00
-3.074617759351513602e+00,-1.280212783474166560e+00,-2.723278710676688252e+00,-3.707186182608937397e+00,3.106881720500346500e+00,7.000000000000000000e+00
-2.664635714622692664e+00,2.082766537296718845e-01,-1.435395038619059038e+00,-2.887966941169673341e+00,3.057665969007824280e+00,7.000000000000000000e+00
-5.552168732167350740e-01,-4.110015796158285717e+00,1.991063453471898725e+00,-7.401699470910516609e-01,-1.330562778413827196e+00,0.000000000000000000e+00
-5.363921485793119448e-01,-1.322635202329683901e+00,-4.421809379667420714e+00,-3.566979955851825590e+00,9.196245360277870429e-01,7.000000000000000000e+00
-3.535778242373052382e+00,-2.364375637865766544e-01,2.994364643467474885e+00,3.969235348935420404e-01,-6.260601299118357943e+00,4.000000000000000000e+00
-1.362727031119915333e+00,1.100917046785347519e+00,1.855823300846522139e+00,-5.765791190680460421e-01,-6.230511574329439917e+00,4.000000000000000000e+00
-1.090041055560397210e+00,-9.091836843233980225e-01,-4.103739833625691169e+00,-3.918138043123433611e+00,1.518290537165137843e+00,7.000000000000000000e+00
3.707595821471293629e+00,-1.320837345591516998e+00,-3.648440065593529180e+00,-1.188415346205958567e+00,2.497735044840381669e+00,6.000000000000000000e+00
-3.210370848987598724e-01,-1.214351970012909510e+00,-4.401456420347135357e+00,-3.764385097531272706e+00,1.771863681108242661e+00,7.000000000000000000e+00
-9.350163028858626824e-01,-3.009082644830535225e-01,-7.066880729289390928e+00,-6.501260798948571562e+00,8.073104113897529022e-01,7.000000000000000000e+00
-1.600004147903161256e+00,4.719040457952928591e+00,-4.267038350138929736e-01,-3.601762094589155971e+00,3.283177421032362542e+00,1.000000000000000000e+00
-1.931149510329026375e+00,4.342860230330872900e-03,-2.557074485493437077e+00,-3.108997406362183025e+00,2.402836305847794840e+00,7.000000000000000000e+00
3.045817889011221080e+00,-3.020100004645082326e+00,-9.115126842912630867e-01,7.838385071182150110e-01,3.210831983387850475e+00,6.000000000000000000e+00
2.580032784023189585e+00,-3.694520674265744820e+00,-1.048926573725561306e+00,1.012301592114732030e+00,3.087632904263326150e+00,6.000000000000000000e+00
-2.241736907397726242e+00,-2.071634379415986160e+00,-2.275990498501821779e+00,-2.442043801610388254e+00,4.673614006716348968e+00,7.000000000000000000e+00
1.414620040665657497e+00,-3.357612805310263016e-02,1.503636273373743393e+00,8.801168684073933379e-01,-3.529955026319663958e+00,3.000000000000000000e+00
2.994991724480871031e+00,-1.029731517418332354e+00,-1.043372823655014825e+00,7.430452393503624853e-01,1.558657635953441645e+00,6.000000000000000000e+00
-1.279631465605235885e+00,-1.270661041908285327e-01,-5.790090129565838240e+00,-5.615671526864558061e+00,9.442911993070531862e-01,7.000000000000000000e+00
-1.599523067143555632e+00,2.617349939309157603e-01,-3.235994870715602101e+00,-3.959866182486780684e+00,2.350281764695298037e+00,7.000000000000000000e+00
-1.498443990085759792e+00,-2.094076443130302723e-01,-3.277909436953760913e+00,-3.504656222642298591e+00,1.810291035569055351e+00,7.000000000000000000e+00
-2.522231241783962297e+00,-2.058622550541668872e+00,6.383067821256442009e+00,1.388563917736951536e+00,9.442017090442510474e-01,0.000000000000000000e+00
-9.587456376000531577e-01,-5.871307343181152438e-01,-5.904347057324305759e+00,-5.396929834963363426e+00,1.266999318589052903e+00,7.000000000000000000e+00
-1.370545950560092097e+00,6.089595403621374636e+00,-5.887258644956505638e-01,-3.660255215453726674e+00,1.703425915794865020e+00,1.000000000000000000e+00
-3.950811235267863264e+00,1.803319088618267285e+00,-6.057437522755104276e+00,-4.332165194863776492e+00,-4.343609503792266180e-01,2.000000000000000000e+00
-1.910664050484807364e+00,-1.076336537621235934e+00,-4.496797201324435278e+00,-4.236307701927435332e+00,1.499075254129482282e+00,7.000000000000000000e+00
2.624349334782634546e+00,3.171507830590954424e-01,-2.482588019008855618e+00,-2.553403115978641225e+00,-5.168071261720362131e+00,3.000000000000000000e+00
-1.215138545269676351e+00,-1.471491551413743437e+00,-3.589442356387979149e+00,-3.359449278234717617e+00,2.992411680498275217e+00,7.000000000000000000e+00
-1.352927394317505971e+00,-1.185707334187857676e+00,-1.719715726138584255e+00,-1.961334456201726972e+00,2.750705626778185753e+00,7.000000000000000000e+00
-4.366329464368219893e-01,-9.367315526381060353e-01,-3.793470617708831760e+00,-3.383829015436986332e+00,2.045735745899039060e+00,7.000000000000000000e+00
-1.312786059919401227e+00,6.281864871580194354e+00,8.035642737339234731e-01,-2.388678724990974445e+00,1.421797303555429659e+00,1.000000000000000000e+00
1.088083890598220638e+00,-4.277547452784361326e+00,1.086526844689217064e-01,-2.144925115647598801e+00,-6.401885656722386964e-01,0.000000000000000000e+00
-1.370186128703307693e+00,-1.936364473018215460e+00,-1.896574987980292448e+00,-1.975942493825909141e+00,2.395625441802413658e+00,7.000000000000000000e+00
-3.585765074753122672e+00,2.685933936157250956e-01,-4.574345169523688526e+00,-2.818819691439577557e+00,1.389331015699698524e-01,2.000000000000000000e+00
-1.538225025004851920e+00,5.371384821074926208e+00,-2.707664576125105582e-01,-3.345974987715928162e+00,2.107128093158179727e+00,1.000000000000000000e+00
-1.013029603013065660e+00,-1.482810835245663705e-01,-4.184759510166399465e+00,-4.376968681114097315e+00,2.287974487289895276e+00,7.000000000000000000e+00
-7.976038404217761224e-01,-1.101033411371151072e+00,-4.268426746539764061e+00,-4.291475146244526861e+00,2.715330486934896648e+00,7.000000000000000000e+00
-1.279548286544888835e+00,1.195771183606761268e+00,-3.824290077187639803e+00,-4.491262754740856344e+00,2.198980126715172290e+00,7.000000000000000000e+00
1.588319827409657936e+00,1.386146949595235878e+00,-4.291391679644531165e-01,-1.772913579859763500e+00,-2.423995754232712851e+00,3.000000000000000000e+00
4.720565997996114760e+00,4.713472013855385945e-01,2.094531681592410877e+00,3.926238928614993462e-01,-2.787737026904150373e+00,8.000000000000000000e+00
2.761929161444547365e+00,-3.555676844952328608e+00,-6.266516946977307434e-01,1.633186930123763592e+00,3.289976756534020996e+00,6.000000000000000000e+00
2.229193865999302915e+00,4.428806440918409137e-01,-7.081008997626933033e-01,-1.140429206718290178e+00,-3.921781389375802451e+00,3.000000000000000000e+00
-1.861678710372719259e+00,-1.602755367305528589e+00,-1.850131938373660967e+00,-2.073222487209510856e+00,2.562697010302182221e+00,7.000000000000000000e+00
-2.137762224766707408e+00,-1.348163727506829002e+00,-2.165861468824734182e+00,-2.373295256058887581e+00,2.007492463796264115e+00,7.000000000000000000e+00
3.821198278402498927e-01,9.733035883116591958e-02,4.233074622369811246e-01,-5.912073108885640416e-01,-4.673690088079045069e+00,3.000000000000000000e+00
3.240320987995919833e+00,3.918119962353530106e-01,-2.560944094571822482e+00,-2.098299999817362593e+00,-5.613998480721861029e+00,3.000000000000000000e+00
2.064757327358549777e+00,-1.034079922638385662e+00,1.671899903598877302e+00,7.675424410395570440e-01,-2.351519824233150757e+00,3.000000000000000000e+00
-3.279675105300882798e+00,-2.547217886803524456e-01,-1.200685299334675715e+00,-2.659680776543887681e+00,3.472942229531709835e+00,7.000000000000000000e+00
1.425594041054633943e+00,-3.876997389507739644e+00,1.705753775101596981e+00,-8.914199548259179595e-01,-1.600358554851267767e+00,0.000000000000000000e+00
1.375105897345156647e+00,-3.660462424071103005e+00,2.037324498249025950e+00,-1.009641232713210712e+00,7.245046909664298873e-02,0.000000000000000000e+00
-1.773763071446754047e+00,-4.981044661237008508e-01,-3.185081504612995218e+00,-3.728684704639640746e+00,2.884600236153691988e+00,7.000000000000000000e+00
-1.690937057996561466e+00,-1.030409934395100091e+00,-2.315964867611893241e-01,-8.616550660862885014e-01,3.663020287628951266e+00,7.000000000000000000e+00
1.991337448374921104e+00,3.596735205496632837e-01,5.109287544678012827e-01,-4.307938711550975963e-01,-3.987674579975585054e+00,3.000000000000000000e+00
-1.967035310946783078e+00,-5.169185398355603533e-01,-2.183367872392104392e+00,-3.176209365283981789e+00,4.258295362612964041e+00,7.000000000000000000e+00
2.539219697893264183e+00,-8.875277891166082345e-01,-6.366102719590801540e-01,5.001185203643844224e-01,2.939264908013976996e+00,6.000000000000000000e+00
1.780282332817496871e-01,-3.738520876468631737e+00,1.065753735835164306e+00,-1.849565435684918491e+00,-7.491135701903350874e-01,0.000000000000000000e+00
-2.049605489357996468e+00,5.213360704962131997e+00,2.303684315708471320e-01,-3.445451878045035166e+00,3.907102262142669424e+00,1.000000000000000000e+00
4.044677582655559767e-01,-1.707516528320111471e+00,-1.454030198856250733e+00,-4.964161183994849402e+00,-1.370287472936422279e+00,0.000000000000000000e+00
-1.445702967976557340e-01,4.448136016748081012e+00,-8.193038435824470112e-01,-3.399893485591210407e+00,2.334983707810295961e+00,1.000000000000000000e+00
8.178067846552967701e-01,-2.071854680726327391e+00,6.782846925536895055e-01,-1.992357996780121931e+00,-1.666678259796793071e+00,0.000000000000000000e+00
-1.104225655024002606e+00,-2.527521174732104137e-01,-1.906263805682351098e+00,-2.444287898045555352e+00,3.491646223814616867e+00,7.000000000000000000e+00
-1.663362892516660585e+00,6.437154539098563610e+00,-1.621986803274537703e+00,-4.664004372158930600e+00,1.654679832869456524e+00,1.000000000000000000e+00
1.997953680730701009e+00,-3.087230731708649589e+00,-5.819306062164821824e-01,-3.047104633142045493e+00,-9.755318860158267436e-01,0.000000000000000000e+00
-3.312578898240752245e+00,-2.125828823947845392e-01,-2.906422333694581361e+00,-3.946257619217028001e+00,3.054537364375573549e+00,7.000000000000000000e+00
-1.979464085463640555e-02,-3.630165010360137057e+00,2.639559997828872184e+00,-8.028049194913225994e-01,-1.059180333347589098e-01,0.000000000000000000e+00
4.182649014911898888e-02,-3.148044376103221076e+00,3.702042979849399451e+00,-1.101174526805938636e-01,-6.986575514720871904e-03,0.000000000000000000e+00
1.525793405912491352e+00,-3.971845131105025573e+00,7.030655953908615530e-01,-1.569265331968713317e+00,-1.630996202704530385e+00,0.000000000000000000e+00
3.895795005555082291e+00,2.598854199638324092e-01,2.769302519218897807e+00,7.850889780600376344e-01,-2.877664406828606580e+00,8.000000000000000000e+00
2.005180414821695845e+00,-3.352333212623870295e+00,-6.654448051941425080e-01,-3.090254593963498664e+00,-1.644743495135861044e+00,0.000000000000000000e+00
2.849201314466305313e-01,-3.290301411095153394e+00,5.774652911115025766e-01,-2.396967434190092838e+00,-1.607571478898863315e+00,0.000000000000000000e+00
3.003167727913217622e+00,-3.819073406301738971e-01,-1.869357864266502300e+00,-5.412036727851761153e-01,2.040665421499484378e+00,6.000000000000000000e+00
4.334730406386818835e+00,6.658495711408555229e-01,1.857832549811614609e+00,8.190769623970241275e-02,-3.495630864351439548e+00,8.000000000000000000e+00
7.827193609739006019e-01,-4.880066407325943878e+00,-2.155229659704770671e-03,-2.067588023792950924e+00,-1.830480227932015813e+00,0.000000000000000000e+00
3.204481930500067133e+00,1.542333492263652239e+00,-4.372436780130132483e+00,-4.400570362867714636e+00,-4.472321438958024586e+00,3.000000000000000000e+00
-9.494423987485911542e-01,1.156813003549329366e+00,-5.165711114923494662e+00,-5.383487592225326246e+00,7.848229495204540607e-01,7.000000000000000000e+00
-2.789623758590451086e+00,8.322074969116556309e-01,-2.419495073575189004e+00,-3.701776370390657878e+00,2.194860087534216575e+00,7.000000000000000000e+00
1.632418953928544303e+00,-1.648671883244662961e+00,-2.521017546647108531e-02,1.315418767956028079e+00,2.849049364765444459e+00,6.000000000000000000e+00
6.231840123108073337e-01,-1.067227352542627461e+00,-9.068776107913155693e-01,2.267575040369243400e+00,5.607183651956201942e+00,5.000000000000000000e+00
-1.212124707891520714e+00,-1.613146701089776813e-01,-4.813400983028699898e+00,-4.463066491416528336e+00,5.723538934639852416e-01,7.000000000000000000e+00
-2.481388574331287344e+00,6.035341716532543366e+00,3.390743660953535965e+00,-8.852786221541962819e-01,3.846544501917283476e+00,1.000000000000000000e+00
-1.840234222749644655e+00,-1.237853989238383301e+00,-2.257781303896862823e+00,-2.797739991628971357e+00,3.641686117687759072e+00,7.000000000000000000e+00
2.787058856303522347e+00,-2.704202841694429260e+00,-7.117940760975967063e-01,1.216722028642524656e+00,2.790150961749039205e+00,6.000000000000000000e+00
3.411410756770889008e-01,-2.162064291397198801e+00,-2.624688356328632732e-01,-3.408639849742436834e+00,-6.891468437631639299e-01,0.000000000000000000e+00
-1.652625921862215241e+00,-1.976033043925485289e-01,-1.464577801803305102e+00,-2.037717558064697343e+00,1.596818549827725420e+00,7.000000000000000000e+00
4.642960948911701635e+00,4.502134073640617906e-01,1.637549249603653223e+00,-6.912225877111041195e-01,-5.140117631036927870e-01,8.000000000000000000e+00
1.319994831251778189e+00,1.008713603821128624e-01,-5.131479586156056927e-01,-1.145869606577705202e+00,-5.362619218608138283e+00,3.000000000000000000e+00
-2.229336376140981901e+00,-4.735636613500792680e-01,-4.275817707369979459e+00,-4.511054324667255422e+00,1.740752667580387492e+00,7.000000000000000000e+00
-1.524068975228126455e+00,6.235754552050704724e+00,-4.231128338220930818e-01,-3.613220362376031947e+00,2.485008793400627969e+00,1.000000000000000000e+00
-1.765641904386823446e+00,-1.702348717981082116e+00,-3.925479831425493060e+00,-3.284220816058201375e+00,5.192806034704272600e-01,7.000000000000000000e+00
1.347808613252687193e+00,-3.924634279421753469e+00,-1.951413616379554794e-02,-2.578540701766386611e+00,1.696206631335210047e-01,0.000000000000000000e+00
-2.514015682818062203e+00,-8.992231091625668693e-02,-1.713261289295027412e+00,-2.698544007048929494e+00,3.309401081713852832e+00,7.000000000000000000e+00
1.021591711145005688e-01,-3.598662282386243749e+00,6.560202369017443802e-01,-2.105457124023651261e+00,-1.422061304447420849e+00,0.000000000000000000e+00
-3.638880116608301130e+00,5.280559343228526936e-01,-6.563813699094899867e+00,-4.709580294402513800e+00,1.744110469314911205e+00,2.000000000000000000e+00
-6.223587371655061595e-01,-3.539987613481224926e+00,1.449404957207093503e+00,-1.786113083912382438e+00,-7.122099357579642076e-01,0.000000000000000000e+00
-1.918408432591392376e+00,-5.512750191256783339e-01,-3.290533024857283273e+00,-3.395839764282149176e+00,1.116732901964231806e+00,7.000000000000000000e+00
2.798203086071110235e+00,6.046093866732389632e-02,-1.754205770219757543e+00,-1.729626694482129246e+00,-4.811072818105448512e+00,3.000000000000000000e+00
-2.797868696950685408e+00,9.848906462551350049e-01,-6.486318990997378187e+00,-4.448662475376598202e+00,1.688877766590977769e+00,2.000000000000000000e+00
-2.071830232694768625e+00,-7.051348778517626537e-01,-2.751149588127720147e+00,-3.101661891422617501e+00,2.159029954578290944e+00,7.000000000000000000e+00
-2.274254162696064618e+00,-2.648483472569107544e-01,-2.300750318423347096e+00,-3.070822696652427020e+00,2.465424333114227817e+00,7.000000000000000000e+00
-3.187244914812188856e+00,4.925773389571610483e-01,-7.373292034518882154e+00,-5.064786204419093885e+00,4.085942086826313546e-01,2.000000000000000000e+00
-1.794828928538096946e+00,-1.246307317677126519e-01,-3.459854450652203539e+00,-3.951116708052011539e+00,2.351693208749359609e+00,7.000000000000000000e+00
-1.028321673792557123e+00,-7.467748060968493196e-01,-4.178076406058038650e+00,-4.211610170410377663e+00,1.857789796315640674e+00,7.000000000000000000e+00
-2.228127525985468815e-01,-1.472962128405801652e+00,-4.206606835920830179e+00,-3.409681553719763780e+00,1.000699687520173242e+00,7.000000000000000000e+00
6.061637413206126812e-01,-3.234127229094455380e+00,1.058256208411761268e+00,-1.946857814982268620e+00,-1.268851889068280281e+00,0.000000000000000000e+00
-2.880498326862575453e+00,7.246930212584553388e+00,-1.738013529714977357e-01,-3.999457648807016596e+00,2.696965834953569896e+00,1.000000000000000000e+00
-2.158792874990618227e+00,3.990643504664471708e-01,-5.122790806448151990e+00,-5.663736476050853064e+00,2.223921340958165072e+00,7.000000000000000000e+00
2.583348317889377910e-01,-2.755675273098392442e+00,-9.360056361079131804e-02,-3.119735096230917826e+00,-8.117477518448759088e-01,0.000000000000000000e+00
-2.558751495306356372e+00,-2.198728873179222471e-02,-2.629047019474987756e+00,-3.704792567564668015e+00,2.715615425436766817e+00,7.000000000000000000e+00
-1.776519954695928494e+00,-1.076268948980009688e+00,-1.459305138697345017e+00,-2.208811490389589682e+00,3.231332943256172374e+00,7.000000000000000000e+00
4.024935133007796928e+00,9.431212939066219159e-02,3.143016440784177412e+00,1.239626793845299613e+00,-2.558689029712036156e+00,8.000000000000000000e+00
-2.189976717011243412e+00,-1.170664604180805535e+00,-2.778817791677191451e+00,-3.010147871359580396e+00,2.937208890646219928e+00,7.000000000000000000e+00
7.633048699347390054e-01,-3.688720547728427945e+00,2.720274680240098997e-01,-2.305890004171509133e+00,-1.692811016507763666e+00,0.000000000000000000e+00
-1.467023564609958086e+00,-2.628080178388516153e+00,-1.650391905600067988e+00,-1.665400541790784228e+00,2.295702333500715397e+00,7.000000000000000000e+00
-6.807714110821558862e-01,-4.396412543541201590e-01,-3.217529221175201570e+00,-3.524621538957507738e+00,3.403524308670431875e+00,7.000000000000000000e+00
-6.004708753349606853e-01,-9.543995031677128260e-01,-3.595292986259701173e+00,-3.603212797302681736e+00,3.257970309214737181e+00,7.000000000000000000e+00
-7.975836343889884938e-01,7.865337199195300277e-01,-3.870051281186280612e+00,-4.190497561091671486e+00,2.824386441699181738e+00,7.000000000000000000e+00
2.199250636574729967e+00,-3.348345509787648666e+00,1.551055427897073402e+00,2.858238679003481941e+00,4.148514540419290242e+00,6.000000000000000000e+00
-2.886679947200589069e+00,-1.396690796535857038e+00,-7.680595051467058454e-01,-1.818425792142556174e+00,3.052651719442753375e+00,7.000000000000000000e+00
-1.477942823422495833e+00,-8.828163386486728159e-01,-2.535215917087045412e+00,-2.858158729023184907e+00,1.829842740771570941e+00,7.000000000000000000e+00
-5.125599853881361578e-02,-1.102411555834517776e+00,-1.013780422364217726e-01,3.162223327151247876e+00,3.485764213201313577e+00,5.000000000000000000e+00
5.059005668867694538e+00,1.066699893202283977e+00,3.403445977670938927e+00,1.359961485326819375e+00,-2.571423434334682234e+00,8.000000000000000000e+00
2.261151924003753089e-01,-9.408135044532455193e-01,-5.937113670400150589e+00,-5.107388835823589268e+00,1.873402753992668535e+00,7.000000000000000000e+00
3.665581991370305825e+00,-3.738490923145511291e-02,3.100991576394283467e+00,6.722234830962645624e-01,1.737651510202677108e-01,8.000000000000000000e+00
-1.958379609567045376e+00,-1.635932011339673142e+00,-4.188264077763463433e+00,-3.792656602173698488e+00,1.211043368228423844e+00,7.000000000000000000e+00
-1.181839654254528860e+00,-5.326262580345237918e-01,-4.420929732577580928e+00,-4.376004885611079587e+00,1.511877995869381541e+00,7.000000000000000000e+00
-2.051734389050083873e+00,-1.283331062347548235e+00,2.037950649231475619e+00,1.608756035307241650e-01,-5.847065716648578437e+00,4.000000000000000000e+00
4.834400774248855726e+00,5.117867181621613692e-01,1.081976809501043357e+00,-1.456163340785960325e-01,-3.021391684418441415e+00,8.000000000000000000e+00
-2.314862412923876622e+00,4.281645844130405054e-01,-3.385937613495397791e+00,-4.074458436036958453e+00,1.754528546562839075e+00,7.000000000000000000e+00
-1.455647092074518811e+00,1.315344513918845562e-02,-3.610127924417227518e+00,-3.832253758347746064e+00,2.754261012055398083e+00,7.000000000000000000e+00
-3.142095970245499359e+00,4.239945997061578264e-01,-2.852945962722229112e+00,-3.630154812432522249e+00,1.834317521720796762e+00,7.000000000000000000e+00
-1.397456681231648012e-01,-5.393259566216230816e-01,-2.725331471472578482e+00,-2.864893801709151422e+00,2.677518264268497816e+00,7.000000000000000000e+00
-1.897982665073766118e+00,6.355515799783050035e+00,-1.759298609168151284e+00,-4.910433972465853003e+00,2.478236267691583450e+00,1.000000000000000000e+00
-1.173896769619884539e+00,5.222481563648696756e+00,-8.691700164267274209e-01,-3.917146163275354365e+00,3.474132379230369772e+00,1.000000000000000000e+00
2.089022753634322438e+00,1.365985121603645158e+00,-1.311515886213851789e-01,-1.068302821673177139e+00,-3.591461330147052156e+00,3.000000000000000000e+00
8.116687615429660774e-01,-3.359973025236893562e+00,4.254454160886295133e-01,-2.612316521992468221e+00,-4.682512517560064591e-01,0.000000000000000000e+00
-1.410932295768341005e+00,-1.646500259500240038e+00,-4.129430769012244262e+00,-4.227530412198735377e+00,3.765244606147524653e+00,7.000000000000000000e+00
1.782935745941220729e+00,-9.362017808797610252e-01,-7.038065109757773996e-01,-1.101084024322415811e+00,-3.663800706689955611e+00,3.000000000000000000e+00
3.838301537518666318e-01,-2.428193624567672071e+00,5.447702216046663715e-01,-2.278788313830832468e+00,-1.280635412676386364e+00,0.000000000000000000e+00
-2.480048252602620629e+00,4.032062142284949857e+00,1.026068703490685907e+00,-2.358904134609011827e+00,4.346492166590189221e+00,1.000000000000000000e+00
-8.840540630040574221e-01,-1.151677158392013123e+00,-2.499759857838277366e+00,-2.577243193290627232e+00,1.919399432442624454e+00,7.000000000000000000e+00
-2.792505202128999553e+00,-8.788039287217219719e-01,-2.230099393415814646e+00,-2.938523314226042515e+00,2.409554994632980396e+00,7.000000000000000000e+00
-1.251796735457749499e+00,-4.661786767435230350e-01,-5.388251490706938540e+00,-5.083565733986256774e+00,1.773914179166347749e+00,7.000000000000000000e+00
-4.379508296188223682e-01,-2.005704956341030520e+00,-1.268473281816164533e-01,-3.488715466378244923e+00,-1.592702288934060961e+00,0.000000000000000000e+00
-2.302020278572669110e+00,-1.372767878203636993e+00,-1.398505562598664209e+00,-2.202798816422650408e+00,4.099142475960849019e+00,7.000000000000000000e+00
-3.012756274845729276e+00,-1.323638358969353890e+00,-1.240781781363739178e+00,-2.309227372415492141e+00,3.410166691892025703e+00,7.000000000000000000e+00
4.454025015693300560e+00,-1.046497013678007848e+00,-2.775989248824802580e+00,-4.423797307331407413e-01,1.853261847228157677e+00,6.000000000000000000e+00
-7.266546050096527321e-01,-2.356369859339879635e+00,-4.291819167568899474e+00,-3.871106437028371872e+00,2.832602408933082572e+00,7.000000000000000000e+00
3.623224592201736538e+00,-2.779235938182951227e+00,-6.790780596646424083e-01,1.601449712238645517e+00,2.737439447756817579e+00,6.000000000000000000e+00
-1.750385104095151467e+00,1.160485578632426129e-01,-5.663040257884992101e+00,-5.727680020786479531e+00,9.066218136186200427e-01,7.000000000000000000e+00
9.601427973815083172e-01,-5.662287292640517666e-01,-2.081247376371329949e+00,1.328591593345854083e+00,3.520264339606776538e+00,5.000000000000000000e+00
-9.922634094282277717e-01,-1.030434563772646639e+00,-2.718878849026388433e+00,-3.076008087752200026e+00,3.167776803670746322e+00,7.000000000000000000e+00
-1.046119358249294251e+00,-2.265810324165373313e+00,5.201186067749886677e-01,-3.163657095736347902e+00,5.231443642748412337e-01,0.000000000000000000e+00
-4.323572038451973576e+00,2.912074756834773792e-01,-4.114834936826166079e+00,-2.512653670623853586e+00,1.474716732674592468e+00,2.000000000000000000e+00
-1.083396377219038920e+00,-1.025128148119261118e+00,-3.104404897883838998e+00,-3.535633332659030792e+00,3.857992181908850515e+00,7.000000000000000000e+00
-1.558353532714426226e+00,6.993672219187662131e-01,-3.632210266511794128e+00,-4.249762416033208368e+00,2.748037807944721855e+00,7.000000000000000000e+00
-6.491811113422303325e-01,-3.348635658405150206e+00,1.505945613610800926e+00,-1.957616925351555626e+00,-2.589720901146876086e-02,0.000000000000000000e+00
2.811785474612180646e-01,-1.231465813324692737e+00,-5.043289328391104220e+00,-4.004162168913024900e+00,-6.756044301241098671e-02,7.000000000000000000e+00
-2.621636984923104929e+00,6.620124716324275127e+00,-5.430853428469862854e-01,-4.071952330479436277e+00,1.939531429787627825e+00,1.000000000000000000e+00
8.322664836000991384e-01,-1.027380730499901085e-01,-9.433013161143513070e-01,-2.015759864547518987e+00,-3.388537847896672783e+00,3.000000000000000000e+00
-1.190408696721473314e+00,-9.426258365300204112e-01,-3.480270877487586123e+00,-3.578537291530658582e+00,1.976917084455067419e+00,7.000000000000000000e+00
5.255686561875255736e-01,-1.495140298000415813e+00,-6.531923838786165781e+00,-5.422893744627400814e+00,1.422614816005561167e+00,7.000000000000000000e+00
3.979250248156331882e+00,7.203049651603404824e-02,3.586218825716538827e+00,1.178078301652664139e+00,-8.914348257159545597e-01,8.000000000000000000e+00
-2.085127952704742160e+00,-8.582657506744505449e-01,-3.886994654899424972e-01,-1.248086301586541769e+00,3.237370502610810608e+00,7.000000000000000000e+00
-2.304029300769708577e+00,5.259588759865790886e-03,-2.453605183759199448e+00,-3.193565977572908388e+00,2.283876649480736543e+00,7.000000000000000000e+00
3.823156612836614565e-01,-1.605105776402332651e+00,-3.295330201275374904e+00,6.913094332362734740e-01,2.924382260099148034e+00,5.000000000000000000e+00
-5.570838686932527928e+00,2.492965152076114688e+00,-3.615127512252719111e+00,-3.127683724742786886e+00,1.319305365257356311e+00,2.000000000000000000e+00
-8.551798976317025458e-01,-1.225251377108453887e+00,-5.803006556215202671e+00,-5.166177159743408964e+00,1.667914213767360376e+00,7.000000000000000000e+00
1.291495821045450521e-02,-1.486594824146209248e+00,-1.435600786966397813e+00,2.054551761925528908e+00,3.565429296940520576e+00,5.000000000000000000e+00
3.878729651795594258e+00,-1.691777495834479450e-01,4.314021360366118607e+00,2.387132988277408163e+00,-2.274778023903927249e+00,8.000000000000000000e+00
-1.711066913510647991e+00,-7.958061019695359395e-01,-3.212834623599932549e+00,-3.889910995173726072e+00,3.812181351049680700e+00,7.000000000000000000e+00
6.671081721087397387e-01,-2.081580868138728224e+00,-1.846992870806801745e+00,2.031992991025655559e+00,4.965125806295865196e+00,5.000000000000000000e+00
2.469037936974225467e+00,1.823705699541244396e+00,-1.094754011350546730e+00,-1.449621769205682087e+00,-6.823040911891275151e+00,3.000000000000000000e+00
-3.213728975794348131e+00,-8.642208520514953474e-01,-5.406903559865393838e+00,-3.163463589744117233e+00,1.153068383631763449e+00,2.000000000000000000e+00
5.004848589196162933e+00,3.670423614333603313e-01,2.409436868469231108e+00,7.081082558191589271e-01,-1.730963760256713391e+00,8.000000000000000000e+00
1.377938882244627461e+00,-1.909882580067399971e+00,2.586012128052153636e-01,1.248953494016610710e+00,3.493537017869010164e+00,6.000000000000000000e+00
-3.258516659844299390e+00,-1.619463376866419058e+00,4.192952712050009190e+00,1.558423487472796687e+00,-5.110778204007238479e+00,4.000000000000000000e+00
-1.778010234374024723e+00,-8.296242838951762844e-01,-2.504595022734963816e+00,-3.087843889987913037e+00,3.716120313904665462e+00,7.000000000000000000e+00
-2.253019031222231572e+00,9.041940908707034597e-01,-2.324536321000127082e+00,-3.725749359458086829e+00,3.395267851678355431e+00,7.000000000000000000e+00
-7.196094995623810719e-01,-3.055256824342932109e+00,2.245771144389546947e+00,-1.201802139610372855e+00,3.415752408517177541e-01,0.000000000000000000e+00
-1.296847017315178263e+00,-7.995761997721663183e-01,-2.419588716340158374e+00,-2.954935407508079148e+00,2.177701959659156028e+00,7.000000000000000000e+00
-8.153849539245494604e-01,4.506040684271390262e+00,2.861094267110372069e+00,6.611969371604053514e+00,-6.594702787749053385e+00,9.000000000000000000e+00
1.256240351835140601e+00,-2.034099269873924865e+00,-2.140739921848425986e+00,-6.656014497278256448e-01,3.705187644028130833e+00,6.000000000000000000e+00
-5.327495269059064675e+00,3.510924249531308661e-01,-4.925130890656253868e+00,-4.046016218660873243e+00,2.272965867011704333e+00,2.000000000000000000e+00
2.144530445961242204e+00,-2.430018153805120651e+00,-2.852203600583113133e-02,1.560448718637553078e+00,3.664797348130539145e+00,6.000000000000000000e+00
-4.711689324411483248e+00,-1.651650587145082616e+00,4.778279903856946120e+00,1.798772397013220115e+00,-5.002344477930235733e+00,4.000000000000000000e+00
2.459988008340785459e+00,1.300019265842181193e+00,-6.906396446227354158e-01,-1.624440944362362860e+00,-4.119839930155146490e+00,3.000000000000000000e+00
9.702892112505133726e-01,-2.138140393970338060e+00,-3.431919534221310464e+00,-2.684207816484935005e+00,1.464746008088095186e+00,7.000000000000000000e+00
1.065074430691095309e+00,-2.932642269179021266e+00,-1.264702420005869410e+00,-3.739173228580410679e+00,-1.058267596467833860e+00,0.000000000000000000e+00
2.150623536522806134e+00,-2.357453744150555863e+00,1.246358303733879347e-01,1.238212391784585975e+00,4.072840205566379268e+00,6.000000000000000000e+00
-2.353411562590904449e+00,3.539832184718453290e-01,-1.720736700021135990e+00,-2.576901125551666727e+00,2.318825161394896917e+00,7.000000000000000000e+00
1.319988868818141592e-01,-8.852353180503722552e-01,-6.192400002756024868e+00,-5.018995183055428022e+00,1.727557304615585654e-01,7.000000000000000000e+00
-3.856311762921026176e+00,8.763369360828480170e-01,-4.533493338565044439e+00,-3.200273047098086465e+00,1.768289743041076667e+00,2.000000000000000000e+00
2.192122988854723342e+00,-3.052903534758705462e+00,-9.278077958856705276e-01,8.872488464307413114e-01,2.389204594663961068e+00,6.000000000000000000e+00
-1.059842555213517779e+00,4.315271451536921710e+00,-3.330361108601905262e-01,-2.859665001961058106e+00,2.170233570824657843e+00,1.000000000000000000e+00
1.763985153931341698e-01,-2.257169693528119137e+00,-7.179536085885964702e-01,-3.423316486209154075e+00,-1.313723548950002984e+00,0.000000000000000000e+00
-4.075467319748683259e+00,-7.814801707125939023e-01,-4.769586995943500440e+00,-3.008120276915643210e+00,3.424717988091695031e-01,2.000000000000000000e+00
2.131660599310363668e+00,-3.494148142174340888e-01,-4.415849281275696092e-01,-9.728125840291160786e-01,-4.212038324329220096e+00,3.000000000000000000e+00
-4.145230844860053887e-01,-1.648071436879610996e+00,-2.658686962205208726e+00,-2.624167856990538006e+00,3.717409902477000649e+00,7.000000000000000000e+00
-1.878518335929625138e+00,-1.184141681694513004e-01,-3.360381385866236581e+00,-4.083391901416983494e+00,3.340636379990669091e+00,7.000000000000000000e+00
2.517950161834392464e+00,-1.590540573523945067e+00,-8.741717878344550385e-01,7.041999839402661721e-01,3.410789273453800341e+00,6.000000000000000000e+00
-1.530862718301391423e+00,1.425797456607680314e-02,-2.973555614905958766e+00,-3.203501061985372544e+00,8.392174220124860584e-01,7.000000000000000000e+00
1.429618406406512943e+00,-1.274820881671140826e+00,-2.140729650597237743e+00,1.691446167678915424e+00,4.639841849601501700e+00,5.000000000000000000e+00
4.682242865670686705e+00,-1.514665718735523692e+00,-2.995151830319613406e+00,-9.801897233695293365e-02,1.594628181972024716e+00,6.000000000000000000e+00
-1.899354657443690808e+00,5.456907001734795593e+00,-1.389718027412676138e+00,-3.565870923053404695e+00,-2.468314375464082944e-01,1.000000000000000000e+00
2.251610293231422144e+00,5.550498974208368352e+00,1.146134328980898287e+00,5.444285625519097671e+00,-7.091649630685121330e+00,9.000000000000000000e+00
-6.653992264696035885e-01,-5.724415819715058529e-01,-2.022054902526461362e+00,-2.507846123161107776e+00,3.057392799778310799e+00,7.000000000000000000e+00
-5.012542225937353102e-01,-3.914183994946800471e-01,-4.098237808833334661e+00,-3.508936076228950540e+00,9.923719581460082040e-01,7.000000000000000000e+00
-4.187556906103131915e+00,3.890287815868336829e-01,-6.481647033679340808e+00,-4.371115860081037141e+00,-3.172074860137285013e-01,2.000000000000000000e+00
3.276987650113240669e+00,-6.644706562721639509e-01,2.882634102412496624e+00,9.925216983847994223e-01,-2.828813312876814923e+00,8.000000000000000000e+00
-3.023026460230664458e-01,-1.031556073473093305e+00,-5.242315695551644339e+00,-4.906921359352733880e+00,2.780454397912083486e+00,7.000000000000000000e+00
-2.761393649506721726e+00,4.789615422018808744e+00,1.797215637155972878e+00,-1.681782789336364381e+00,3.290435270902447584e+00,1.000000000000000000e+00
-2.249572667444436624e-01,-9.742580839212324761e-01,6.617917875006251727e-01,3.216065061814687542e+00,4.057040981792671808e+00,5.000000000000000000e+00
1.750918347365406857e+00,4.726807144514613146e-01,-3.123615249148052331e-01,-9.493811674427257152e-01,-4.449698138828633631e+00,3.000000000000000000e+00
2.213375415418690206e+00,-2.081445203553620171e+00,-1.945121698501611318e+00,1.454162280599379797e-01,1.631922667451948694e+00,6.000000000000000000e+00
-1.924942186768951569e+00,1.339051578830058320e+00,-2.943734059309766504e+00,-3.953966093910803892e+00,2.849086989345999577e+00,7.000000000000000000e+00
-1.514076309812767418e+00,-1.321211488359724795e+00,-3.552712095592699182e+00,-3.928326406630186618e+00,3.056779988986788599e+00,7.000000000000000000e+00
-2.519596365339578536e+00,-9.524017629637459015e-01,-2.079016358815105381e+00,-2.441429293539711942e+00,1.669180092213873312e+00,7.000000000000000000e+00
-1.561718292386978568e+00,-2.690828707848569312e-01,-2.939484026906132197e+00,-3.152406644570020955e+00,3.195960152558013245e+00,7.000000000000000000e+00
1.500559451255800147e-01,-9.023597561639468134e-01,-4.312017109145776850e+00,-3.986400080610191576e+00,1.332081979584286202e+00,7.000000000000000000e+00
4.234423974849567784e+00,-5.862337200189074449e-02,4.468083811217423040e+00,2.784570146058261031e+00,-2.353144024644290955e+00,8.000000000000000000e+00
-1.878569949869026035e+00,-1.288498283776279951e+00,-1.960679878522113562e+00,-2.174920633852083451e+00,3.519804838483848286e+00,7.000000000000000000e+00
1.705195119419804506e+00,-1.611588622784253744e+00,7.696236203921880126e-01,1.698904764672482637e+00,3.614581081964598042e+00,6.000000000000000000e+00
-2.960215271369064371e-01,-1.874917501228016592e+00,-3.244346569396656665e+00,-2.741268383470569336e+00,2.488528791708925159e+00,7.000000000000000000e+00
4.357718697669033858e+00,-9.838519883835384894e-01,2.214141849948091600e+00,2.371507358352310524e-01,2.802151163127922923e-02,8.000000000000000000e+00
-2.791162157612844918e+00,-7.494311238580635415e-01,-4.259628041230114626e+00,-4.797131909306012965e+00,2.635696851421147624e+00,7.000000000000000000e+00
8.762759313463052147e-01,-1.436764128355948245e+00,-1.294706329797491229e+00,1.755564315985924884e+00,5.342048786915724712e+00,5.000000000000000000e+00
2.190609419765011445e+00,2.744968607912782188e-01,4.025173707138124390e-02,-6.726417766861841896e-01,-3.501264974884090719e+00,3.000000000000000000e+00
-2.265285383628283356e+00,1.405288616672245305e-01,-2.459569961779763947e+00,-3.528044118589638956e+00,2.629498497717680738e+00,7.000000000000000000e+00
-4.016938503131442850e+00,-1.196225900623796301e+00,-1.468135692925984781e+00,-2.575652719689669912e+00,2.578267132348224244e+00,7.000000000000000000e+00
-3.309198649759526600e-01,-8.328843293239625023e-01,-4.515341488909371925e+00,-4.303764717929094097e+00,2.081416990988127491e+00,7.000000000000000000e+00
1.728657495053587123e+00,-1.382428212285321534e+00,-4.011827317636492474e+00,7.993147901532547950e-01,1.086612552842644019e+00,5.000000000000000000e+00
3.267942312678788319e+00,-3.759990728513681546e+00,-4.205277941620789717e-01,1.413547013457161494e+00,4.081545724148172738e+00,6.000000000000000000e+00
-9.085371937593161862e-02,-3.040126903097475797e+00,2.139237678615077964e+00,-1.582311175147247173e+00,2.618962939636561016e-01,0.000000000000000000e+00
3.178002852212077123e+00,-3.351393373819489430e+00,-1.904714253305434646e+00,9.662212271481362968e-01,1.788425864056178538e+00,6.000000000000000000e+00
1.453197989528817402e+00,-4.043256496976619374e+00,-3.047835237082566762e-01,-2.663761488890976636e+00,-2.637820888258042840e-01,0.000000000000000000e+00
4.793368111692900335e+00,4.245176217476961389e-01,5.086962160188348570e-01,-1.189313185860134903e+00,-1.396122374056452564e+00,8.000000000000000000e+00
3.633445378296896955e+00,-3.881783095709865794e+00,-2.360532047276707512e+00,3.497690768567873199e-01,3.071729466804840047e+00,6.000000000000000000e+00
-1.046414743262559677e+00,-2.612910124183687177e-03,-2.306492107502456701e+00,-2.746366452287752669e+00,2.844377713480831904e+00,7.000000000000000000e+00
-1.985728158649105346e+00,-5.419239943190667930e-01,-2.550575667311813177e+00,-3.150505978195353496e+00,2.562808131017968449e+00,7.000000000000000000e+00
-3.555632316786165870e+00,7.242506268719655083e-01,-6.166532173762050206e+00,-4.306310331761911137e+00,1.487208247409014916e+00,2.000000000000000000e+00
-2.692469681463258269e+00,-1.498520938401553204e+00,4.980748242960961747e+00,1.980173070500152122e+00,-3.268444455945831884e+00,4.000000000000000000e+00
-2.491159122159248174e+00,7.148361351095095628e+00,-1.027646585693926307e+00,-4.537210412431667450e+00,1.912459916255885073e+00,1.000000000000000000e+00
1.509883926581429003e+00,-1.439369083311415443e+00,-1.165353347708336873e+00,3.218820492328386962e+00,1.951309927831412772e+00,5.000000000000000000e+00
-9.048132388575200746e-01,-7.345604140428786399e-01,-3.539438074418558511e+00,-3.616936682727268426e+00,3.305847172191404670e+00,7.000000000000000000e+00
2.842602547155653081e+00,-1.003670446491654156e+00,8.594859298037096362e-01,7.596418574408673186e-01,-4.192470789579397561e+00,3.000000000000000000e+00
5.079615145552351940e-01,-3.483436456466507902e+00,-2.968219267651281967e-01,-3.176919668046248812e+00,-7.744738595352386179e-01,0.000000000000000000e+00
-3.925507768372513695e+00,4.908159438291244681e-01,-5.314168414626557535e+00,-3.498350544663088257e+00,1.192839844158473994e+00,2.000000000000000000e+00
2.855004720568207865e+00,3.682862806556166935e-01,-1.327038221943412477e+00,-1.255369853836834970e+00,-5.017717508111895874e+00,3.000000000000000000e+00
7.089088949892475844e-01,-2.501745666630656117e+00,7.361314716132153491e-01,-1.810380224096453938e+00,-2.331965909278608695e+00,0.000000000000000000e+00
2.099583318122594522e-01,-3.963070819130747768e+00,1.602115224208911393e+00,-1.400945242343887287e+00,-1.217210687947486658e+00,0.000000000000000000e+00
1.123139460253356425e+00,4.015402934809709556e+00,3.160595822768979546e-01,5.032256458945062683e+00,-8.416159454600107281e+00,9.000000000000000000e+00
-1.392175729747588964e+00,-2.366359753570261404e+00,9.877101054078514242e-01,-2.778402243359200607e+00,-2.659190594292684118e-01,0.000000000000000000e+00
-3.362588603621897043e+00,4.153792451272457498e-02,-4.235553794448935427e+00,-2.223021177263106996e+00,1.413794894893517062e+00,2.000000000000000000e+00
-6.245959140900159134e-01,-6.313751150098043663e-01,-4.129348504514566365e+00,-4.412862646990777904e+00,2.462059274301197753e+00,7.000000000000000000e+00
1.335684649626990961e+00,4.403115005192679732e+00,-5.638178769321032791e-01,4.314781933638546008e+00,-8.037026186679385731e+00,9.000000000000000000e+00
2.208909151791108361e+00,9.725552846590571066e-02,6.160121085717440437e-01,2.831037906215464472e-01,-4.746084607998546367e+00,3.000000000000000000e+00
-8.717966591117789488e-01,-3.797460034631475967e+00,2.492701239024535997e+00,-1.252451454924911944e+00,3.069522394180204672e-01,0.000000000000000000e+00
-1.754821555396926858e+00,-1.422258593285118833e+00,-3.937797226641564841e+00,-3.730043378318184111e+00,1.550825957749552675e+00,7.000000000000000000e+00
-4.716003006248799950e-02,-3.146455200182176615e+00,9.207088070721167750e-01,-2.162940563020948836e+00,-1.428080468860312147e+00,0.000000000000000000e+00
-1.564043222711477776e+00,7.707658401837541584e-01,-3.842181455051868699e+00,-4.519688070262250612e+00,2.177164466149390076e+00,7.000000000000000000e+00
-6.063759722153023307e-02,-3.927284761502530586e+00,1.203031185987303076e+00,-1.820139115966218135e+00,-2.251694638210054444e-01,0.000000000000000000e+00
4.985476444022226561e-01,-3.893292017452778531e+00,3.396134364186701227e+00,7.689963710364342564e-01,-2.545269633331282311e+00,0.000000000000000000e+00
3.121359086349404066e+00,-3.330076635275298180e+00,-6.540472726814334781e-01,1.850214925289213275e+00,2.232450588452113749e+00,6.000000000000000000e+00
7.715639404103400434e-01,-4.625131850944829814e+00,2.767985845969429093e+00,1.486491767318864898e-01,-1.720390047184493287e+00,0.000000000000000000e+00
2.728723227165209764e+00,-3.459451080829703873e+00,-1.697919285961117519e-01,2.076004476796720510e+00,3.386776068625836800e+00,6.000000000000000000e+00
-8.405101615209031873e-01,-2.091493721151983093e-02,-5.251897055901744160e+00,-5.004818511197618669e+00,1.274180205357761553e+00,7.000000000000000000e+00
6.635839844536399745e-01,-4.474729298896955143e+00,9.444894730777301239e-01,-1.665546032809010368e+00,1.164154132570101446e-01,0.000000000000000000e+00
3.676620361093292377e+00,-2.522042234648514292e+00,-1.687063012006500884e+00,3.881701222056475054e-01,2.407852204720648537e+00,6.000000000000000000e+00
-8.564427812126065298e-01,-3.377054582205497368e+00,1.123305468996189660e+00,-2.010622235994643958e+00,-7.444951826449887067e-01,0.000000000000000000e+00
-2.558022048349174682e+00,5.048374141138028293e+00,8.461533718588877262e-01,-2.634400978349816569e+00,4.222846153016555526e+00,1.000000000000000000e+00
1.429994253063763932e+00,-4.954148140028851621e+00,1.387665111669395823e-01,-2.338427212891395879e+00,6.124639016895619958e-01,0.000000000000000000e+00
-5.600612311605603910e-01,-1.026727433881836182e+00,-3.935572247003522151e+00,-3.864513659656970912e+00,2.221149995579441150e+00,7.000000000000000000e+00
1.861108375761989064e+00,-3.022826680306905711e+00,9.498162182442850821e-01,2.230450850624375647e+00,3.081621970548653611e+00,6.000000000000000000e+00
1.166337632201593921e+00,-5.020549896305549709e+00,2.058293859193370157e+00,-6.404188129891059678e-01,2.531197177388001540e-01,0.000000000000000000e+00
3.040905265677908531e+00,-3.412447139727049716e+00,-9.129754054177388056e-01,1.094071544617057246e+00,4.372675872335936909e+00,6.000000000000000000e+00
-1.388345874312572503e+00,-3.675584473750270198e-01,-2.116154909014195340e+00,-2.613260079173130190e+00,2.577494154620669775e+00,7.000000000000000000e+00
-1.868130420219408894e+00,-7.583740630147092210e-01,-2.069472557560102288e+00,-2.992778733314705342e+00,4.283360148340955575e+00,7.000000000000000000e+00
1.372554374914178865e+00,-2.897880642032360399e+00,-2.230535824422298641e-01,-2.745631862546535462e+00,-2.522777701279226736e+00,0.000000000000000000e+00
7.324082303682224460e-01,-3.758289872116116204e+00,1.823326794519384508e+00,-8.990037215565591655e-01,-1.042102391176163323e+00,0.000000000000000000e+00
-9.206227355053639982e-01,-1.346461846919905780e-01,-3.043454061102023545e+00,-3.725064896863621300e+00,3.073067255894995409e+00,7.000000000000000000e+00
6.209003542991843316e-01,1.757493564288830967e+00,2.117971219604909638e+00,1.372836136880419833e-01,-2.625039008613077041e+00,3.000000000000000000e+00
-1.622098441317805673e+00,-7.918855935671637036e-02,-3.231758015058987521e+00,-3.908265580779872739e+00,3.174572377182765859e+00,7.000000000000000000e+00
8.121542891089233995e-01,-5.200702558583931712e+00,1.694290355347129351e+00,-9.213991936415608652e-01,-5.985527779736790066e-01,0.000000000000000000e+00
-1.949566009764946317e+00,-2.132658879561541099e+00,-3.313665933654874163e+00,-3.105112264280161405e+00,1.044787757945400353e+00,7.000000000000000000e+00
-2.403704937162486566e+00,6.502460340194486932e-01,-4.564029341180126487e+00,-4.776423712891111784e+00,1.775807268410171558e+00,7.000000000000000000e+00
-4.427383287108788701e-01,-7.936383743734771734e-01,-5.496797831158859005e+00,-4.865476696647412780e+00,5.068054225108561406e-01,7.000000000000000000e+00
-1.824557444297304043e+00,9.067130685906360510e-01,-1.388062563124849547e+00,-2.421388471769889694e+00,1.517045000006408850e+00,7.000000000000000000e+00
-3.575772577518545603e-01,-3.528854924524221781e-01,-4.947839994284168874e+00,-4.723042273994408013e+00,2.702160230077858660e+00,7.000000000000000000e+00
-1.556951982328340423e+00,-3.848686412089104558e-01,-4.486711436807376607e+00,-4.590367476467156926e+00,2.740953334357150606e+00,7.000000000000000000e+00
-1.183224085073768306e+00,-1.044799387182895112e+00,-4.818879781747051894e+00,-4.950219497751224829e+00,3.338628229807180325e+00,7.000000000000000000e+00
1.378039468371356824e+00,6.927263036206019464e-01,1.029171867144126118e+00,-4.945638591852287158e-01,-2.296449274614170921e+00,3.000000000000000000e+00
-1.598210251758210410e+00,-1.864448700098781053e+00,-1.276324545058096227e+00,-1.508127063786667055e+00,2.723768802373915943e+00,7.000000000000000000e+00
-1.321256021186251406e+00,-3.837338037179632177e+00,2.786883594578739576e+00,-4.840002957317050547e-01,-7.182166527063423844e-01,0.000000000000000000e+00
-1.458723574450873750e+00,-6.594162910514680398e-01,-3.230322893011748686e+00,-3.233222762212492718e+00,2.676695604821552887e+00,7.000000000000000000e+00
7.961152430796183399e-01,-4.921789753828640812e+00,1.309993079960023676e+00,-8.975934645057584982e-01,-1.063820527729258281e+00,0.000000000000000000e+00
-3.044086675587025947e+00,5.947798425273531642e+00,1.350802107279057918e+00,-2.719811013126028243e+00,5.004715215065963285e+00,1.000000000000000000e+00
1.839761335155126520e+00,-3.379157261212905272e+00,1.525470180039600665e+00,2.834272843846230128e+00,3.614466971140893659e+00,6.000000000000000000e+00
7.442622882661166228e-01,-4.503632648804724248e+00,1.629917465504131968e+00,-8.522598484642783800e-01,-1.606088723489449643e+00,0.000000000000000000e+00
-8.988050969182816985e-01,-8.848942193212183671e-01,-4.747195178004134597e+00,-4.208186309678692005e+00,1.907940684870736758e+00,7.000000000000000000e+00
-3.609230052864423222e+00,-3.603940131999164298e-01,-4.595173480522520393e+00,-2.262914247796851352e+00,3.106209248415438551e-01,2.000000000000000000e+00
-2.623052570657919524e+00,7.615930561692328959e-01,-2.227109472435977899e+00,-3.908822051116793705e+00,3.961628739187339487e+00,7.000000000000000000e+00
-6.636224340923472242e-01,-9.061191312988421398e-01,-4.111383792000455450e+00,-4.134604143433525891e+00,3.513916997694444433e+00,7.000000000000000000e+00
-2.071033804891014185e+00,5.542302016577532742e-01,-3.696101657339436297e+00,-4.360101912232126509e+00,2.777073993470874580e+00,7.000000000000000000e+00
1.027860227234087986e+00,-3.537657743452858661e+00,-4.222360068401881383e-01,-3.213442366274581907e+00,-1.162942631206433708e+00,0.000000000000000000e+00
8.995305221483179681e-01,-3.356899371551249178e+00,3.073786310352906725e-01,-2.721244937248076479e+00,-7.713079529201329887e-01,0.000000000000000000e+00
2.847461879635195814e+00,-1.266007566868613932e+00,-4.695017327646693328e-01,1.501435232920507845e+00,1.278618419560629826e+00,6.000000000000000000e+00
-3.958119946613014029e-01,-1.107619739783204160e+00,-4.561236723522353209e+00,-4.298047623974020404e+00,1.798362504294373609e+00,7.000000000000000000e+00
-2.865727064607020425e-01,-3.989948657503247009e+00,4.477040770318601481e+00,8.800952798793755250e-01,7.294369397523859933e-01,0.000000000000000000e+00
-1.767615753745909402e+00,-5.448945045932395148e-01,-2.877305588082652577e+00,-3.719034748852114269e+00,4.225629796176932906e+00,7.000000000000000000e+00
-9.729887016273908174e-01,-3.563110361805607029e-01,-5.163618953608413165e+00,-5.184760107327256229e+00,2.909112265359745209e+00,7.000000000000000000e+00
-2.231958473726216585e+00,1.260740768409751578e-01,-2.369537754530859353e+00,-3.518372734770474519e+00,3.445652380582721275e+00,7.000000000000000000e+00
2.343787920114122958e+00,-1.639416535445998580e-01,-2.676977507024089764e-01,-6.880555921573243694e-01,-3.998253381977228127e+00,3.000000000000000000e+00
-1.353159751312048575e+00,-1.321320333954941750e+00,-3.423059214682464990e+00,-3.295231211361952628e+00,1.549272182333125469e+00,7.000000000000000000e+00
2.620566123221224508e+00,-1.416199260205658117e+00,-1.388976528045326564e+00,2.736199392560646260e+00,2.383486606012991338e+00,5.000000000000000000e+00
4.014487839964177240e+00,-1.861131501656902443e-01,-2.710874390669498091e+00,-2.017991555558201533e+00,-5.880554729714868145e+00,3.000000000000000000e+00
1.127883801336727165e+00,-3.621070809232016963e+00,1.460153912590875347e+00,-1.161763964584055175e+00,-1.276447258997892131e+00,0.000000000000000000e+00
4.924518110715122354e+00,-7.314674963794293161e-02,1.296453042996095428e+00,-2.286379606997268610e-01,-1.737954766775671400e+00,8.000000000000000000e+00
-6.440639738008626658e-01,-3.904842465476230373e-01,-4.610354271316066566e+00,-4.222353426044215041e+00,1.276888999907441091e+00,7.000000000000000000e+00
4.085426888558568059e+00,-1.076790382244919408e+00,-1.231967058929937187e+00,-8.412832712097951804e-01,-4.818091086085996011e+00,3.000000000000000000e+00
-1.243248592564481086e-02,5.557865500165161343e+00,-2.186081109679565593e+00,-4.628379285936775389e+00,1.639507550169524430e+00,1.000000000000000000e+00
-3.433127322174803098e+00,-1.047429040573968573e+00,-4.690035338353226280e+00,-2.555085276109521963e+00,1.638659576389854822e+00,2.000000000000000000e+00
1.109772487536930585e+00,-1.777056601834318794e+00,-1.642709843937923742e+00,2.669501889742339262e+00,1.696419694070314232e+00,5.000000000000000000e+00
-5.138728239531084041e-01,1.193467325550205960e+00,-4.456116352282217363e+00,-4.506452452418042043e+00,1.154548517051971812e+00,7.000000000000000000e+00
-7.007210373287227068e-01,-5.697170391844310622e-01,-4.775728425068828997e+00,-4.454750445169590733e+00,1.944041702872349564e+00,7.000000000000000000e+00
-1.918315168102397772e+00,-1.116367330847145567e+00,-1.420822593497842901e+00,-2.226123435641531589e+00,4.897256312116292420e+00,7.000000000000000000e+00
2.941614743491852035e+00,-3.117352312563493322e-01,-5.325270010671350196e-01,7.199750187713801486e-01,3.212894184090957950e+00,6.000000000000000000e+00
1.986431170108747368e+00,1.461629914479174897e+00,-5.252335704807595818e-01,-1.588070771641037604e+00,-4.888126382895555011e+00,3.000000000000000000e+00
6.294946589293731742e-01,3.880243873439697566e+00,7.475249215868595698e-01,5.631993114297110914e+00,-8.363826084635393343e+00,9.000000000000000000e+00
3.167359625917487875e+00,-5.052768448601335782e-01,2.078762481698470665e+00,1.367524460159179167e+00,-3.048769637380337016e+00,3.000000000000000000e+00
-2.049299562270599395e+00,-2.064948076613645489e-01,-3.224261761081476330e+00,-3.795387802827713930e+00,3.631926823109021374e+00,7.000000000000000000e+00
-3.661943176521400112e+00,1.590973298216958209e+00,-6.590999786399637017e+00,-4.468283548898233093e+00,-4.771619330009078119e-01,2.000000000000000000e+00
1.336417712535004743e+00,-2.464520138137503480e+00,-8.677200146382724188e-01,-3.481552080442792185e+00,-1.164961345385889802e+00,0.000000000000000000e+00
-3.992839081915141808e+00,-2.843309728076627296e-01,-5.946915501271379689e+00,-4.244132843981335057e+00,1.024589559722623555e+00,2.000000000000000000e+00
3.615838745800590837e-01,-2.982446728727629726e+00,1.361939355494863058e-01,-2.861796269456818198e+00,-1.657493764640593614e+00,0.000000000000000000e+00
-4.477883868022602964e-01,-3.759245670894898250e+00,1.175704037832475235e+00,-1.666072033524820029e+00,-1.153444535601253040e+00,0.000000000000000000e+00
4.440254550624971319e-01,-3.450896063376451384e+00,1.161808919766765674e-01,-2.668422476937684529e+00,-1.517095123953004387e+00,0.000000000000000000e+00
2.896710922430145718e+00,-1.630337756704088203e+00,-9.497046498421208849e-01,-2.910470738172327154e-01,-5.082223437284743461e+00,3.000000000000000000e+00
-2.145220025763797445e+00,-4.917754992546802262e-02,-1.811752994828058405e+00,-2.991678707376510982e+00,3.814642177852804572e+00,7.000000000000000000e+00
3.019464863174967206e+00,-1.964721819087448917e+00,-1.072414513817888881e+00,8.087789632933743977e-01,3.184974759865078386e+00,6.000000000000000000e+00
-5.287032634901983608e-01,-3.655976172787072098e-01,-2.522619110072090720e+00,-2.890868180337990978e+00,4.133546281282614920e+00,7.000000000000000000e+00
-1.675938250237489990e+00,-3.393878897548072149e-01,-2.786305270975693915e+00,-3.147793548944758157e+00,2.379594939896525041e+00,7.000000000000000000e+00
3.263786463460538467e-01,5.194402508215032022e+00,1.169417292484939308e+00,5.346498788061253116e+00,-7.604085182808884014e+00,9.000000000000000000e+00
4.369402394642242449e+00,-1.862051612636465014e+00,4.186795668809439874e+00,2.134856837295919352e+00,-1.928164590380601062e+00,8.000000000000000000e+00
-1.237888620385025673e+00,-6.911776229443424846e-01,-3.615831521403990667e+00,-3.823825955605294702e+00,1.654144097242325584e+00,7.000000000000000000e+00
-1.203822534606053596e+00,-3.943559065095907368e-01,-4.343268645113520066e+00,-4.091671712167518571e+00,2.388022679725759101e+00,7.000000000000000000e+00
1.256923365103609636e-01,-4.650945145809228798e+00,2.664698056330831122e+00,-1.521590691024249931e-01,-3.920047685098773105e-01,0.000000000000000000e+00
-2.404450097892107507e+00,-4.008863640577383647e-01,-2.311360383435199672e+00,-3.376726109568049417e+00,4.714516468389967407e+00,7.000000000000000000e+00
1.620498332604085601e+00,4.681034012387769394e+00,-9.524526337166109302e-01,4.239736063234124330e+00,-8.567477303099808594e+00,9.000000000000000000e+00
5.623288065272268321e-01,-1.734932585734109134e+00,-4.861522626482112308e+00,-3.860276293516369694e+00,2.065986196000229924e+00,7.000000000000000000e+00
1.373943820600681764e+00,4.276679665039947231e+00,3.610026605523433685e-02,5.065078726691199407e+00,-7.353961465992258972e+00,9.000000000000000000e+00
-1.506883025323534797e+00,9.196511217156451146e-01,-4.217004371875641588e+00,-4.592513753411034294e+00,2.228342674111615018e+00,7.000000000000000000e+00
1.101097695394470444e+00,-4.285655636270274016e+00,1.876292366339632700e+00,-1.111999646940252884e+00,-5.869296262270240483e-01,0.000000000000000000e+00
-8.761309627585965876e-01,-2.882878185036764407e+00,1.308523999250889247e+00,-1.926813641961572454e+00,1.786655853392669635e-01,0.000000000000000000e+00
1.725479374620225492e+00,-1.362755026608107878e+00,-3.917428357275428041e+00,7.802342251908288562e-01,2.553227550957497094e+00,5.000000000000000000e+00
-2.223392503531678166e+00,-1.854357511883841514e-01,-4.457241700734435597e+00,-4.945892882983250693e+00,3.526111489530312060e+00,7.000000000000000000e+00
4.062882502142771024e+00,-1.241053292098855287e+00,3.395582748231984027e+00,1.594727291661059310e+00,-1.300601112034010631e+00,8.000000000000000000e+00
-1.426956581744809771e+00,6.855089138091740253e+00,-1.222452070671155855e-01,-3.509885078432943839e+00,1.794667492166112099e+00,1.000000000000000000e+00
8.079917091333279622e-01,-3.146907027802763768e+00,1.524326425508517380e+00,-1.492116292260923460e+00,-4.533678914399872362e-01,0.000000000000000000e+00
1.830623939876591333e+00,-1.811682294563343953e+00,-1.612880039031272528e+00,-7.952946689563270000e-03,3.268126998129045280e+00,6.000000000000000000e+00
-8.611326438406470274e-01,-4.583671564078454774e-01,-2.614666881168319357e+00,-3.097681425029219060e+00,2.782506890205638683e+00,7.000000000000000000e+00
1.350920716466906257e-01,8.639533179478543490e-01,-3.205871750987729030e+00,2.771787951475800926e-01,1.894764654676852400e+00,5.000000000000000000e+00
3.049335140530696986e+00,-2.183412471716634329e+00,-7.973887127853275247e-01,1.578687486961291464e+00,2.607120950559618677e+00,6.000000000000000000e+00
3.758708429469990175e+00,-4.154677971329873709e-01,4.422273209394611548e+00,1.640795050672769317e+00,-8.223623645681998884e-01,8.000000000000000000e+00
3.122455688391713835e+00,-3.518205257942527808e+00,-7.628771211811713471e-01,1.626675314874307610e+00,1.684736730975906038e+00,6.000000000000000000e+00
1.972159601708338261e+00,-7.922455782564372662e-01,-5.229389567977211328e+00,-9.919658389443550273e-02,6.434653033954430557e-01,5.000000000000000000e+00
9.371826220799699403e-01,3.742505246963256482e+00,4.390324936710171544e-01,5.482558314907837627e+00,-8.025194038994760248e+00,9.000000000000000000e+00
2.058255465804780027e+00,4.436577213817210819e+00,-2.971985258766186799e+00,3.210504925320827763e+00,-9.612696620252007662e+00,9.000000000000000000e+00
7.951436314669453331e-01,-3.176836360683672922e+00,7.060405048096570768e-01,-1.968272230585976779e+00,-1.423837474667356551e+00,0.000000000000000000e+00
1.949351740495883778e+00,-3.949839632362390218e-01,-3.937834738236853038e+00,2.323199676874759256e-01,2.457073281142775567e+00,5.000000000000000000e+00
-2.360741322664969555e-01,-5.489432399430244081e-01,-4.819324344032894558e+00,-4.449920481439052722e+00,7.666354114174398493e-01,7.000000000000000000e+00
9.872087056112271997e-01,3.834953974859507841e+00,1.425130337557950766e-01,5.326697415383890188e+00,-7.633723282276594801e+00,9.000000000000000000e+00
1.214950907222849930e+00,-1.471678030323139819e+00,-7.343835508208406138e-01,2.963429607365263507e+00,2.916224104364468328e+00,5.000000000000000000e+00
-1.007955421949997543e+00,6.656960304787502558e-01,-3.678359348609054003e+00,-4.376313594450497391e+00,2.813098996653664585e+00,7.000000000000000000e+00
-5.850322883492454773e-01,-2.308876192552138384e+00,3.982999341550612638e-01,-2.442056832574153624e+00,-2.250401375388915159e+00,0.000000000000000000e+00
-7.144091766128685128e-01,-2.029190145267896650e+00,-3.723029934560711851e+00,-3.525799451779402904e+00,3.521326920130170901e+00,7.000000000000000000e+00
-2.247176860765807582e+00,-9.147150407052070387e-01,-1.908860571539922724e+00,-2.710532451155506006e+00,3.573943532251860233e+00,7.000000000000000000e+00
-8.143759349004925374e-01,-3.032882669384699525e+00,1.805803449067510114e+00,-1.785351003573758089e+00,9.528904265842556842e-02,0.000000000000000000e+00
-4.297135519948356297e-01,-3.860419271053896484e+00,1.023810341153362335e+00,-1.935588629591204368e+00,-8.309725399226728371e-01,0.000000000000000000e+00
-4.558355940899996295e-01,-8.055347145329319059e-01,-4.495155878939676164e+00,-4.044187101442734189e+00,1.910052760932642979e+00,7.000000000000000000e+00
-1.234051590593987058e+00,-7.422059959494357040e-01,-2.578734539978587925e+00,-2.947369562819324162e+00,1.754741019701097304e+00,7.000000000000000000e+00
-3.453784689733643276e+00,5.644187793319975777e-01,-1.652578548800050173e+00,-2.927626110626626588e+00,3.177270614180044195e+00,7.000000000000000000e+00
-2.816482210987606205e+00,7.683812923663851935e-01,-3.636576616800570427e+00,-4.799669719329428652e+00,2.474845512536461900e+00,7.000000000000000000e+00
1.766381237186090081e+00,-2.093963090073557520e+00,6.926721845693925017e-01,2.098278655208914323e+00,3.188050800925237738e+00,6.000000000000000000e+00
3.202709740216204359e+00,1.819052346654149444e-01,-1.915402297889486904e+00,-2.072749240180635777e+00,-4.443318672629076538e+00,3.000000000000000000e+00
-2.539255703744302206e+00,-1.172613225976124385e+00,-7.389926364272412229e+00,-4.468016970950114519e+00,6.679743472496868506e-01,2.000000000000000000e+00
-2.065544664655759366e+00,-1.487990133198320852e-01,-4.676866614266939060e+00,-4.790257586819095081e+00,1.469659950076399602e+00,7.000000000000000000e+00
-8.197129542702362714e-01,-1.893856833022469210e+00,-4.082786985117244249e+00,-3.559751467306169204e+00,2.264271566972550609e+00,7.000000000000000000e+00
3.831758032718637352e+00,-2.786319737598168089e+00,-1.733475547999351996e+00,7.895443065990770393e-01,2.143032373045210992e+00,6.000000000000000000e+00
-1.878108513288126780e+00,-1.070481263645568504e+00,-5.443722630146347718e+00,-4.699347218446262353e+00,-1.322688269343608725e-01,7.000000000000000000e+00
-3.887687926125388271e-01,-1.058217167200766973e+00,-4.710926318177933503e+00,-4.506560958017803209e+00,2.553427310390373517e+00,7.000000000000000000e+00
-2.558777663453872253e-01,-4.168280504627821514e+00,1.690277890293681917e+00,-8.501268680304877590e-01,-1.721796760507666502e+00,0.000000000000000000e+00
-7.552710343862023556e-02,-3.378791247478971638e-01,-3.523261334243737775e+00,-3.375717561654715926e+00,2.634442526014140640e+00,7.000000000000000000e+00
1.189527305661346013e+00,-3.792008612470246565e+00,-3.113268388826114230e-01,-2.496382740334362360e+00,-2.149099708716611268e+00,0.000000000000000000e+00
-1.507986577822860941e+00,4.718495434110426268e-01,-4.915462050863215637e+00,-4.800335560486485242e+00,1.000647037337794698e+00,7.000000000000000000e+00
-2.675271125158613650e+00,3.678167905861186027e-01,-8.886941011707396587e-01,-2.192680277210383721e+00,3.111382561463459595e+00,7.000000000000000000e+00
1.219377770002588068e+00,-2.745694822373733412e+00,-8.274251074769665149e-01,-3.627190364420890489e+00,-1.956232203080861876e+00,0.000000000000000000e+00
-3.447873177689260604e+00,4.944906896524359219e-01,-4.229318981725325166e+00,-2.611460892991656735e+00,3.842660762844679612e-01,2.000000000000000000e+00
1.423757666450422787e+00,1.580848775492402769e+00,-2.501498935797215606e-01,-1.285370811169354033e+00,-4.079433821819576700e+00,3.000000000000000000e+00
-1.952705772582562949e+00,-2.275526108325946151e+00,-9.546530579691069329e-01,-1.677485317376293139e+00,4.013887274859090581e+00,7.000000000000000000e+00
3.090842602515956550e+00,-1.598101320596383879e+00,4.434775647739273019e+00,2.364195366269463694e+00,-8.972036208036991978e-01,8.000000000000000000e+00
-1.895067333178233060e-01,-2.365306065410992975e+00,-4.195245392325477773e+00,-3.419106444126703170e+00,2.012668681289009776e+00,7.000000000000000000e+00
-2.149253108653079281e+00,6.702945776333955052e+00,-9.397625115975938304e-01,-4.227125904618963759e+00,1.905022209053757409e+00,1.000000000000000000e+00
-1.725016163856953888e+00,5.715461025392814420e+00,1.967670640737262167e+00,-1.363201188805807096e+00,2.984856884836683211e+00,1.000000000000000000e+00
-4.341817011553239514e-01,-3.151557925809276850e-01,-5.990667134109115111e+00,-5.398193696672206165e+00,9.322101158607427607e-01,7.000000000000000000e+00
1.358177683455339957e-01,-3.244159042081173450e+00,1.598053163478126759e+00,-1.918389461802541440e+00,-8.693955172303369228e-04,0.000000000000000000e+00
2.458606520662661499e+00,-3.112436999580229458e+00,6.184317623464676839e-01,2.111424606246484537e+00,3.608667809672835958e+00,6.000000000000000000e+00
-1.085917319513142187e+00,-3.334942792946409718e+00,3.365313861149822117e+00,-5.647814045579676590e-01,1.132203927093018203e+00,0.000000000000000000e+00
-1.560964008581573692e+00,7.858768286530083413e-01,-5.475941657656571593e+00,-5.537540811966661813e+00,6.954495392543325050e-01,7.000000000000000000e+00
1.384572373911029386e+00,-1.101206231670459390e+00,-3.885987796075172529e+00,6.173244826438341049e-01,1.209799932626935970e+00,5.000000000000000000e+00
-3.335046402707550151e+00,6.173550810886185403e+00,1.132107239754390204e-01,-3.829135200537029160e+00,3.216513172897689454e+00,1.000000000000000000e+00
-3.726311259504673234e-01,-1.553288435628430886e+00,-4.080701153620343469e+00,-3.822834034718432861e+00,3.387299409231890657e+00,7.000000000000000000e+00
3.627985294246097947e+00,-8.397695437362726611e-01,3.350650750061126004e+00,1.067533269718945244e+00,-8.832706166146573334e-01,8.000000000000000000e+00
1.406137084526087877e+00,2.099146455026396907e-01,7.959140765356580438e-01,-1.777548055086321521e-01,-4.307229926690988364e+00,3.000000000000000000e+00
-2.235121896565376520e+00,8.846343274101641230e-01,-2.861412955557356419e+00,-3.991265643501140659e+00,3.273750370804161758e+00,7.000000000000000000e+00
-3.180254943203405293e+00,-2.449173106750495432e-01,-5.859433602589064982e+00,-3.627184698988890066e+00,4.681418546098528033e-01,2.000000000000000000e+00
2.581207460564190481e-01,3.453617847479431013e-01,-5.890614292871438451e+00,-5.311016519662321578e+00,3.666258226727853176e-01,7.000000000000000000e+00
1.853518725953802626e+00,-2.012226791005321536e-01,7.313320377329041166e-01,4.374015874551998584e-01,-5.099929085408946072e+00,3.000000000000000000e+00
-1.730245600274785245e+00,-1.310547818248137375e+00,-4.277770390620187158e+00,-4.099531041010532562e+00,1.989728401110594014e+00,7.000000000000000000e+00
5.560214741556136486e-01,-4.530362667459715553e-02,-3.902026882236797167e+00,-4.543417465454421822e-01,4.528397331530482184e+00,5.000000000000000000e+00
-2.216378000071624221e+00,-2.256232068165026750e+00,4.911028691541065250e+00,2.757139948507404625e+00,-4.763773559348836173e+00,4.000000000000000000e+00
-1.674151414087917455e+00,-1.071179691872662598e+00,-3.484090211747425059e+00,-3.846005558822173764e+00,2.177026300353428923e+00,7.000000000000000000e+00
-1.981551456068460920e-02,-1.777021211844415527e+00,-4.683651022065686398e+00,-3.996584665700269490e+00,2.269207849026598112e+00,7.000000000000000000e+00
-2.094248603228625605e+00,8.864270492191712592e-01,-3.470541646313728190e+00,-4.588748269466415231e+00,3.874005192159938105e+00,7.000000000000000000e+00
-5.266919582608441397e-01,-2.021884207463053584e-01,-6.203371382516087884e+00,-5.331281932069694030e+00,7.874649462447511628e-01,7.000000000000000000e+00
1.167638793629341087e+00,-9.976478718199098816e-01,-1.689998779094266768e+00,2.452841496842952385e+00,1.956701438595567222e+00,5.000000000000000000e+00
-3.774142339075606811e-01,-8.820420257865727032e-02,-5.628851613857635883e+00,-5.197717921390133000e+00,8.566001732715510242e-01,7.000000000000000000e+00
1.330362902145268977e+00,4.940058668206816606e+00,6.416221810256252933e-01,5.688729816538075745e+00,-8.036677943536682633e+00,9.000000000000000000e+00
-1.167937901948481683e+00,5.782366691823848548e+00,-1.289950777245865710e-01,-3.267138424523206464e+00,2.942362988011840041e+00,1.000000000000000000e+00
-4.940982549315525718e-01,-1.573812065373396907e+00,-1.278209399920064326e+00,-1.275801942217396512e+00,1.828302042801613458e+00,7.000000000000000000e+00
-1.875548784704065830e-01,-1.336185687399346289e+00,-2.262782115300030206e-01,-3.488999208124126561e+00,-2.793532671429611813e+00,0.000000000000000000e+00
5.750865127565690793e-01,-2.570504599353091169e-01,1.485953171474946544e+00,3.496795584922580136e-01,-4.614411193186275462e+00,3.000000000000000000e+00
-1.285447250538150232e+00,-2.680464207344897876e+00,1.286982027281065921e+00,-2.364235513052873383e+00,-1.800739794214140543e+00,0.000000000000000000e+00
1.104880498563438396e+00,-1.777123261289727640e+00,-2.767396083590098144e+00,1.367703698265028356e+00,2.997270214617228756e+00,5.000000000000000000e+00
-4.769386428907597675e-01,6.446194941889348273e-01,-4.565041627844895977e+00,-4.476424158056349079e+00,8.085745534287122060e-01,7.000000000000000000e+00
-9.271902199373907028e-01,6.435076888639936321e+00,-2.142797575907204877e+00,-4.883018482806265048e+00,1.143372131757784071e+00,1.000000000000000000e+00
-2.098654946349983064e+00,3.351572918122323053e-01,-5.313734940001396900e+00,-5.434704750015448838e+00,8.233285593780550471e-01,7.000000000000000000e+00
2.423060535610690180e-01,5.485849640045367792e+00,-8.172913938423679303e-01,3.392858748991636197e+00,-7.199509370821325582e+00,9.000000000000000000e+00
-1.114837146934184675e+00,-1.248542919759965814e-01,-4.596483372703128900e+00,-4.473201686833562896e+00,1.482204147457056198e+00,7.000000000000000000e+00
2.319699867553679518e+00,-9.729168289009959558e-01,-4.089355412841634063e+00,4.389828335947059679e-01,2.239582637147659927e+00,5.000000000000000000e+00
-1.922391205136853465e+00,-2.010792376590722075e+00,-1.972546431649137455e+00,-2.123454101315427334e+00,3.444644921763155843e+00,7.000000000000000000e+00
2.722800592017427856e+00,-1.919119494780813895e+00,-3.529213045006360794e-01,1.087128500240585494e+00,3.927234401296142430e+00,6.000000000000000000e+00
1.490969698146660527e-01,-2.710243401652692175e+00,9.617896613811314221e-01,-2.221510080570735290e+00,-1.477405800646999001e+00,0.000000000000000000e+00
-3.802664113011123614e+00,1.250742788852278742e-01,-5.305229297942599231e+00,-3.401733455769117231e+00,1.260376786207136668e+00,2.000000000000000000e+00
-2.721328346641637363e+00,6.449468031514588029e-01,-1.842687880811566759e+00,-3.044312358803709095e+00,3.041013277360166800e+00,7.000000000000000000e+00
-2.405882601122440789e+00,-1.481692109847344785e+00,-2.206573474938316792e+00,-2.378999776923421017e+00,1.866949021132600528e+00,7.000000000000000000e+00
6.929066002255898082e-01,-4.288721206395951668e+00,7.843850219319358219e-01,-1.585903328731970152e+00,-1.013341903665786470e+00,0.000000000000000000e+00
-4.055163764331234377e-01,-3.139124240499758578e+00,1.491811708138523818e+00,-1.420908774361577365e+00,-1.586819636361034513e+00,0.000000000000000000e+00
-1.839188747518510691e+00,5.703090236845599570e+00,-3.653831276501378622e-01,-3.639273773085655250e+00,3.016809798514880292e+00,1.000000000000000000e+00
-2.631382251822985685e-01,-1.006928549847480037e+00,-3.487170477933334567e+00,-3.001477366131890978e+00,1.603650634810014131e+00,7.000000000000000000e+00
-7.687867899829537999e-01,-6.015733274470300707e-01,-2.794745792519910399e+00,-3.203877736130909426e+00,2.800644580448082177e+00,7.000000000000000000e+00
-6.689778443187707202e-01,-2.409400717070595999e+00,-3.999644118025445838e+00,-3.255698608478426515e+00,1.676603589461273414e+00,7.000000000000000000e+00
-2.371443992410875445e+00,3.579992630094148698e-01,-8.378375123166131644e+00,-5.603796736627116637e+00,-1.752317082079950739e+00,2.000000000000000000e+00
6.572369415040690832e-01,4.873745093637166792e-01,2.006337089256841288e+00,6.035508865040359883e-01,-3.579927015598527440e+00,3.000000000000000000e+00
-1.088498705580553061e+00,4.455093127457058877e+00,-4.323385808797934327e-01,-2.885399606396164440e+00,2.215688609457905578e+00,1.000000000000000000e+00
-1.256095108630195911e+00,1.066183033524042534e+00,-2.826868066575158878e+00,-3.621339585552879825e+00,2.418080983077451673e+00,7.000000000000000000e+00
-1.941639491421266461e+00,2.184208231303397252e-02,-3.587648949389073749e+00,-3.852432065171697229e+00,2.419883012429383307e+00,7.000000000000000000e+00
1.181869610864586084e+00,-4.888526316152337348e-01,1.693671480218309267e+00,7.592979023633320557e-01,-3.264248576710135463e+00,3.000000000000000000e+00
3.848809826804165279e+00,-1.272507036455029050e+00,3.673681272233944917e+00,2.145158212295890099e+00,-2.179815416678954065e+00,8.000000000000000000e+00
3.688571693996566925e+00,2.872031328845956910e+00,-3.125406403942434075e+00,-3.268874661246606195e+00,-5.942806859623683380e+00,3.000000000000000000e+00
-3.876147132774985793e-01,-9.445886227616286934e-01,-2.902047769094823870e+00,-2.820339604235941877e+00,2.461215742607817614e+00,7.000000000000000000e+00
-2.435526415271384693e+00,1.941226880588544645e-01,-4.379397350411429635e+00,-4.727594657644039522e+00,1.856201203426845581e+00,7.000000000000000000e+00
2.410882920116207195e+00,6.631358205805314432e-01,8.780839240214221020e-01,-3.554685154839346550e-01,-2.649686212922905515e+00,3.000000000000000000e+00
1.529788661472252009e+00,-1.773160359052402824e-01,-3.121652416659386642e+00,1.059341908084374895e+00,1.202374327000437004e+00,5.000000000000000000e+00
2.356716746105791405e-01,-1.817189154417475416e+00,1.055311630228866537e+00,-2.642972383939488079e+00,-5.261911269752617137e-01,0.000000000000000000e+00
-1.074767315618916808e+00,-1.444497700634888693e+00,-3.045837199640277770e+00,-2.963742570031953960e+00,3.151799315248858147e+00,7.000000000000000000e+00
-7.944128515403869883e-01,-1.349798714695636503e+00,-4.570523929501302263e+00,-4.393475995070823537e+00,1.307696529035238031e+00,7.000000000000000000e+00
-2.969147550423534732e+00,-4.501163283513235358e-01,-2.195785930819436960e+00,-3.459052179230767354e+00,2.887198848671612694e+00,7.000000000000000000e+00
2.848793402834646216e+00,2.361402446803012034e-01,-2.294993816859799196e+00,-1.888583883106644379e+00,-6.113531222973642265e+00,3.000000000000000000e+00
-3.046889851644151159e-01,2.561402743426528517e-01,-6.185073011566553092e+00,-6.209615398041939294e+00,1.880612722234726641e+00,7.000000000000000000e+00
-1.208209372300539375e-03,-5.349489378720021726e+00,2.516527250944158300e+00,-5.527960024758349356e-02,-1.276600327686794767e+00,0.000000000000000000e+00
2.365437677269004002e+00,8.540161587844218305e-01,-9.466680462877625768e-01,-1.308802883575732157e+00,-4.827569615382038215e+00,3.000000000000000000e+00
3.177767551697546100e+00,-1.361335662885075237e+00,-1.482779733087773888e+00,1.930019819590770291e-01,2.565372370185994289e+00,6.000000000000000000e+00
-1.529468458509954276e+00,-6.058196489422948972e-01,-1.791543666548027103e+00,-2.951107282083284655e+00,5.227501922769655529e+00,7.000000000000000000e+00
-3.008286802297674423e-01,-1.857785653535149795e+00,-6.571777199019613880e-01,2.761195421687465679e+00,3.478777021089287658e+00,5.000000000000000000e+00
-8.673387432584793721e-01,-2.328537045014981821e+00,-2.572794382841473215e+00,-2.287790910073240980e+00,2.128051280817621738e+00,7.000000000000000000e+00
1.480622634993658815e-01,-3.517812807020724186e+00,-1.795711835247566501e-01,-2.715072270495269446e+00,-6.373547508092592961e-01,0.000000000000000000e+00
-1.301657138023752491e+00,1.012554038493318931e+00,-2.314806876060727880e+00,-4.112344025300208372e+00,5.024051559219774532e+00,7.000000000000000000e+00
3.204631507964424419e-01,1.643191361097144698e+00,1.845296714781724301e+00,-7.483891398744479950e-02,-3.567478529553874900e+00,3.000000000000000000e+00
-2.357160236248595719e+00,-1.020970120325196406e+00,-1.272600876094473366e+00,-1.997977200270352194e+00,2.188801106964068932e+00,7.000000000000000000e+00
6.618877160820036964e-01,-3.709276197816220311e-01,-5.574638801516027087e+00,-4.825819758852581742e+00,1.221277835477811324e+00,7.000000000000000000e+00
-1.868428016697963878e+00,3.055428526797435151e-02,-2.483613164768308401e+00,-2.700045830028750871e+00,1.277746684460121296e+00,7.000000000000000000e+00
-2.597002951668311965e+00,1.482954079206447950e+00,-2.539081316137668853e+00,-3.942549607968952152e+00,3.679418979197673245e+00,7.000000000000000000e+00
-2.923307205404041209e+00,-1.122289623376585110e+00,-7.458985083549685591e+00,-4.877085674948005156e+00,5.945560790675796792e-01,2.000000000000000000e+00
-1.165745010619276156e+00,4.363371129865461384e+00,2.007921639020471272e-01,-2.481910994770811563e+00,2.742913889711654729e+00,1.000000000000000000e+00
-2.455960385016643155e+00,3.173475055141453810e-02,-1.110932899091969794e+00,-2.195717748948526005e+00,2.488009154178221216e+00,7.000000000000000000e+00
1.397116603297907877e+00,-4.524630460989489400e+00,8.634622366379270941e-01,-1.207314767433946612e+00,-1.980678948966745789e+00,0.000000000000000000e+00
-1.181666605675367299e+00,6.681197270388733678e+00,-1.533581697527970578e+00,-4.651185902399642025e+00,2.310698331431660701e+00,1.000000000000000000e+00
-1.019410268952450627e-01,-1.877743418384146157e+00,-4.283006984436735110e+00,-3.325334138479728807e+00,2.065250585861951205e+00,7.000000000000000000e+00
-3.203797038084380766e+00,-1.986641490706633206e+00,5.147445945705087844e+00,2.683635014764556015e+00,-5.479650641397852517e+00,4.000000000000000000e+00
-7.495601871552334261e-01,-2.404034090384787437e+00,-4.568142085297203892e+00,-3.766164898263018923e+00,2.700988748841943288e+00,7.000000000000000000e+00
-2.530750686333005373e-01,-1.595199344523461793e+00,-5.332922205889929046e+00,-4.653556733097943265e+00,1.628460195535988531e+00,7.000000000000000000e+00
-2.409673541650677819e+00,-1.281944510396825498e-01,-1.529263904346035874e+00,-2.764101811203650616e+00,3.251457391472638125e+00,7.000000000000000000e+00
3.040753723714153089e+00,-1.016405991458957103e-01,1.461383252118852449e-01,-1.632063867523751433e-01,-5.004523529503612345e+00,3.000000000000000000e+00
-1.476396813361529503e+00,5.642807461925031909e+00,-1.689309693644494681e+00,-4.178805023628183513e+00,1.207966946724058355e+00,1.000000000000000000e+00
-3.208425578978261417e+00,6.511239190220323714e+00,2.724439048621090542e+00,-1.729291220210876556e+00,3.700069714375520569e+00,1.000000000000000000e+00
3.626271967555620979e+00,5.150633056588932446e-01,-3.384689839068939943e+00,-2.839369807436160187e+00,-6.407096635602157697e+00,3.000000000000000000e+00
1.854588264457829982e+00,-2.820665363289396765e+00,8.889793448842899792e-01,2.249194910708931960e+00,3.916517460035742637e+00,6.000000000000000000e+00
3.556637861343545204e+00,-1.145396377219185968e+00,-1.644293827707931976e+00,2.787302488131442879e-01,1.711133724431748160e+00,6.000000000000000000e+00
-1.001457607785717574e+00,-1.834843707884720621e+00,-3.901452833367818673e+00,-3.647753819351262194e+00,2.393736837685201291e+00,7.000000000000000000e+00
3.210804776517679926e+00,-1.316391914982865341e+00,-3.008555519641313847e-01,1.149844698876452062e-03,-5.210282519768499654e+00,3.000000000000000000e+00
1.101911806604756849e+00,-1.560776511978009928e+00,-3.318625634505798505e+00,9.791030019578067511e-01,1.318553076263361712e+00,5.000000000000000000e+00
1.308805872174117146e+00,5.589834494387037722e+00,-1.715706732088392972e+00,3.392671423740283743e+00,-9.238393900803297143e+00,9.000000000000000000e+00
-7.504580543837680029e-01,-4.367586309470186556e+00,1.704953930903752468e+00,-1.418342100142534479e+00,-1.230772187773828685e+00,0.000000000000000000e+00
1.166914904889883031e+00,-4.653516994370120452e-01,-2.987209569982582025e+00,1.258862634931041669e+00,2.595332584568970091e+00,5.000000000000000000e+00
-1.997746222791958015e+00,-2.194610610127813999e+00,-1.967596810196090784e+00,-2.532387510914512863e+00,3.412677397938859603e+00,7.000000000000000000e+00
-2.175115679160649074e-01,-5.974035616325633624e-01,-5.793816673120169014e+00,-5.647066100112052567e+00,1.532274493648119407e+00,7.000000000000000000e+00
6.612934678401511945e-01,-4.193885707702916577e+00,-1.735701066348672716e+00,-3.807883726239900568e+00,-2.138866022403456135e+00,0.000000000000000000e+00
2.526384454484161823e-01,-1.188230179344024418e+00,-5.050382913088293790e+00,-4.597874682926089029e+00,1.821031560335375055e+00,7.000000000000000000e+00
3.992903078282587614e+00,-1.688914004100275257e+00,-2.634570435544001388e+00,1.360361524338781769e-01,1.725414059630545616e+00,6.000000000000000000e+00
1.355735163115228126e+00,-4.936355490500923260e+00,6.924669451073846016e-01,-1.772790646974238937e+00,-3.520473755337188426e-01,0.000000000000000000e+00
-1.543629241834139076e+00,4.024855442720424392e+00,-5.108056585799220645e-02,-2.486763576865418379e+00,2.195429376808544664e+00,1.000000000000000000e+00
-3.473780496632700165e-01,-3.745187009359761898e+00,1.981459155408007655e+00,-1.238794620248328648e+00,-4.207572860649058666e-03,0.000000000000000000e+00
-1.611253774297215724e+00,-6.305519277104367770e-01,-4.569911622908733762e+00,-4.580781608966185026e+00,2.384782890169958591e+00,7.000000000000000000e+00
2.950902739808784592e+00,2.322352002020105777e-01,3.023462913728685031e+00,5.593260719063265496e-01,-1.301641101705578674e+00,8.000000000000000000e+00
3.328040622717752139e+00,5.046675515679974744e-01,-1.012499186783798910e+00,-6.885380102665702440e-01,-6.024023835067768395e+00,3.000000000000000000e+00
2.581232644245578189e+00,-1.490097545860954220e+00,4.161368849038150908e-02,1.962691923890741208e+00,1.886128776953895692e+00,6.000000000000000000e+00
6.833177727255406175e-01,-1.439503528307646274e+00,-2.125945002704842324e+00,1.758287880564420869e+00,3.894411642606530499e+00,5.000000000000000000e+00
2.736139730008477322e+00,7.727205956608099724e-01,-1.560397746953872955e-01,-4.708855655726604250e-01,-3.243860781985261177e+00,3.000000000000000000e+00
-2.610255253530255004e+00,-1.199413973981468873e+00,-2.797232325916442885e+00,-3.508430511019195563e+00,2.675928198989406148e+00,7.000000000000000000e+00
-1.951609989195703054e+00,5.524291307101990789e+00,1.072698009055923496e-01,-3.311594021893423445e+00,2.712139351730153969e+00,1.000000000000000000e+00
-1.264927510909704678e-01,3.117679690813358051e-01,-4.949733889321636049e+00,-4.675004432593524939e+00,9.578115949317962396e-01,7.000000000000000000e+00
3.505174780271933077e+00,-2.940796927016669393e+00,-3.039488497180367510e+00,-6.300589659199249404e-01,2.194894045562850504e+00,6.000000000000000000e+00
1.917594789771486230e-01,-3.177716228635058648e+00,5.209917761466448249e-01,-2.151705735052927171e+00,-1.978501049026755609e+00,0.000000000000000000e+00
1.735026817039333480e+00,3.152458134164890513e+00,-3.048145048615099384e+00,2.889255930679996087e+00,-8.814359525743192592e+00,9.000000000000000000e+00
-1.435307690745369014e+00,5.228290597619913882e+00,2.786760514883794837e-01,-2.943989378606738594e+00,3.128028717203596543e+00,1.000000000000000000e+00
4.962203930065594015e+00,-1.235285083680793150e+00,2.196826226954790240e+00,7.153877119354333791e-01,-1.516974993012112360e+00,8.000000000000000000e+00
-1.680027373807764457e+00,-2.544930384627041436e-02,-1.710224378386799637e+00,-2.878247223766539076e+00,3.615710342529578902e+00,7.000000000000000000e+00
-1.862471998400799356e+00,-7.057959009606643574e-01,-6.704553766402477244e+00,-3.946713360115918334e+00,6.864010013251838904e-01,2.000000000000000000e+00
-1.340633264331990260e+00,5.865696343871384943e-01,-3.174035715451254624e+00,-3.697497332643097323e+00,2.651843189657913769e+00,7.000000000000000000e+00
6.945805635331935290e-01,-5.566094442879371273e-01,-1.020671488692443063e+00,2.713187035827843818e+00,2.486305954143925412e+00,5.000000000000000000e+00
3.981098358960684980e+00,-3.084974333207473052e+00,-1.877497447570605660e+00,8.497593196432540186e-01,1.589391379413926053e+00,6.000000000000000000e+00
-1.510158412869381905e+00,-1.929086892674205744e+00,3.436330635456555260e+00,1.666162780099398999e+00,-6.421643116566328580e+00,4.000000000000000000e+00
-2.132120139085842414e+00,-1.764335457058648915e-01,3.059550109672625418e+00,8.513918538580687034e-01,-5.604106783080604615e+00,4.000000000000000000e+00
-1.313757868848645982e+00,-7.780338164752186314e-01,-3.884769454045433168e+00,-3.670570695352166624e+00,1.764424002527583024e+00,7.000000000000000000e+00
-1.101303346642553693e+00,-2.981645868367296948e-02,-2.861181946253749775e+00,-3.227877180623941022e+00,1.529146014511881813e+00,7.000000000000000000e+00
9.822418163188636475e-01,-1.101266375324277069e+00,-5.389799155290073251e+00,-4.501401014813397161e+00,-1.281737185808029533e-02,7.000000000000000000e+00
9.555421358386461117e-01,-3.308995220588474062e+00,-1.337051895071313501e+00,-3.443020734102849811e+00,-2.058496785393372441e+00,0.000000000000000000e+00
1.026910797551934929e+00,-2.712510227356069059e+00,-3.180513679274696859e-01,-2.991426364818156269e+00,-1.747813111669615838e+00,0.000000000000000000e+00
-2.464841091783457117e+00,8.341413421945673146e-02,-1.813224694529845804e-01,-1.373834082418420977e+00,2.829845064802473775e+00,7.000000000000000000e+00
7.599959834861464980e-01,-3.794084048199025005e+00,1.733477616452558046e+00,-1.029294314511068231e+00,-1.362155683302716191e+00,0.000000000000000000e+00
6.347447122244211926e-01,-2.972146851603398421e+00,8.263394386710490869e-01,-1.839354004473843229e+00,-1.296174138308435086e+00,0.000000000000000000e+00
1.033806823173143152e-01,5.705144599261797289e+00,8.511886959563299548e-01,5.104539143331915163e+00,-8.408589301565324803e+00,9.000000000000000000e+00
2.136976545162427854e+00,-9.263517090294768330e-01,-1.296451238023297758e+00,-1.181924903061416288e+00,-4.757543165848057143e+00,3.000000000000000000e+00
-2.091227623965357552e+00,4.514759669439151746e-01,-3.315052727374529606e+00,-3.975974294281352073e+00,3.125003525710252639e+00,7.000000000000000000e+00
-8.566865917128423380e-01,-4.489423865299527527e+00,2.301052275517512236e+00,-8.407001831870073438e-01,-6.678788848709543702e-01,0.000000000000000000e+00
1.759399173275328465e+00,-1.900474388313679430e+00,-1.194657390035396505e+00,3.078772119403336838e-01,3.565103968097050213e+00,6.000000000000000000e+00
-8.726240816724187832e-01,-2.747821301572306751e+00,3.375330859569489306e+00,-3.800417133869791186e-01,-1.033648272349895869e+00,0.000000000000000000e+00
4.531991434139296532e-02,-3.836457355886930376e+00,1.167753677048692040e+00,-1.743167269995801849e+00,-2.140646887997263437e-01,0.000000000000000000e+00
-8.812843050424621349e-01,-2.835487786115451492e+00,2.792805491492899250e+00,-9.720712666050768114e-01,-6.259249912570813423e-01,0.000000000000000000e+00
5.960245476352904470e-01,-4.002989411856924251e-01,-1.712629734135547421e+00,1.715693528791966127e+00,4.379007226493740745e+00,5.000000000000000000e+00
-2.826372183996210818e+00,-2.950726968443134202e-01,-1.318962656371353237e+00,-2.346922388181688746e+00,3.525234301744263998e+00,7.000000000000000000e+00
-7.891875948184049472e-01,-1.574731609728713178e+00,-5.317236682201595954e+00,-4.834167983688714365e+00,2.047054152597430399e+00,7.000000000000000000e+00
6.170557211486630278e-01,-3.617496083080837810e+00,2.010810632971193002e+00,-1.160016877864332496e+00,-1.683504024612363370e-01,0.000000000000000000e+00
-1.565701085991581865e+00,-4.773567741838010137e-01,-3.368524439157235317e+00,-3.760438178909538021e+00,3.661059884344266102e+00,7.000000000000000000e+00
-1.492839984934584807e+00,-1.117561207442745008e+00,-3.460655505013444877e+00,-3.600314154215961349e+00,3.084869739877911243e+00,7.000000000000000000e+00
-3.210455754028939346e+00,-2.931723871882015442e-01,-5.899759923501276759e+00,-3.546040147034053902e+00,-5.354625048445955937e-02,2.000000000000000000e+00
-4.333348236380105134e-01,-2.805938851634722231e-01,-3.491510471488970424e+00,-3.387354780082129757e+00,2.851244482447251816e+00,7.000000000000000000e+00
6.805327379027896750e-01,-3.904770000358898319e+00,3.350810024456474689e+00,1.377601029679431377e-01,2.422849349245875805e-02,0.000000000000000000e+00
1.013286753085424374e+00,-3.070201330057973355e+00,-6.314697295166630253e-01,3.461737521044274235e+00,3.751180312663862537e+00,5.000000000000000000e+00
1.006433969727249300e+00,-3.027828603070598756e+00,7.142729949665779232e-01,-2.249019486555155822e+00,-6.905934342247661561e-01,0.000000000000000000e+00
-3.921354762299604779e+00,1.346404318418880752e+00,-5.156964173350716329e+00,-3.569041411765947025e+00,9.206555088515140373e-01,2.000000000000000000e+00
-1.227762721169768589e+00,5.146075057185094614e+00,-2.478239192759341680e+00,-4.809276159302310560e+00,1.046285014722512674e+00,1.000000000000000000e+00
-3.503959013397133226e+00,-8.850553014017880082e-01,-5.791592685000640728e+00,-3.148523455457095110e+00,3.519074336929897684e-01,2.000000000000000000e+00
1.867066374735307122e+00,-7.743416367603388473e-01,-4.933387124358462605e-01,-2.586869155613341076e-01,-5.571130726557878887e+00,3.000000000000000000e+00
-1.007689256337937822e+00,-1.220702191374579693e+00,-2.632118239113347080e+00,-2.269943820001154133e+00,1.192478081672357249e+00,7.000000000000000000e+00
-2.400093597299902126e-01,-4.239704972435651698e+00,1.795759100142675591e+00,-7.383798746581385908e-01,-2.354451114429503278e+00,0.000000000000000000e+00
-1.060259062761246485e+00,6.103892329709473819e-01,-5.335256374604652407e+00,-5.365920407026576022e+00,1.220318999498632762e+00,7.000000000000000000e+00
4.821911743805642914e+00,1.056942236433023430e+00,-5.798631201582737926e-01,-1.622207083914505077e+00,-3.879840878639896573e+00,8.000000000000000000e+00
4.427196083566377061e-01,-3.572638159179682305e+00,-1.008432681385054291e-01,-2.213713552539802176e+00,-2.544502785684127577e+00,0.000000000000000000e+00
-1.110376609043899787e+00,-1.194290021219094111e+00,-3.313591833246205987e+00,-3.347305712310928882e+00,2.559286785370309403e+00,7.000000000000000000e+00
5.898705367284104994e-01,1.091733277152110021e-01,-5.824030649624726053e+00,-4.996941518781810032e+00,6.994926752378951562e-01,7.000000000000000000e+00
-1.168784706239417437e+00,-1.767248429073501770e+00,-2.215665054085582231e+00,-2.572035495849667619e+00,4.145461256063087241e+00,7.000000000000000000e+00
-2.252288479659582343e+00,6.767995627314148166e+00,-1.772365816722481224e-01,-3.625716399854548300e+00,2.724657607811825422e+00,1.000000000000000000e+00
-2.548306980315660830e+00,-2.039112364709700642e-01,-4.225208706657918256e+00,-4.772693460237790397e+00,2.945116643664356992e+00,7.000000000000000000e+00
1.820293592520342951e+00,-8.616517099906584320e-01,9.682672535726485341e-01,5.020578546798712960e-01,-4.958723281600149413e+00,3.000000000000000000e+00
-1.879963264575732929e+00,-1.741048658648387815e-03,-3.320441602658494418e+00,-3.765507879862897145e+00,2.247375761126120697e+00,7.000000000000000000e+00
-1.713469723926893673e+00,2.572960278192765182e-02,-3.128157607467415335e+00,-4.024312443590075894e+00,3.541830614648819875e+00,7.000000000000000000e+00
-2.568584835362083929e+00,5.487757157962054322e+00,1.990782370723239270e+00,-2.047955464685839555e+00,3.992178458341403946e+00,1.000000000000000000e+00
5.118018518524505289e+00,1.615742665847430190e-02,2.101176169286641304e+00,9.081464583197698115e-01,-2.785051155442450188e+00,8.000000000000000000e+00
-9.347339101796472427e-01,4.284584241281119144e-01,-1.571471708770580289e+00,-2.222401708491369643e+00,2.698453736858617003e+00,7.000000000000000000e+00
-1.560324842896962050e+00,-1.227769868555540933e+00,-2.213540394606328565e+00,-2.838700999137971248e+00,3.519201488580814718e+00,7.000000000000000000e+00
-1.826294485375559995e-01,-4.072103247806618143e+00,1.077504622380925925e+00,-1.822389783733670221e+00,1.368934998802614489e-01,0.000000000000000000e+00
3.537863754348907541e+00,-2.852688854751531000e+00,-1.299662445553685375e+00,8.499738214101684175e-01,3.781198687266398295e+00,6.000000000000000000e+00
-1.104155978539735239e+00,5.020949380356222458e-02,-3.576297458222688075e+00,-4.242762506016545920e+00,2.805592706613937892e+00,7.000000000000000000e+00
-9.765186387544260160e-01,-3.129687262222954125e+00,5.420446247632844106e-01,-2.788142271387880733e+00,-1.249950245515607294e+00,0.000000000000000000e+00
-1.332575714904120856e+00,-2.622251274039072433e-01,-2.301796439245099357e+00,-3.084140698140531711e+00,2.795281835907601486e+00,7.000000000000000000e+00
-5.834956320239079730e+00,9.363610106295551239e-01,-4.496086220927066002e+00,-3.429558759182495642e+00,7.445341549855296615e-01,2.000000000000000000e+00
-1.920373726866817510e-01,5.059283637719116378e+00,-6.861345984963826972e-01,-2.982138063358656499e+00,8.544921127941323968e-01,1.000000000000000000e+00
-5.135708006260860520e-02,-2.864460914382849666e+00,2.112264911721053462e+00,-1.375035717961406778e+00,1.000226726122691451e-01,0.000000000000000000e+00
-1.626574441334630028e-01,-3.116408307464616723e+00,8.123027571855142570e-01,-2.065875215376751672e+00,-1.031987617025671877e+00,0.000000000000000000e+00
1.131122311790747209e-01,-4.046884428761404529e+00,5.234828137285171268e-01,-2.257667577722481944e+00,-1.352273671230731722e+00,0.000000000000000000e+00
-2.359934092665713301e+00,6.910400995223537901e-01,-2.745137528894090906e+00,-3.835517919576003631e+00,3.582737788922906397e+00,7.000000000000000000e+00
4.433678175038462399e+00,-5.098941193435009289e-01,3.396477556954449639e+00,1.488238047959537624e+00,-1.700081146044537972e+00,8.000000000000000000e+00
-2.308773498069368380e+00,-2.353061924726302101e-01,-2.931920121810185353e+00,-3.718274602701481690e+00,2.416264033670175060e+00,7.000000000000000000e+00
2.780578357866630324e+00,6.995344981440161369e-01,-2.584441399963778863e-01,-4.393189161984573099e-01,-4.508233075635011744e+00,3.000000000000000000e+00
1.017648997595102633e+00,-2.722107800860461557e-01,-1.554752356319957896e+00,2.363060153673337993e+00,2.367557473194711104e+00,5.000000000000000000e+00
-8.856632181558857786e-01,-1.668319746877231502e+00,-2.452171333580418722e+00,-2.563007148940693369e+00,3.092338507565517425e+00,7.000000000000000000e+00
-1.230019413821920926e+00,-4.917609084303502520e-01,-2.117314951150834901e+00,-2.474454707027474942e+00,2.157969011647616675e+00,7.000000000000000000e+00
-1.047423732282867226e+00,2.945075922615385533e-01,-4.630378794063469527e+00,-4.406411473399295176e+00,1.848696083684306268e+00,7.000000000000000000e+00
2.748362465094370766e+00,-2.680072642893860380e+00,5.114974998144853346e-01,1.934666372775888377e+00,3.633608310719913970e+00,6.000000000000000000e+00
3.485419974321847025e+00,-2.678781277225676050e+00,-1.158995496473484321e+00,9.245255665146137058e-01,2.171439646141729796e+00,6.000000000000000000e+00
-1.711391413703169662e-01,-3.474802502043544017e+00,1.800586817832346420e-01,-2.649368233365085867e+00,-1.019999638261111841e+00,0.000000000000000000e+00
-6.355459840802332172e-01,-2.490534544932872407e+00,1.464998416359303279e+00,-1.840747831005736801e+00,-1.537291985832105690e+00,0.000000000000000000e+00
-2.371312821121045022e+00,-5.428630599694233005e-01,-1.908261273328816010e+00,-2.601653955595154777e+00,3.095187056335388487e+00,7.000000000000000000e+00
8.013435296480591052e-01,-2.009163913972940474e+00,2.501426849348478143e-01,4.070889276088063724e+00,2.847101973475951286e+00,5.000000000000000000e+00
-1.467454047155096974e+00,-1.328140784467881641e+00,2.437181531105483412e+00,-1.681922940837961455e+00,-1.333821074018749275e+00,0.000000000000000000e+00
1.169366461031166482e+00,-3.559329006277581531e+00,4.088752801504421663e-01,-2.073720969020279359e+00,-1.726049231812093243e+00,0.000000000000000000e+00
3.514681401867984611e+00,-1.071697799506320159e+00,-1.524759870136207285e+00,3.394419287988823530e-01,2.228733833122397812e+00,6.000000000000000000e+00
-1.256189731337279625e+00,8.054062019980119391e-01,-4.280320410258326547e+00,-4.859484209898745632e+00,1.601297247506756394e+00,7.000000000000000000e+00
1.386048790637519401e+00,-2.055285636858812826e+00,1.696240723406425843e+00,2.629403713528619235e+00,4.268324562049334858e+00,6.000000000000000000e+00
-6.699963953798988570e-01,-1.486795749886880014e+00,-3.698025192505998593e+00,-3.403104214055273413e+00,2.694911566475773679e+00,7.000000000000000000e+00
2.236677444823081284e+00,-1.392276257088592484e+00,1.119613741541485713e-02,1.361988323753124952e+00,3.597538641119035763e+00,6.000000000000000000e+00
-2.562037607828846930e+00,1.769252186611582012e+00,-6.743711102157080362e+00,-4.905557794856129306e+00,6.232562642599694946e-01,2.000000000000000000e+00
-2.036640851168368016e+00,4.878470210365597470e-01,-3.549199390675011667e+00,-4.427755041763189681e+00,2.613423848269428085e+00,7.000000000000000000e+00
-3.609913505317157156e-01,-3.619085115196578606e+00,1.363653417546315083e+00,-1.618559885519089914e+00,-1.330420689702086268e+00,0.000000000000000000e+00
1.478279923786993133e-01,-7.109361839122307902e-01,-4.989103999104804288e+00,-4.157529100789608911e+00,1.658800204347603113e+00,7.000000000000000000e+00
-1.203449354894210011e+00,-5.564975303207181367e-02,-4.069074844079231035e+00,-4.492652962369265701e+00,2.663645856296144476e+00,7.000000000000000000e+00
-2.526126089508991424e+00,7.027605456892128899e+00,-4.636646256279264855e-01,-4.060571192601274859e+00,3.060275330735624966e+00,1.000000000000000000e+00
1.633791692153325759e+00,-1.187537407961691410e-01,1.804497631855033424e+00,4.780195174744734099e-01,-3.671161975753507445e+00,3.000000000000000000e+00
-1.922208661054680245e+00,-1.080495333403307390e+00,-2.508737559287309349e+00,-3.078686350725370335e+00,3.284614420003135304e+00,7.000000000000000000e+00
1.601054091901052301e+00,-1.993489623302341585e+00,-1.697098006927812985e+00,-4.008924814625767219e+00,-2.604277574424735953e+00,0.000000000000000000e+00
-2.157367478547993045e+00,5.070343739669823435e+00,1.468658464745078440e+00,-1.837300658046954638e+00,3.797646092160536391e+00,1.000000000000000000e+00
-2.866404449022035839e-01,-3.971824247816210463e+00,2.480011295834509077e+00,-6.441936312174062484e-01,-7.024196160208292516e-01,0.000000000000000000e+00
1.120406744082093287e+00,4.157763816161036630e+00,-1.308229173412690960e+00,-3.095976878865566384e+00,1.466146038367967641e+00,1.000000000000000000e+00
1.136763087049881049e+00,-3.688365858145729259e+00,-6.204347282045774570e-01,-2.625007878780150072e+00,-1.421809008502661786e+00,0.000000000000000000e+00
5.258308105636877450e+00,-4.209814957558787873e-01,2.032408544308500709e+00,7.746921319458600630e-01,-2.266249939881876507e+00,8.000000000000000000e+00
2.462530938588455953e+00,1.964262036819891311e+00,6.267726985714354715e-01,-5.056603731262985235e-01,-4.972563445474812660e+00,3.000000000000000000e+00
4.341731263397938356e+00,-2.704516148444991774e+00,-3.794300087879290295e+00,-7.911604243802042857e-01,2.423893526194884629e+00,6.000000000000000000e+00
-8.557853258082606662e-02,-1.526174545782371217e+00,1.971100830114481006e+00,-1.642502671738285347e+00,-1.286972559388247728e+00,0.000000000000000000e+00
3.406505524497175585e+00,1.492500126876659117e+00,4.297753144901758304e+00,8.880909302933946980e-01,-3.798424230551713382e-02,8.000000000000000000e+00
2.034972248430701125e+00,1.414872723517764275e+00,-8.741880844783089799e-01,-1.671879240307657000e+00,-4.550454626425577409e+00,3.000000000000000000e+00
-5.360269615681992894e-01,-1.271458849052602424e+00,-3.484253755713188294e+00,-3.188133253549743085e+00,1.428551247612761088e+00,7.000000000000000000e+00
-2.920253268240904809e+00,6.742072613428655714e-01,-6.799423352159793765e+00,-4.549935306480478836e+00,1.296788150805418649e+00,2.000000000000000000e+00
5.028392761301521130e-01,-2.863973773240193310e+00,-4.419695304646236167e-01,-2.625799644479276829e+00,-3.440955317279852821e+00,0.000000000000000000e+00
2.656594285156747226e+00,-1.846385229100399261e+00,-2.422600152541675822e+00,-3.876156515648932488e-01,1.861486238142315619e+00,6.000000000000000000e+00
-2.458811538698328025e+00,1.460581481401662884e+00,-1.918795207979383077e+00,-3.210463698723029946e+00,2.765385034723073954e+00,7.000000000000000000e+00
-1.914130466673686026e+00,4.721528280720599824e+00,-1.017414506543734998e+00,-3.732359046092745380e+00,2.215299398151393984e+00,1.000000000000000000e+00
-6.604759532062832728e-01,-2.521854540103070974e+00,1.352146369067405596e+00,-2.087352130480751189e+00,-7.559561008831353623e-01,0.000000000000000000e+00
9.205258329271881479e-01,-4.851413752882176134e+00,4.784187584949852745e-01,-1.452719962652728736e+00,-1.745809380166552849e+00,0.000000000000000000e+00
1.923422371094728911e+00,4.243760963922660334e-01,1.210964204396632660e+00,3.171412579969116186e-01,-4.644623350090292035e+00,3.000000000000000000e+00
1.983268502560044722e+00,-4.340504268353789996e+00,3.950983842482976849e-01,-1.521624201815880983e+00,-2.134728146918900560e+00,0.000000000000000000e+00
-2.438897861402117062e+00,-1.442062812919059578e+00,-2.191192981386193672e+00,-2.631717409392334339e+00,2.414063806899815479e+00,7.000000000000000000e+00
-3.089406377732468734e-01,-2.649274817843561891e+00,-4.824469007289958533e+00,-4.054254355772059171e+00,2.155804220377276259e+00,7.000000000000000000e+00
-1.935327935889090245e+00,-6.385043586454353104e-01,-2.639394716828963983e+00,-3.772420329985134657e+00,4.636079928686480223e+00,7.000000000000000000e+00
-1.605098974981748361e+00,-5.592164849555905093e-01,-1.356419089780740883e+00,-2.220372051318841411e+00,3.073974220515446554e+00,7.000000000000000000e+00
1.066447087461238175e+00,4.596747425687436994e+00,-3.314469532049308942e-01,4.697695471803704947e+00,-7.599854296190578395e+00,9.000000000000000000e+00
3.032344877838623720e+00,-1.991144372710243360e+00,-1.685000717328933417e+00,4.603395338091195166e-01,2.172125317511050202e+00,6.000000000000000000e+00
5.784282676560132952e-01,-3.689928119884985147e+00,6.486760654709856633e-01,-2.110766765100858144e+00,-1.132508761058001356e+00,0.000000000000000000e+00
-1.505899888972121126e+00,-2.994935512002255273e-01,-3.318674323716033214e+00,-3.745388966367844574e+00,1.258871746306687189e+00,7.000000000000000000e+00
1.642767217680487057e+00,-5.415826878126307697e+00,6.751002125641109020e-02,-1.444507190067198188e+00,-1.438646194150167146e+00,0.000000000000000000e+00
-2.487252789869121461e+00,-2.033764341190981983e-01,-1.229423972240112350e+00,-1.975513852659422476e+00,2.614357451112470532e+00,7.000000000000000000e+00
2.825981034073716369e+00,-1.552591717703652785e+00,-3.339715223343683537e+00,-1.146275462992128569e+00,1.971746373121448848e+00,6.000000000000000000e+00
-1.697050867976837907e+00,-1.238502071028960039e+00,-1.810947378887962422e+00,-2.047965318134538748e+00,2.550623102717290092e+00,7.000000000000000000e+00
-1.403283373579535587e+00,-1.358214091344084606e-01,-4.266587426251148507e+00,-4.510271849162704072e+00,2.257032375624829612e+00,7.000000000000000000e+00
1.766180594071477428e+00,-7.220396249547639256e-01,-5.484942962691601309e+00,-8.348546787846948813e-01,1.530603891793484550e+00,5.000000000000000000e+00
2.451505254712170512e+00,-1.104239453296540358e-01,-1.092944087846498546e-01,-7.646041071584291915e-01,-3.702041238004840640e+00,3.000000000000000000e+00
-7.890216253171461469e-02,-5.177359929521757387e+00,7.697381898589759075e-01,-1.352305746424585342e+00,-2.799172966167165377e+00,0.000000000000000000e+00
2.875904933361701055e+00,1.714698207232777438e+00,-9.299091361973772507e-01,-8.806637197746377543e-01,-6.657527269751464694e+00,3.000000000000000000e+00
-2.179949238238432230e+00,5.492505629593018579e-01,-4.030033026740323265e+00,-4.842539260430326564e+00,3.198873706708178055e+00,7.000000000000000000e+00
5.748283183805874552e-01,-8.579688208914504344e-01,-3.693035560961790420e+00,5.677948522234207429e-01,1.617165657731404638e+00,5.000000000000000000e+00
1.832360485494781033e+00,-2.086178028902486492e+00,-1.130143937608352050e-01,1.546888297263202094e+00,2.223220031568671207e+00,6.000000000000000000e+00
-2.455472953912911649e+00,-4.753355670617743778e-01,-3.785787154172615576e+00,-4.123621677064926772e+00,2.012262629550038540e+00,7.000000000000000000e+00
-1.294100367121181039e+00,-1.314177491894959138e+00,-2.501910397344033310e+00,-2.800956896177754452e+00,3.029132732315016785e+00,7.000000000000000000e+00
-1.283818640750093110e+00,2.257646397246793335e-01,-3.307362174280815914e+00,-3.229920349148584613e+00,2.087704105212138672e-01,7.000000000000000000e+00
-1.791763198374105359e+00,-1.598028611803745447e+00,-7.704333766424850793e+00,-3.961177882095285874e+00,-1.014078422656154332e+00,2.000000000000000000e+00
5.840012489075300239e-01,-4.770111007759790134e+00,1.441341860213131820e+00,-1.309782583351118301e+00,-2.285746268623421451e-01,0.000000000000000000e+00
2.069822327424540198e+00,-4.344938123227657378e+00,7.429847165288641087e-01,-1.458753255479405597e+00,-1.317800529060763282e+00,0.000000000000000000e+00
-1.885973662113022309e+00,-6.285103714266309094e-01,-2.957948288325265906e+00,-3.365561982885225678e+00,2.884060407661374725e+00,7.000000000000000000e+00
-6.234944022046005063e-01,-9.941295035626476206e-01,-5.787898442214948425e+00,-4.859377007427465145e+00,4.783005485804066037e-01,7.000000000000000000e+00
-1.271561315949897297e-01,6.794756557538093489e+00,2.768815660800096889e-01,4.095177996123784858e+00,-7.674118969882584018e+00,9.000000000000000000e+00
7.576112716779770384e-02,-2.178291750310724417e+00,2.368878698279767381e+00,-1.266554492598271908e+00,-1.861693764040334154e-01,0.000000000000000000e+00
-1.461582181133067815e+00,-7.965901514238148406e-01,-2.889144216522694819e+00,-2.993800546177814326e+00,2.435536467868513189e+00,7.000000000000000000e+00
1.414739948179357221e+00,-4.413195824999026406e+00,2.683878616570273490e+00,1.445594091380755439e-02,7.359033928988464868e-02,0.000000000000000000e+00
-1.725396085553813075e+00,-8.861199341145949981e-01,-2.995324341031422755e+00,-3.449320160764056009e+00,2.570409348829735929e+00,7.000000000000000000e+00
-8.271363351987067736e-01,2.432849058734826153e-02,-1.928172028819885586e+00,-2.476342660964316433e+00,2.839053446873350595e+00,7.000000000000000000e+00
1.977412584839320919e+00,1.919739865411437818e-01,1.014979923032188980e+00,-9.919149843687746770e-02,-2.399646647324185533e+00,3.000000000000000000e+00
-3.793047574917970177e+00,-7.036858424016795288e-01,-4.338022543201707215e+00,-2.604173686473352678e+00,1.289141526855028363e+00,2.000000000000000000e+00
9.601735142799593392e-01,5.435621167587260771e+00,-5.690839762786600309e-01,3.972606182410638453e+00,-7.954779789452885552e+00,9.000000000000000000e+00
-1.601789728879928987e+00,-1.863961822072547569e+00,-3.243128766340509284e+00,-3.533971458137976196e+00,4.700256032422071684e+00,7.000000000000000000e+00
-1.985589039799902755e+00,4.903411722645738102e+00,8.368669814031043375e-01,-2.382204631125533378e+00,3.857963289316026501e+00,1.000000000000000000e+00
4.424219910359595609e+00,-1.058922532112928083e+00,2.071199928817421654e+00,4.073055568535959292e-01,-1.660701122803198482e+00,8.000000000000000000e+00
3.745375844289733802e+00,1.404053238493532252e-01,-3.022460519960570746e+00,-2.863432871570325666e+00,-3.657848825132436588e+00,3.000000000000000000e+00
-1.602121105474648144e-01,7.210295840831956182e-01,-3.418430506732700547e+00,-4.000890837659150101e+00,3.104910174900429531e+00,7.000000000000000000e+00
-1.646678929627295673e+00,-1.026040578172334516e+00,-1.098110239853679726e+00,-1.457701287400213319e+00,3.018330463174943024e+00,7.000000000000000000e+00
-2.239693991733276324e+00,6.137409089414342489e+00,1.240421686867903217e+00,-2.540559761320927201e+00,3.208727439004285475e+00,1.000000000000000000e+00
3.077000247080493800e+00,-2.019939917680095398e+00,-2.481910439968321835e+00,-2.313610000480222917e-01,2.170174391479493980e+00,6.000000000000000000e+00
2.394480210841886336e+00,1.179121486421959020e+00,-8.388121961430026197e-01,-1.460041604296718587e+00,-4.598548982229525350e+00,3.000000000000000000e+00
-2.380877365840659454e+00,4.828292262005337676e+00,1.051363324287810430e+00,-2.528095126751362276e+00,4.869775436230045607e+00,1.000000000000000000e+00
2.907257392859413647e-01,-2.299659208553214373e+00,1.128646391211670874e+00,-2.308607284961966766e+00,-4.785961793883967696e-01,0.000000000000000000e+00
-2.342682643581693203e+00,3.815922672543582972e-01,-3.932061355279923731e+00,-4.475574669439202680e+00,2.907110452926748412e+00,7.000000000000000000e+00
-1.197217260812170725e+00,-3.102089625533324679e-02,-4.705546940143734425e+00,-4.937948416773714655e+00,2.558234713476276401e+00,7.000000000000000000e+00
-2.016555512874383282e+00,-9.470087308968346829e-01,-5.039453695397642541e+00,-5.165518693128770877e+00,3.521192207763570892e+00,7.000000000000000000e+00
-2.303701130348409620e+00,-1.450174383501271036e+00,-3.168491968452282759e+00,-3.406729917606477365e+00,1.784743778734207087e+00,7.000000000000000000e+00
-1.763536354971026343e+00,7.760845429845004695e-01,-3.215391777521960481e+00,-4.094829944699233337e+00,2.482731827709842687e+00,7.000000000000000000e+00
2.436445431788354377e+00,-1.350594523528656277e+00,-3.252688677930303029e+00,1.237258727648909096e+00,2.469752809178146880e+00,5.000000000000000000e+00
3.814595710566883291e+00,-3.143706850805544573e+00,-2.304044760163235228e+00,2.591465108234756731e-01,2.400750695447821492e+00,6.000000000000000000e+00
1.361076729403758012e+00,1.517901033148977508e+00,-1.546066400458122381e+00,-2.329855544297326109e+00,-4.448514458862343091e+00,3.000000000000000000e+00
-6.892890755747314024e-01,-5.039056556464352354e+00,3.555429374071778170e+00,5.336785915616093501e-01,7.765797860178064171e-02,0.000000000000000000e+00
-2.155281137974011774e+00,-1.167156062815268153e-01,-1.316679150866149062e+00,-1.912039977362484322e+00,6.686652333091679390e-01,7.000000000000000000e+00
2.534509701922039504e+00,-9.279076338934482138e-01,-7.194481134401120581e-01,-8.195285745802549648e-01,-4.627580898689909183e+00,3.000000000000000000e+00
-9.016960121236397563e-02,-3.801696886886468896e+00,7.482421216207196801e-01,-1.946928422055336672e+00,-8.962346571774763015e-01,0.000000000000000000e+00
-1.227874021432852514e+00,-1.802994321151127344e-01,-3.128082267018861273e+00,-3.743153498241296173e+00,2.462404298172093053e+00,7.000000000000000000e+00
8.828116793379846561e-01,-2.445505528618083346e+00,1.042531212018344089e+00,-2.164136433079867583e+00,-5.517998058491890845e-01,0.000000000000000000e+00
-1.039618203311279299e+00,-6.477534678629730536e-01,-2.538972140946100353e+00,-2.874404585228681253e+00,3.428147620822628916e+00,7.000000000000000000e+00
-1.381334045230167895e+00,-4.888816421291426462e-01,-3.473631293105740703e+00,-3.591028997741450013e+00,7.930959675134188203e-01,7.000000000000000000e+00
2.767173234475576393e+00,-2.706990075897299342e+00,-1.215488239372602086e+00,7.135176425701664771e-01,2.924534531504496826e+00,6.000000000000000000e+00
-1.224113750795585709e+00,-2.136854727605250193e-01,-2.917187099422475338e+00,-3.667386833691486103e+00,4.402901929471027209e+00,7.000000000000000000e+00
4.447915293326619723e-01,4.644285243023847265e+00,-6.422940388602585982e-01,4.009701552097614474e+00,-7.111879350950391476e+00,9.000000000000000000e+00
-2.253533083373622681e+00,-5.124527055732865932e-01,-1.302772387447213465e+00,-2.442437590804686920e+00,3.805950885636306680e+00,7.000000000000000000e+00
-9.929017399806276956e-01,-1.918651061484775155e-01,-4.617348856620061781e+00,-4.300903447940077839e+00,1.806966554065834174e+00,7.000000000000000000e+00
-2.421973564780609767e+00,3.715355713834768703e-01,-2.817565702410630202e+00,-3.845117917964973042e+00,2.932709469247404055e+00,7.000000000000000000e+00
1.503104464439092736e+00,-4.081878523558255090e+00,1.581308055006420965e-01,-1.864774966940794254e+00,-2.299259129112543931e+00,0.000000000000000000e+00
5.375487379933985288e-01,-3.913240239542400634e+00,2.761499985514039412e+00,-5.741329064565463547e-01,-6.104007250116953720e-02,0.000000000000000000e+00
-1.573366280236901726e+00,4.938993704755302971e+00,-1.704898547268066000e+00,-4.494056949703129966e+00,2.959134735574481478e+00,1.000000000000000000e+00
-2.780533930056844127e+00,2.984857780700840291e-01,-4.569351749353590952e-02,-1.676665415978447760e+00,3.628332990872725095e+00,7.000000000000000000e+00
-1.340271662085592119e+00,-9.015181859397116693e-01,-4.934595030753208711e+00,-4.554964979882380582e+00,1.126125872554174512e+00,7.000000000000000000e+00
1.510738744541615164e+00,1.391645688325039876e+00,-2.295764732893551319e+00,-2.931384568218166731e+00,-4.759462191194172576e+00,3.000000000000000000e+00
-2.271104531390684578e+00,-2.175689843426721559e+00,5.046799030756120352e+00,2.764346445733496527e+00,-5.313248660871383144e+00,4.000000000000000000e+00
2.799890981795221528e-02,-2.532452682288177215e+00,-4.556289398857113482e-01,-3.147558424281727163e+00,-2.697570713638525408e+00,0.000000000000000000e+00
4.677753748142449375e+00,-1.889628219580326007e+00,-3.593702033732029566e+00,-1.122506776173304299e+00,2.102605833492991572e+00,6.000000000000000000e+00
-1.348788335635592084e+00,-9.735061901940842422e-01,-3.967249163399314771e+00,-3.648121863549817601e+00,1.624920053806069575e-01,7.000000000000000000e+00
2.913674904976516711e+00,-2.862981662224989066e+00,-5.890766043286345122e-01,1.672352111439924904e+00,1.930543096302353767e+00,6.000000000000000000e+00
2.455300361476687510e+00,-4.995006091432770745e+00,4.446479046862884532e-01,-1.221207669563182829e+00,-2.927212788551747824e+00,0.000000000000000000e+00
-8.358616088499174479e-01,5.018084019247208705e-01,-3.517334169529222621e+00,-4.032146829182003955e+00,2.433480546118656829e+00,7.000000000000000000e+00
-2.192734957165503928e+00,2.211076319776328347e-01,-7.590245222350279874e+00,-4.998367847757391402e+00,-4.238314229574116632e-03,2.000000000000000000e+00
-1.157927134715047934e+00,4.851573748097017802e-01,-4.446460039501234363e+00,-4.630340871714698991e+00,1.603336248687503129e+00,7.000000000000000000e+00
-2.741251669443378614e+00,-3.200553966843872056e-01,-3.223995459413469433e+00,-3.713752557565969337e+00,1.782049980247408572e+00,7.000000000000000000e+00
7.450905080225970201e-01,-3.453148702207962106e+00,2.221743235719745968e+00,-9.715031798132177654e-01,-1.344406222263021977e+00,0.000000000000000000e+00
2.274776842402071730e-01,-2.818129615086217399e+00,3.086972275931129328e+00,-6.726672292993135516e-01,6.023598725483461092e-01,0.000000000000000000e+00
1.174792783951767783e+00,-5.308329635157829074e-01,-2.150680169201603764e+00,1.824794106336681265e+00,1.317221662509523439e+00,5.000000000000000000e+00
-1.065886856313211117e+00,-3.221362254973445527e+00,3.795677305371841115e+00,-3.835168869824457372e-01,1.237017743415105508e+00,0.000000000000000000e+00
2.819414396861867012e+00,7.611599399049346903e-01,-9.744686497340588893e-01,-1.228577460343014849e+00,-4.407155504000112245e+00,3.000000000000000000e+00
-2.783719972255444652e+00,-1.200330005595178218e-01,-5.039868792755192173e-01,-2.303606879160880805e+00,4.766385046268767134e+00,7.000000000000000000e+00
-1.275748592213777455e+00,-8.795031546437415138e-02,-4.944432095053268306e+00,-5.098662004900567979e+00,1.942024691695889871e+00,7.000000000000000000e+00
9.169940722331201277e-01,-2.635877384383490618e+00,-4.781633889699170026e-01,-2.794598451697326347e+00,-1.347016830434453860e+00,0.000000000000000000e+00
4.080231095903966931e+00,1.455550548114358661e-02,4.688063415341676254e+00,2.417753940548911906e+00,-1.618161114263746425e+00,8.000000000000000000e+00
-1.717021646020115311e+00,-7.610348065724099609e-01,-2.563831966189716649e+00,-3.266353089990904124e+00,3.612301825979383096e+00,7.000000000000000000e+00
-1.104481860600448062e+00,-1.097229099960263410e+00,-2.918238636583498913e+00,-3.252534535100066293e+00,3.155659272468835486e+00,7.000000000000000000e+00
-2.563320961591988162e-02,-6.031095807135067322e-01,-4.828104929535018464e+00,-4.251722603731222350e+00,1.471478603892658388e+00,7.000000000000000000e+00
4.557544012812434486e-01,-4.140677646828888392e+00,2.169263901145785489e+00,-1.076344765287976291e+00,3.730870011486575599e-01,0.000000000000000000e+00
2.843983103364304377e+00,5.662969516181427521e-01,3.921487495290758130e+00,1.157977670236973955e+00,-2.188177387512088679e+00,8.000000000000000000e+00
3.150545786396744319e+00,1.850825804009634590e+00,-1.882498578591376703e-02,-9.563178144058122054e-01,-3.667806936247267391e+00,3.000000000000000000e+00
1.396337483857817974e+00,1.058821966094304790e+00,-3.605516226034119476e-01,-1.398843189106276919e+00,-3.502984311812132212e+00,3.000000000000000000e+00
-1.965557528534346288e+00,-5.271673968313199676e-01,-4.150494701974576373e+00,-3.950762493881244453e+00,3.900479171288165903e-01,7.000000000000000000e+00
-4.754961429247616667e-01,-9.662538600129150224e-01,-4.131270500566845527e+00,-3.799276153542699319e+00,2.030429572602320487e+00,7.000000000000000000e+00
3.614832807066345577e+00,-2.195554225489148692e+00,-1.413679411809822151e+00,4.664728360583289546e-01,3.519166623391609683e+00,6.000000000000000000e+00
2.484034651737407451e+00,-1.511121719570286182e+00,-1.861392066715817473e+00,2.949344660505749394e-01,2.098514077143991408e+00,6.000000000000000000e+00
3.687496910634773695e+00,-2.647511202650265183e+00,-1.961016815804964564e+00,6.773589296767363876e-01,1.883336352679259695e+00,6.000000000000000000e+00
-1.059238581124596790e+00,-1.424958181158949566e+00,-1.284936557552382341e+00,-1.669173555433959066e+00,3.208140538308426049e+00,7.000000000000000000e+00
-3.046294557942058834e+00,1.422216059927383203e+00,-1.278415075540303869e+00,-3.128604267413861439e+00,3.598263509675033056e+00,7.000000000000000000e+00
-2.173781025297195413e+00,9.635425204403115229e-01,-3.036693677723652396e+00,-3.935815586245107411e+00,2.518116563845266498e+00,7.000000000000000000e+00
-1.549897349735965379e+00,5.739558925257191468e+00,1.715230448802476104e-01,-2.894937653343611306e+00,2.799031644563426457e+00,1.000000000000000000e+00
5.111428691424401149e-01,-1.403485747712914788e+00,-1.516787851183577729e+00,2.396584978013977185e+00,3.137729044084129892e+00,5.000000000000000000e+00
1.380780984864597771e+00,-3.078435948864746585e+00,-6.177919408839704918e-01,3.452731608486411474e+00,4.099469935312369806e+00,5.000000000000000000e+00
-1.705165864789316199e+00,-3.540140298316043488e-01,-4.007038506274235523e+00,-4.534932743387225962e+00,1.714133026590125786e+00,7.000000000000000000e+00
-7.624788427666885360e-01,1.868016427903596288e-01,-3.921577033707431603e+00,-4.342976572537271096e+00,2.768370329931445717e+00,7.000000000000000000e+00
-1.480878793002119664e+00,-6.175215344267771522e-01,-2.296968859685426523e+00,-2.769253048460826427e+00,1.516254834650366146e+00,7.000000000000000000e+00
1.246269973092280159e+00,-8.845463075246515761e-01,-1.935127788793961745e+00,2.091297080724585200e+00,1.712977094350560003e+00,5.000000000000000000e+00
-4.970483680226139844e-01,-7.513373831808920489e-01,-5.555048906923233609e+00,-5.799668100584519870e+00,3.346606891070772694e+00,7.000000000000000000e+00
4.757584253087742354e+00,-1.025459599034971081e+00,2.710818238009178316e+00,1.626018129920131727e+00,-3.568574722218952555e+00,8.000000000000000000e+00
3.956079892343287607e+00,-2.754226979820609600e+00,-1.294606718321998695e+00,1.032728975206059552e+00,3.033980586105794242e+00,6.000000000000000000e+00
2.912860601973230393e-02,-1.296830791832152441e+00,-4.448111834987853896e+00,-3.879482592896680515e+00,1.626700269220033190e+00,7.000000000000000000e+00
1.236124814520613846e-01,-2.194329708557961389e+00,2.553448914523333890e+00,-9.815890085087464190e-01,-1.034909600640338656e+00,0.000000000000000000e+00
2.924071336501206986e+00,-2.265654777255015073e+00,-2.013346321494544622e+00,4.884828673396519050e-01,2.042217693562681458e+00,6.000000000000000000e+00
-2.881823650052831809e+00,-1.472791159505095537e+00,-1.167399593573182903e+00,-2.170933631755909143e+00,3.349057495421255304e+00,7.000000000000000000e+00
3.249648018293237239e+00,2.482029315250565416e-01,4.363494449418346299e+00,1.876471210671627032e+00,-2.371547487984964953e+00,8.000000000000000000e+00
2.650030310430025349e+00,-3.461499082928171322e+00,2.350624905793548547e-01,2.311524513274577419e+00,2.950070041250162145e+00,6.000000000000000000e+00
-1.196145430411045929e+00,5.308244375530240866e+00,-1.651405140929674553e-01,-3.247300192623081561e+00,3.205774836563334507e+00,1.000000000000000000e+00
-2.945427492721133245e-01,-8.022807649160068610e-01,-6.130020107284143371e+00,-5.141937701966572405e+00,-5.678430602512001268e-01,7.000000000000000000e+00
-1.024135670490944783e+00,-6.799609734697915631e-01,-4.587949983001190724e+00,-4.105693592722945873e+00,1.478790435161575934e+00,7.000000000000000000e+00
2.046541166801878031e+00,3.956692348759786593e-01,-2.803707946477951296e-01,-7.059681800808600416e-01,-4.903350537625000172e+00,3.000000000000000000e+00
6.429789193457338681e-02,-3.405271101966309555e+00,1.297536861581533696e+00,-1.421149730190865546e+00,-1.657994150443131032e+00,0.000000000000000000e+00
2.155316283689968859e+00,-2.221414418765858212e+00,-6.339699396073682491e-01,6.942395934239637967e-01,3.456113522864122434e+00,6.000000000000000000e+00
4.808260718133975153e+00,1.823700372160656225e-01,2.015815630922164203e+00,7.023337206265447552e-01,-4.176072682048979523e+00,8.000000000000000000e+00
-1.467740935690355908e+00,6.477440413362749005e+00,-1.519403720395413826e+00,-4.153870144390626074e+00,2.418873157091585568e+00,1.000000000000000000e+00
-4.292887576151762086e-01,4.884888562596213291e+00,-5.676146129554767716e-01,-3.112047856702682136e+00,2.432311233134870410e+00,1.000000000000000000e+00
3.318203584286447128e-01,-4.017044899234789135e+00,4.310845470039837424e-01,-2.687223855321131172e+00,4.331139329062814181e-01,0.000000000000000000e+00
-2.371046225316894240e+00,-1.584260776019190686e-01,-2.721328474328549074e+00,-3.784330569629028140e+00,3.154743116570352335e+00,7.000000000000000000e+00
4.713510558356930780e+00,2.010635160770095700e-02,2.003486773430757317e+00,-7.637028201332048127e-02,-1.231797236762728343e+00,8.000000000000000000e+00
9.406827257882666160e-01,-7.058629897403996267e-01,-2.090589073457301605e+00,1.668280378119111340e+00,3.355063380419197383e+00,5.000000000000000000e+00
1.712557001780750543e+00,4.551810274093698538e+00,-6.108818226069622215e-01,4.640167805371738119e+00,-8.029149990176140506e+00,9.000000000000000000e+00
-1.807532724299010241e+00,-3.196785622156046447e+00,3.975990401762126147e+00,2.107377070169178968e+00,-4.987262270674582609e+00,4.000000000000000000e+00
-5.902459646713945629e-01,-3.022000928100976314e-01,-2.536558623329255191e+00,-2.558406788496042417e+00,2.091025487271769734e+00,7.000000000000000000e+00
5.429414378558976573e-01,-1.385611200100007823e+00,-5.226992018042404986e+00,-4.451678832273910480e+00,1.524787771174587192e+00,7.000000000000000000e+00
3.725775182702432797e+00,-4.077174173619877884e+00,-1.512345388031248516e+00,1.106445558629021386e+00,3.439435528873898473e+00,6.000000000000000000e+00
1.569753325041741698e+00,-2.869740052307411471e+00,-1.233073643648438855e+00,1.068917019452858552e+00,1.876704656474892596e+00,6.000000000000000000e+00
-2.663387760265138571e+00,-3.595201370304037525e-01,-3.007147231526750453e+00,-3.882027053734071753e+00,3.666014823086165553e+00,7.000000000000000000e+00
-8.965168821767840468e-01,-1.475839724196131630e+00,-2.958357104686021533e+00,-3.328443620138896275e+00,4.032793967465777563e+00,7.000000000000000000e+00
-1.140033078717601622e+00,-8.538749946387470535e-01,-4.588012980940410657e+00,-4.111182780705437523e+00,5.273721357746237182e-01,7.000000000000000000e+00
-1.325045311845608698e+00,4.847250149671301633e-01,-2.951908536791285620e+00,-3.740901935456466543e+00,4.367871629632197994e+00,7.000000000000000000e+00
1.374431758320250774e+00,4.125075683880313981e+00,-2.053810442951010895e+00,3.493927719864888815e+00,-8.074683975104244738e+00,9.000000000000000000e+00
-3.076861174611416949e+00,2.767357342503449225e-01,-1.408710176903794187e+00,-2.410972975368526949e+00,1.297172686261842678e+00,7.000000000000000000e+00
2.643448447252533917e+00,3.546884974655170608e-01,-7.015663677623890093e-01,-1.221072208116750213e+00,-3.956751016014525835e+00,3.000000000000000000e+00
-1.090750720760976344e+00,4.606930660151916102e-01,-3.536799453157768003e+00,-3.719585920473908569e+00,2.486769692531008769e+00,7.000000000000000000e+00
9.672130622510185516e-01,-4.959975775087121619e+00,3.221659027256781327e-01,-2.031474048167968949e+00,-4.947789180365199102e-01,0.000000000000000000e+00
2.606017136404253698e+00,-3.105764971957628351e+00,-6.158377604929153870e-01,1.668083546762505254e+00,1.225624659050813525e+00,6.000000000000000000e+00
-2.142145718246633024e+00,-7.152968082049711018e-01,3.856184500708932816e+00,1.454804586428999791e+00,-4.828668047268714680e+00,4.000000000000000000e+00
-8.885316541585922545e-01,-6.107842575323307877e-01,-4.611347784956913998e+00,-4.051643689605170628e+00,1.882320591776122098e+00,7.000000000000000000e+00
1.002385698930956970e+00,-4.628730483548419983e+00,1.277385218259935729e-01,-1.990220586042444006e+00,-8.951721111367735295e-01,0.000000000000000000e+00
1.461418743747152416e+00,-1.093837382907087097e+00,-2.813552121627640457e+00,1.431474461139917942e+00,2.539346950026579730e+00,5.000000000000000000e+00
-2.764725273345534085e+00,1.331035309658337829e+00,-7.527248540835249635e+00,-5.584811271433697932e+00,1.361178626088083599e+00,2.000000000000000000e+00
8.606033606318994611e-01,-1.275460811043488407e+00,7.706163693946225246e-01,-2.679402268727006486e+00,-1.082620016334726820e+00,0.000000000000000000e+00
-1.656428105536563944e+00,5.412190903891031191e+00,4.700698316336320293e-01,-2.431066305019144114e+00,1.796226797034903289e+00,1.000000000000000000e+00
-1.720763951379080892e+00,4.463137085771712309e-01,-4.136673271660000317e+00,-4.383868099021454690e+00,1.358373645234851379e+00,7.000000000000000000e+00
-1.517970485378802525e+00,-6.673051306065552746e-01,-2.339772324478491150e+00,-2.719207123928565117e+00,2.467339322633860910e+00,7.000000000000000000e+00
-7.933815372043862002e-01,-2.127608556718817212e+00,-4.866705876020204435e+00,-4.270046751186567846e+00,2.413890055532836865e+00,7.000000000000000000e+00
4.638870880240762773e+00,-2.170631749392508414e-01,1.479887052908474665e+00,-9.749263998050704261e-02,-2.407841267055208512e+00,8.000000000000000000e+00
-2.214019779087230688e+00,-2.111809100398974959e+00,-3.991482352125863109e+00,-4.013228727768900050e+00,2.510012818902416232e+00,7.000000000000000000e+00
-3.429680868554622286e+00,-9.758874254171469032e-01,-5.250559863658660342e-01,-2.031116459881406655e+00,3.089718901016191843e+00,7.000000000000000000e+00
1.650799709633007595e+00,9.873768277303142105e-01,2.115578956601803229e-02,-9.856988606906947892e-01,-4.431593484358691271e+00,3.000000000000000000e+00
-6.912667669937709869e-01,-9.522231578756548132e-01,-5.100164271736159272e+00,-4.558492363412631754e+00,2.034735251319073956e+00,7.000000000000000000e+00
-1.931389873670845247e+00,-3.423565108687370157e-02,-5.763978647052356408e+00,-3.379754663042714213e+00,-1.544083138246398479e-01,2.000000000000000000e+00
2.224263658494340046e+00,7.290713774615573683e-01,-2.252209149831266632e+00,-2.391777110549193175e+00,-5.558156481971955998e+00,3.000000000000000000e+00
-1.102111540826103270e-01,5.016539417094749709e+00,1.132693746352088082e+00,5.210235252201989020e+00,-7.332678315224502086e+00,9.000000000000000000e+00
-1.499126408687794454e+00,-8.182238090647759865e-01,-4.396210377811120118e+00,-4.375372843809396173e+00,1.633165271505472527e+00,7.000000000000000000e+00
5.520715138568120794e-01,-2.967279542253650426e+00,5.375790357034041511e-01,-2.689565863835015502e+00,-1.259803355421552917e-02,0.000000000000000000e+00
1.108448964551687510e+00,4.219744687396648430e+00,1.050309018805392514e+00,5.971358705596622407e+00,-7.486205510440565369e+00,9.000000000000000000e+00
-1.275314698734573593e+00,-6.171436339840924434e-01,-2.785371340672413876e+00,-3.112746632093855492e+00,3.535253069434983075e+00,7.000000000000000000e+00
2.029184946008837920e-01,-1.975942258851790312e+00,-3.434232613434734294e+00,-2.910855094417248434e+00,2.143284933445168239e+00,7.000000000000000000e+00
-6.737597158975782152e-01,-1.470680351150068343e+00,-4.740827903341380711e+00,-4.266369368833884401e+00,1.440201110364248249e+00,7.000000000000000000e+00
4.534331013964997048e+00,-1.749406880176581636e+00,3.732350534931859531e+00,2.095569805690304932e+00,-1.867453473698891031e+00,8.000000000000000000e+00
2.110485979793398137e+00,6.640364884252167865e-01,-6.305570569699453509e-02,-6.697448060807592585e-01,-4.007031438757290509e+00,3.000000000000000000e+00
7.771598766155110027e-01,2.104449288840531396e-01,-5.342927740528812919e+00,-4.418498305136095539e+00,5.100334283218415088e-01,7.000000000000000000e+00
-2.327237524604373053e+00,4.426260175157420429e-01,-2.272816926194785925e+00,-3.097270026528894604e+00,1.854284757923976734e+00,7.000000000000000000e+00
-1.685372958806643062e+00,2.418022106565692053e-01,-2.485690065680207894e+00,-3.607302794317384098e+00,4.812266173159160942e+00,7.000000000000000000e+00
1.542537280871651983e-01,-4.420060198761088799e+00,4.002583094940500019e-01,-2.373014837841685321e+00,-2.684147988827203513e-01,0.000000000000000000e+00
-1.072359783133637778e+00,-1.161343002806463298e+00,-4.314484662844305873e+00,-3.886206120500040662e+00,5.591794697793334157e-01,7.000000000000000000e+00
-1.446603182680206823e+00,8.237535507094996545e-02,-3.426611497548447183e+00,-3.811754828438018716e+00,2.263158674277022886e+00,7.000000000000000000e+00
-3.816750682648414328e-01,-2.373374963665253023e+00,1.957717201910441629e+00,-1.425847933132623924e+00,-1.399842346507739865e+00,0.000000000000000000e+00
-1.468005193020919252e+00,1.048303362325870292e-01,-2.222447521552998406e+00,-2.919901997639716917e+00,2.731145963109944841e+00,7.000000000000000000e+00
2.601637382158464185e+00,-2.345105760409370355e+00,2.583996778956003659e-01,1.335322700320889844e+00,4.159358136602461897e+00,6.000000000000000000e+00
-7.990802526838290953e-01,1.277503534004810204e+00,-4.215392106193565525e+00,-4.586885314700389848e+00,2.735527873344303806e+00,7.000000000000000000e+00
-1.549236753383436360e+00,-5.110442382088362656e-01,-3.141501237571700411e+00,-3.231175646106757782e+00,1.937312966699022310e+00,7.000000000000000000e+00
-5.014436225579327333e-01,-4.889342802693011913e-01,-4.303054318604639050e+00,-4.136117531144585691e+00,2.340012662778791164e+00,7.000000000000000000e+00
1.779445038287647662e+00,4.378675589156470593e+00,-1.376533444791808947e+00,3.812230515072251968e+00,-8.337810507502810609e+00,9.000000000000000000e+00
1.447907235739336995e+00,-1.792389961836839740e+00,1.063972565088886268e+00,1.935924368591463551e+00,3.600350631614670949e+00,6.000000000000000000e+00
-2.204228368969258334e+00,-2.000984174393874326e+00,2.521093035287167883e+00,3.413457824872654367e-01,-4.974267092391354339e+00,4.000000000000000000e+00
3.406877100375185652e+00,-2.235089268698086329e+00,-2.362963192493598541e+00,3.854683567181263482e-01,1.464446263158883266e+00,6.000000000000000000e+00
-2.118340792629194169e+00,-9.219986114375466890e-01,-4.576544323236308109e+00,-4.818180087049283244e+00,2.056840214289118229e+00,7.000000000000000000e+00
-2.014365986512061557e+00,4.413189502485064253e-01,-2.468446357599775265e+00,-3.593197716268885955e+00,3.177399640974345019e+00,7.000000000000000000e+00
-2.157146539303472554e+00,-1.837724591778446381e+00,-2.269639083910174104e+00,-2.575047366926719761e+00,2.502111944964170220e+00,7.000000000000000000e+00
-3.232169005674987883e+00,-1.244919598796166982e+00,3.065580015960277294e+00,4.748877746178396531e-01,-4.697077427142649420e+00,4.000000000000000000e+00
-1.950602458243011039e+00,-1.572363902580764528e-02,-1.080696091707557871e+00,-2.351886381109546509e+00,3.814398720864992764e+00,7.000000000000000000e+00
3.165537552167015711e+00,-1.902223809298186241e+00,-1.066040866090037786e+00,8.982993364478029097e-01,3.216815286399504981e+00,6.000000000000000000e+00
5.603038709638422654e-01,-1.169164169979779677e+00,-4.990580265670997662e+00,-4.307991200703396473e+00,1.387350461669413892e+00,7.000000000000000000e+00
-1.470352197412230000e+00,-5.024766482135668844e-02,-3.409925597859310820e+00,-3.296335336355957768e+00,1.754100930029047545e+00,7.000000000000000000e+00
1.961369213876104300e+00,-3.896415209088150533e+00,-1.578449293609685444e+00,-3.533532520205254990e+00,-8.444782666107849556e-01,0.000000000000000000e+00
5.614229570868309871e-01,4.625570147153637457e+00,-9.771272913387582526e-02,4.532840240183683811e+00,-7.409974866510523839e+00,9.000000000000000000e+00
3.620054760789273018e+00,-7.617613868179592962e-04,2.948950089423509002e+00,5.283867981888653587e-01,-2.433450094926337570e+00,8.000000000000000000e+00
-9.834603299576739621e-01,-9.686488874687974038e-01,-3.076226793209133614e+00,-3.381323214534225574e+00,2.490295766581701820e+00,7.000000000000000000e+00
1.179659183638352538e+00,4.020658800191665994e-01,-4.007642822561236606e+00,-1.498619469313539412e-02,1.658340234654038348e+00,5.000000000000000000e+00
-6.507211437586835068e-01,-2.117166687168938743e-01,-4.871001343936630867e+00,-4.568795600153854330e+00,8.644514178770864588e-01,7.000000000000000000e+00
2.600472788170239191e+00,-2.578640273971947394e+00,-9.615267289850337740e-02,1.568168357734280871e+00,3.681961029559291720e+00,6.000000000000000000e+00
1.999904094735842630e+00,-1.339590771089506527e+00,-2.681751766046605923e+00,1.001132836355482114e+00,4.911643317182616819e+00,5.000000000000000000e+00
3.691046570893485423e+00,-5.322460067294495500e-01,2.049111604124485897e+00,3.257716137325976091e-01,-1.352900279543065798e+00,8.000000000000000000e+00
-1.143870128243557494e+00,4.445423245482854058e-01,-2.800105505214698809e+00,-3.845781637321963320e+00,3.867651362605246224e+00,7.000000000000000000e+00
3.931043508947820175e-01,-2.935180895041473281e+00,1.095659770177979109e+00,-2.162855213677032928e+00,-8.345451778982414526e-01,0.000000000000000000e+00
3.854173548195323762e-01,-1.528653941374218395e+00,-1.616997541035548602e+00,1.590772429775807462e+00,4.572060752322616217e+00,5.000000000000000000e+00
-3.344533934100192951e+00,9.294677080319424523e-01,-5.694662210039946437e+00,-4.224313471930639885e+00,6.540203355037597088e-01,2.000000000000000000e+00
-4.729644564779225124e-01,-2.620848902109342848e+00,6.572720223842689613e-01,-2.412047356719563940e+00,-1.364405292206592124e+00,0.000000000000000000e+00
-7.341135678840998713e-01,1.195292738697635165e-01,-3.681325428705694680e+00,-3.858482447014186967e+00,2.264117074530208829e+00,7.000000000000000000e+00
-2.647683636131295870e+00,1.266753848589764198e-01,-2.861671055120334373e+00,-3.951154738120703502e+00,3.838299465092557483e+00,7.000000000000000000e+00
-1.885698968380755902e+00,-7.812089595918206841e-01,-4.786060278290913850e+00,-4.665943399545421144e+00,7.815151896208507587e-01,7.000000000000000000e+00
-1.000333251317296668e+00,-1.680874155784721213e-01,-2.953101426718689027e+00,-3.355240084290041391e+00,2.221327986362906959e+00,7.000000000000000000e+00
3.344808151483548375e+00,2.107571470103231093e-01,3.425571837473293968e+00,1.150788393905724627e+00,-2.378302842515744864e+00,8.000000000000000000e+00
-1.601666280121415431e+00,-8.230430631116082418e-01,-2.379147599412003711e+00,-2.874249757602076016e+00,3.016848786471904020e+00,7.000000000000000000e+00
-1.725829369918118639e+00,-1.122582517383455381e+00,-3.409635258520011813e+00,-3.786018007877970160e+00,2.912314349373232414e+00,7.000000000000000000e+00
-1.360643329628847154e+00,-1.456244848313700047e+00,-1.695949021520070765e+00,-2.253994198162578400e+00,2.678079464725125369e+00,7.000000000000000000e+00
-2.653309774759707307e-01,-1.672862650189779865e+00,-3.274605680763586602e+00,-2.998230688007716527e+00,2.012628170807004846e+00,7.000000000000000000e+00
-2.610754158529816848e+00,-3.144704901758146876e-01,-2.121435817547202785e+00,-2.906078884732655521e+00,2.399379643798030148e+00,7.000000000000000000e+00
-6.175285285196073781e-01,-1.008643946538510194e+00,-4.867078550973132245e+00,-4.849460801580523395e+00,2.762331317667225949e+00,7.000000000000000000e+00
-5.283510742865051846e-01,-1.550030180218761253e-02,-3.820483581341917567e+00,-4.195169583538455704e+00,2.538834369114097989e+00,7.000000000000000000e+00
-1.550814406774873921e+00,-1.223912311586774049e+00,-3.704649863278030253e+00,-3.830785277214316942e+00,2.423297439523683927e+00,7.000000000000000000e+00
-1.201891666543032811e+00,2.904552802928077049e-01,-4.797402484982675297e+00,-4.840519933725404123e+00,8.820706428857005843e-01,7.000000000000000000e+00
7.592869118706014886e-01,-3.542784373787041918e+00,1.060291217045903567e+00,-1.566916426228645243e+00,-1.727672599828776079e+00,0.000000000000000000e+00
-1.130587624515333012e+00,5.129854003689207964e+00,-1.624075000060093865e+00,-4.084872461763991325e+00,1.164241886624457711e+00,1.000000000000000000e+00
4.042475313519762747e-01,-3.958146168770753537e+00,1.725339401866577971e+00,-1.075923594676834849e+00,-9.017325103377550333e-01,0.000000000000000000e+00
-1.213492516422061268e-01,-8.074628303490496428e-01,-4.536862693036765926e+00,-3.903483758528980108e+00,9.659632666425137515e-01,7.000000000000000000e+00
-1.686746222228852732e+00,4.395049967801970547e-01,-3.636428942050289770e+00,-4.178392580325494876e+00,1.318228941149035993e+00,7.000000000000000000e+00
-6.946609394641234392e-01,-1.229219786338694220e+00,-4.522122558432323025e+00,-4.166318207961334785e+00,2.268847405059800870e+00,7.000000000000000000e+00
1.574890568499500043e+00,-2.164989504657600927e-01,-1.540172589990884244e+00,-1.311008714838722611e+00,-5.703732560446258759e+00,3.000000000000000000e+00
-4.937876190771893548e+00,7.047831148821055436e-01,-3.030126204854663996e+00,-2.383531324056590517e+00,2.523956980943143691e+00,2.000000000000000000e+00
-1.985847040717327650e+00,-3.447218095096696855e-01,-3.198088907672776315e+00,-3.647480576364104721e+00,2.844606433074388985e+00,7.000000000000000000e+00
5.940236814444587940e-03,-9.641508082040606276e-02,-4.797105905914779811e+00,-4.099336097835376336e+00,9.080819963381895343e-01,7.000000000000000000e+00
2.246977232000141322e-01,-2.989966141444260650e+00,-9.195986667214727239e-01,-3.567527747428620888e+00,-9.482317450501654976e-01,0.000000000000000000e+00
-1.882701134920647279e+00,-9.298993651685530937e-01,-1.785522195953024305e+00,-3.085338321364849534e+00,5.175536994616745545e+00,7.000000000000000000e+00
-2.397057486272943017e+00,-9.105437765868331645e-01,-2.183898704333378848e+00,-2.949481920220060172e+00,3.977943108137249162e+00,7.000000000000000000e+00
2.610435663638310810e+00,1.411116873399097527e+00,-1.008253565387602357e+00,-1.430960707190457759e+00,-5.541552056802361292e+00,3.000000000000000000e+00
2.351098000656230536e+00,-3.129156439632766240e+00,-9.367095071055799860e-01,1.343594110600798475e+00,1.901598143142525732e+00,6.000000000000000000e+00
4.513928350650569854e+00,3.766113932159435573e-01,2.467100937020315410e+00,4.009233378814575088e-01,-1.391487288324932292e+00,8.000000000000000000e+00
-2.257597554249916261e+00,-4.438712191868910556e-02,-3.549325664109498124e+00,-4.333244543011748107e+00,2.274884231726869377e+00,7.000000000000000000e+00
-2.335704438982674880e+00,1.022495043573841966e-01,-3.058983009693346578e+00,-3.716932284350361382e+00,2.087274268213894501e+00,7.000000000000000000e+00
-4.842843281740076833e+00,6.337923812918737632e-01,-5.469086170099545896e+00,-3.731471682193769457e+00,9.474733496770803010e-01,2.000000000000000000e+00
-7.365287506131446005e-01,-1.985313323073470304e+00,-2.689722341311744813e+00,-2.785720118120874389e+00,2.214214682795502487e+00,7.000000000000000000e+00
9.705337057307411586e-01,-4.527529253849161606e+00,6.802230024769486683e-01,-1.738127845045520425e+00,-1.264909261171105026e+00,0.000000000000000000e+00
1.553033160480961739e+00,-2.796733926319217023e+00,8.467455395334965162e-01,2.041960073451613233e+00,3.177949037629119733e+00,6.000000000000000000e+00
1.122024372671004189e+00,-2.076762024293153264e+00,-5.417644626788178375e-01,-3.203137320173238489e+00,-2.688871169891743129e+00,0.000000000000000000e+00
-5.218270973913066157e-01,-7.081584027359748568e-01,-5.863053958458003478e+00,-5.752352018066690498e+00,2.472706009847157382e+00,7.000000000000000000e+00
-1.153079669739315305e+00,6.570736730441139706e+00,-2.225665137677815597e+00,-4.982764140175155454e+00,1.925112154834200284e+00,1.000000000000000000e+00
-1.630911855334048033e+00,6.287317605973143930e-01,-4.641719327329024480e+00,-4.890623718022058419e+00,1.193449120990923706e+00,7.000000000000000000e+00
3.097240683303403852e-01,-3.309175455559987267e+00,1.215145040709246560e+00,-1.682678243903390491e+00,-6.788744760302334313e-01,0.000000000000000000e+00
3.301158116488992267e+00,-1.126983081485958549e-01,-2.453246361967678979e+00,-2.271977903117014641e+00,-4.517077718186150115e+00,3.000000000000000000e+00
1.438380472848657998e+00,-2.054709066194006228e-01,-2.900756819550117882e+00,1.380232639012816120e+00,1.502639292990240127e+00,5.000000000000000000e+00
-1.251350812224879538e+00,-6.993887185094295189e-01,-3.401768765433000663e+00,-3.642524557612410785e+00,1.760323311534456980e+00,7.000000000000000000e+00
-2.083718002794348934e+00,-1.645416588356120702e+00,-1.994765882675741064e+00,-2.495317658033445962e+00,3.106010156418995471e+00,7.000000000000000000e+00
-8.692990905857404804e-02,-3.676542316123561083e+00,4.410723426602514152e-01,-2.653509185834785455e+00,9.818320909933491158e-01,0.000000000000000000e+00
-1.470191853821246619e+00,-3.007650992670507506e+00,2.590204057282894823e+00,-1.143147719980181387e+00,-9.965165905917620914e-02,0.000000000000000000e+00
-5.061222314764497465e-01,-2.258691819628963482e-01,-6.071593956520841218e+00,-5.157752791084691424e+00,-1.811542579650174400e-02,7.000000000000000000e+00
7.862267269815460535e-01,-3.360941689465773763e+00,1.044064964890691005e+00,-1.908058686276106197e+00,-8.168270552799500317e-01,0.000000000000000000e+00
1.708220575727681600e+00,-1.691399847707311110e+00,-3.186778592357342177e+00,1.574059584360203434e+00,2.281702973327973893e+00,5.000000000000000000e+00
3.061705401630002932e+00,-1.008124681402197353e+00,-2.594476229603960515e+00,-6.428191016492119658e-01,1.726625694439813730e+00,6.000000000000000000e+00
-2.393655575795023971e+00,5.515789262364259038e+00,-1.324878903905692962e+00,-4.180926575365845110e+00,2.133200692902462503e+00,1.000000000000000000e+00
3.937671510395276631e+00,1.281841785577794712e-01,3.104799076804687807e+00,1.198162503563381165e+00,-3.414420135198883433e+00,8.000000000000000000e+00
1.702269247652820727e+00,-4.147364509019173973e+00,-4.813104708159054307e-02,-2.892242968885874177e+00,5.622064895978535759e-01,0.000000000000000000e+00
-2.330002281097037553e+00,-6.760820487681653557e-01,-1.704945967102183380e+00,-2.743787895018805933e+00,3.076420291878114721e+00,7.000000000000000000e+00
3.429041861259457757e+00,-2.000701222479884578e+00,-1.771839246997044981e+00,3.957327558311875548e-01,2.411764277563466230e+00,6.000000000000000000e+00
3.846754354183722580e+00,-2.658457510144208946e+00,6.312374942933279831e-01,2.530457349295420322e+00,4.181571876979224278e+00,6.000000000000000000e+00
1.094041297945993474e+00,-4.827024522487976199e+00,8.251554051399476730e-01,-1.537916441612950491e+00,-1.499385582351203006e+00,0.000000000000000000e+00
-4.239371639078439280e+00,-2.361730340727144495e-01,-4.484021861870374437e+00,-2.698881656256374661e+00,1.236825346115465463e+00,2.000000000000000000e+00
1.667677076158793348e-01,-3.433845830759671980e+00,9.330074703291691973e-01,-1.763451149596701129e+00,-1.687686711755395530e+00,0.000000000000000000e+00
1.208502683871189198e+00,-4.835478319459988406e+00,-6.892524795428269790e-01,4.270900102320047687e+00,2.984290787503105058e+00,5.000000000000000000e+00
-3.612062630105431493e-01,-2.498877370739635562e-01,-4.978687032648089428e+00,-4.559163475493142492e+00,2.260383485933039172e+00,7.000000000000000000e+00
-4.922498556928713853e+00,7.997984305781099534e-01,-7.126781836203599063e+00,-5.060252774732457048e+00,-2.817659956704686719e-01,2.000000000000000000e+00
-1.849290905196185220e+00,-9.190135511446773098e-01,-1.618581625328313178e+00,-2.062127456277024873e+00,2.933073220995692232e+00,7.000000000000000000e+00
7.930702891628687023e-01,-1.023016580259765052e+00,-2.195395562542832746e+00,1.285939821083375678e+00,4.169895104986385270e+00,5.000000000000000000e+00
-9.183749774657746778e-01,-2.077009289880185960e+00,-1.727693287635974073e+00,-1.942677687889681648e+00,4.566556644080441707e+00,7.000000000000000000e+00
1.967806664977721776e-01,-3.744902562198574092e+00,9.633174166880872358e-01,-1.650029632468471119e+00,-1.316863010342161244e+00,0.000000000000000000e+00
6.641116861150727635e-01,-1.663107522941898120e+00,-1.711559098689583447e+00,2.174721951632758277e+00,3.881403358171088502e+00,5.000000000000000000e+00
1.176163141605391926e+00,-5.247228491368395531e+00,-1.802759640854249001e-01,-2.010817422554373568e+00,-9.471988160229138920e-01,0.000000000000000000e+00
-1.199562497788676657e-01,-1.823341729575740811e+00,1.331805529948920874e+00,-1.790463742777942624e+00,-2.006048596311136301e+00,0.000000000000000000e+00
-1.379190256330794284e+00,6.135284134030000835e+00,-8.264164653727174015e-01,-3.723992830637676832e+00,1.898914572188665328e+00,1.000000000000000000e+00
4.993683674356302227e+00,-5.024918375865383702e-02,2.296281521792779223e+00,4.814047580983166763e-01,-1.430300597008307806e+00,8.000000000000000000e+00
-1.931223036821265726e+00,-1.109421206160633888e+00,-2.650620915540888856e+00,-3.237615093883321471e+00,4.486261922904356325e+00,7.000000000000000000e+00
-7.751032789224284736e-01,4.375424194028859404e+00,-1.233504718342478546e+00,-3.340952641094759645e+00,1.247342040063348145e+00,1.000000000000000000e+00
-9.455642630046534602e-01,-7.443011427436744265e-01,-4.019413942684698426e+00,-4.020748515407016832e+00,1.780320022505693212e+00,7.000000000000000000e+00
-8.820774447534300844e-01,8.632723196736408200e-01,-5.481708106507760192e+00,-5.606649502780769012e+00,1.368413002910935150e+00,7.000000000000000000e+00
-1.465712601574564067e+00,2.618884325629253912e-02,-1.877883716358081267e+00,-2.119673799057429697e+00,4.069443278987997514e-01,7.000000000000000000e+00
1.883108389821654516e+00,5.405963181249315852e+00,-1.109560250689685557e+00,3.883857649026924541e+00,-8.024334862346240271e+00,9.000000000000000000e+00
-8.591582937544223197e-01,-1.315140212020180055e+00,3.491466877221454990e+00,1.442002263351534364e+00,-5.323851703037767003e+00,4.000000000000000000e+00
2.651352084583562085e+00,-4.287241044895151454e+00,1.314969702977648147e+00,3.085862241335969092e+00,4.379134927788761900e+00,6.000000000000000000e+00
-2.855546169572607873e+00,-9.168906549650709392e-01,-6.810031231988641354e-01,-1.831780133335394023e+00,2.725029608475490583e+00,7.000000000000000000e+00
-7.932450999054301288e-01,5.503529929011753197e+00,6.104495877510511814e-01,-2.128091255823596484e+00,2.297070300965036616e+00,1.000000000000000000e+00
2.761732697473763487e+00,-3.650074219706716860e+00,4.646614658878882032e-01,-1.789275546648134929e+00,-1.971827459456428067e-01,0.000000000000000000e+00
-6.522015178039551886e-01,1.623417636647241369e-01,1.978793208104375090e+00,2.236490039736519497e-01,-3.096848978463217605e+00,3.000000000000000000e+00
2.126040085585497064e+00,-2.750151744091231976e+00,-1.526097250887162637e+00,3.104649400913770396e-01,2.176447905381744263e+00,6.000000000000000000e+00
1.594243629094467485e+00,-2.117338782872451919e+00,-2.382968850635329705e+00,2.002248254445032849e+00,1.545754543312311435e+00,5.000000000000000000e+00
4.071043805060264864e-02,-2.457272595793679848e+00,-4.021209261683771352e+00,-3.119526065613878796e+00,7.292573900815951804e-01,7.000000000000000000e+00
3.064066885780797111e+00,3.727259726328642220e-01,4.586238085832269995e+00,2.020834207123398230e+00,-9.216383972909233391e-01,8.000000000000000000e+00
-3.008105833776175686e+00,5.661869677618485142e-01,-7.132310793287079065e+00,-4.797047258339532050e+00,4.248096910422932693e-01,2.000000000000000000e+00
-5.633741785220387488e-01,4.764120314098601039e-01,-4.559179633415082478e+00,-4.663091720319674671e+00,1.892029072851938887e+00,7.000000000000000000e+00
2.733495093544322518e+00,-4.385215490573482811e+00,-2.102272260978254037e-01,2.014849641716638828e+00,2.671669827309467671e+00,6.000000000000000000e+00
2.012993367800613331e+00,-1.806631602015709603e+00,2.077976208904537547e-01,1.441427373604065698e+00,2.961001682382737421e+00,6.000000000000000000e+00
2.646040447137489426e+00,-7.099293141003387708e-01,-2.018991528279904246e-01,-2.924914007861948440e-01,-3.379926572920961991e+00,3.000000000000000000e+00
-9.285893080000693356e-01,-2.493643934141162255e+00,-3.985250973193494861e+00,-3.876100661929301694e+00,2.208880528722651171e+00,7.000000000000000000e+00
5.906875357927142411e-02,4.040506186706473157e-02,-4.482158599048123193e+00,-4.360192002721185567e+00,2.764335078371551901e+00,7.000000000000000000e+00
1.726910973411810879e+00,-1.162266685415869194e+00,6.538229682175441537e-01,1.687527628453485473e+00,3.013969249457462141e+00,6.000000000000000000e+00
3.164053944037609867e+00,-2.223017721336488783e+00,-3.462040775779410939e+00,-7.497624123133798113e-01,1.198776427081174711e+00,6.000000000000000000e+00
9.335114181024684044e-01,-1.263305095847940596e+00,-4.418403172947540924e-01,3.157816788730459567e+00,3.354122289024305648e+00,5.000000000000000000e+00
4.043028983960954115e+00,-3.125964641622486218e-01,-1.873814781886900649e+00,-1.266701223069762738e+00,-5.474939109530400749e+00,3.000000000000000000e+00
8.726243294572667564e-01,-3.352179039136849337e+00,1.858940634326870400e+00,-8.774425244401689028e-01,-1.927589287501134230e+00,0.000000000000000000e+00
-3.275479897794585149e+00,-1.362843153683964970e-01,-2.373869505282165004e+00,-3.132719995628236997e+00,1.463691017249226345e+00,7.000000000000000000e+00
-2.073617870351432302e+00,-6.159705634856453838e-01,-2.663823266770024567e+00,-3.010561365527089972e+00,2.879664792962539632e+00,7.000000000000000000e+00
-7.142559274103347233e-01,-1.427458935746457769e+00,-6.104541476366418529e+00,-5.155330685945904712e+00,1.627519508005948135e+00,7.000000000000000000e+00
-1.457635774783636373e+00,-1.751608809502060438e-01,-2.345340611759643590e+00,-3.067937913346417300e+00,2.034684177635444513e+00,7.000000000000000000e+00
-4.651913795559916132e+00,1.926144199584823635e+00,-5.187925959872075055e+00,-4.027093420252290557e+00,1.941753451414254261e-01,2.000000000000000000e+00
-2.402589746000337811e+00,-1.263282928905554936e+00,-2.348142190182667122e+00,-2.962127286942025872e+00,1.955104520169867799e+00,7.000000000000000000e+00
-9.448234908855758230e-01,5.563762142452940429e-01,-5.147291346870961348e+00,-5.222679965545372838e+00,1.057769467713050471e+00,7.000000000000000000e+00
-2.201397492342878515e+00,-5.148942103449452024e-01,-1.883471112109645462e+00,-2.944948807171466676e+00,3.871523443618391180e+00,7.000000000000000000e+00
2.412712142501475920e+00,-1.743720967437562663e+00,-8.089041386970292624e-01,6.434774436696858446e-01,1.923628821380000353e+00,6.000000000000000000e+00
-2.823593654037979572e+00,-1.319086594228585874e+00,3.571700172916133731e+00,1.313254902958526316e+00,-5.693986571915186978e+00,4.000000000000000000e+00
-3.544950334946176618e+00,2.628319232938827632e+00,-3.053482541845452758e+00,-5.364640770938993164e+00,3.978814258939322723e+00,7.000000000000000000e+00
2.849098005535269706e+00,-3.970485463742701171e+00,-1.273854982340546949e+00,1.421928778549707451e+00,1.633166017711015439e+00,6.000000000000000000e+00
1.053671024043821403e+00,-3.305766948368263236e+00,2.217576256222392739e-01,-2.144562566923117419e+00,-1.331119828890595436e+00,0.000000000000000000e+00
-2.450288028666532725e+00,6.669658952379831085e+00,-3.946370699722446806e-01,-3.679094336122735065e+00,1.859450680835454062e+00,1.000000000000000000e+00
-5.794664753490371550e-02,-4.690091945207318425e+00,-8.488954123958034059e-02,-2.470300415651695225e+00,-1.842971367512479697e+00,0.000000000000000000e+00
3.081129956242969481e-01,-3.272887541491094510e+00,2.739712886265448066e+00,-5.093935411455275952e-01,-8.612227716733166227e-01,0.000000000000000000e+00
-2.465363173783793993e+00,6.730154486097655875e-01,-2.319843832419669294e+00,-3.364428465743051433e+00,3.452666280008116484e+00,7.000000000000000000e+00
-2.614524487051448798e+00,1.459784727749913746e-01,-3.050205972758021300e+00,-3.830793622489371941e+00,3.167386557688608217e+00,7.000000000000000000e+00
-1.358395540029402326e+00,-1.201932275868895061e+00,2.037837632237423868e+00,3.107795105479941311e-01,-6.718050222425717699e+00,4.000000000000000000e+00
3.612262154771143319e+00,-3.213006478341659200e+00,-3.129145013000215414e+00,-2.425631653366777385e-01,1.659768734706102311e+00,6.000000000000000000e+00
-1.780237362407498525e+00,-1.043391081456967184e-01,-3.122238395068253514e+00,-3.528923934473872315e+00,2.411076833613103432e+00,7.000000000000000000e+00
-2.250517011846727922e+00,5.239163096926078289e-01,-4.402196968915464304e+00,-4.490938893085516526e+00,6.806437008308590109e-01,7.000000000000000000e+00
-1.030659979719384278e+00,-3.452966253946541664e-01,-3.558795227923953419e+00,-3.588157440267471188e+00,2.597051104956564327e+00,7.000000000000000000e+00
-4.005964976021390012e-01,-4.839512707888202203e-01,-3.671277724545489285e+00,-3.527350514528350800e+00,1.455136546204506942e+00,7.000000000000000000e+00
3.705945505089515812e+00,-6.984398743337458804e-01,2.667430939522754674e+00,7.344356472040287631e-01,-1.845620186013161135e+00,8.000000000000000000e+00
-2.717529333523609925e+00,6.048796573151991041e-01,-3.394603655924203434e+00,-4.505014327503161553e+00,2.824533291355608711e+00,7.000000000000000000e+00
-1.184716773220310937e-01,-1.865590900719770628e+00,-5.039976277293054530e+00,-4.398569837416425266e+00,2.796449617888520311e+00,7.000000000000000000e+00
8.009914361569823171e-01,3.387234834255893556e+00,1.351216518674043465e+00,6.091598496585776346e+00,-7.684980482730203732e+00,9.000000000000000000e+00
1.696763755697794640e-01,-1.439364810786682325e+00,-3.953511014921314626e+00,-3.775900691389348030e+00,3.304399716979826707e+00,7.000000000000000000e+00
4.049061270359734621e+00,-2.870458262083754875e+00,-1.397509866290023606e+00,8.750995870423320389e-01,3.230114925937912940e+00,6.000000000000000000e+00
-5.548550453275231220e+00,1.416923239417628433e-01,-4.692113171091606638e+00,-3.598942018987090208e+00,1.685421440407283145e+00,2.000000000000000000e+00
-3.433997231329926514e+00,-2.787572473473114432e-01,-1.374142914429599127e+00,-2.734155285781989519e+00,5.001115069267638269e+00,7.000000000000000000e+00
-6.437375432042573564e-01,-3.853381989243833683e+00,1.925580482169938934e+00,-1.473315468321119370e+00,-6.044679051765974309e-01,0.000000000000000000e+00
-1.601437461972193388e+00,-1.799710903891398095e+00,-2.983560908428671610e+00,-2.729903924974167673e+00,1.412553237956258645e+00,7.000000000000000000e+00
-1.415382714517093632e+00,-1.494018868419668022e+00,-3.090513521894624027e+00,-2.893588493545590001e+00,2.110949766587836063e+00,7.000000000000000000e+00
-1.706284156614560343e+00,-1.793623181968125424e+00,2.434324583226348704e+00,7.314817013999738160e-01,-5.466623965565847065e+00,4.000000000000000000e+00
2.301239641383304946e+00,-2.218532044638255485e+00,2.163081659402429080e-01,1.656145807379841850e+00,3.215344651788659469e+00,6.000000000000000000e+00
5.141880380451605559e-01,-6.175305995168302031e-01,-2.776138728985786397e+00,1.490189018913858465e+00,1.237590186078508792e+00,5.000000000000000000e+00
9.313953240606357431e-01,-1.930820581175982431e+00,2.536108577051091828e+00,-1.522406329131853031e+00,1.083332894115866640e+00,0.000000000000000000e+00
3.431498845708834455e+00,-4.152879450617689150e-01,-1.215401584638256649e+00,-9.516934780114841841e-01,-5.051931132283053572e+00,3.000000000000000000e+00
-1.920053019862701271e+00,3.144082019207608547e-01,-3.763891188491970574e+00,-4.447292078120116621e+00,2.459454936554658744e+00,7.000000000000000000e+00
-5.636633850354072495e-01,5.537036735560646461e-01,-3.848315209258613034e+00,-4.473925251871627928e+00,2.475251224107500203e+00,7.000000000000000000e+00
-1.555242736626046840e+00,5.099909003842228117e+00,-4.733425290042361233e-01,-3.209476269221314126e+00,2.711935175081694904e+00,1.000000000000000000e+00
-9.896928881892285146e-01,4.109657203859971020e-01,-5.542901073118999378e+00,-5.118255958977568909e+00,-3.938782647656133284e-02,7.000000000000000000e+00
1.655964506706630313e-01,-3.445808711773874933e+00,2.249455870298563975e-01,-2.559780304495508751e+00,-1.752046264489823368e+00,0.000000000000000000e+00
-8.996704972047089299e-01,4.987623901903442736e+00,-6.843476021452357116e-01,-3.091019936135183777e+00,1.823376430942644344e+00,1.000000000000000000e+00
2.772445856724521818e+00,-1.807715492548088498e+00,-1.190481977590465590e+00,5.541038705306441381e-01,2.920481301128484475e+00,6.000000000000000000e+00
-2.016326262871381836e-02,4.451378426427559987e+00,-1.982890131263089106e+00,-3.940347882318650630e+00,2.659413270456383760e+00,1.000000000000000000e+00
5.041644929640282768e+00,6.335759057270359262e-01,2.142843989031951502e+00,7.562350507364888896e-01,-4.006699227905718530e+00,8.000000000000000000e+00
2.284555401255831786e+00,-5.082893736522785311e+00,-5.967621261874839211e-01,2.019151486210022384e+00,3.011491564766743068e+00,6.000000000000000000e+00
-5.069225641043979547e-01,-1.317624519790150661e-01,-4.430316059443383025e+00,-3.821337654224844727e+00,1.216963062147135677e+00,7.000000000000000000e+00
2.083609247791512242e+00,-1.164132183349899652e+00,-4.289042611511514336e-01,9.856099694515739751e-01,3.139085109118418870e+00,6.000000000000000000e+00
4.192006520347318910e-01,-2.984007457997063018e+00,1.983148242784890325e+00,-1.442139793754218191e+00,-8.519140706551185660e-02,0.000000000000000000e+00
3.675065645761191657e+00,-1.222985127010823625e+00,3.028938726491696709e+00,1.185737188568718015e+00,-1.693449139390629021e+00,8.000000000000000000e+00
1.338204704412796042e+00,-3.660310955668004684e+00,8.259689227011038914e-01,-1.540032489478270428e+00,-1.655930992842556071e+00,0.000000000000000000e+00
4.511354530518156380e+00,-6.299340848155444705e-01,4.369398524344939361e+00,2.567428859140060915e+00,-1.581134475240680404e+00,8.000000000000000000e+00
-3.079491340799903054e-02,-1.707933973814025563e+00,1.022902175210093911e-01,-3.530675351243347748e+00,-3.907556223370519666e-01,0.000000000000000000e+00
-1.411945036141163179e+00,5.304425722120741094e-02,-3.280179676762456698e+00,-3.511515673520877012e+00,9.702729997154658781e-01,7.000000000000000000e+00
-7.332082244395756732e-01,-2.715517061060991111e+00,1.169799666689063988e+00,-2.455069132185370595e+00,7.071764663654397376e-01,0.000000000000000000e+00
-2.014862392058405227e+00,5.494748292706070458e+00,-6.415463681484084857e-02,-3.359321366661398134e+00,2.478667774354966546e+00,1.000000000000000000e+00
-3.789340813306409927e-01,-3.077203448401654828e+00,2.490300373380886612e+00,-9.264573488126304213e-01,-5.082906897822345726e-01,0.000000000000000000e+00
9.386905492857834377e-01,-4.261859077837891974e+00,-4.270224427134432510e-01,-2.856104386205711609e+00,-7.380621564765829090e-01,0.000000000000000000e+00
2.307213973009845542e+00,-1.339444577675427128e+00,-2.822779234341754151e+00,-1.111263129148873041e+00,2.895593496087858654e+00,6.000000000000000000e+00
2.232591309906300836e+00,-4.117658287538233930e-01,-3.767339781825519651e+00,1.064957910680488506e+00,1.386192309538998857e-01,5.000000000000000000e+00
-2.736624293748771142e-01,-4.053248500141299893e+00,2.202555218311806229e+00,-7.760090854167639440e-01,-1.409020187218736453e+00,0.000000000000000000e+00
3.950000385045548956e-02,-2.629767373538824060e+00,1.570153560786739178e+00,-1.668756632403286755e+00,-7.359981644604258744e-01,0.000000000000000000e+00
-1.296806729290348903e+00,-1.259538359916990480e+00,-1.913109084834179630e+00,-2.041259397852864588e+00,1.873766167368272617e+00,7.000000000000000000e+00
4.634509171640902592e-01,-2.099773523709495215e+00,2.501556622707613364e+00,-9.131841307245522898e-01,-1.373287306603552915e+00,0.000000000000000000e+00
-8.481123854990385569e-01,-7.334434990442817437e-01,-2.623325749966912035e+00,-2.857990493078982119e+00,2.614599963857950904e+00,7.000000000000000000e+00
4.795731343991224693e-02,-8.090130270292609227e-01,-3.601120302789210026e+00,-3.378165560229033471e+00,2.310251094340870281e+00,7.000000000000000000e+00
3.265091718743168503e+00,-2.647125791888674140e+00,-1.030089903877076329e+00,6.732049858273539966e-01,3.109910708116734757e+00,6.000000000000000000e+00
1.441963524871165525e+00,1.186228574305307815e+00,-2.520357915906786817e-01,-8.648878998434271770e-01,-4.811529215255251124e+00,3.000000000000000000e+00
3.047529351155457977e-01,-3.231623652634710631e+00,3.226353246191928648e-01,-2.666546977906834037e+00,4.794455438507420897e-02,0.000000000000000000e+00
3.195025161612887743e+00,-1.610652493531617324e+00,-1.294478226889397066e+00,5.467445477200040260e-01,1.849094317739924165e+00,6.000000000000000000e+00
-4.296489525318794911e+00,-8.875131579284097905e-01,-6.473261264756185795e+00,-4.080650352988813623e+00,2.059895775982566457e-01,2.000000000000000000e+00
-1.323951316191221084e+00,5.236670014267740925e+00,-5.675581548552044442e-01,-3.021454641684230946e+00,1.111250305308396857e+00,1.000000000000000000e+00
3.551122546849412753e+00,7.597157385356283488e-01,3.487216214793984470e+00,1.101257135714286850e+00,-1.687699062997762844e+00,8.000000000000000000e+00
-1.606636194169912324e+00,-1.348948706810088272e+00,-2.214912123382083209e+00,-2.722363189073655487e+00,2.350105357832350972e+00,7.000000000000000000e+00
-6.950197468093204378e-01,-3.792822714430438502e+00,1.186697763630243152e+00,-1.636555238213554864e+00,-9.605150732707415928e-01,0.000000000000000000e+00
-2.068092238496226365e+00,6.766523012041179008e+00,4.114557145806754246e-01,-3.107677837239711138e+00,1.444875775592203038e+00,1.000000000000000000e+00
1.491401324449238563e+00,-3.525523557620706239e+00,2.547893539679521258e+00,3.619911599153504245e+00,4.566347932355838246e+00,6.000000000000000000e+00
1.171775206549859227e+00,-4.021419373102048667e+00,2.091306381073518406e+00,-5.826006768001416036e-01,-8.225298704467927102e-01,0.000000000000000000e+00
-3.669937227955102355e+00,5.678516069572406622e+00,3.323463164920975377e+00,-1.187914066015045567e+00,5.508820310062888304e+00,1.000000000000000000e+00
-1.893056778845032539e+00,4.114592303633096471e+00,1.540179663888256112e+00,-1.398618774315605107e+00,3.057098137977920960e+00,1.000000000000000000e+00
3.074726582707226985e+00,-2.746300948575155498e+00,-1.055625908132115764e+00,1.063901380208272629e+00,2.756906318617359464e+00,6.000000000000000000e+00
7.008376852977048488e-01,-3.925302721549981833e+00,-1.104253181060934175e+00,-3.071364561440104612e+00,-2.476954895370039988e+00,0.000000000000000000e+00
-9.599310877876110482e-01,-3.295741158400542048e+00,2.937264165446595854e+00,-7.121694659032334895e-01,-5.358276988170429522e-03,0.000000000000000000e+00
-2.044575288295684690e+00,4.267579868362964546e-01,-3.087602450609486571e+00,-4.072017172496796178e+00,3.725081447130013768e+00,7.000000000000000000e+00
-8.829309412614044783e-01,-3.159264357897662467e+00,2.724321721209844949e+00,-1.090685869897211946e+00,1.516640150794538844e+00,0.000000000000000000e+00
2.222576140526987931e+00,1.214156615027409680e+00,-7.637461059206618330e-01,-1.426683026166002177e+00,-4.048060134357774231e+00,3.000000000000000000e+00
-2.085010731877177559e+00,-1.335487485462583335e+00,-1.044919202644400080e+00,-1.421203127948311717e+00,2.478635117517915543e+00,7.000000000000000000e+00
9.312434580024081532e-01,4.432453589287856488e+00,-1.706539020690966524e+00,3.838352366428854356e+00,-1.007185668479827179e+01,9.000000000000000000e+00
-1.936813181417067486e+00,-5.064608555594966033e-01,-4.356429230464989644e+00,-4.746571106234068083e+00,2.717762367278385049e+00,7.000000000000000000e+00
-2.940873346582181913e+00,-1.288043431067983392e-02,-2.458705593623504271e+00,-3.640967160641261469e+00,3.140956485409174714e+00,7.000000000000000000e+00
-2.851151824620342889e+00,1.425034207882875492e+00,-4.025793259067895313e+00,-4.890542882654666634e+00,2.400349694743675322e+00,7.000000000000000000e+00
1.702887874217178465e+00,-2.055683246699473443e+00,-2.660180751558335555e+00,1.608846403151443560e+00,2.638853431223790569e+00,5.000000000000000000e+00
2.359771522877298189e+00,8.151939087342836565e-01,1.471907527985207187e+00,4.271727851237193674e-01,-2.747026496459201272e+00,3.000000000000000000e+00
-1.607285888930119588e+00,5.468658578121070590e+00,9.382525283645667402e-01,-2.727529921127959778e+00,3.607920688538380549e+00,1.000000000000000000e+00
-8.526061681037863105e-01,-1.866566201663315550e-01,-3.108144793267196171e+00,-3.345912907182867269e+00,1.698921731965314930e+00,7.000000000000000000e+00
-3.037533333128799029e+00,1.144312632786362638e+00,-6.459124358563620660e+00,-4.152868926378129544e+00,-5.910699553339247014e-01,2.000000000000000000e+00
-1.610398537010491848e+00,-1.899378119411296861e+00,-3.144300856432139302e+00,-3.183328192499896847e+00,2.517032223453014694e+00,7.000000000000000000e+00
2.233657267554144177e+00,-2.253674907455672560e+00,-3.364487178283516178e-01,6.190963319019016087e-01,4.562624743777702108e+00,6.000000000000000000e+00
-3.434228889828767173e+00,2.896449953912952680e+00,-8.088340563683091844e+00,-6.313641491163944686e+00,-9.027205197685552740e-01,2.000000000000000000e+00
-2.358782655647338800e+00,7.362775045029638088e-01,-1.931818347902549249e+00,-3.181890854098649690e+00,2.971131213239723401e+00,7.000000000000000000e+00
-2.040384256569017563e+00,8.610530900656133690e-01,-4.122626966397977988e+00,-4.946011767691613770e+00,2.164874624223945165e+00,7.000000000000000000e+00
-1.324090616236772155e-01,1.793227271046045512e+00,-5.181525151021793008e+00,-4.984857864002187888e+00,3.821136050650362770e-01,7.000000000000000000e+00
-3.066804582842538984e+00,1.146372011673394642e+00,-6.643338493058631222e+00,-4.745420872527280842e+00,7.319104679300165728e-01,2.000000000000000000e+00
-2.358362503719218795e-01,1.270992184079019038e+00,-6.557711084042712635e+00,-6.469485787886003259e+00,1.255705847771010575e+00,7.000000000000000000e+00
-1.662847291926278004e+00,5.093859459290729141e+00,1.265272752833787040e-01,-2.793716054739487031e+00,1.542062073734474348e+00,1.000000000000000000e+00
-3.175608392889090581e+00,-2.771522819702609830e-01,-2.488824244095246385e+00,-3.162479855588804067e+00,2.477788795213613504e+00,7.000000000000000000e+00
9.832622058555069433e-01,-3.037580271291226097e+00,1.157700543681014604e+00,-1.742843946294892810e+00,-7.969926810533376482e-01,0.000000000000000000e+00
5.437060779416309497e-01,-1.253146078759979076e+00,-5.293262328971865216e+00,-4.896831245548610489e+00,2.857017662386107215e+00,7.000000000000000000e+00
-1.299501593200426797e+00,-9.132484415032222635e-01,-4.445889551155423725e+00,-3.868893326571688718e+00,1.532613314229980483e+00,7.000000000000000000e+00
1.231781852273833966e+00,-3.629985051446053212e+00,-3.587410051660906984e-01,-2.465253636132931359e+00,-2.286817421088949587e+00,0.000000000000000000e+00
-2.509031874092425785e+00,-1.764660389526476525e+00,-2.030775010307968920e+00,-2.328371743282557471e+00,3.033559677190049264e+00,7.000000000000000000e+00
-2.308493883426316007e+00,3.144893354867721591e-01,-3.973423598027653547e+00,-4.411109718527507439e+00,1.673250606043624522e+00,7.000000000000000000e+00
-1.949455124095597736e+00,5.833536510258922725e+00,1.528564743040046858e+00,-1.386080785937828574e+00,1.283554892944982484e+00,1.000000000000000000e+00
-1.054072293749719780e+00,-1.287989709327725052e+00,1.434221745466356168e+00,-2.006320822864809672e-01,-5.643946115912047645e+00,4.000000000000000000e+00
4.919549215832619837e-01,-3.654188368477401472e+00,-7.860012054064543507e-01,-3.008122466089542701e+00,-2.377328492441119767e+00,0.000000000000000000e+00
-3.028682533387714759e+00,6.024492303936126447e+00,-1.433296854389626007e-01,-3.760791157912725780e+00,3.019947885881062444e+00,1.000000000000000000e+00
-1.489304042257190819e+00,-8.336531195181712262e-01,-4.454227243038610062e+00,-4.287691103034821261e+00,1.916605267209400942e+00,7.000000000000000000e+00
-3.116004459469805088e+00,-4.845050602297688580e-01,-2.205231707163244348e+00,-3.215680921501810285e+00,3.147544695656826264e+00,7.000000000000000000e+00
5.332583657026177093e+00,-1.934858113286771486e+00,1.154921118122294477e+00,4.640171762533057409e-01,-3.528965498114751576e+00,8.000000000000000000e+00
6.890172441097895950e-01,4.350496088279196538e-01,-2.632740708283682896e-01,3.067613813761007169e+00,2.798553015599034577e+00,5.000000000000000000e+00
2.435145672287436225e-01,-2.713250467600514249e+00,-2.620622363661442855e-01,-3.501651775925301635e+00,-8.953848057507195202e-02,0.000000000000000000e+00
-2.991838464163146583e+00,-2.972752098834290369e-01,-4.417569188533195246e-01,-1.859655767305858465e+00,3.400056668729576348e+00,7.000000000000000000e+00
-8.786945245750457101e-01,-2.783039047763802287e-02,-3.465544693042633462e+00,-3.845569019115511189e+00,3.286893241412722766e+00,7.000000000000000000e+00
-3.291570095246616035e+00,1.505765939750998594e+00,-6.570668755340809852e+00,-4.456376870754235497e+00,-9.390570657830195067e-01,2.000000000000000000e+00
-1.364299645278289397e+00,2.711183426337190894e-01,-4.540457559159102097e+00,-4.900403642327209930e+00,1.939806410963763827e+00,7.000000000000000000e+00
2.468210197318855492e+00,-2.959466261548812316e+00,-6.806995554985396657e-01,1.270362117075305441e+00,2.955312828590233920e+00,6.000000000000000000e+00
4.428080940351129813e-02,-5.420872153785463610e+00,2.891288948600937214e+00,-2.218797536883368171e-01,8.174832634217862326e-01,0.000000000000000000e+00
-6.383421209261397333e-01,-1.499652367396806962e+00,-4.606355861970497401e+00,-4.247319936887820724e+00,2.176518391121916363e+00,7.000000000000000000e+00
9.766809839584486008e-01,-6.577017763983173948e-01,-2.225886942801798440e+00,1.625739671944096187e+00,2.320149217016320264e+00,5.000000000000000000e+00
-1.443639514642984567e+00,-1.310398172191613808e+00,-2.676702058499289993e+00,-3.371200134802970538e+00,4.141785282102518728e+00,7.000000000000000000e+00
-5.601721844681545326e-02,-1.587771181648860663e+00,-3.372999127623833804e+00,-3.000416381205235350e+00,1.177042610176286752e+00,7.000000000000000000e+00
-2.707874324284608836e+00,8.400696329645153115e-01,-2.428250973675376567e+00,-3.799442031832418465e+00,3.420676335553439085e+00,7.000000000000000000e+00
2.169336795948933361e+00,7.264695136985090951e-01,-1.810937674379375029e+00,1.564023752812390811e+00,4.098584646651590724e+00,5.000000000000000000e+00
-1.296456287676022390e+00,-1.286129451984876937e+00,-3.101507918805515907e+00,-3.415546782758810185e+00,3.768761657750068661e+00,7.000000000000000000e+00
-9.450102566247575719e-02,-1.748416716754479960e+00,-3.806797928597012604e+00,-3.427588318156608693e+00,3.048250926717646969e+00,7.000000000000000000e+00
-4.424376786515614945e+00,4.129486915892631727e-01,-3.332267289133481469e+00,-2.160540349833506291e+00,1.637798107968809536e+00,2.000000000000000000e+00
2.911604039852987214e+00,4.472403612402641726e-01,-2.103585316963129337e+00,-1.995105298351646184e+00,-5.613410070041907396e+00,3.000000000000000000e+00
-1.873764052291024385e+00,-1.866060147612094822e+00,-3.469483945239333789e+00,-3.273259759973118577e+00,2.317713808589910052e+00,7.000000000000000000e+00
1.983311383639002390e+00,1.334418853773247315e+00,-1.774353793498201881e+00,-2.525088685374614172e+00,-3.806047406330385741e+00,3.000000000000000000e+00
2.395856019954801575e+00,-7.325905347422564384e-01,-5.320772697497772735e-02,7.469527958625387098e-01,2.992476047527079075e+00,6.000000000000000000e+00
-2.303543591059500795e+00,4.048437503329759934e+00,2.739984923729495314e+00,-1.008415222894491814e+00,4.313761128331064398e+00,1.000000000000000000e+00
7.655742252082157195e-01,-2.589320563951414300e+00,1.186767980420774471e+00,-1.864001281049287639e+00,-1.135653738200494006e-01,0.000000000000000000e+00
-1.683755532505582853e+00,-7.893467397041076250e-01,2.933718941451119555e+00,-1.398506329158170303e+00,-9.034157893228702552e-01,0.000000000000000000e+00
1.485402347512401633e+00,1.051814038344943469e+00,2.173266461618847678e-01,-5.241500975182230571e-01,-5.247057939303092944e+00,3.000000000000000000e+00
-9.702435251084953194e-01,-4.400653065275670350e-01,-2.633495415733245970e+00,-3.018826830789103077e+00,2.774215704959850370e+00,7.000000000000000000e+00
-2.665577584468176386e+00,-8.888396219495109385e-01,-1.190446754907117377e+00,-2.229122888937702385e+00,4.237769345811447153e+00,7.000000000000000000e+00
-5.586454601797670172e-01,4.997524548756158147e+00,-1.175855823602801609e+00,-3.496965913918076208e+00,2.288956802903796994e+00,1.000000000000000000e+00
-2.082096364598871485e+00,-1.671433915440430074e+00,-7.761690756851399309e-01,-1.519326298700223177e+00,4.200602761832585408e+00,7.000000000000000000e+00
-3.175456646228038249e+00,-6.150207386930209852e-01,2.675198869543431002e+00,1.150038865948411759e-01,-5.193833437560980926e+00,4.000000000000000000e+00
-6.532438817010767229e-01,-2.449291810146711490e-01,-4.651420228404809620e+00,-4.463673269045179026e+00,2.141126968639394779e+00,7.000000000000000000e+00
1.664952279539342050e-01,-4.066491942674971938e+00,2.323741822670744028e+00,-8.829883368423747658e-01,-3.551504769183520538e-01,0.000000000000000000e+00
-2.332298628366897830e+00,-1.123386270358871286e+00,-8.865458641321102284e-01,-1.813680733200711659e+00,3.633458998360110215e+00,7.000000000000000000e+00
-1.530272288475988285e+00,-2.342259204352409585e-01,-2.951077039445130445e+00,-3.169520637871908075e+00,2.067455538546325577e+00,7.000000000000000000e+00
2.177647062681599965e-01,-2.260042427085600103e+00,9.012403163335772627e-01,-2.197250321071376522e+00,-9.538160939105229108e-01,0.000000000000000000e+00
-1.877409753917064661e+00,6.240137032251843685e+00,-1.282085135937873765e+00,-4.220936173773669253e+00,2.355705819823954439e+00,1.000000000000000000e+00
2.904511099735344271e+00,1.855167343349308773e+00,8.808089178362288330e-02,-1.270459416935382890e+00,-3.199973926667906365e+00,3.000000000000000000e+00
4.168245418674771052e+00,9.935960121458403682e-01,3.584288723379264407e+00,1.508746781568015560e+00,-3.215885110651025336e+00,8.000000000000000000e+00
-2.111067340209770382e+00,-4.948882201554676286e-01,-2.160945763272395403e+00,-2.761399521824646985e+00,1.730880058140520594e+00,7.000000000000000000e+00
3.748905851243661491e+00,4.270984643262639713e-01,-3.330152683198672192e-01,8.821886881346774345e-02,-5.978973101901412512e+00,3.000000000000000000e+00
2.054832325954293104e+00,-1.438198699913636469e+00,-1.554841816502447793e+00,1.706382143660716000e-01,2.558628989870707304e+00,6.000000000000000000e+00
1.581617831111591155e+00,-4.581254518128923259e+00,-9.493797788960819384e-01,-3.010202502870596764e+00,-1.804711765723707506e+00,0.000000000000000000e+00
-1.891393912176966507e+00,-1.090691624776600754e+00,-2.159916261467860199e+00,-2.628853727267190798e+00,2.291836360347734747e+00,7.000000000000000000e+00
1.119292056563939486e+00,-1.900528892031062789e+00,-1.327471665560505665e+00,2.574787148821990446e+00,4.040514728164848357e+00,5.000000000000000000e+00
-1.838861060725100138e+00,3.138626041132673850e-01,-5.463741837313365046e+00,-5.702392338349190126e+00,2.486266649718598565e+00,7.000000000000000000e+00
5.259561340059993206e+00,-1.586862366829686899e-01,8.124114829403205063e-01,4.132888363998998837e-03,-3.391092757990033846e+00,8.000000000000000000e+00
-1.411661857924615848e+00,8.175200781429061703e-01,-2.200682315184629090e+00,-2.572623793192540642e+00,1.631221494656983406e+00,7.000000000000000000e+00
-1.006364053299211303e+00,4.897101619082016022e+00,-1.628568803927704367e-01,-3.246493187716116058e+00,2.615807025498099403e+00,1.000000000000000000e+00
1.812430372306344184e+00,-1.025781240818640638e+00,-1.294336383962048087e+00,2.616138519383503613e+00,2.817460769000730281e+00,5.000000000000000000e+00
2.379038512276248962e+00,1.073790102980264338e+00,-1.928371807959770479e+00,-2.061260374434873643e+00,-4.678146958506410158e+00,3.000000000000000000e+00
3.270243124628227527e+00,-3.304579737613043466e+00,3.984618693025754332e-01,2.332433209124605167e+00,4.207012957286937471e+00,6.000000000000000000e+00
5.822767134362929475e-01,-1.435596997449354317e-01,-4.980403122230302237e+00,-4.149558875836655503e+00,5.164963757263630884e-01,7.000000000000000000e+00
3.970805933027523604e-01,2.027588570452216188e-01,-3.648118628007482656e+00,-1.371689798288629192e-02,2.190740095655647757e+00,5.000000000000000000e+00
-1.019747187382679554e+00,-1.495988714235378936e-01,-4.071592138035840414e+00,-4.015491620246346649e+00,2.104063309407361970e+00,7.000000000000000000e+00
-8.545726296249120946e-01,-8.031965387813818635e-01,-3.435794764161473225e+00,-3.438658342841573123e+00,2.741899579400928655e+00,7.000000000000000000e+00
-1.727319523359649445e+00,1.010624098596311526e+00,-5.078159381252622673e+00,-5.467762529338757282e+00,1.282734562995269334e+00,7.000000000000000000e+00
-2.307645636103696773e+00,-1.762246053238200050e-01,-2.716290384959076931e-01,-1.211318322847152018e+00,1.896656686417217630e+00,7.000000000000000000e+00
-4.144071730847869728e-01,-1.163759315619943696e-03,-2.792483521105914690e+00,-2.660147640061018226e+00,1.719518723294188423e+00,7.000000000000000000e+00
2.846280245674114528e+00,-1.778495751067910247e+00,-1.604043528927525220e+00,2.166484824060824765e-01,2.719815212162992601e+00,6.000000000000000000e+00
5.753278029406779792e-01,5.147413795146479204e-02,1.294410794197623948e+00,2.088570869342282893e-02,-2.590308536440069087e+00,3.000000000000000000e+00
-1.097473964852019535e+00,-5.005362220799404183e-01,-2.874014322999014048e+00,-3.450927604055889830e+00,3.713415811417279500e+00,7.000000000000000000e+00
-2.788040016650636055e+00,5.081362882139451642e+00,1.560364911563737467e-01,-3.043143825403215263e+00,1.723738313614384676e+00,1.000000000000000000e+00
4.592324142667606468e-01,-2.276783823372429794e+00,-6.954417286784385643e-01,-3.911231480612884948e+00,-5.344245886531131529e-01,0.000000000000000000e+00
-1.959721189142536346e+00,-7.280470227370443581e-01,-3.141072874453974872e+00,-3.527853909370832319e+00,1.833337966393024487e+00,7.000000000000000000e+00
-4.324823949234275489e-01,-4.710202703978709771e-01,-3.795148947365282854e+00,-3.824077653293613821e+00,2.236857657655245024e+00,7.000000000000000000e+00
-6.449362301508960726e-01,-3.855191810035606959e-01,-5.812931586639965786e+00,-5.155103817456075710e+00,1.021996200648471298e+00,7.000000000000000000e+00
7.879891916011938502e-01,-4.820653414386870672e+00,9.753422887459605173e-01,-1.511533340740803588e+00,-5.969506589624191673e-01,0.000000000000000000e+00
2.950279559025299037e+00,5.808932898350754881e-01,-3.047702211749972467e-01,-8.026009617120466455e-01,-4.004522773111527378e+00,3.000000000000000000e+00
2.545548339682825123e+00,-3.306155971963590456e+00,-2.797259472653746970e-01,1.625018730354057306e+00,3.404688536766821816e+00,6.000000000000000000e+00
5.762468691232458529e-01,4.566294275194963781e+00,2.551119536661840215e+00,6.718014756708162949e+00,-6.644622112774449363e+00,9.000000000000000000e+00
3.805889245903854023e-01,-4.196633953852376919e+00,1.756938129738212284e+00,-1.195820862124209016e+00,2.087371987498612413e-01,0.000000000000000000e+00
1.756291752193881894e+00,-1.011317750551573802e+00,7.310527877530516305e-02,-2.815248525807630964e-01,-2.631116371718630109e+00,3.000000000000000000e+00
-1.062793653273347294e+00,-1.135458569217467462e+00,-3.495479244337502678e+00,-3.362780624192220902e+00,2.085602761423438256e+00,7.000000000000000000e+00
-9.993630457059370364e-01,-6.010921089721462662e-01,-2.324593298487812820e+00,-2.943702059270097759e+00,4.010380137969886682e+00,7.000000000000000000e+00
-1.004624372340394145e-01,-7.705881535311075448e-01,-4.282649800946316532e+00,-3.831070690309736015e+00,1.489700369959421788e+00,7.000000000000000000e+00
-1.439170780364181335e+00,-9.640118549897345179e-01,-2.413057245323160682e+00,-2.383706168496692257e+00,1.436211693675158108e+00,7.000000000000000000e+00
-2.321638988244373092e+00,1.626032690159679994e+00,-4.112637362163933830e+00,-5.116399501489462764e+00,1.874778588043895411e+00,7.000000000000000000e+00
-2.136761689313624035e-01,-3.666839816827951015e+00,2.377780746066465056e+00,-1.179873921308167706e+00,-4.722074368900117114e-02,0.000000000000000000e+00
-4.062990860694666750e+00,1.180590227360466704e+00,-6.876801695490537547e+00,-5.154291572852447878e+00,-5.308835507362325012e-01,2.000000000000000000e+00
1.637174118150231950e+00,-6.136143386130755717e-01,-1.982971210847233268e+00,1.870928477948381019e+00,3.466348645940635187e+00,5.000000000000000000e+00
3.598853391692731218e-01,-1.024481947429519035e+00,-2.457756033813341290e+00,1.220203106147631278e+00,3.963006248343518667e+00,5.000000000000000000e+00
-2.209188889447297743e+00,-1.242511042827223910e+00,-2.372637247241654812e+00,-2.720005625275902172e+00,2.905481310206418755e+00,7.000000000000000000e+00
4.416223097866419645e-01,-1.784781672105201000e+00,-2.498421183653255273e+00,1.280934361656208109e+00,5.399155798437689668e+00,5.000000000000000000e+00
3.992230934588702596e+00,7.398957543060110664e-01,1.414766182863703925e+00,-3.268221144091623676e-01,-2.148941924832128425e+00,8.000000000000000000e+00
-1.515472752309511062e+00,2.092364098382304693e-01,-2.336504316618416510e+00,-2.904053416603628701e+00,1.701192963044854789e+00,7.000000000000000000e+00
-1.357569448816865032e+00,1.922009800820745351e-01,-2.283645186688993967e+00,-3.367474577025789007e+00,2.123096632313938414e+00,7.000000000000000000e+00
-3.218704191494512479e+00,-1.407914963886422566e+00,-1.590334372856193168e+00,-2.457566190327533651e+00,3.198778665851387704e+00,7.000000000000000000e+00
-2.382367123719096202e+00,-3.803590476367174622e-01,-1.795103173765627780e+00,-2.666223384221424464e+00,1.905215733387330967e+00,7.000000000000000000e+00
1.117799642836950325e+00,-2.549649135377964893e+00,-6.235546103956840502e-01,-3.509627188122043329e+00,-7.729689423928499670e-01,0.000000000000000000e+00
1.157147217071548440e+00,6.689406324205910082e+00,-1.335774262307115157e+00,3.096140976742233430e+00,-8.675202197339698884e+00,9.000000000000000000e+00
2.736011257723531376e+00,-2.620208527356264749e+00,-4.270337679362206512e-02,1.697893489322512606e+00,3.406850954335160608e+00,6.000000000000000000e+00
5.215464740107644825e-03,-3.896189027121724102e+00,1.618727971178131719e+00,-1.262715462958937218e+00,-1.316883449242402249e-01,0.000000000000000000e+00
1.161780623841011106e+00,-5.026350387369032724e+00,2.337815644955274635e-02,-1.889314051991980659e+00,-1.971677844995349815e+00,0.000000000000000000e+00
3.366783238675626677e+00,7.958815336604082580e-01,4.673637100469405503e+00,1.461114033022294922e+00,-3.217359830187155323e-01,8.000000000000000000e+00
-3.256408681316358855e+00,6.880325029787315749e+00,2.487721316114101189e+00,-1.832466003568181678e+00,2.826516978142420200e+00,1.000000000000000000e+00
9.513772751756865986e-01,-1.502490603446479667e-02,-9.984487927715527400e-01,2.758552878011861775e+00,2.860921763088897229e+00,5.000000000000000000e+00
-2.507142721778166106e+00,-1.504292596780828717e+00,-1.540461331976813009e+00,-2.344353155622326490e+00,3.586890771490813812e+00,7.000000000000000000e+00
-1.034861953934882894e+00,-1.595482251521631589e+00,-4.042694352434327953e+00,-4.227588804910685560e+00,3.764219250548671791e+00,7.000000000000000000e+00
-1.128824714306193799e+00,5.954400136700743751e+00,-1.643038972778553486e+00,-4.644882199692911051e+00,1.364412536186600189e+00,1.000000000000000000e+00
3.175836317636822503e+00,-2.450886063531647618e+00,-3.058552771273927107e+00,-3.310083382374646305e-02,4.205642776437232833e-01,6.000000000000000000e+00
2.321979184871328705e+00,-2.400631332992977818e+00,-1.103975305409241603e+00,8.152706922472061635e-01,2.538779609670567261e+00,6.000000000000000000e+00
1.345180855992611946e+00,-1.126546244903523064e+00,-3.829803015723463933e+00,8.542002089889434435e-01,1.191879320917138135e-01,5.000000000000000000e+00
-7.268807680437441299e-01,2.420062804162530778e-01,-5.534998882664335262e+00,-5.333986580737189342e+00,5.095795364672932592e-01,7.000000000000000000e+00
-4.384330078157740118e+00,2.595978650148274891e+00,-4.558757104935393656e+00,-3.227478838202063827e+00,-9.520844693906532763e-02,2.000000000000000000e+00
-6.473217841227070224e-01,-1.202181163359798077e+00,-3.838074902894559770e+00,-3.668207712663064779e+00,3.840739965207585094e+00,7.000000000000000000e+00
4.393572015965075961e-01,-4.457575874904654789e+00,1.555769558381886464e+00,-1.174278927236481529e+00,-1.622197374970569150e+00,0.000000000000000000e+00
-4.480418927971189014e+00,7.386146011795614585e-01,-5.277045476873958307e+00,-3.666175128094393720e+00,-5.393046973190772642e-01,2.000000000000000000e+00
-1.038693439012088993e+00,7.361819424418362123e-01,-4.350115436504953692e+00,-4.892808894382468132e+00,2.624652950854786670e+00,7.000000000000000000e+00
3.096776708116058430e+00,-2.102438836995796922e+00,-1.651057937933107178e+00,2.115564857997320747e-01,3.452972230260154429e+00,6.000000000000000000e+00
4.273439152245886441e-01,-3.131115836706799271e+00,3.391338849494558438e-01,-2.281096513476625010e+00,-2.744687239492868081e+00,0.000000000000000000e+00
1.033295442242403439e+00,-1.128120310867968046e+00,-1.691535165420904985e+00,2.359089305030849903e+00,3.491696522763551247e+00,5.000000000000000000e+00
3.813972306059196793e+00,-2.795156402221849135e+00,-2.352985694538025641e+00,1.451291127886029098e-01,3.115791152379812079e+00,6.000000000000000000e+00
3.759446043383540825e+00,-5.996093999433691479e-01,2.299285225574151159e+00,4.893075671131775772e-01,-1.861450191997621184e+00,8.000000000000000000e+00
2.444299235280903981e-01,-3.081925000925763936e+00,-5.159905990480349036e-01,-3.440224115516238079e+00,-1.051223193513496135e+00,0.000000000000000000e+00
-9.073469697360232733e-02,-4.845468968307277358e+00,3.584577618311802105e+00,2.725811137425039887e-01,4.415748815245041370e-01,0.000000000000000000e+00
2.030605360460379760e+00,-5.347098486313278665e-01,-2.461119812017509290e+00,1.749299643804358650e+00,3.069657514057923198e+00,5.000000000000000000e+00
2.219038292656853706e+00,4.919088289516126422e-01,-2.370320494346254692e-01,-8.703225748439922249e-01,-5.209721436714382925e+00,3.000000000000000000e+00
-3.570503332990233591e+00,3.823637178673830461e-01,-7.055568344716934170e+00,-4.453796241767338238e+00,-8.841147128689946788e-01,2.000000000000000000e+00
2.401429565192217952e-01,-7.939588451750205778e-01,-1.676228852394480384e+00,2.152034767949723815e+00,1.742122001230495876e+00,5.000000000000000000e+00
2.821147110300493033e+00,-1.312568102176842944e+00,-1.598025379463158924e+00,-6.475893858760722877e-02,3.005950307225330853e+00,6.000000000000000000e+00
-2.232636754148806357e+00,3.153425789820081260e-01,-2.314778849173103836e+00,-3.602681667195352766e+00,3.451494677915522225e+00,7.000000000000000000e+00
-1.430346082093714388e+00,-8.016711927549535766e-01,-3.195979015391449796e+00,-3.216866976837231107e+00,2.644238749029462099e+00,7.000000000000000000e+00
8.472354244135890111e-01,-3.551828797111759251e+00,-5.455367123074853497e-01,-2.958174244443465106e+00,-1.867739636108401990e+00,0.000000000000000000e+00
3.173195030754754953e+00,5.314185544570909636e-01,-5.919846063081136700e-01,-9.568890295745415830e-01,-3.649866023838258311e+00,3.000000000000000000e+00
-3.506270111692675884e-01,-1.128867482771961805e+00,-3.368127465442955160e+00,-2.956444614200548049e+00,1.721933330597022360e+00,7.000000000000000000e+00
-2.196196319402858421e+00,-6.529802746416076831e-01,-2.787279892584499486e+00,-3.649783969334870370e+00,3.970657658797879019e+00,7.000000000000000000e+00
-2.514543119474316857e+00,4.471429307850028345e-01,-2.062052130549216766e+00,-3.383839001361577115e+00,2.796441542091316901e+00,7.000000000000000000e+00
1.800146600786631135e+00,-1.267359512401083466e+00,-7.074289176942922808e-01,5.696501219389861481e-02,3.799415241636965312e+00,6.000000000000000000e+00
-1.776153401702165402e+00,-1.447537904599469183e+00,3.451670743591598867e-01,-3.964798264440483888e-01,3.747028461393509868e+00,7.000000000000000000e+00
1.240188676317711458e+00,-4.298976326766844380e+00,-9.588463401287683485e-01,-2.943309549035987072e+00,-1.100766960593467791e+00,0.000000000000000000e+00
-4.066678040785869364e-01,-4.057697964860060402e+00,1.691422170866558439e+00,-1.208259439141634584e+00,-1.638208717511516088e+00,0.000000000000000000e+00
1.147171993620361707e+00,7.178826597399010634e-01,5.755412897884277790e-01,-4.670525409568084818e-01,-4.556522201436778552e+00,3.000000000000000000e+00
-8.083075840196194406e-01,-9.050094831322760269e-01,-2.064961239436598373e+00,-2.217410369244377399e+00,3.186703652813484222e+00,7.000000000000000000e+00
1.864840076485218878e+00,-3.093090113837278388e+00,1.524731024443703120e+00,2.942334437431107119e+00,3.218973462639864724e+00,6.000000000000000000e+00
-1.419665418367213716e+00,2.702719662934797151e-01,-8.575979806938796579e-02,2.511865391798238090e+00,3.541449835926286038e+00,5.000000000000000000e+00
2.572677658712193782e+00,-2.910458232139723211e+00,-6.819838251736454193e-01,1.285230261505524663e+00,3.006647205900610853e+00,6.000000000000000000e+00
3.244424448712091458e+00,-3.717858730691666391e+00,-1.182549725941381302e+00,1.776794764895851531e+00,1.008207977047115289e+00,6.000000000000000000e+00
2.979767097862671132e+00,-4.386883568564738489e+00,-7.705565675642350731e-02,2.072128907847942347e+00,3.996364540218658501e+00,6.000000000000000000e+00
-7.294235249352434280e-01,-1.107475043963857431e+00,-4.098699059618626350e+00,-3.511246011429138836e+00,2.406162915571541661e-01,7.000000000000000000e+00
1.438788033340615113e+00,1.029385428518376777e-01,-6.053676703283743521e-01,-1.534490045524055768e+00,-3.804406862168520309e+00,3.000000000000000000e+00
-4.525516310607306636e+00,9.961432425283629488e-01,-5.728579177695622526e+00,-4.260877449278492435e+00,8.786535343044715729e-01,2.000000000000000000e+00
-2.079006393351266802e+00,4.775403899072690805e+00,4.864649129155357299e-01,-2.750777164202885317e+00,3.529725226234255331e+00,1.000000000000000000e+00
-1.535804834663690999e-01,1.977395538442030809e-01,-4.740891514225642922e+00,-4.409271121685947037e+00,1.242789811838309388e+00,7.000000000000000000e+00
-7.196375778106482990e-01,-1.025049321352227150e+00,-3.073442775437031038e+00,-3.481394290687091164e+00,3.994373024100862590e+00,7.000000000000000000e+00
6.141991487885803958e-01,-1.996172615562149810e-01,1.006755400145353585e+00,1.167917950843190555e-02,-3.555364922756213630e+00,3.000000000000000000e+00
4.703529333854551631e+00,1.336873473498192411e+00,8.002882101005418525e-01,-6.988832545498825377e-01,-4.206578512227948430e+00,8.000000000000000000e+00
-2.351558550873617204e+00,-7.657974762957949766e-01,-2.174010591903950740e+00,-2.637986331015274022e+00,1.497861894415612571e+00,7.000000000000000000e+00
1.726102829183509657e+00,-4.833535711620212894e+00,2.152953303474229418e+00,-3.862652864410578424e-01,6.209264758565556930e-01,0.000000000000000000e+00
-2.219488760064335597e+00,-1.723881521471350542e+00,3.385797565299387468e+00,-7.629770587394281156e-01,-1.666670916042543471e+00,0.000000000000000000e+00
-1.366122637403492490e+00,-2.720156397970768580e+00,-4.211840120874963844e+00,-3.776497901265863710e+00,2.722462560017751443e+00,7.000000000000000000e+00
-3.908169982693396882e+00,3.074513107324196581e-01,-5.489047284224420231e+00,-3.457506657702899666e+00,1.740970883647897094e-01,2.000000000000000000e+00
1.506942875347496491e+00,-4.120853458177521134e+00,-1.617849452934213006e-01,-2.056703511323749733e+00,-2.572242509195517446e+00,0.000000000000000000e+00
-4.104676195944130690e+00,2.392402271872643205e+00,-4.427694138966527859e+00,-3.096527685523608575e+00,1.592609073052720092e-01,2.000000000000000000e+00
-1.701872809815315746e+00,-9.869378832313838723e-01,-3.913369284366985834e+00,-3.736293386751015078e+00,1.138022248064485042e+00,7.000000000000000000e+00
1.249467847010200305e+00,-2.567999032200538156e+00,-1.174395664922982085e+00,-3.898975364164180668e+00,-7.448263585186988278e-01,0.000000000000000000e+00
3.111617584765716149e+00,-2.694350783084928480e+00,-2.323623663383265203e+00,2.266420737746680514e-01,1.509890218985635135e+00,6.000000000000000000e+00
-2.108476208417957576e+00,4.963264179244134766e+00,1.358656354079911921e+00,-2.107676097838620421e+00,3.078937669168998248e+00,1.000000000000000000e+00
2.489123427758881846e+00,-8.640008415833035915e-01,-2.965341363711789580e+00,1.297442158662936329e+00,3.380025050095687433e+00,5.000000000000000000e+00
1.150135337442975247e+00,-4.227951819767352681e+00,-2.776306317381331823e-01,-1.958909857046427838e+00,-2.644750850681679921e+00,0.000000000000000000e+00
-2.299319568038722672e-02,-2.395569205058476925e+00,1.193767144725410789e+00,-1.553606680452804589e+00,-1.908052082562362806e+00,0.000000000000000000e+00
1.481416150082939920e+00,3.623163361198775689e+00,-3.157487312303592364e-01,4.575238708080853200e+00,-6.322600877943885145e+00,9.000000000000000000e+00
-1.505428337264387517e+00,1.111818682981358108e-02,-2.444905220166117221e+00,-2.929103768968239763e+00,2.531912501467756815e+00,7.000000000000000000e+00
-1.324156124433465420e+00,1.558545775146969459e-01,-2.431365076616894605e+00,-3.350330416770860964e+00,3.174067952118295288e+00,7.000000000000000000e+00
-1.321812924065820960e+00,-1.501083449871925435e+00,-3.761376890685352414e+00,-3.820568241576512314e+00,2.386031566187178488e+00,7.000000000000000000e+00
7.816124877101887636e-02,-1.205578054225989515e+00,-9.709181699660902609e-01,2.502704417785200697e+00,4.142626717412583481e+00,5.000000000000000000e+00
1.637104995565362042e+00,-2.455759740855630646e+00,-3.043873062901306437e+00,1.464771457834791235e+00,3.377190149631218663e+00,5.000000000000000000e+00
-9.701921346564548188e-01,-6.561832907164877327e-01,-2.517450716604042960e+00,-3.467821776928061261e+00,4.622706736742638434e+00,7.000000000000000000e+00
-1.881534083600668206e+00,-8.298711233319566727e-01,-1.332119289862069733e+00,-1.982356054500139964e+00,2.592294312416640434e+00,7.000000000000000000e+00
-1.180291921910327835e+00,7.117951602985571391e+00,-2.784435490856901563e+00,-5.405503619849185704e+00,4.838127875154637492e-01,1.000000000000000000e+00
1.861783788860666311e+00,-8.013377783316532055e-01,-3.676876871060988927e-01,-8.467189712720242234e-01,-3.560783141952813313e+00,3.000000000000000000e+00
-1.339414948823180129e+00,-2.067324975157569522e+00,9.775393679190514939e-01,-2.966024059884153186e+00,-7.179559793520802202e-01,0.000000000000000000e+00
-1.315714911231600892e+00,3.047809401897541570e-01,-4.285932527392922964e+00,-4.095026097570671375e+00,7.846407664566101836e-01,7.000000000000000000e+00
-1.626209697745677030e+00,-1.671780695370544967e+00,-2.264485845186504864e+00,-2.425881844775030327e+00,2.894238558362106417e+00,7.000000000000000000e+00
4.423543016257169835e-01,-4.221313449430744491e+00,3.743194291879862190e-01,-2.409334541541270358e+00,-1.861591571013593849e-01,0.000000000000000000e+00
-2.113162796980347369e-01,-2.811247877293468811e+00,-2.977881516269631046e+00,-2.775244042747186946e+00,4.329721388335900478e+00,7.000000000000000000e+00
6.202425971420523210e-01,-2.793947020588883223e+00,1.530004282402928517e+00,-1.538011210680117369e+00,-1.641229984778451501e+00,0.000000000000000000e+00
-1.856379526077939657e+00,-1.718470701910272957e-01,-6.624994466802998971e+00,-3.706870585104701021e+00,-1.070940634436579331e-01,2.000000000000000000e+00
-6.598146457213268645e-01,-1.977475273672251399e+00,-3.496497106180705750e+00,-3.632530646696672694e+00,4.036473265080192441e+00,7.000000000000000000e+00
-7.029896904317738393e-01,-2.112665368440146629e+00,-1.290370781270168354e+00,-1.744621916469051293e+00,4.665977089467849837e+00,7.000000000000000000e+00
-1.773276374964999569e+00,-1.177078649892491002e+00,-2.983392497168008362e+00,-3.180046148926726435e+00,1.764998538412038798e+00,7.000000000000000000e+00
-2.288983365284262383e+00,-1.247410463125453228e+00,-3.260317115837843449e+00,-4.043267110412277709e+00,4.082577826982968894e+00,7.000000000000000000e+00
-1.244266910205055199e+00,-1.482859455338649379e+00,1.808677882414328808e+00,-2.239373203816928282e+00,1.389824052157617729e-01,0.000000000000000000e+00
2.471239041136189751e+00,-2.329080937169587251e-01,4.513515823154209405e-01,-1.202053697271067007e-01,-3.385154349981635225e+00,3.000000000000000000e+00
1.127205286512146465e+00,-1.424560557201696609e+00,-6.480514576937488336e+00,-5.268081045490093040e+00,1.387860553417275655e+00,7.000000000000000000e+00
-7.438849141611982851e-01,-1.958055667867101501e+00,-3.614753877629260259e+00,-3.131310597483928593e+00,2.209697140473970034e+00,7.000000000000000000e+00
3.793270577473413230e-01,-4.168279695388829253e+00,2.833732323000211828e+00,-1.356798800931447724e-01,-1.990892363380196706e-01,0.000000000000000000e+00
-2.621365657915756042e+00,-1.839063733336403939e+00,-2.762018098685422807e+00,-3.251767568551202636e+00,3.721658686191629872e+00,7.000000000000000000e+00
-8.338011717799211908e-01,-5.828851666696202027e-01,-5.539420570120539900e+00,-5.089530217393193112e+00,1.681735026100963371e+00,7.000000000000000000e+00
3.601947204904306865e+00,-2.510411497244417589e+00,-1.611386024802259342e+00,7.202973648080807090e-01,3.568315216067259765e+00,6.000000000000000000e+00
2.228682981983261424e+00,1.306206178794146577e+00,-2.239609877337180421e+00,-2.857572876838705866e+00,-4.524473455106628350e+00,3.000000000000000000e+00
-1.155003309423967561e+00,4.388586996554509900e-01,-4.389585535073596390e+00,-4.770009278869908442e+00,2.841084916231962243e+00,7.000000000000000000e+00
-2.821978992718719326e+00,-5.421580917475348205e-01,3.486845187968383719e+00,1.078016394825681790e+00,-5.527240881213239199e+00,4.000000000000000000e+00
8.789907871213862300e-01,-5.795141039794205362e+00,1.358776329030677132e+00,-7.694542003374770234e-01,-1.326458069243234617e+00,0.000000000000000000e+00
-1.287920462542538669e+00,-3.534257062880274525e+00,2.363332681644382038e+00,-1.237441427783687597e+00,-7.941539872516790721e-01,0.000000000000000000e+00
-2.343797349393926588e+00,2.560304343022877238e-01,-3.936471449595544847e+00,-4.455659099810728385e+00,1.697826655699751663e+00,7.000000000000000000e+00
-7.778852815625052486e-01,-3.918527052835586444e-01,-9.435173653119576231e-01,-1.911615860364520358e+00,3.503656678839427663e+00,7.000000000000000000e+00
-1.884566499521766136e+00,3.724089935818553632e-01,-3.949157968939351449e+00,-4.576264141355840920e+00,2.764218473893620409e+00,7.000000000000000000e+00
-1.455303128274294311e+00,2.233360105877471580e-01,-3.353832011463539597e+00,-3.489528380463688517e+00,2.409110320487822143e+00,7.000000000000000000e+00
-2.904592763539330935e+00,-5.268184448166426392e-01,-1.280193201840467143e+00,-2.928768994904026535e+00,5.881837230996544541e+00,7.000000000000000000e+00
6.178134924168237063e-01,-2.982497733449737787e+00,1.024332704782808134e+00,-2.070681556369291965e+00,-1.659429517560893963e+00,0.000000000000000000e+00
-1.670233976572031764e+00,2.619374277795147865e-01,-3.061671718839379608e+00,-3.374337988679175560e+00,1.959600712070002970e+00,7.000000000000000000e+00
5.564541188478663303e-01,5.584076155253501206e+00,-9.585131193992987297e-01,3.386867062608057921e+00,-8.273965979577074137e+00,9.000000000000000000e+00
-1.926023601553239928e+00,-9.647337863302881678e-01,-2.399240954943865578e+00,-2.517189883702350084e+00,1.747470170998846495e+00,7.000000000000000000e+00
-1.371716713665462883e+00,1.195011637569911578e+00,-3.720600242480791131e+00,-4.334837819638972967e+00,2.716197435632555557e+00,7.000000000000000000e+00
-1.371941703698291437e-01,-3.023743790653299346e+00,8.884122722561019758e-01,-2.443347707778771749e+00,-5.660204481695626511e-01,0.000000000000000000e+00
1.872206034911462869e+00,4.771576742741221899e+00,3.843641205965115382e-01,4.649881433698330291e+00,-5.338803198783288906e+00,9.000000000000000000e+00
2.492920951473623248e+00,-1.038718436075705354e+00,-8.464084279339920691e-01,-9.360075717525881966e-01,-3.713387004386654144e+00,3.000000000000000000e+00
2.174227515239759434e+00,-2.765760058683190525e+00,-1.507194876158552299e+00,-3.961734522421132443e+00,-1.941978395250457679e-01,0.000000000000000000e+00
9.005779677913416936e-02,-3.626555227966725692e+00,1.336732715059456345e+00,-1.629454994185787653e+00,-8.862871886801332311e-01,0.000000000000000000e+00
3.464860831789418505e+00,-2.298545203878280763e+00,-4.333737549335021644e-01,1.589463889959104703e+00,4.025079750288489855e+00,6.000000000000000000e+00
-2.215559317723809762e+00,7.463922267429000668e-01,-3.321103037739760566e+00,-4.236309252970829498e+00,3.311453116941039276e+00,7.000000000000000000e+00
-1.591677447194320416e-01,-3.648980740171722470e+00,1.829916539891404792e+00,-1.367085854430043934e+00,-1.095823083647850416e+00,0.000000000000000000e+00
-2.077531478907658880e+00,-6.721493535900252558e-01,-2.483778450950488992e+00,-3.294303641338157007e+00,3.963840247493063629e+00,7.000000000000000000e+00
-1.496187462592054596e+00,-1.098503765866857718e+00,-3.349336346990461788e+00,-3.406613159430274429e+00,2.460728714218023416e+00,7.000000000000000000e+00
2.479308133142217319e+00,-1.215247202790886494e+00,6.362114274155936666e-01,1.853856606327250356e+00,3.849781495163304257e+00,6.000000000000000000e+00
-3.225803337664170822e+00,5.459984724861850935e+00,9.393446946331921454e-01,-2.787287541246992184e+00,3.911711280308903138e+00,1.000000000000000000e+00
7.454599441066191989e-01,-3.299150209891752894e+00,2.593913415459930816e-01,-2.055048175954028000e+00,-3.091149449497558876e+00,0.000000000000000000e+00
7.615786867373037783e-01,-4.648039066948727260e+00,1.515625951872132893e+00,-8.495861418457337777e-01,-2.135882725611684130e+00,0.000000000000000000e+00
-3.304828246422511384e+00,6.384549773008216800e-01,-5.408633171104604287e+00,-3.706030857602628625e+00,1.005486844993555673e+00,2.000000000000000000e+00
-7.239400161843516646e-01,-3.012954929071471000e+00,1.182339023268739409e+00,-2.508102445278652670e+00,1.159704192223227071e-01,0.000000000000000000e+00
1.348228744567269599e+00,-1.386577438129304785e+00,-1.151132081285644260e+00,2.717854985883703556e+00,3.937744502055705365e+00,5.000000000000000000e+00
1.087135836432944647e+00,-2.445157256491383713e+00,-1.441726182958233959e+00,2.754847712640830171e+00,2.626672560681460933e+00,5.000000000000000000e+00
1.986459740284510334e+00,-3.662865627213482078e+00,1.280933889889339872e+00,2.928106124838094626e+00,3.549990261630178168e+00,6.000000000000000000e+00
3.196054185361084432e+00,4.245979936254031806e-01,-2.921925628875847725e-01,-5.354078407943639872e-01,-5.477246378336233512e+00,3.000000000000000000e+00
1.297152001029452162e+00,-3.648920791593845969e+00,1.047783936676922156e+00,-1.459963607584471301e+00,-1.250101374421823897e+00,0.000000000000000000e+00
-9.991173341456679458e-01,-3.000106232722631994e+00,-3.322931019383222218e+00,-2.517568249274530601e+00,1.089675847479656623e+00,7.000000000000000000e+00
3.050095800599797347e+00,-1.849323172743391641e+00,1.873329455957964740e+00,3.403007363791391349e+00,3.553282440684575771e+00,6.000000000000000000e+00
-1.361014523932491116e+00,4.538746325210977345e-02,-4.946753929873861644e+00,-5.342088719159496790e+00,2.850739359532246997e+00,7.000000000000000000e+00
2.975152074983366202e+00,-2.207045561804412692e+00,6.365888075526474621e-01,2.276491888880785908e+00,3.875182631501500996e+00,6.000000000000000000e+00
1.683059032745073624e+00,1.755569072000591868e+00,1.133205242826195613e+00,-1.800638977065749657e-01,-3.864744660983422619e+00,3.000000000000000000e+00
-1.442903750773541605e+00,-1.308577221555291992e+00,-2.918498091628739743e+00,-3.085145974245223410e+00,1.456919364217784008e+00,7.000000000000000000e+00
-7.597281515822357223e-02,-2.948944235538327963e+00,-3.790347566824474157e+00,-2.964258683258998772e+00,2.179964901404531030e+00,7.000000000000000000e+00
-1.949867737067563667e+00,5.417205320547814118e+00,-3.391284069418804559e-01,-3.509012956758912338e+00,3.363533204759774797e+00,1.000000000000000000e+00
-1.141530468173952428e+00,-3.779946144272776642e-01,-3.472203264604481809e+00,-3.694505200246101406e+00,2.030124556903250888e+00,7.000000000000000000e+00
1.358143967095716498e+00,-4.416007117353243139e+00,1.143180892026005591e+00,-1.059178356489822947e+00,-1.224545439323931229e+00,0.000000000000000000e+00
3.394759985268128943e+00,-3.951121157437271769e+00,-7.676973131037468923e-01,1.864484817046412335e+00,2.549189850041375216e+00,6.000000000000000000e+00
-1.783616872085810101e+00,-1.055447299716602449e+00,-1.272437326622991138e+00,-1.795182711091580563e+00,2.282225819823880286e+00,7.000000000000000000e+00
-2.895020874700336977e-01,-6.513420711269471974e-01,-6.523045982010922117e+00,-5.896583759854146400e+00,1.888577799397815893e+00,7.000000000000000000e+00
5.665583912759375451e-02,-1.335336289282664124e+00,-2.716015642712378497e+00,1.535787041043397805e+00,1.655259695834240263e+00,5.000000000000000000e+00
1.564669839395348427e+00,5.713453972218171195e+00,-1.970512403085736830e+00,3.140350586979493652e+00,-9.018263666943960644e+00,9.000000000000000000e+00
-8.694215347163912755e-01,-3.426164638488082392e+00,1.661588728922272828e+00,-1.988852438342068263e+00,8.308253212322234127e-01,0.000000000000000000e+00
2.952385428266475653e+00,-8.413897442244769320e-02,1.130358896753073994e+00,7.724149855229830441e-01,-4.023029131876393549e+00,3.000000000000000000e+00
-1.334939444287721155e+00,7.005349764080878172e-01,-4.184026290705959106e+00,-4.982145400370336930e+00,2.949513056685561185e+00,7.000000000000000000e+00
8.335883223253602869e-01,-3.733353871332370844e+00,-9.450330439835720187e-01,-3.475667809277708464e+00,-7.483060661929026303e-01,0.000000000000000000e+00
1.827654269890731875e+00,-1.303415020207123520e+00,-4.092783018779297954e+00,6.190530888862794123e-01,1.409822452506256596e+00,5.000000000000000000e+00
7.615747722423776844e-01,3.840828099719419075e+00,-5.556918524459696362e-01,4.368532263942036309e+00,-7.882726706648096382e+00,9.000000000000000000e+00
-2.014028614056001310e+00,-1.935144680745980006e+00,-1.787522498206251198e+00,-1.928870670870507897e+00,3.339019614001592196e+00,7.000000000000000000e+00
-1.729499527188171459e+00,-6.158840830194157734e-01,-2.544976848480299925e+00,-3.022896869592916147e+00,2.817603302249257702e+00,7.000000000000000000e+00
-4.166274193892587352e-01,-2.263562506500614191e+00,-3.059063641928078781e+00,-2.740587869401805765e+00,2.996291482714030341e+00,7.000000000000000000e+00
3.085288872298828089e-01,-3.958777073769016219e+00,1.289503989837515130e+00,-1.580060179830946154e+00,-3.157318481010150668e-01,0.000000000000000000e+00
-5.164476854358363012e-01,-2.115131808113961842e+00,-2.440560395963356388e+00,-2.085736718494167086e+00,3.039015048665415719e+00,7.000000000000000000e+00
-1.805534619711150812e+00,-1.902394559511669803e+00,-4.728029205674515900e+00,-4.345114508868450187e+00,1.865440054498161970e+00,7.000000000000000000e+00
-9.059416295916475903e-01,-1.230971440677058659e+00,-3.200204037316038974e+00,-3.575129868919484810e+00,3.231695493901697525e+00,7.000000000000000000e+00
-4.594205852998538286e-02,-1.377674961161096778e+00,-4.994570851428332681e+00,-4.792510906891362943e+00,2.599846815766142072e+00,7.000000000000000000e+00
1.139030511224732756e+00,-3.190182049165858569e+00,8.118927759134642042e-01,-1.654755945896653868e+00,-2.194841815908145310e+00,0.000000000000000000e+00
3.091766848498634257e+00,-2.397324674834196312e+00,-8.509540059983949911e-01,1.045289500264999782e+00,2.339628320789459259e+00,6.000000000000000000e+00
-2.003034109951737030e+00,-1.170313033257907254e+00,-1.468496167961639731e+00,-2.164299825333215299e+00,3.022821987116383724e+00,7.000000000000000000e+00
3.616901540290168526e+00,-1.383321872947198328e+00,3.728510757767047767e+00,2.115886019358458547e+00,-1.746993225654690951e+00,8.000000000000000000e+00
-2.199980962899973136e+00,-1.651279238889977963e+00,3.047945536498475327e+00,1.091704623146938058e+00,-5.345671054228057884e+00,4.000000000000000000e+00
-1.779213036084724475e+00,-8.994681118038216905e-01,-4.458120973521415564e+00,-4.058759204869470061e+00,1.240542546229275844e+00,7.000000000000000000e+00
-9.156121005589110684e-01,-8.497548074537936147e-01,-4.223721060683059747e+00,-3.877300779166723999e+00,1.710078342077920643e+00,7.000000000000000000e+00
1.047400393226677995e+00,-2.740516805177307447e+00,7.487790717872042090e-02,1.026882949747442542e+00,4.262968392754287628e+00,6.000000000000000000e+00
-7.966725329130444067e-01,-2.262999978645853505e-01,-4.672645050944281842e+00,-4.634909566036990114e+00,2.862139528593031557e+00,7.000000000000000000e+00
7.892354204301404996e-01,-3.531187178887957856e+00,1.845019170006283460e+00,-1.012194126330530519e+00,-1.028695337080739236e+00,0.000000000000000000e+00
-1.114384728987617867e+00,4.244227527120057353e+00,5.626273891383448689e-01,-2.310059849347419814e+00,3.824632144237294806e+00,1.000000000000000000e+00
2.156931484019710243e+00,-3.251235403824432435e+00,5.740480035908311907e-01,1.934611768571878221e+00,2.909359330757830264e+00,6.000000000000000000e+00
-3.450589103037981498e-01,-1.786584774646713836e+00,-3.624570266023047882e+00,-2.921709809088921972e+00,1.525803263769206275e+00,7.000000000000000000e+00
-9.690195087700685939e-01,-2.585921244029309118e+00,1.924469434243006649e+00,-1.495252140503859017e+00,-1.056600752531068999e+00,0.000000000000000000e+00
-1.594049061659640998e+00,-3.519046966222049155e-01,-3.633996558151130873e+00,-4.088508620000845362e+00,2.981489294298322879e+00,7.000000000000000000e+00
8.752972960643848888e-01,-2.191510354046647624e+00,3.741534195892740056e-02,-2.861603747583596036e+00,-1.871981930765471702e+00,0.000000000000000000e+00
-4.657199996714327384e+00,2.646512377329010235e+00,-5.132676609961061232e+00,-3.878850668502254351e+00,-5.485358155480929421e-01,2.000000000000000000e+00
-2.550350723028858901e+00,7.044722293039973327e-01,-6.713050045196157889e+00,-4.617691128399650680e+00,1.878594635575130845e+00,2.000000000000000000e+00
-8.537802379061101843e-02,-3.107588862177998124e+00,-7.300079200698703641e-01,-3.478764067834036577e+00,-2.036500784709230238e+00,0.000000000000000000e+00
1.313659637824964088e+00,-2.904786949014008246e-01,9.509998478500727437e-01,4.390725003264958071e-01,-4.590973235925400964e+00,3.000000000000000000e+00
1.892193694957646333e+00,2.478890289043963746e-01,6.540754071512359102e-01,-6.203568356468416312e-01,-1.821693319783596277e+00,3.000000000000000000e+00
2.531781603906190448e+00,-2.978556772151359500e+00,-6.144721332435347794e-01,1.442946124914262329e+00,2.184498532944224358e+00,6.000000000000000000e+00
-1.895091041008368504e-01,-2.790889804221757586e+00,2.330844561487919631e+00,-7.944821598131645013e-01,-1.544139725706061617e+00,0.000000000000000000e+00
-1.949959263095841555e+00,1.299507879409288469e-01,-3.436673873495376341e+00,-4.128062800686764788e+00,2.854022372288139486e+00,7.000000000000000000e+00
6.314972268690426382e-01,-4.427969149533215187e+00,3.145987025791165959e+00,4.507149736369719384e-01,3.396499659593250620e-01,0.000000000000000000e+00
5.662996166918335961e-01,-1.525214480263545447e+00,-2.832858008462870281e+00,1.399614567854752245e+00,2.431134619578485534e+00,5.000000000000000000e+00
-2.245083072528294643e+00,-6.070084491775439295e-01,-3.020478479760380086e+00,-3.887399322100020260e+00,3.968056970626228974e+00,7.000000000000000000e+00
-1.834652318018090256e+00,1.873362579817722806e-01,-2.732880484859449677e+00,-3.440279270064015904e+00,3.248181626499192287e+00,7.000000000000000000e+00
-2.539693624751713230e+00,-2.049034903243832417e+00,2.400544270961428417e+00,8.886066933731073814e-01,-6.676045316855909739e+00,4.000000000000000000e+00
4.484567827402694690e-02,3.367998679934399719e-01,-5.249497507979704380e+00,-4.753788910226167452e+00,1.241847210974306170e+00,7.000000000000000000e+00
-3.002639226419014484e+00,-1.028535280716289801e-01,5.933649080742037007e+00,2.091084343931035150e+00,-3.050919451226699053e+00,4.000000000000000000e+00
-1.847813113525268724e-01,-3.367750151292367100e+00,2.366997452707157557e+00,-1.310335264068566818e+00,-2.292668687938653749e-01,0.000000000000000000e+00
-1.444900858141602296e+00,-9.884681916039863570e-01,-2.754879147999169220e+00,-2.504990018426493936e+00,5.977981733073645110e-01,7.000000000000000000e+00
3.368563168512705985e+00,-5.550165219248758275e-01,3.247316220497341366e+00,1.282887913064834073e+00,-2.725047342154233831e+00,8.000000000000000000e+00
3.829470010032987481e+00,1.475590189803719143e+00,2.743286969926340912e+00,3.263507355248505548e-01,-2.712118148345732838e+00,8.000000000000000000e+00
2.336973579075541263e+00,-2.481514141229419490e+00,-3.410184402969907325e+00,1.716419927813349400e+00,4.184142832024920766e-01,5.000000000000000000e+00
3.366520405950704120e+00,-2.624417241351649999e+00,-1.710840530669556880e+00,6.434289755385911302e-01,2.868860144254760769e+00,6.000000000000000000e+00
-9.292297484835740917e-01,-1.582877891692853645e+00,-2.174496831266851116e-01,-3.542676966301251174e+00,-7.217669135671129776e-01,0.000000000000000000e+00
-4.717647523452747294e+00,1.707210433633490343e-01,-5.913329662435766743e+00,-4.410208785416478428e+00,2.019591492381445974e+00,2.000000000000000000e+00
-1.316434022773809609e+00,-4.455013725569059169e-01,-2.807173296583857613e+00,-2.977803637447554053e+00,1.630192926743439186e+00,7.000000000000000000e+00
4.634630565029617122e-01,-3.856409058146994528e+00,1.785860264053710234e+00,-1.167091711345833671e+00,-1.117728352359210531e+00,0.000000000000000000e+00
-1.168031595762351271e+00,-5.727865786363413036e-01,-3.505065087956303671e+00,-3.611400106842196145e+00,2.638281400156356593e+00,7.000000000000000000e+00
-3.806398788211262096e-01,-1.884869154960354010e+00,1.029524372030853785e+00,-2.394925180096514339e+00,-1.235432970857244905e+00,0.000000000000000000e+00
-2.122445100532242890e+00,-9.304167654717672153e-01,-3.013858106026423123e+00,-3.685144079942227702e+00,2.987927968923485444e+00,7.000000000000000000e+00
-1.041947486201924455e+00,7.385165601500718324e-01,-4.383909402413222800e+00,-4.947411306918725771e+00,2.618228084533986699e+00,7.000000000000000000e+00
-3.073929063064181566e+00,5.602679226024688042e+00,1.137176690050252015e+00,-2.441662628475191443e+00,2.334284283355375855e+00,1.000000000000000000e+00
-2.720350375672755394e+00,6.237836115550316585e+00,-8.098287874435797784e-01,-3.859287463887266956e+00,1.364664975714853234e+00,1.000000000000000000e+00
-3.840011291785439429e+00,3.096607788433806685e-01,-4.953576417663180465e+00,-3.658264755127180745e+00,3.042692006898789270e+00,2.000000000000000000e+00
-1.618074949552968711e+00,-1.663454269343904501e+00,-2.719622299950562372e+00,-2.989500617458503040e+00,4.059941457368810624e+00,7.000000000000000000e+00
-1.648796555990018842e+00,-9.363593867303043883e-01,-2.996318201036616724e+00,-3.173046867340579613e+00,2.450589883218957432e+00,7.000000000000000000e+00
8.077414522060660795e-01,9.397580231936434325e-01,8.464265929170240454e-01,-3.581241173712682458e-03,-4.862812108274995992e+00,3.000000000000000000e+00
-7.249891006134230320e-01,-3.065886360640480035e+00,1.863416135586870581e+00,-1.481852010844376677e+00,-2.919479374864847876e-01,0.000000000000000000e+00
3.751438201765530778e+00,-2.834695141525141793e+00,-2.241253230300438659e+00,7.213113917590828761e-01,1.284801531605471503e+00,6.000000000000000000e+00
-1.605791778508950829e+00,3.190501693076748801e-01,-3.084792058921313362e+00,-3.248082786885206907e+00,2.213060749755633605e+00,7.000000000000000000e+00
-2.901847906201961980e+00,-4.069671627496695421e-01,-7.448821000637055434e+00,-4.521762245912027467e+00,2.057375350492581662e-02,2.000000000000000000e+00
-1.420354118280318989e+00,4.551825610818664991e+00,7.659247386558847293e-01,-2.252928993623760867e+00,3.824159818497779639e+00,1.000000000000000000e+00
-1.496426749502212994e+00,-1.447743027261802151e+00,-2.706347299652815952e+00,-2.823300646123879432e+00,2.338311547121983303e+00,7.000000000000000000e+00
2.205996720951903356e+00,2.613062883460061103e-01,6.027231327371124214e-01,-2.264985241531780047e-01,-3.174774428665182668e+00,3.000000000000000000e+00
-2.059990703087358543e+00,-1.721840764257242640e+00,-4.578618542329764729e+00,-4.226096537475227066e+00,1.120909380975293024e+00,7.000000000000000000e+00
8.195252164895949765e-02,-1.241065306267547519e-01,-2.349460548447211306e+00,1.320822220083968990e+00,2.741083863485170635e+00,5.000000000000000000e+00
-2.740756662465990701e+00,-7.764821308338842876e-01,-1.403562755802818529e+00,-2.185686677185495697e+00,2.610693768815411708e+00,7.000000000000000000e+00
-1.749470266432696652e+00,-1.890161739958526432e+00,-1.302287525320257489e+00,-1.674698338783557006e+00,3.454035375916975514e+00,7.000000000000000000e+00
2.204873895178943055e+00,-4.086548087039626687e+00,-1.241003382912221120e+00,-3.092407946488643589e+00,-1.678038489814671852e+00,0.000000000000000000e+00
-1.360438017566104385e+00,-6.095550638516992192e-01,-3.368929785872716742e+00,-4.013918986043045756e+00,3.007654388187388061e+00,7.000000000000000000e+00
-1.992435887770221070e+00,5.157331657517429946e-01,-8.957028732703061769e-01,-2.358708216299831850e+00,3.987344853279057411e+00,7.000000000000000000e+00
-1.357843919112110331e+00,-4.083083215145593137e-01,-3.452336693738876416e+00,-3.306182943423314757e+00,1.243022843326803795e+00,7.000000000000000000e+00
2.585392633721716127e+00,-1.569531941799463759e+00,-3.001115939160692303e+00,-1.313433736704832988e+00,2.353937485839610044e+00,6.000000000000000000e+00
6.941790993283672440e-02,-3.252273816301097575e+00,1.113883398701027039e+00,-1.645217913817279554e+00,-1.426218251405171555e+00,0.000000000000000000e+00
3.558163710512586952e+00,-1.633588963295485419e+00,-3.518074491541700155e+00,-6.738408693987595344e-01,6.515079036791191491e-01,6.000000000000000000e+00
3.696844887562944493e+00,-4.019793673105114817e-01,-1.181555049850120165e+00,-8.003901788065730383e-01,-5.173941085278453755e+00,3.000000000000000000e+00
-2.063784927228012211e+00,-5.123507153675248560e-01,-2.034308847752305471e+00,-2.597848188702107652e+00,2.620992566309611860e+00,7.000000000000000000e+00
1.827212564421420327e+00,5.803761132854120541e-01,1.039894599537124042e+00,2.029574691162026323e-01,-4.446237596587585550e+00,3.000000000000000000e+00
5.556529972580305232e-01,-1.259302929434227947e+00,2.403717451350222134e-02,-3.241484415174126443e+00,-4.301576921672816689e-01,0.000000000000000000e+00
-1.428411366950804284e+00,7.427083897032998872e-01,-2.480332275126531982e+00,-2.818780486052654410e+00,1.424558531620130131e+00,7.000000000000000000e+00
2.346970817697092038e+00,-4.345526379562077990e-01,1.546168844734970627e+00,5.536030526020030429e-01,-3.216305703425440310e+00,3.000000000000000000e+00
1.405989777908859262e+00,-1.708775206614187470e+00,-1.616253743171138568e+00,2.654945641841257586e+00,1.510870477992523053e+00,5.000000000000000000e+00
7.244231648103485188e-01,-4.697922113896789931e+00,1.065331334074198333e+00,-1.458626804029729440e+00,-1.192697221235482052e+00,0.000000000000000000e+00
-9.733622309883147583e-01,-7.572429778432604452e-01,2.808816288730426880e+00,8.429262889741593323e-01,-4.394764371420242455e+00,4.000000000000000000e+00
1.561262528112330183e-01,-1.257699232953755519e+00,-2.005769738646663747e+00,1.130733518062068566e+00,3.229059282590175162e+00,5.000000000000000000e+00
1.880007486533793015e+00,-1.737438485906406482e+00,-1.603616287859831235e+00,2.660736865215943325e+00,2.721688165817598648e+00,5.000000000000000000e+00
-1.799431555106875358e+00,6.386632539392151031e+00,-1.294468136139790282e+00,-4.629602994353152923e+00,3.253579124572713255e+00,1.000000000000000000e+00
-3.051287986912873396e-01,-4.287144428555390796e+00,1.329909242547908210e+00,-1.538209368661815013e+00,-7.308499441524112239e-01,0.000000000000000000e+00
-1.071043157362036480e+00,4.096194743988357700e+00,-1.967687525407200599e+00,-4.356942287748128528e+00,3.383466272528603547e+00,1.000000000000000000e+00
-3.406760816978257278e+00,5.989428292674425780e-01,-4.042545382618939698e+00,-4.895751119660310735e+00,1.659659789257805773e+00,7.000000000000000000e+00
-1.025212310581753883e+00,4.626882191347507500e-02,-4.320746323298867431e+00,-4.500506169188647654e+00,2.292928675443291819e+00,7.000000000000000000e+00
-2.628702801911440012e+00,6.026187807282033404e+00,-1.205125174353060130e-01,-3.275398774522540801e+00,8.490352321937358893e-01,1.000000000000000000e+00
-1.804937608199199239e+00,5.923903691622001144e-01,-1.969446279024049007e+00,-3.177294195960913115e+00,4.053625481449118162e+00,7.000000000000000000e+00
-5.811697761436303289e-02,-2.750270141050870532e+00,6.542734042447005960e-01,-2.052762648437566284e+00,-1.891027141764424657e+00,0.000000000000000000e+00
-3.972805497462307045e+00,1.655957099702058399e-01,-5.822084322429165404e+00,-4.221589248010542583e+00,1.019165125547695006e+00,2.000000000000000000e+00
1.889479349416292919e+00,-2.317591398880450626e+00,1.378946983594326658e+00,2.403343960827844850e+00,4.162696494422991833e+00,6.000000000000000000e+00
-1.124505186618156127e+00,2.969608163397952083e-01,-2.617787604415906078e+00,-2.957719227765885694e+00,1.245938392927762095e+00,7.000000000000000000e+00
-1.662173059937851027e+00,7.031550728849993437e-01,-3.481048226132509971e+00,-4.842586917580852912e+00,3.445758523270884943e+00,7.000000000000000000e+00
2.802776181421345658e+00,-4.522079050859335148e+00,2.546481947680628299e-01,-1.720672230134569825e+00,-5.760384848026625093e-01,0.000000000000000000e+00
2.864172368956738324e-01,-4.792497647958151141e+00,1.821269680824779691e+00,-8.721378200431727512e-01,-1.002200847574675757e+00,0.000000000000000000e+00
-1.666315608349836941e+00,-7.478678018039315312e-01,-1.925739781058308564e+00,-2.692315320114266886e+00,3.715065597192453328e+00,7.000000000000000000e+00
-3.804720559252727785e+00,8.038054674479597206e-02,-3.900996221241129991e+00,-2.023071391876562597e+00,6.425594053700978137e-01,2.000000000000000000e+00
2.623508067311728809e+00,-2.491848571922138600e+00,-6.817273272550844476e-01,1.105940886627268860e+00,3.030244308122806540e+00,6.000000000000000000e+00
-8.348443860583060205e-01,1.509422272110200192e-02,-4.991765160229427956e+00,-4.397594141881762120e+00,-3.627923867437969907e-01,7.000000000000000000e+00
-1.974452476636241460e+00,-2.432435965842710601e+00,-3.063990734712178643e+00,-2.806584572508088460e+00,1.899483352700231276e+00,7.000000000000000000e+00
-3.570673887071642572e-01,-5.466795831223413948e+00,3.675500984504802116e+00,8.247222764065970102e-01,-1.022015771750165447e+00,0.000000000000000000e+00
-1.266359639263980652e+00,6.792453138450398775e+00,-2.023116915389533421e-03,-3.249214699376347770e+00,3.298447973505139519e+00,1.000000000000000000e+00
-6.208017554295656992e-02,-3.512913253923553913e+00,1.403804050978147755e+00,-1.550803643724110614e+00,-1.312261412444797770e+00,0.000000000000000000e+00
1.589054587918813821e+00,-7.355215917622826005e-02,-2.424106919701698892e+00,1.445147542441753474e+00,2.935585551810977911e+00,5.000000000000000000e+00
1.505705044251222535e+00,-3.134344529833561488e+00,-1.191480079962312422e+00,6.109358161538650522e-01,2.711214852608085479e+00,6.000000000000000000e+00
3.634897530036814484e+00,-4.170832716662211115e-01,4.376242464353372164e+00,2.533544628116383812e+00,-2.510234188792554111e+00,8.000000000000000000e+00
-5.312126992466940090e-01,-4.526797754353806269e+00,3.113890728315759304e+00,-2.063413333406519806e-02,3.835128588273543637e-01,0.000000000000000000e+00
2.057841555018198321e+00,7.329352234511574693e-01,-9.658571118050738313e-01,-1.411760198908220021e+00,-5.843411662026725573e+00,3.000000000000000000e+00
-3.469694466372483799e-01,-1.923711331150552706e+00,-5.329912094591425564e+00,-4.375155979720097399e+00,1.190300186365029544e+00,7.000000000000000000e+00
-9.321766417913296410e-01,-1.118502204638034403e+00,-3.335000353315242805e+00,-2.969877666914787717e+00,2.225705725449780292e+00,7.000000000000000000e+00
-1.940163241406756667e+00,7.080708288838225561e-01,-4.836980577995456443e+00,-5.155104878950898417e+00,2.161612251972761189e+00,7.000000000000000000e+00
-7.373316768746193128e-01,-1.290812683648335124e+00,-4.015891791188546556e+00,-3.781481466934657032e+00,2.049692265329158491e+00,7.000000000000000000e+00
-3.522528746361791807e+00,2.007787816541483306e+00,-6.758002598021746188e+00,-5.172740318760952860e+00,1.216754115638675637e+00,2.000000000000000000e+00
4.044465571400469583e-01,-3.901522006402283083e+00,1.545101839759404960e+00,-1.915587028899554012e+00,1.791959747908625111e+00,0.000000000000000000e+00
-1.040194009674291875e+00,-1.240259410525921924e+00,-2.509709557514320899e+00,-2.361712322691240651e+00,1.836099269422268199e+00,7.000000000000000000e+00
-1.681809610354935147e+00,-8.882012988696510458e-01,-3.508781463780152432e+00,-3.659281167994087980e+00,2.746539816630735764e+00,7.000000000000000000e+00
-1.906684717358962944e+00,-5.282603355536144019e-01,-4.067074660498775529e+00,-4.275595957119296742e+00,7.561061723899649145e-01,7.000000000000000000e+00
2.874558713083693373e+00,-2.554588878207700198e+00,1.762534878944410410e+00,3.306122990286556096e+00,3.622406821929205378e+00,6.000000000000000000e+00
-1.388290339444031796e+00,-2.838880535966957996e+00,5.255576495830753814e-01,-3.143577034462456510e+00,-1.170995156336977150e+00,0.000000000000000000e+00
7.692526235624088660e-01,3.582749669468336950e+00,-3.929025659849048613e-01,4.534307660777138871e+00,-7.480208391726942629e+00,9.000000000000000000e+00
4.020870321015087789e+00,-2.033159680433410443e+00,-1.319532979643075921e+00,9.372133216860484284e-01,3.291402501512170620e+00,6.000000000000000000e+00
8.066778837779120526e-01,-3.074050926396736383e+00,7.690855634143726194e-01,-1.960971495695130073e+00,-2.160170930314892601e+00,0.000000000000000000e+00
-2.856070966204646844e+00,-9.996996317384119202e-01,-2.682157825007911445e+00,-3.564780164103327653e+00,2.892767591974303443e+00,7.000000000000000000e+00
3.475861648958516348e+00,-1.921215480066721382e+00,4.826253186545055862e-01,1.726218089634673936e+00,4.266811830962518037e+00,6.000000000000000000e+00
-3.163923064198444379e+00,1.505517987305980077e+00,-1.912663504938332482e+00,-3.942757196594495195e+00,3.435238773442474969e+00,7.000000000000000000e+00
4.323648221374411627e+00,-5.986952927575962535e-01,3.572226597351574995e+00,1.393242494494793648e+00,-9.502393659156489758e-02,8.000000000000000000e+00
-1.685742410675228342e+00,1.073445053818596673e+00,-3.741542685233187449e+00,-4.781324013605298795e+00,1.155914158949001402e+00,7.000000000000000000e+00
1.639142315203940381e+00,-3.046791245679306481e+00,-8.867174744458442559e-01,9.989034184409334438e-01,3.339977630079488335e+00,6.000000000000000000e+00
6.856526597014060975e-01,-3.857320726945748568e+00,1.755229018009651476e+00,-9.602472659186754855e-01,-8.951722176949554743e-01,0.000000000000000000e+00
-2.701462059676712268e+00,1.349396693674695724e+00,-7.599181863322328923e+00,-5.260673371868407777e+00,-8.872910331765482272e-02,2.000000000000000000e+00
-3.334869335245271849e+00,5.582299439821943876e-01,-6.574106115179708887e+00,-4.414877153798869358e+00,-6.964683722478626215e-01,2.000000000000000000e+00
3.831793295075203165e+00,-3.823346602750276713e+00,-1.359265026655921416e+00,1.676701236568673758e+00,1.724851829196431208e+00,6.000000000000000000e+00
3.467630558012741560e+00,1.041448182672206846e+00,2.694928712577103092e+00,4.543574549736946189e-01,-1.145922068745952815e+00,8.000000000000000000e+00
-1.455839386581021522e+00,-1.106600172133722415e+00,-5.014033280104372103e+00,-4.884458242903876091e+00,1.574720846131254071e+00,7.000000000000000000e+00
-1.483065147850608279e+00,-7.470372814648716941e-01,-2.735702852185338152e+00,-3.017255378497055496e+00,1.885295242750300027e+00,7.000000000000000000e+00
-9.487386443062901797e-01,-2.226413010880984977e+00,-1.499990450610635184e+00,-1.566963061313323857e+00,2.587345002354195511e+00,7.000000000000000000e+00
3.579790914110395628e-01,-2.753189304398957038e+00,8.187657098693170710e-01,-2.339357393464125412e+00,-1.414326848305508477e+00,0.000000000000000000e+00
1.510270195014167705e+00,2.095045386049214087e-01,-1.103234096667214059e+00,-1.432178870522599512e+00,-4.474984880497937745e+00,3.000000000000000000e+00
2.488204546418783636e+00,1.143850697166471697e+00,1.058756637005495715e+00,-8.579356338233894153e-02,-4.425673729359268727e+00,3.000000000000000000e+00
-2.145489362560751623e+00,4.954578465088093076e-01,-4.034208406531738511e+00,-4.903209931325810622e+00,2.601177638807874892e+00,7.000000000000000000e+00
-2.008681206476547576e+00,2.427111575026654200e-01,-4.287794983835180318e+00,-4.301676180811419670e+00,2.091883989174497582e+00,7.000000000000000000e+00
6.025135203007263296e-02,-1.953897443838305215e+00,1.243474073023644655e+00,-2.144995644039188853e+00,-9.845302720587181255e-01,0.000000000000000000e+00
-4.176491336023120837e+00,7.985507911528823222e+00,1.421230490171451422e+00,-2.956988491773398398e+00,2.713730313178293496e+00,1.000000000000000000e+00
-2.036405797323111444e-01,-2.496716985571814540e+00,-2.457053638064601309e-01,-3.349006962173767032e+00,-6.703772878266303081e-01,0.000000000000000000e+00
2.202774614613959514e+00,-1.883065718629983731e+00,-1.408109749733636562e+00,-7.492374656557444779e-02,3.839103946656103439e+00,6.000000000000000000e+00
-3.627385984320682377e-01,-3.559687524968948136e+00,1.630578712575478040e+00,-1.284610453699145838e+00,-2.323863387976954353e+00,0.000000000000000000e+00
-4.294654886415639972e+00,4.650880941829693138e-01,-4.307879162936279371e+00,-2.359821016518499626e+00,8.368333602800777093e-01,2.000000000000000000e+00
3.982774889587588074e+00,-3.742258412524518185e+00,-1.948701153951566623e+00,7.418646429978061896e-01,2.276682466514282410e+00,6.000000000000000000e+00
-3.599886727539723719e+00,6.151612176860017378e-01,-5.007734868945351359e+00,-3.268302867712749471e+00,2.830090028054432771e-02,2.000000000000000000e+00
-2.142265904574123248e+00,9.077512461473813410e-01,-1.517447293544092135e+00,-2.631269131514288429e+00,2.736901168841019416e+00,7.000000000000000000e+00
-1.374303866546919162e+00,-2.163701852999253550e+00,-3.775744664492031610e+00,-2.763973870425181723e+00,2.948388143301072239e-01,7.000000000000000000e+00
-1.453942140157646445e+00,7.762796755074120592e-01,-4.169017636940102634e+00,-4.669251812925400813e+00,1.897319128810048827e+00,7.000000000000000000e+00
-2.523905331614237468e+00,8.598234424485776684e-01,-2.733935260074487950e+00,-3.942829268351073946e+00,3.223858810619209869e+00,7.000000000000000000e+00
-6.366189835195752433e-01,6.968193152018434811e-01,-2.897406963189004259e+00,-3.392743859708680088e+00,3.179778615267817798e+00,7.000000000000000000e+00
1.226314004533803348e-01,-6.674465917669825110e-01,-6.867960258083285474e-01,2.686105646053389417e+00,3.508399335133088215e+00,5.000000000000000000e+00
-2.840275769123683069e+00,-7.593782150626993133e-01,-6.175292360724101925e+00,-3.281412126019171094e+00,-1.041091049088715081e+00,2.000000000000000000e+00
-2.095420876191130155e+00,-3.865078089214141199e-01,-1.556291816302366682e+00,-2.674557140061364358e+00,4.258504510885695815e+00,7.000000000000000000e+00
-2.284535835354619238e+00,5.972572040102321900e+00,-8.303550880907385467e-01,-3.917138601065596859e+00,2.404875048701606843e+00,1.000000000000000000e+00
-2.012600117735829031e+00,3.246304859410608090e-01,-3.345377369761611153e+00,-3.825333288574828128e+00,2.198541756465319796e+00,7.000000000000000000e+00
-1.229244899723820339e+00,-1.221186099898438959e+00,2.422178473094842133e+00,3.535690786721244483e-01,-6.049535773631291136e+00,4.000000000000000000e+00
1.868236511034981673e+00,-3.305905766818612701e+00,-2.124095577965829040e+00,-3.489693328122746241e+00,-2.759769266342038119e+00,0.000000000000000000e+00
-6.232629364647310766e-01,-2.034618975255120699e+00,-4.413212335001540865e+00,-3.572109694128373647e+00,5.867949268326542178e-01,7.000000000000000000e+00
2.218002290187944592e+00,-1.150241241583066731e+00,1.098938116475176141e+00,3.929806756919693722e-01,-2.917307465084372886e+00,3.000000000000000000e+00
-2.705751259488331506e+00,7.228751540106588713e+00,-2.439139219091747135e-01,-3.822943783262466866e+00,2.917633829591546935e+00,1.000000000000000000e+00
2.464726906516624183e+00,-3.642141655914605369e+00,-2.681956430427493987e-01,1.455539829732004575e+00,4.171148119705681445e+00,6.000000000000000000e+00
8.347368519133205877e-01,-2.407007637924347243e+00,1.903706624852341989e+00,2.438310867303185692e+00,5.123035942710727930e+00,6.000000000000000000e+00
-1.531494788990195532e+00,1.513563506559013838e+00,-3.819182165120053707e+00,-4.450927733934668673e+00,2.049604177998858745e+00,7.000000000000000000e+00
1.421320742467755971e-01,-9.447003967051904594e-01,-7.394691551024235032e-01,2.494326566645195697e+00,3.057578395251588699e+00,5.000000000000000000e+00
-7.809666521225020475e-01,-3.457480260224521373e+00,1.532810698313152864e+00,-1.284110430663942815e+00,-1.253858894307062988e+00,0.000000000000000000e+00
-2.741635426738702197e+00,5.101169272346842476e+00,6.558374117698113626e-01,-2.464178714250430335e+00,2.040241300765384569e+00,1.000000000000000000e+00
3.202725989700100584e+00,-3.052258154260860668e+00,-5.300675817198924333e-01,1.469292421790484138e+00,3.099842574185356803e+00,6.000000000000000000e+00
-1.379096194241735018e+00,-1.485962321153018184e-01,-3.942310788360370299e+00,-4.088504784574562123e+00,2.668886316367085954e+00,7.000000000000000000e+00
2.320948654831438418e+00,-4.285355084680880111e+00,4.597917057451748613e-01,2.513152540450606764e+00,3.382983928450174815e+00,6.000000000000000000e+00
-1.355806376154644610e+00,-6.837889459933362835e-01,-4.072383671483663647e+00,-4.023598048162638108e+00,2.569569852253490438e+00,7.000000000000000000e+00
3.191192448659112557e+00,-2.045773504811637444e+00,-6.913878320398809674e-01,1.317203776392131376e+00,2.507753141024971821e+00,6.000000000000000000e+00
-1.611378293932485661e+00,-8.316388811674697568e-01,-2.594607614413703356e+00,-3.419027327989651699e+00,4.416886480209733179e+00,7.000000000000000000e+00
-3.905701739423066421e-01,-2.172535005250587847e+00,1.033149011176815124e+00,-2.169393779471945560e+00,-2.841938374055453242e-01,0.000000000000000000e+00
-8.390588670432405638e-02,-3.147832974536096007e+00,1.473328743200545077e+00,-1.506994055951155209e+00,-1.540686737226085068e+00,0.000000000000000000e+00
1.596936283256504274e-01,-4.486954083859813203e+00,1.895634928345453440e+00,-8.745129396204778249e-01,-1.481614969918018998e+00,0.000000000000000000e+00
-1.719007420393956043e+00,-4.000860366910233834e-01,-3.917298476015298014e+00,-4.026072575234921125e+00,2.188182756122285966e+00,7.000000000000000000e+00
2.597319525627245884e+00,-1.817195903285073966e+00,-1.738026074709298485e-01,-1.356887143619796565e-01,-3.473993524744153572e+00,3.000000000000000000e+00
-2.441191109824188743e+00,4.998072612158019012e+00,4.100425343285470370e-01,-3.124627343128612456e+00,3.111817288579831864e+00,1.000000000000000000e+00
8.153183129517825867e-01,-5.073764683461182701e-01,-1.996182293215500447e+00,1.704675782990595190e+00,2.992107870042491680e+00,5.000000000000000000e+00
-7.598308012535256450e-01,1.360872165970577363e+00,-3.039422174314629466e+00,-4.164630597410064361e+00,3.794997830855854737e+00,7.000000000000000000e+00
2.691803357518102402e+00,-1.996851353523743544e+00,-7.059171558273058533e-01,1.047785365718940431e+00,2.018206077147070232e+00,6.000000000000000000e+00
-1.343720541535510460e+00,5.337654072663478022e-01,-8.915862001093804778e+00,-5.722941180587477916e+00,-8.716278112583977222e-01,2.000000000000000000e+00
-2.563109895568047136e+00,4.658355201775521981e-01,-2.985200954195289302e+00,-3.891398874619622195e+00,2.338807721937453454e+00,7.000000000000000000e+00
-1.007748567567708475e+00,6.834749261585750801e+00,-3.830474050557821197e+00,-6.299729691567323542e+00,1.395786445145880128e+00,1.000000000000000000e+00
-5.019527863179806815e-01,-7.574724526191736196e-01,-4.027273265002920155e+00,-4.111529313932408947e+00,3.727821885412144987e+00,7.000000000000000000e+00
-1.745045257396707461e+00,-1.423198384293188901e-01,-1.978803799515460371e+00,-3.102891529406342386e+00,3.709392723637660705e+00,7.000000000000000000e+00
9.881698665935829962e-02,-4.223978171217479982e+00,1.557393513083469294e+00,-1.319587467163511052e+00,-1.035998221308666700e+00,0.000000000000000000e+00
-1.506595796650457286e+00,-1.561093569080072907e+00,-1.523923642799460687e+00,-2.377623258113066296e+00,4.047045998271843636e+00,7.000000000000000000e+00
-1.711994031544246564e+00,9.213239692132864089e-01,-3.327835923112264283e+00,-3.796862485309494772e+00,1.439864877012856370e+00,7.000000000000000000e+00
2.327491534023150566e-01,-4.314179290217542651e+00,4.539849680014144684e-01,-2.350441126928824787e+00,5.055921545785365678e-01,0.000000000000000000e+00
-2.555936242388878732e-01,-1.771690209559751150e-01,-3.911704029882093980e+00,-4.028553321920643526e+00,2.487989184606026694e+00,7.000000000000000000e+00
1.416843420109528795e+00,-1.063326319103224948e+00,-4.206874656841460336e+00,3.108509758834060444e-01,2.898665943730336814e+00,5.000000000000000000e+00
2.131716170617318884e+00,1.355200976865090112e+00,1.948266463819154914e+00,9.646762850902897979e-01,-4.907947870247564737e+00,3.000000000000000000e+00
-1.860290605100871408e+00,-1.527274598011252316e+00,-1.665930543222167826e+00,-1.958211461233358097e+00,3.938071850508976457e+00,7.000000000000000000e+00
-9.177087796007711296e-01,5.149096018560443966e+00,-3.794836768962945306e-01,-3.050363943244111642e+00,2.643523573234579871e+00,1.000000000000000000e+00
-1.854333704926073967e+00,-1.714867296819902576e+00,-2.592679300384502561e+00,-2.748352832172306748e+00,2.935789819863615424e+00,7.000000000000000000e+00
-2.401808949757767486e+00,3.362875998231117380e-01,-2.203756538611667981e+00,-3.146349949636904064e+00,3.383737045550192946e+00,7.000000000000000000e+00
-1.443459870983859750e+00,-2.120406798656879310e+00,-1.886694985792064294e+00,-2.037825322324790633e+00,2.471333606416687978e+00,7.000000000000000000e+00
7.409163441418284979e-01,-3.244447598939920852e+00,3.366404638163450480e-01,-2.477643384998207576e+00,-3.780435748001119145e-01,0.000000000000000000e+00
-3.118370359948976489e+00,-7.971615017202998699e-01,-1.563866693699876631e+00,-2.683268458089655528e+00,3.574005440096641895e+00,7.000000000000000000e+00
-1.302799133571773904e+00,-4.764509580827794855e-01,-4.483410797829294303e+00,-4.299417010816580564e+00,1.406627026823927595e+00,7.000000000000000000e+00
-2.862153847349975688e+00,1.564389686586077577e+00,-8.483038154937860398e+00,-6.042967793511468066e+00,-1.064297349864622294e-01,2.000000000000000000e+00
3.378796221311727077e+00,-2.519469241389320491e+00,-6.821088790553499724e-03,1.929502838771538054e+00,2.593667925263622109e+00,6.000000000000000000e+00
-7.125849556776657767e-01,-1.135095016751493269e+00,-6.079588904391793669e+00,-4.941123221192115444e+00,2.161673653460498556e-01,7.000000000000000000e+00
5.207097270668757938e-01,-2.103664001971240705e+00,1.599652429933424935e+00,-1.675317180024137986e+00,-5.638192810657780552e-01,0.000000000000000000e+00
-2.332924380149455246e+00,-1.974889081843083982e+00,-2.950272037620384591e+00,-3.684415896342162711e+00,3.527074988029955893e+00,7.000000000000000000e+00
-2.008292763258489266e+00,8.874180990343509545e-02,-3.070077612116406840e+00,-3.861151257674013682e+00,2.846725305415178209e+00,7.000000000000000000e+00
-3.269066006167936633e-01,-2.809768087010518833e+00,5.192198732532765648e-01,-3.011907384274911781e+00,-2.316424121704834527e-01,0.000000000000000000e+00
3.178429305800790639e-01,-2.389356430356270877e+00,1.258552907139812493e+00,-2.328899328600682050e+00,6.587872133726857538e-01,0.000000000000000000e+00
-1.193628152028461675e-01,-3.346452367065322342e+00,1.624952999926590147e+00,-1.255671986158348741e+00,-9.860624885961372099e-01,0.000000000000000000e+00
-1.284204193764663104e-01,-5.076080601333334830e-01,-5.188117539093316744e+00,-4.838994465347357554e+00,2.364758174035475502e+00,7.000000000000000000e+00
-1.648630224810905265e+00,-1.270457187760808182e+00,-1.346475999019097758e+00,-1.928783482567057117e+00,3.184811224205638780e+00,7.000000000000000000e+00
2.533412267851774757e+00,-3.644689721348505884e+00,3.182602829131111033e+00,4.476016421814327018e+00,4.057242529982457491e+00,6.000000000000000000e+00
4.489871334853900997e-01,5.804854188182175356e+00,-5.045501379306498002e+00,-6.947337653280217573e+00,8.716610136229059336e-01,1.000000000000000000e+00
-4.748491742003785876e-01,-2.887507281181768359e+00,-5.328472880407194801e+00,-4.126980577498687630e+00,1.541493435763052977e+00,7.000000000000000000e+00
-1.745461796201958071e+00,-1.545210583392780279e+00,-3.669816593384763070e+00,-3.949061039391263961e+00,2.983901209944828103e+00,7.000000000000000000e+00
-1.640158744578829708e+00,1.228189447305912507e+00,-7.089628109497129849e+00,-4.611290629646113359e+00,2.804717886494944024e-01,2.000000000000000000e+00
2.852943305941189500e+00,1.192675340154204650e-01,-3.650255880087654337e+00,-1.780140527228951663e+00,8.424298625720605393e-01,6.000000000000000000e+00
4.375904070270258961e-02,6.401841402610917164e+00,-1.662188551163238381e+00,-4.002380806870001528e+00,1.035132116515924627e+00,1.000000000000000000e+00
3.000607179062312335e-01,-3.907231459454811873e+00,4.790555468310662701e-01,-2.018344429037000953e+00,-2.783702821431996099e+00,0.000000000000000000e+00
2.687856471760218025e+00,-2.933429846404298047e+00,-1.857982462878671470e-01,2.009502220512308757e+00,2.885675952233006658e+00,6.000000000000000000e+00
-2.664124473862428677e-01,-3.382900052340876318e+00,1.254064199123263723e+00,-1.866886456127189176e+00,-8.016443397623966849e-01,0.000000000000000000e+00
-1.979560366439316876e+00,-2.159017814253616940e+00,-7.128405470955130330e-01,-1.405081039678744093e+00,4.203809121875857535e+00,7.000000000000000000e+00
-1.853263160557381273e+00,-2.566803476144344232e-01,-4.864021299136848775e+00,-4.813210922739496134e+00,1.758616134363531591e+00,7.000000000000000000e+00
4.128844115002610948e+00,1.066407087859946756e+00,2.984502478963391603e+00,5.406655162953757365e-01,-1.869540192898447861e+00,8.000000000000000000e+00
2.238038184606172987e+00,2.154370677532823297e+00,-1.505811542129663616e+00,-2.329058575828240052e+00,-5.101053594434404204e+00,3.000000000000000000e+00
-8.182675485950658967e-01,-3.319706821365064453e+00,3.361377283367880331e+00,-2.732123721695293717e-01,2.526677871736615622e-01,0.000000000000000000e+00
-5.517571784685814523e-02,-2.338464124635116215e-01,-5.227825742196354319e+00,-4.714885340793523838e+00,1.847051715830793306e+00,7.000000000000000000e+00
-1.302569403774544110e+00,5.115513636190778257e-01,-4.399326815461813034e+00,-5.170573155615909577e+00,2.847427808030900120e+00,7.000000000000000000e+00
3.375257962587979943e+00,-2.669664408280181256e+00,-2.078251399575119063e+00,3.514340536757065148e-01,1.696662749538168313e+00,6.000000000000000000e+00
-4.694865217116003797e-01,-3.208438815516904796e+00,2.275641677998019752e+00,-1.033228680330077198e+00,-1.210471043589079754e+00,0.000000000000000000e+00
-2.745696492808139322e+00,-1.243550682202780644e+00,-1.106855856336349975e+00,-2.074848769736164833e+00,4.921129096106350076e+00,7.000000000000000000e+00
2.256700497090191604e+00,-5.640999301219233875e-01,1.192764516101421313e+00,3.565291581608150961e-01,-2.962154167259924975e+00,3.000000000000000000e+00
-8.870631297597303400e-01,4.573954667567170951e+00,5.424441897515410727e-01,-2.021757430931514055e+00,2.315251412386073238e+00,1.000000000000000000e+00
1.218073974289446415e+00,2.042971025095025317e-01,-3.885943528400404023e+00,1.592930107867507605e-01,2.362729660644174334e+00,5.000000000000000000e+00
4.007949530801622195e+00,-6.433764103835601933e-01,4.266931036013014378e+00,2.230892336992983616e+00,-1.327809959352113545e+00,8.000000000000000000e+00
-4.442904131947658097e-01,-3.190877642153959304e+00,2.599750664178618997e+00,-1.039066338379272647e+00,8.841655043271971770e-02,0.000000000000000000e+00
9.779302149820574552e-01,-1.589190334477785127e+00,1.309891396903368088e+00,1.783675758024405811e+00,4.106999639461210272e+00,6.000000000000000000e+00
-1.112468353871099547e+00,-1.446034296043295031e+00,-3.540724554010605818e+00,-3.322028470260406596e+00,2.111021980998021075e+00,7.000000000000000000e+00
3.660369803284808210e+00,-4.664458042046693897e+00,2.120798334771654137e-01,2.616265326143232262e+00,3.314161958317178414e+00,6.000000000000000000e+00
9.311108463082589104e-01,-3.496910104304106870e+00,-1.168777987104016924e+00,-3.639521286113229781e+00,-1.475749228011034475e+00,0.000000000000000000e+00
-9.288130581851145040e-02,6.105828757953588592e+00,-2.113725882234248843e+00,-4.319256179184899125e+00,3.642422177417133367e-01,1.000000000000000000e+00
-4.579446707986848386e-01,3.597606266821148924e-01,-1.498364808124918124e+00,1.250102645662507728e+00,3.413395346276060671e+00,5.000000000000000000e+00
-3.772286169958506186e+00,6.278760133915599617e-01,-2.004904857227717052e+00,-3.250380448577089521e+00,3.139430552820489329e+00,7.000000000000000000e+00
1.854233423106380840e+00,-2.077014366293768344e+00,1.911508430398388414e-02,1.286604330675171104e+00,3.060749243925418916e+00,6.000000000000000000e+00
2.603597800515882632e+00,9.470149207020516213e-01,2.387513806647997061e+00,1.086751305393309108e+00,-2.768706048625695804e+00,3.000000000000000000e+00
-1.685952670035489653e+00,-7.248058051250616529e-01,-3.798889031552373119e+00,-3.971756914146721495e+00,1.986576940048242701e+00,7.000000000000000000e+00
-4.207767189151006448e+00,1.347207202182027830e+00,-5.540039564156610474e+00,-4.303605853314222074e+00,1.182282642644434612e+00,2.000000000000000000e+00
8.456778188710656341e-01,-2.010281637020234768e+00,6.114726483768955223e-01,-2.293049977839548337e+00,-1.960483810780285996e+00,0.000000000000000000e+00
-1.439442114293543185e-01,-3.341249206886664602e+00,6.197350260745603245e-01,-2.325591237200792083e+00,-5.228594719802635016e-01,0.000000000000000000e+00
-1.327853523477585229e+00,-8.716046467189316749e-01,1.904084726092056146e+00,-4.336856639661182400e-02,-5.747522329435343913e+00,4.000000000000000000e+00
-5.965274771766429507e-02,-3.191111282579254027e+00,3.092144529198612712e+00,2.610298177857750535e-02,-1.418643712625777153e+00,0.000000000000000000e+00
-2.172988582864911589e+00,5.893999197635105602e+00,-4.701635135865847026e-01,-3.559965361213983215e+00,2.359253327676907652e+00,1.000000000000000000e+00
-1.377512450268855826e+00,-2.391873834472010518e+00,2.934060006068778037e+00,1.372684692013399266e+00,-5.273682659899491476e+00,4.000000000000000000e+00
4.624305980714540354e+00,-1.446741667129002040e-01,2.718223306090739477e+00,6.878957312480094011e-01,-1.342919935430878731e+00,8.000000000000000000e+00
-5.716101339863667308e-01,-1.974603644950620129e+00,-2.607128194970440127e+00,-2.947251562057026320e+00,4.379731765640395125e+00,7.000000000000000000e+00
2.260284367024459229e+00,1.139960837741170879e-01,-1.173027608532992039e+00,-1.065872953140616142e+00,-5.457668888985457656e+00,3.000000000000000000e+00
2.003360714320471803e-01,-2.728350266519661727e+00,7.302085876272076947e-02,-2.884004126912679045e+00,-1.228430157668777500e+00,0.000000000000000000e+00
-2.805038630384064646e+00,-6.419798208035457643e-01,-2.385728474511547237e+00,-3.305519431349232651e+00,3.753681492391929719e+00,7.000000000000000000e+00
5.779107334219519831e-01,8.749701604766498830e-01,2.909979278159660621e-01,-5.868056782784475400e-01,-5.697418052158363722e+00,3.000000000000000000e+00
-1.246293616789577730e+00,-1.198692543548666167e+00,-5.124780337406478203e+00,-4.674225008914957513e+00,2.218261676925706194e+00,7.000000000000000000e+00
2.687731337199489978e+00,-3.596514051335055306e+00,-8.657351490909913627e-01,1.158770513452896056e+00,3.746402416441415806e+00,6.000000000000000000e+00
2.070715607166288219e+00,-4.606828270851152318e+00,1.041137575854814479e+00,-1.274737301204641904e+00,-2.068549241152359552e-01,0.000000000000000000e+00
-1.970069492607958939e+00,-1.123218392713293934e+00,-2.410223720680148674e+00,-3.002211142731825433e+00,4.296764026152876781e+00,7.000000000000000000e+00
2.677404929158492042e+00,-2.162562613456330496e+00,-1.917964309941919243e+00,-1.221052673469235142e-02,3.363745652958229915e+00,6.000000000000000000e+00
1.054346970826792074e+00,-1.446264833361010416e+00,-1.681802522460808191e+00,2.095615093902041703e+00,3.167395265283494243e+00,5.000000000000000000e+00
8.345606909420644204e-02,-3.829257060182227779e+00,1.315842752715302488e+00,-1.292287510164644937e+00,-9.513626408359913134e-01,0.000000000000000000e+00
6.418827626774242789e-02,-2.766000139925921086e+00,-2.882072162779685254e+00,-2.217578180486947659e+00,2.705584505209454260e+00,7.000000000000000000e+00
-1.038596588630209538e+00,-3.255140013456559789e+00,1.766202768063332762e+00,-1.661891472720532281e+00,6.257672030884894876e-02,0.000000000000000000e+00
-1.444533574915018992e+00,5.001649190540939038e+00,7.504925017301817824e-01,-2.284927991458716168e+00,3.201060192526528514e+00,1.000000000000000000e+00
2.373608058989133962e+00,-2.773208414433346203e+00,-9.024436902564799690e-01,1.548748162892458202e+00,1.641296476886496158e+00,6.000000000000000000e+00
-2.402823324212091549e+00,1.258834688098805943e+00,-8.540915427785519043e+00,-5.756796790999201718e+00,-4.983426196329443503e-01,2.000000000000000000e+00
8.371086038949002717e-01,-3.340584637160416204e+00,1.684846208869871687e+00,-1.300894554730505082e+00,-1.184933285305067169e-01,0.000000000000000000e+00
1.364049778696866166e+00,-1.566104748995005291e+00,-2.587898615747731945e+00,2.191402418898958704e+00,9.906634805152643164e-01,5.000000000000000000e+00
2.149114014993226629e+00,-1.706422874462905526e+00,-8.429614252042415545e-01,6.468310339891001348e-01,3.322668324312131105e+00,6.000000000000000000e+00
-9.033551006910602865e-01,1.260546757270398222e-01,-5.114615978026851195e+00,-4.888093408352762737e+00,1.903772201562860200e+00,7.000000000000000000e+00
-3.579572683235748842e-01,5.179527285241261048e-01,-7.013370370643156271e+00,-6.441069816184016084e+00,5.084421882428815653e-01,7.000000000000000000e+00
4.078948859143755712e+00,-2.304644009117480685e+00,8.649010924565955216e-01,2.704874982788676441e+00,3.745651968801566589e+00,6.000000000000000000e+00
-1.955016397724408161e+00,6.750262760024752673e+00,-1.524908150452286781e+00,-4.610712127592075049e+00,9.244638808203401448e-01,1.000000000000000000e+00
-1.496154646507319663e+00,7.367299234276660780e-01,-2.775852774331582840e+00,-3.385655333876066209e+00,1.294832039730787310e+00,7.000000000000000000e+00
2.600176650390542687e-03,-3.114785090379087240e+00,1.993512570002858419e+00,-1.388337094551327588e+00,-5.771988912595875654e-01,0.000000000000000000e+00
-1.366263542772954143e-01,-3.572867754893279901e+00,1.776174419585959452e+00,-1.021767177891220957e+00,-1.982358791580236312e+00,0.000000000000000000e+00
-3.362962752022459423e+00,-1.642698517930084590e-01,-2.216923183856578827e+00,-2.856858855690330046e+00,2.401021774395567299e+00,7.000000000000000000e+00
-5.080843912221714165e-01,-3.057020575762674941e+00,2.633012904432966206e+00,-7.173300946591618654e-01,-9.136242113325937497e-01,0.000000000000000000e+00
-1.529530342441607571e+00,5.101866608931818092e+00,-4.483069885689450196e-01,-3.241204546235207040e+00,2.137036512985214021e+00,1.000000000000000000e+00
-1.427182584303452462e+00,3.521745654304030415e-01,-2.963968952936646417e+00,-3.764645105755604071e+00,4.220559368668835631e+00,7.000000000000000000e+00
1.735994921541883729e+00,1.051978241857991270e+00,8.165182441079196218e-01,1.732681680748267561e-01,-4.802830545048500710e+00,3.000000000000000000e+00
-2.240380764495252031e+00,-5.515231529073586492e-01,-2.194745706637494465e+00,-2.759847275841502690e+00,2.793375795603667111e+00,7.000000000000000000e+00
2.028106379057494468e+00,-5.361159322796387183e-01,1.558619801063135357e+00,7.512575611682174026e-01,-3.219340586483289357e+00,3.000000000000000000e+00
2.034932947640794687e+00,-4.266498356950928716e+00,-8.181968882508462437e-01,-2.819634516171107830e+00,-2.316304920678602386e+00,0.000000000000000000e+00
2.850952071509545327e+00,1.327491383151930382e+00,-2.367624682396940461e+00,-2.585632566163594603e+00,-3.598875749915266820e+00,3.000000000000000000e+00
1.814700172512537568e+00,-1.425419633652568185e+00,-3.061800518950015260e+00,1.699458598084132133e+00,8.532410941596204612e-01,5.000000000000000000e+00
2.633388028855994989e+00,7.430365938022029937e-01,-1.845058427715819072e+00,-1.970733922713951980e+00,-5.939413581597788649e+00,3.000000000000000000e+00
1.727926784289874895e+00,-1.375650337519807698e+00,-1.630795030232941256e+00,2.534613005688419296e+00,3.460486440430614596e+00,5.000000000000000000e+00
2.182462936697454392e+00,-3.865224669777753252e+00,-8.193166445145315668e-01,1.566944203656151613e+00,2.335841103769720206e+00,6.000000000000000000e+00
-1.272127155003546450e+00,1.144564375843530657e+00,-3.642086568739459018e+00,-4.019422365965988675e+00,1.429217948538958227e+00,7.000000000000000000e+00
-5.185208420287586994e-01,-3.133839963621931179e+00,1.067442142466214383e+00,-2.371721173280500139e+00,-3.789440117736347369e-01,0.000000000000000000e+00
-1.450854927887682000e-02,-2.629667218457894862e+00,7.621282699606168887e-02,-2.618164327723091489e+00,-1.177159769661318522e+00,0.000000000000000000e+00
-1.894653054132164671e+00,5.376958795812323721e+00,3.477633263546243692e-01,-2.614137690315089468e+00,2.297973608975262039e+00,1.000000000000000000e+00
-1.894861243835705089e+00,6.690454716654659961e+00,-6.496369685518803561e-01,-3.547645906355760381e+00,8.428150351997629741e-01,1.000000000000000000e+00
-9.298507887840970487e-02,-9.952606310699184666e-01,2.868407201799230144e-01,3.560623297947437926e+00,3.205221056884323350e+00,5.000000000000000000e+00
-3.131056494435517479e+00,5.559481646984881786e-01,-5.291928066769400196e+00,-3.081925214792708978e+00,4.605598354383989151e-02,2.000000000000000000e+00
-2.375756437316835612e+00,-5.418937886766268530e-01,-2.257126475349128469e+00,-2.679175348099990472e+00,7.193464394417695695e-01,7.000000000000000000e+00
2.501286514146030093e+00,-3.484274238838452220e+00,-1.195646430181732001e+00,1.292864031237749511e+00,1.799072552353363497e+00,6.000000000000000000e+00
9.854802988953736964e-01,-1.154676883692936418e+00,-2.302296407281572588e+00,1.459789001213813942e+00,2.888963261689935891e+00,5.000000000000000000e+00
6.054271881165290692e-01,-1.768015217114635718e+00,1.786138462005510297e+00,-2.045174353885339524e+00,9.416129294756832024e-01,0.000000000000000000e+00
1.204973025915166973e+00,-2.050686423669152159e-01,-1.616506428444358878e+00,2.113646401670995267e+00,2.594683341944930000e+00,5.000000000000000000e+00
1.852136675813239375e+00,5.979020927286406106e+00,-1.035939821891585400e+00,3.615209456227063800e+00,-8.405970828174991638e+00,9.000000000000000000e+00
-2.067033235015323545e+00,-7.338367344739799014e-01,-5.673622227178385380e-01,-1.697080426415338295e+00,3.469454893205397905e+00,7.000000000000000000e+00
1.255288604975506983e+00,-3.269572496545388507e+00,5.976948184906134554e-01,-2.116755891362296360e+00,-5.448798493361227679e-01,0.000000000000000000e+00
-4.849067665468710153e+00,1.935596114587737615e+00,-5.486707043085481850e+00,-4.473125731137650440e+00,1.355667926751216390e+00,2.000000000000000000e+00
3.195623381814090447e+00,-2.951135467663723144e+00,-1.523205897062950509e+00,6.191852645357921459e-01,2.117344859285620107e+00,6.000000000000000000e+00
-2.221742139460737508e+00,-1.204406318783906471e+00,-4.537346868125148314e-01,-1.425325502361657559e+00,3.194333026593995317e+00,7.000000000000000000e+00
2.793534946291358900e-01,-2.392317399177056547e+00,1.678185005628575199e+00,-1.564618696128167619e+00,-5.422161499986404287e-01,0.000000000000000000e+00
-2.356989010048667232e+00,3.606367496961648822e-01,-2.819135225032820546e+00,-3.789487644025689050e+00,2.099340677842070235e+00,7.000000000000000000e+00
2.702872413589520573e+00,4.723043794658111916e-02,7.902610474948456032e-01,-7.901688747627935716e-02,-3.603042359362617741e+00,3.000000000000000000e+00
-2.080133851324897698e+00,-1.894425283146206729e+00,-2.866777444091967109e+00,-3.484126343532774062e+00,3.928953169228969866e+00,7.000000000000000000e+00
-1.682464480277748642e+00,-8.063745419101671086e-01,-2.401652949056351627e+00,-2.724413940760111785e+00,1.863612858039693121e+00,7.000000000000000000e+00
-1.662628683046167288e-01,5.792226166510041629e+00,1.313932963985961488e-01,4.184867260910554165e+00,-6.860194324867661564e+00,9.000000000000000000e+00
-1.555148194379130100e+00,-2.429527103130767696e+00,1.531681571382947249e+00,-2.125463384875834638e+00,-1.668476511211995472e+00,0.000000000000000000e+00
3.529926267861657196e-01,-3.058979335230198160e+00,4.794111778747349173e-01,-2.662689112322480067e+00,-4.081754468024436089e-01,0.000000000000000000e+00
-1.117842842500958112e+00,5.984808124050605693e-01,-2.878525870972424627e+00,-3.776325168644577790e+00,3.624162565274627656e+00,7.000000000000000000e+00
5.412278806568394662e-01,-3.676063557326652020e+00,-2.581557787172412619e-02,-2.173661976556775510e+00,-2.696180583524075303e+00,0.000000000000000000e+00
-2.111245506008409656e+00,5.174181066740085377e+00,6.828334859168312398e-01,-2.301071360988676595e+00,2.065471042651398470e+00,1.000000000000000000e+00
2.987899497721039910e-01,-4.099265321399671036e-01,-5.899160268565086795e+00,-5.449667471331167690e+00,1.965401407314188109e+00,7.000000000000000000e+00
2.420677169715167665e+00,-1.097988693523806125e+00,1.366866744555081392e-01,-2.856738164223657228e-01,-4.139920397024067000e+00,3.000000000000000000e+00
1.845354369228209723e+00,5.308205198244457357e+00,-5.480873130499469559e-01,4.068696895994827756e+00,-7.903528393598928226e+00,9.000000000000000000e+00
-1.015613728988854492e+00,-6.758422964696049196e-01,-2.913819040486644418e+00,-2.948277611640274465e+00,2.705762308444032982e+00,7.000000000000000000e+00
4.956807978273602089e+00,-1.641585183099649514e+00,3.127297446157975891e+00,1.745424680032090947e+00,-1.738958699780238204e+00,8.000000000000000000e+00
1.751385570131725578e+00,6.901547840693279534e-01,-9.985055840056553111e-02,-9.829091780542014156e-01,-4.229429675116037401e+00,3.000000000000000000e+00
4.006810278529076008e-01,-1.843406583075488880e+00,-3.301001832644397727e+00,8.874415703037634717e-01,2.685185758859025107e+00,5.000000000000000000e+00
-1.928074841548507612e+00,7.166634354633420578e+00,-5.111029519050519498e-02,-3.681449521700689065e+00,1.921948960534457296e+00,1.000000000000000000e+00
2.260921138937808106e+00,4.623174770473282846e-01,1.091704770574771111e+00,-4.450676851129313494e-03,-3.940235392473602882e+00,3.000000000000000000e+00
-1.458500735600591902e+00,-1.480512438613159065e-01,-4.008577364155001099e+00,-4.114482215367499585e+00,1.639894015221112555e+00,7.000000000000000000e+00
-2.763581051988358017e-01,-1.270157110303794301e+00,-4.623774043687848945e+00,-4.042580095417339869e+00,3.681474627037228387e-01,7.000000000000000000e+00
-1.079610256812101543e+00,-8.852373674603746245e-01,-3.380417879464746811e+00,-3.928654019080283888e+00,3.239008831965180857e+00,7.000000000000000000e+00
2.550797732127041861e+00,-2.418505887778521934e+00,-9.670897865880896394e-01,1.264216232894331382e+00,2.459644078638160369e+00,6.000000000000000000e+00
9.897932544473944105e-01,-4.752323254709153844e+00,-4.693896263267728908e-01,-2.474497498496214476e+00,-1.320728100295916807e+00,0.000000000000000000e+00
-2.802439636338763584e+00,-4.843445287592221260e-01,-2.360030672470545099e+00,-3.344286539663667845e+00,2.891012100078615532e+00,7.000000000000000000e+00
3.673895219463031658e+00,-2.424461302649754568e+00,-2.576431492752866426e-01,1.736477981730033093e+00,4.160664283290197218e+00,6.000000000000000000e+00
-1.319693690296764421e+00,-3.379348785768370722e-01,-5.357767858395845018e+00,-5.040139009507703882e+00,2.346013775236309939e+00,7.000000000000000000e+00
-2.927481163506471695e+00,-2.821280609755571489e-01,-7.712302321459942434e+00,-4.623038576728941251e+00,-1.165636680310573547e+00,2.000000000000000000e+00
-5.959728051833814710e-01,-4.784820440917171958e+00,2.552709448234744549e+00,-5.418507014818210177e-01,-7.420237608005866292e-01,0.000000000000000000e+00
-1.962670123103025799e-01,-4.455840925999232205e+00,3.403431580699241898e+00,9.421023070545928024e-02,5.974148531628298286e-02,0.000000000000000000e+00
-2.479223620193606425e+00,6.357173007681428123e-01,-3.489156754431056662e+00,-4.117349694014391659e+00,1.775959416629864895e+00,7.000000000000000000e+00
7.682042169732186121e-01,-4.992154857534395695e+00,1.734071053725539935e+00,-6.686286307930844330e-01,-1.367773888478127420e+00,0.000000000000000000e+00
3.794552178055201619e+00,-4.052059729238740360e+00,-1.675380292297327101e-01,2.224574760171651899e+00,3.841015381436684528e+00,6.000000000000000000e+00
-1.613293375524073037e+00,-1.350234182018673623e+00,-3.835320989209794806e+00,-4.157490904822964239e+00,3.288437629407721996e+00,7.000000000000000000e+00
-2.295046667554913711e+00,-5.042968729241968928e-01,-7.547069118852283154e-01,-1.688392480193666501e+00,4.769950590932067414e+00,7.000000000000000000e+00
-1.614500862754633559e+00,1.074249318153095434e+00,-3.610122376542660660e+00,-4.748447595641948737e+00,3.917336931662868782e+00,7.000000000000000000e+00
1.097625624997061067e+00,-3.185421951259021167e+00,-2.348997584809666972e-01,-3.192400695112566744e+00,2.136179443380638310e-01,0.000000000000000000e+00
2.727560923717458063e+00,-1.085785673226274506e+00,5.414531257349991300e+00,2.852296599791355636e+00,-1.047161101284777907e+00,8.000000000000000000e+00
-1.637679203199289724e+00,-5.594338155665140588e-01,-1.401477362575260566e+00,-1.989080570396309033e+00,3.090077301804332599e+00,7.000000000000000000e+00
2.469540144828512584e+00,6.446846784165429778e-01,-2.132707126784765261e+00,-2.287530771287408893e+00,-4.567755433146978739e+00,3.000000000000000000e+00
2.366119688001048882e+00,-1.809248642773478410e+00,9.244994714132441782e-01,2.207492070137593299e+00,3.366784810883972856e+00,6.000000000000000000e+00
-9.264348874254580979e-01,-9.841250951428760496e-01,-2.678167186487374618e+00,-2.621006516277669895e+00,2.968696494196691571e+00,7.000000000000000000e+00
8.050694656892726231e-01,4.637888790893950564e+00,9.466979700499456030e-02,4.983939955322632009e+00,-7.791929846312555696e+00,9.000000000000000000e+00
-3.304912591286858770e-01,-7.363471675927465432e-01,-3.335430497578514508e+00,-4.198589570233547619e+00,4.371286754279234188e+00,7.000000000000000000e+00
-3.070450428465675063e+00,6.415731889420943190e+00,-3.769175408344900835e-01,-3.989905168720091932e+00,2.585485647825741751e+00,1.000000000000000000e+00
4.577919015550783399e+00,-1.628176752359827839e+00,2.299189774412352172e+00,8.292371231674704468e-01,-1.723917227785688455e+00,8.000000000000000000e+00
-5.012851925860841718e-01,-1.105644519992583730e+00,-2.984088048784719227e+00,-2.877637597651172552e+00,1.569151453256208972e+00,7.000000000000000000e+00
1.779914644449614447e-01,-3.064384201011617126e+00,1.557481235927352214e+00,-1.493417069544872744e+00,-7.651348634316730291e-01,0.000000000000000000e+00
4.078451005426384945e+00,1.753546490168079952e+00,-1.047169043655675535e+00,-1.293048218602385502e+00,-5.439478424091254816e+00,3.000000000000000000e+00
1.632967898058393486e+00,1.089071650292278287e-01,-3.731721138437406715e+00,9.291275563241856439e-01,1.082980331676744346e+00,5.000000000000000000e+00
4.017914470294582152e+00,-7.615447793209387806e-01,2.645858583204677039e+00,1.204964568767676658e+00,-3.460885506322029848e+00,8.000000000000000000e+00
-3.604742436159211749e-01,-2.024416185968707982e+00,-3.461686240424384664e+00,-2.900423112754411559e+00,2.463261361862271848e+00,7.000000000000000000e+00
-5.173882450747436801e-01,-2.281499743395999591e+00,-2.882483081847758477e+00,-2.346189033102572097e+00,1.934639679177652338e+00,7.000000000000000000e+00
1.932807535997687620e-01,-4.043516343888432729e+00,1.327368882271585226e+00,-1.360561067684190606e+00,-2.151301392072613172e+00,0.000000000000000000e+00
-1.433446056028074622e+00,-5.189845703114256414e-01,-3.658928827014584773e+00,-4.044544232720282295e+00,3.401334243237469579e+00,7.000000000000000000e+00
-3.546681065681092537e+00,1.887266830457333233e+00,-6.177190775998238514e+00,-4.467484611321736132e+00,6.303670183192346954e-01,2.000000000000000000e+00
1.837949025500025479e+00,4.370131668600195418e+00,-1.887032213489352461e+00,3.723824098756413292e+00,-9.344818955425916229e+00,9.000000000000000000e+00
3.156129693824814453e+00,-3.327507785348111646e+00,-1.793932747226076430e+00,5.197383147711393675e-02,3.711693390992700792e+00,6.000000000000000000e+00
-1.490637696796385248e+00,-3.381644380758476731e-01,-1.355224054852520066e+00,-2.185191771391077786e+00,3.822864055277741535e+00,7.000000000000000000e+00
1.735744449923342536e+00,6.444388303044213950e-01,-2.090435737628047796e+00,-1.831323314769829791e+00,-6.738324506670954506e+00,3.000000000000000000e+00
1.769899076471556087e-01,-2.207300723512253704e+00,-8.065445817495296987e-01,2.818977858495395061e+00,2.592200353366395316e+00,5.000000000000000000e+00
3.189152830408272798e+00,-2.915400754449017473e+00,6.833755552139872957e-01,2.175581782670485520e+00,3.192235778566172577e+00,6.000000000000000000e+00
-3.221600069921346510e+00,-5.130824548346958336e-01,-1.230385296597590994e+00,-2.534592745663037050e+00,3.595794388235960426e+00,7.000000000000000000e+00
-6.678457614646704510e-01,9.912811073893831870e-02,1.788299580885141404e+00,1.719627923250470203e-01,-6.387498145918419468e+00,4.000000000000000000e+00
2.108023169038862221e+00,-2.821393518391305033e+00,-4.905293915079454448e-01,8.330960499065745983e-01,3.191494597923493437e+00,6.000000000000000000e+00
1.923411210573284791e+00,-1.802681719919468906e+00,-1.798645433115027670e+00,2.318062567179109745e+00,4.355116798267580691e+00,5.000000000000000000e+00
-5.694221121453841850e-01,4.439730023113520829e+00,-1.743916733412892439e-02,-2.929024438493769367e+00,3.926620500590654927e+00,1.000000000000000000e+00
3.405851071769534943e+00,7.783595859912437742e-01,-1.843749034408677545e+00,-1.952962973714521988e+00,-5.888147315641099944e+00,3.000000000000000000e+00
6.204442688714464360e-01,-2.423614055865432437e+00,9.664049068319436886e-01,-1.949106927080038520e+00,-2.597420492931124425e+00,0.000000000000000000e+00
-8.809453939889954066e-01,-2.861336915354101063e+00,2.200896668545809565e+00,-1.272617668168581906e+00,-3.731711317340012934e-01,0.000000000000000000e+00
-1.006686310010785346e-01,-1.608468377341806699e+00,-4.033482117513265131e+00,-3.608540486031519112e+00,1.671284525766088214e+00,7.000000000000000000e+00
-3.065931931858782988e-01,-1.622141208933991274e+00,8.816606830253994609e-01,-2.314262039231772317e+00,-1.645425865336799465e+00,0.000000000000000000e+00
-1.400993236458972779e+00,1.000220496730086506e+00,-5.193472558273850126e+00,-5.696115940900764230e+00,3.156872927690730357e+00,7.000000000000000000e+00
3.115291221608425865e+00,1.024086543241084835e+00,-1.454278010421921286e+00,-1.763265385153649278e+00,-5.278572372973121318e+00,3.000000000000000000e+00
-4.855118623792574084e+00,1.408764358774351910e+00,-2.863717280763240058e+00,-2.064893568245046662e+00,8.261150900738704062e-01,2.000000000000000000e+00
4.484002351603595393e+00,6.274555097267165982e-01,2.686061162568535110e+00,3.497021031695641824e-01,-1.791695117071028687e+00,8.000000000000000000e+00
-2.978241533026551036e+00,8.300157010887907610e-03,-1.619618383271782536e+00,-2.702020416392513003e+00,2.334141282069921886e+00,7.000000000000000000e+00
-1.997940209653924215e-01,-3.849300016682684067e+00,1.103911019413122974e+00,-1.203072904017594036e+00,-2.006633773656539166e+00,0.000000000000000000e+00
-2.005364413727519057e+00,-2.478932448059439353e-01,-2.845863896924913039e+00,-3.416454026227289553e+00,2.349942837576546761e+00,7.000000000000000000e+00
2.012684107429210556e+00,-2.806563158700347671e+00,4.868030047264044202e-01,-2.303011249768376345e+00,-4.045618128394479207e-01,0.000000000000000000e+00
2.632580319210139130e+00,-2.654225374989843900e+00,-2.643308834614641167e+00,2.110482768986572832e+00,3.287468647735383609e+00,5.000000000000000000e+00
-5.727319030583435389e-01,-7.873624481200784953e-01,-2.382925970400357141e+00,-2.518104358060772707e+00,2.557816714531991664e+00,7.000000000000000000e+00
-1.763292749676496962e+00,-1.017329556649687161e+00,-1.327202097515421952e+00,-2.001695894635717732e+00,2.782638108136359811e+00,7.000000000000000000e+00
2.400880640529633681e+00,-1.892742732884508783e+00,-1.833231106986048520e-01,1.627882879743495437e+00,1.825306922824780687e+00,6.000000000000000000e+00
2.020979348719574187e+00,4.144147707272048287e+00,-1.712116188757915713e+00,4.094283866570765262e+00,-9.943991074639198402e+00,9.000000000000000000e+00
2.374231905147705213e+00,-1.899586156731961406e+00,-1.914191013333134128e+00,2.555396617689424943e+00,2.056880459456318366e+00,5.000000000000000000e+00
-6.103801113820285229e-01,-9.312616619944411589e-01,-4.007622872340252940e+00,-3.905386366598745163e+00,2.590700656506666366e+00,7.000000000000000000e+00
-2.401412004982942605e+00,-1.826570507339981386e+00,-2.282244935388592300e+00,-2.556969604227643078e+00,2.788287608098783732e+00,7.000000000000000000e+00
-1.335488437925255178e+00,-2.381001563980556651e-02,-2.591205147768187889e+00,-3.413648412397952470e+00,3.545059995721123958e+00,7.000000000000000000e+00
-3.970830547624735751e-01,-3.742443217630175401e+00,1.825327437274064435e+00,-1.379439641546406081e+00,-9.685221832476716142e-02,0.000000000000000000e+00
-1.528962670819576708e+00,-4.868119806550206263e-01,-3.032811340261872601e+00,-3.610635041180542792e+00,3.518186378705865369e+00,7.000000000000000000e+00
-1.513172932395291825e+00,4.222582626987718690e+00,-8.012901343087788231e-01,-3.118502255815597479e+00,2.366655235150942449e+00,1.000000000000000000e+00
7.872216712628486712e-02,-4.069932641619584679e+00,1.724439941454002145e+00,-1.523313536830203541e+00,-8.719851822402394648e-01,0.000000000000000000e+00
-2.931839653822922442e-01,6.527161452104174089e+00,-1.237635052500308364e+00,-3.864321144354789350e+00,9.469948567780840376e-01,1.000000000000000000e+00
-2.074068749160666414e+00,2.041951657610053150e+00,-3.912502772718982502e+00,-4.776451204515409721e+00,1.867046125251591082e+00,7.000000000000000000e+00
-1.888843457985939778e-01,-4.426508884453316028e+00,4.026523103581655327e+00,6.460110729656187711e-01,5.374980686193853163e-01,0.000000000000000000e+00
4.741812799334045536e+00,2.149182231139362131e-01,1.042716290074760188e+00,-6.310345118575209078e-01,-2.774713508535588513e+00,8.000000000000000000e+00
1.005318498126219096e+00,-3.733487955308670170e+00,7.187866082392242451e-01,-1.791709422417466335e+00,-7.328641474072460360e-01,0.000000000000000000e+00
-1.409432733800808579e+00,5.338143551362069417e+00,-7.953982101278073147e-01,-3.369296259534258375e+00,1.691230611193272004e+00,1.000000000000000000e+00
3.067182498593057360e+00,7.209785792796310488e-01,-1.780852177533051028e-01,-7.951994984309269654e-01,-4.517139237512648009e+00,3.000000000000000000e+00
1.583530184042173383e+00,4.931393532330733187e+00,-1.107719575004264545e+00,3.617423974588398927e+00,-8.075789560556733804e+00,9.000000000000000000e+00
-2.930719691114652026e+00,-7.702258952883181964e-01,-2.155437563632625064e+00,-2.649741867157463737e+00,2.889866204818704709e+00,7.000000000000000000e+00
2.996516967082466287e+00,2.066790796695406218e+00,-1.671566250909508611e+00,-2.399075282352079785e+00,-3.085071854052956475e+00,3.000000000000000000e+00
1.972920641114365381e+00,-2.678913613321044718e+00,-6.042893702869394090e-01,1.194808224031864263e+00,3.242841041645782241e+00,6.000000000000000000e+00
5.202557477404297082e-01,-3.640088540993354549e+00,-3.232142702406881063e-01,-2.070087151523070546e+00,-1.937272300230825417e+00,0.000000000000000000e+00
2.018993906208435885e+00,5.060746160367423307e+00,1.205235558672250296e+00,5.807579164372064007e+00,-7.248258005078356270e+00,9.000000000000000000e+00
-4.058280860857816918e+00,3.649589739617036255e-01,-5.361533512450685990e+00,-3.309038146786540402e+00,1.952567522433376335e-01,2.000000000000000000e+00
-1.403225702244604634e+00,-2.717106948070904249e+00,3.013933980634327270e+00,-1.081210689151901549e+00,-2.710521976516871434e-01,0.000000000000000000e+00
-2.676705388541098962e+00,-3.478785631086884322e+00,6.765951576378673060e+00,4.170526068152560661e+00,-3.869116233408027572e+00,4.000000000000000000e+00
-1.308532620747304032e+00,4.433460748890156178e-01,-3.960453280443565038e+00,-3.912644814899397971e+00,7.392509382262291151e-01,7.000000000000000000e+00
-9.656820402395498437e-01,-6.948250367492261326e-01,-3.589421103618995801e+00,-3.708956388123631154e+00,3.009375303208928987e+00,7.000000000000000000e+00
-1.617984018291114268e+00,6.058266559192983181e+00,-1.254951729430106910e+00,-4.557465581913393571e+00,2.486969714044763968e+00,1.000000000000000000e+00
-8.427999885263139923e-01,-2.666175814150788081e+00,2.902280910052266738e-01,-2.924274137392450346e+00,-5.418960775125746254e-01,0.000000000000000000e+00
2.195595619263129628e+00,-7.829608961021972124e-01,1.388512042410045694e-02,-2.683621676133129963e-01,-4.315338781950315727e+00,3.000000000000000000e+00
3.488273149539915519e-01,-5.144860035631118045e+00,3.118719162254997013e+00,1.649434617232172495e-01,2.393581365699671004e-01,0.000000000000000000e+00
-2.335378029329399752e+00,-2.104329080760305892e+00,-2.956131022631202310e+00,-2.680650686277953110e+00,1.952903810396432682e+00,7.000000000000000000e+00
-1.061138922494619719e+00,-5.773449268843829918e-01,-3.594051573965090451e+00,-3.719140362190342053e+00,1.950608463311872098e+00,7.000000000000000000e+00
2.681595965919764790e+00,1.204616053117697927e+00,3.695379108307830673e+00,1.092965857132196295e+00,-2.418329100275806276e+00,8.000000000000000000e+00
-7.786614510251132874e-03,-2.106977826041390500e+00,4.278624890044860907e-01,-3.706709767334350758e-01,-6.393011401433662755e+00,4.000000000000000000e+00
-1.335437130448108967e+00,-1.629725184454380082e+00,-3.148501680674628211e+00,-3.205296599918096678e+00,2.370791124257445315e+00,7.000000000000000000e+00
-1.070985839431731090e+00,-9.539980472935227773e-01,-4.098923346716279781e+00,-3.701197695023868306e+00,1.974673004848783719e+00,7.000000000000000000e+00
-1.806076770965701961e+00,-1.207911436393285909e+00,-4.165043259297655509e-01,-7.491470385766336726e-01,2.104856502087143699e+00,7.000000000000000000e+00
-5.749660868631206734e-01,-3.728434328353267269e+00,2.033378196253867731e+00,-1.446825143049388362e+00,-1.753909382126447036e-01,0.000000000000000000e+00
-1.834384646285236176e-01,-8.943714703573364677e-02,-4.279745594624754901e+00,-4.197065214529203558e+00,2.141291085008361961e+00,7.000000000000000000e+00
9.972377951824960007e-01,6.716395925458416016e-01,6.949744996931078722e-01,-7.012187572605774744e-01,-3.173794274690618700e+00,3.000000000000000000e+00
8.363551593039305621e-01,1.449487633299382516e-01,-5.175706995385387366e+00,-1.192583488495970068e+00,1.529720031151696302e+00,5.000000000000000000e+00
-1.486680655437428111e+00,5.523877762994734653e+00,1.928855191593502383e+00,-1.751367329769147663e+00,3.700732329571663204e+00,1.000000000000000000e+00
-1.323601564104701367e-01,4.688439284739926549e+00,-4.718551687127694461e-01,4.351896969583606278e+00,-7.199999969796720301e+00,9.000000000000000000e+00
5.356985338916429029e+00,-9.248396873021083597e-02,2.552622696370235200e+00,1.136261349144686683e+00,-2.307897586503843357e+00,8.000000000000000000e+00
-1.828336719857174497e+00,-1.131336182629042453e+00,-6.516140874368898661e-01,-1.514705163447192637e+00,4.477924169907436358e+00,7.000000000000000000e+00
-2.065884667135563735e+00,6.087174202410897905e+00,3.380238966489941821e-01,-3.486435322966546568e+00,3.554714392821266777e+00,1.000000000000000000e+00
7.483762951737960023e-01,-2.722630542374061324e+00,-7.612815045584881979e-01,-3.494996238954608980e+00,-1.782690380889163873e+00,0.000000000000000000e+00
1.727199682234257239e+00,-3.626984956875210386e+00,-5.459444898109762079e-01,-3.353062615116431999e+00,8.780930147449651502e-01,0.000000000000000000e+00
2.827470588000761342e+00,9.795040375391622645e-02,-1.581186476319008216e+00,-1.889510611957812669e+00,-4.557340895947462833e+00,3.000000000000000000e+00
8.764993739227417979e-01,-4.220731213664826065e+00,1.703747268958621275e+00,-1.346484652517487612e+00,-2.442131425238330544e-01,0.000000000000000000e+00
-2.520288440257770546e+00,2.581926031740437444e-01,-4.541131281629150251e+00,-5.325954637533815372e+00,2.089002124557113760e+00,7.000000000000000000e+00
2.714873428694310586e+00,-1.761119097524020738e+00,-1.383453878425696004e+00,5.727561207470555082e-01,2.743344371791359038e+00,6.000000000000000000e+00
-2.063795864877794095e+00,-1.406573231301350146e+00,-1.558006713909375840e+00,-2.282997441918711790e+00,3.424071001018028415e+00,7.000000000000000000e+00
1.731017702779484413e+00,-2.290311419006906934e+00,-4.024118331070553056e-03,4.152810812190408818e+00,2.390314085793859622e+00,5.000000000000000000e+00
-1.799515031541723431e+00,-1.568967452235887183e+00,-3.395771973022823520e+00,-3.325513509320688676e+00,2.311625502365779017e+00,7.000000000000000000e+00
-4.833529990066390170e+00,5.076521466365149227e-01,-5.080746248429234946e+00,-3.948944243615192029e+00,3.879068780193934418e-01,2.000000000000000000e+00
-2.057238253101153269e+00,5.360430990368310056e+00,-9.606805497814826511e-01,-3.913934045172902998e+00,1.349497308944905605e+00,1.000000000000000000e+00
-2.039656056759513003e+00,-7.727291166670219313e-01,-1.618749449531603712e+00,-2.476122827003999216e+00,3.981746955316108671e+00,7.000000000000000000e+00
2.244761368299704518e+00,-3.227595662930411446e+00,-1.309463481616440550e+00,1.040969824500297625e+00,2.077056645421583969e+00,6.000000000000000000e+00
-5.947712002939056219e-01,3.826272761415653090e+00,-9.234291342154410387e-01,-3.142826561568996091e+00,2.496114465206014543e+00,1.000000000000000000e+00
-1.603564034955749618e+00,4.617319934009399274e-02,-2.531045892329910174e+00,-3.439363199640999014e+00,3.140023714884310202e+00,7.000000000000000000e+00
-2.189448370772771213e+00,-1.011543837019456549e-01,-3.274185057529702014e+00,-3.756187294012141020e+00,3.433221744390461794e+00,7.000000000000000000e+00
1.598310161683902386e+00,-1.876763363797346873e+00,9.920924469801303269e-01,1.844356655106410336e+00,4.748317793367972328e+00,6.000000000000000000e+00
-1.862424295097164118e+00,-8.151526722257546043e-02,-2.903119560033578406e+00,-3.409921119627711050e+00,2.040586287066602278e+00,7.000000000000000000e+00
-1.047514024196969817e+00,2.811903153800468513e-01,-4.087432320744577297e+00,-3.852670204597797188e+00,1.257360179596447525e+00,7.000000000000000000e+00
-1.780571036023385290e+00,4.449720253042197537e-01,-4.800379214261127458e+00,-5.623529231039838372e+00,3.495073281790236575e+00,7.000000000000000000e+00
-2.688722104309808181e+00,-2.276070993458401137e+00,-5.403665751531950834e-01,-1.052303972537268706e+00,3.769144061621073849e+00,7.000000000000000000e+00
2.544839183976135732e+00,-2.324152002587918098e+00,-5.461864067824178104e-01,1.457415393613507471e+00,3.088929926708408047e+00,6.000000000000000000e+00
-1.299043520909531457e+00,5.838598413507147811e+00,1.182495104516356199e-01,-2.756214856134373559e+00,2.718529800450274703e+00,1.000000000000000000e+00
-1.996535106919360203e+00,-1.259969499594822739e+00,-2.327820977596914975e+00,-2.770238146709062654e+00,2.148504757903142881e+00,7.000000000000000000e+00
3.602870569925525679e+00,-2.093293839661922728e+00,-2.562770018257643834e+00,2.025669377981859087e-02,2.341110559224993892e+00,6.000000000000000000e+00
1.441315879463953564e+00,-1.360790143537166763e+00,-3.746697074914886461e-01,-3.024340259569090694e+00,-1.577210362741586991e+00,0.000000000000000000e+00
-3.488658225460809170e+00,7.477727352341655198e+00,-7.965376374429639084e-02,-3.961920860172082115e+00,1.735726627112071929e+00,1.000000000000000000e+00
-2.217977038463180062e+00,1.182082726075657092e-01,-4.428170149920366505e+00,-4.794999886501962294e+00,3.093559536874591842e+00,7.000000000000000000e+00
3.653984440185883642e+00,-4.343579715394942919e-01,4.020270165787080074e+00,1.737343068711976191e+00,-1.579105549252878271e-01,8.000000000000000000e+00
2.835100062688316047e+00,-2.681973768314580564e+00,-8.665400701496446256e-01,1.562924301002891481e+00,1.704695040608509515e+00,6.000000000000000000e+00
1.434631160010236162e+00,4.197682655448419453e+00,-4.713310224551643390e-01,4.243473006602528130e+00,-7.462875368643375751e+00,9.000000000000000000e+00
-1.201129357727595215e+00,-1.671076502842811617e+00,-4.426615240512697724e+00,-4.194957984860671729e+00,1.420611494460060520e+00,7.000000000000000000e+00
-1.887342247268839923e+00,-2.225019682923619513e+00,3.276024480796008387e+00,1.686947303161367318e+00,-5.543321040719757953e+00,4.000000000000000000e+00
-1.169380704899676937e+00,-3.542017818826176945e-01,-4.310874978770749877e+00,-4.504539788705042902e+00,2.739328890032901587e+00,7.000000000000000000e+00
-9.112666175784379652e-01,-2.570732537893893443e+00,2.137119866645776689e+00,-1.153219571015199785e+00,-1.979040877834384426e+00,0.000000000000000000e+00
-4.393648316625684003e-01,-7.755435731931645815e-01,-3.862300753899719830e+00,-4.177428544684389067e+00,3.297886842660499251e+00,7.000000000000000000e+00
-4.338234930219281082e+00,9.931776391129913950e-01,-6.632256278239013980e+00,-5.013085176378524466e+00,1.042751802199530342e+00,2.000000000000000000e+00
-1.596651582548613391e+00,6.943630539071714569e-01,-1.935469328035865022e+00,-2.643903125757473660e+00,2.207741686260332070e+00,7.000000000000000000e+00
2.352913182655746560e+00,-3.015263913983032840e+00,-2.231793167378665343e-01,1.647792027835101480e+00,2.898921345810896888e+00,6.000000000000000000e+00
-1.836198509779641386e+00,1.681852310129784700e-02,-3.685525031663017259e+00,-4.152367687407292784e+00,3.369091939674122571e+00,7.000000000000000000e+00
-4.168577617604830032e-01,-2.737432261995723093e-01,-4.161565924758312995e+00,-4.242670384632804215e+00,3.467018333701895383e+00,7.000000000000000000e+00
-5.582145776111909763e-01,-2.959818528588382236e+00,-8.330668135463630275e-01,-9.377455965642648161e-01,4.117555355013063689e+00,7.000000000000000000e+00
-3.089218780276585363e+00,-1.876837616913668905e+00,4.330506067529946712e+00,1.971257123424660751e+00,-4.589838327525125550e+00,4.000000000000000000e+00
1.819090365941324894e+00,-1.919493735018248604e+00,-1.759034566817105461e+00,-4.036611168703194252e+00,-2.689026671890247577e+00,0.000000000000000000e+00
-1.094886470229926800e+00,4.761348562771780535e-01,-3.661281920315123006e+00,-3.671788692678223942e+00,1.675775930847215323e+00,7.000000000000000000e+00
-1.057046252341545256e-02,-3.357579487147388075e+00,2.269455660619801307e+00,-1.001620917102926223e+00,-6.192127919183872953e-01,0.000000000000000000e+00
3.721448241414502700e+00,-5.061410442994119796e-01,5.867172708580343787e-01,6.252235792518064939e-01,-4.834551311783437555e+00,3.000000000000000000e+00
-4.220438744712751600e+00,1.252753202276820188e+00,-4.005499481627011527e+00,-2.509487597987853036e+00,-2.082754713136717589e-02,2.000000000000000000e+00
1.826327198643003413e+00,-3.378413599506862486e+00,-6.865520829019614579e-01,-2.575721712980485911e+00,-3.017399093299632629e+00,0.000000000000000000e+00
-1.962261779754562729e+00,6.785156532784495376e+00,1.566393883499868522e+00,-2.427065810666716672e+00,3.714521979815899044e+00,1.000000000000000000e+00
-1.045560823967458086e+00,7.576441303870590227e-02,-2.836596719325641391e+00,-3.140932203168000481e+00,1.000838501975858330e+00,7.000000000000000000e+00
-3.499594639705498889e+00,5.764192367830272445e+00,8.892884583339101534e-02,-3.572554869698993052e+00,2.294333739812989492e+00,1.000000000000000000e+00
-2.030084198792997174e+00,-1.438140134413581073e-01,-2.523796272048378420e+00,-3.255601438395081093e+00,2.842177056226774745e+00,7.000000000000000000e+00
-6.273794365804985507e-01,-2.499243674617680711e+00,-1.942786858655976223e+00,-1.866653078833537815e+00,3.386074245679254524e+00,7.000000000000000000e+00
4.376379572559640496e-01,6.358354569032217407e-01,-5.816000055864924967e+00,-5.495429132122319871e+00,1.384172530996035322e+00,7.000000000000000000e+00
-1.556174939113899036e+00,-2.338677038623610538e-01,-2.630175332046524428e+00,-3.378054260510471973e+00,3.020343121026126010e+00,7.000000000000000000e+00
5.738854559386989962e-01,-4.206307863966531002e+00,1.024454042669150911e-01,-2.077157898824634419e+00,-1.820048054851463037e+00,0.000000000000000000e+00
-8.859011155605340804e-01,5.622761763174464633e+00,-2.131179712926335235e+00,-4.557574522910664783e+00,1.061307217017130933e+00,1.000000000000000000e+00
-5.894123610388742884e-01,-1.391009300761584244e+00,1.725603959758463146e+00,-2.076866113063646324e+00,-1.256008913535130223e+00,0.000000000000000000e+00
-2.011265394930771055e+00,-6.040878923798675970e-01,-2.185117881272781837e+00,-3.119401608914230906e+00,3.890328514987100306e+00,7.000000000000000000e+00
-1.348992661720913810e+00,-5.362631654591714092e-01,-4.007615817034645644e+00,-4.470809610282366897e+00,3.481358757168147910e+00,7.000000000000000000e+00
-9.386344315294226082e-01,-2.073110287585839817e+00,-2.217656783866870818e+00,-2.426381837789500118e+00,3.632795254375827732e+00,7.000000000000000000e+00
-8.947280145370047760e-03,-3.218098756548731121e+00,-4.510006115576473684e-01,-3.023449390143015503e+00,-1.675769875042006474e+00,0.000000000000000000e+00
2.509275259437156347e+00,1.346902805729005337e+00,1.159993424149617230e-01,-6.122739587133947392e-01,-5.426763979244553227e+00,3.000000000000000000e+00
-7.571647015968870909e-01,-2.604881704727224356e+00,2.400758430213359773e+00,-1.259125995737038650e+00,-6.615893633553778796e-01,0.000000000000000000e+00
-1.892129838233464589e+00,5.647668689972710432e+00,5.514366826402106181e-01,-2.733781978601177887e+00,2.239191467942226677e+00,1.000000000000000000e+00
-2.316212386823427671e+00,-1.540883273961153099e+00,3.855317444523892689e+00,1.473614785499856250e+00,-4.177909042241932269e+00,4.000000000000000000e+00
-2.355326632541150378e+00,-1.626480116741470638e+00,-3.956206800782892330e+00,-4.229529972133160953e+00,3.535732288581956428e+00,7.000000000000000000e+00
-1.759581442737746304e+00,1.413569064221287030e+00,-1.769589201510747278e+00,-3.114335710105094357e+00,3.850109879165521498e+00,7.000000000000000000e+00
2.479441271822189763e-01,-3.164614493529140038e+00,2.696040591688420918e+00,-7.847113030815667800e-01,1.527453045664464604e+00,0.000000000000000000e+00
1.628275901148281246e+00,5.449932433490545236e-01,-1.209764958429980108e+00,-2.265976751593692384e+00,-2.459932483814945670e+00,3.000000000000000000e+00
-1.883850283004861792e+00,6.638193916608107203e-01,-2.639823906571263201e+00,-3.402369928119875819e+00,2.512714952161348769e+00,7.000000000000000000e+00
-1.506477222448407982e+00,1.910706726297369262e-01,-3.553464592188610993e+00,-4.579190072762735042e+00,3.277111325746969062e+00,7.000000000000000000e+00
-5.838862434146546709e-01,-1.118802578421075777e+00,-1.998600529517856828e+00,-2.481191828743328998e+00,3.970470152797898944e+00,7.000000000000000000e+00
2.432469005170644127e+00,-2.623004514810997723e+00,-1.706206357033790866e+00,3.620620533600867885e-01,3.316188333336359317e+00,6.000000000000000000e+00
1.300756684056798784e+00,-2.134204688926354621e+00,3.508846236899150484e-02,1.213023275241126298e+00,3.920110478302161194e+00,6.000000000000000000e+00
2.562381306718445328e-01,-4.235993242339147535e+00,1.987449428240402716e+00,-1.290775410270972312e+00,3.048385567015743369e-02,0.000000000000000000e+00
2.308228214582495941e+00,-2.117898202704808774e-01,4.635690715542611362e-01,1.433910235630116159e-01,-3.897209364884314464e+00,3.000000000000000000e+00
3.115117779107419160e+00,-2.104412517877376043e+00,-1.197982654641669420e+00,8.686247147252772471e-01,1.924629304593043377e+00,6.000000000000000000e+00
-1.534970921180501824e+00,-1.795307376140674593e+00,1.406292178906274781e+00,-1.271007806857880063e-01,-6.069742732379695305e+00,4.000000000000000000e+00
-1.999597622161918276e+00,4.828261009055976771e+00,-4.624554727123401099e-01,-3.408820568248460692e+00,2.532184949177127997e+00,1.000000000000000000e+00
-3.576187936592748251e+00,1.367138570925134022e+00,-5.522752729747908873e+00,-4.116868099762650779e+00,1.621811245982311522e+00,2.000000000000000000e+00
-7.185716981518734947e-01,-1.486998016055507632e+00,-3.022654197591109870e+00,-2.514806266872991358e+00,6.437144527994659304e-01,7.000000000000000000e+00
-6.802151607784416854e-01,3.178191997506824018e-02,-3.379060283283977117e+00,-3.798769109902536467e+00,2.815739161745184127e+00,7.000000000000000000e+00
-2.549277556165542524e+00,2.333583227557753104e-01,-2.297040021459393344e+00,-3.167557279614442667e+00,2.459302046175668277e+00,7.000000000000000000e+00
-2.425674174040869158e+00,-2.857894587268894337e+00,2.837497587091549534e+00,1.172742245478324952e+00,-5.955476822638696710e+00,4.000000000000000000e+00
-1.929592787376674723e+00,-4.022035760888965084e-01,-2.265820975487803146e+00,-2.853953630227478389e+00,2.798778520103943013e+00,7.000000000000000000e+00
-3.608154192456748621e+00,1.922324200146496187e+00,-6.391035930082296090e+00,-4.595400841475115961e+00,-1.070341822931552694e-01,2.000000000000000000e+00
-5.954534137992125720e-01,-1.562410186446767213e+00,-5.200543697794390852e+00,-4.935928570208918842e+00,2.435174765789906104e+00,7.000000000000000000e+00
8.484767905608774363e-01,-1.896052464296675621e+00,-1.819429103840836337e+00,1.965621782260167372e+00,3.836640042562807107e+00,5.000000000000000000e+00
1.337641506628845622e+00,-2.130239501355907006e+00,3.611269828454332087e-01,-2.313560322720181084e+00,-2.993802165958353800e+00,0.000000000000000000e+00
3.052639459911912212e+00,-2.045932988658014651e+00,3.790081824739075511e+00,1.739431428606054597e+00,-1.347748746989136714e+00,8.000000000000000000e+00
3.033261607550131966e+00,-3.279452083352205172e+00,-2.136098953725565242e+00,5.211928455830243667e-01,2.042585633654357746e+00,6.000000000000000000e+00
-1.369162017004519338e+00,-1.646813599036252906e+00,-3.365672281475657002e+00,-3.158171522254889396e+00,2.255750998379183248e+00,7.000000000000000000e+00
7.988134157382587031e-04,-2.426501591392951962e+00,2.007956570316727696e+00,-1.407859067462159386e+00,-6.369024925768721479e-01,0.000000000000000000e+00
-3.983192968017336133e-01,-3.068979069220785671e+00,8.937990610372206213e-01,-2.286906312757087001e+00,-4.478493111853577013e-01,0.000000000000000000e+00
3.087438481614152685e+00,-2.448548358392378610e+00,-1.725521130098014222e+00,7.918327417720564254e-01,1.331419748117889545e+00,6.000000000000000000e+00
-6.345089620660774310e-01,-6.292167426227601723e-01,-2.699598162622303565e+00,-3.132311305423461700e+00,2.233230230356331614e+00,7.000000000000000000e+00
2.330475553300565661e+00,-1.158518016520866611e+00,-1.238174129876361329e+00,4.848158805010088224e-01,2.303699668578290005e+00,6.000000000000000000e+00
-2.612535595717667913e+00,-6.359279345882314916e-01,-3.893191408860662950e+00,-4.098910326962665884e+00,1.001828171801911083e+00,7.000000000000000000e+00
2.741808296689863145e+00,-2.162141983737362771e+00,2.496107308807235525e-01,2.325632115470643857e+00,2.475743791829142282e+00,6.000000000000000000e+00
-2.090855145229556733e+00,-1.251276903133747176e+00,-2.201559109732134090e+00,-2.475623133196947823e+00,1.817552608502879030e+00,7.000000000000000000e+00
-1.290021959368457871e+00,-2.181275420882669458e+00,-4.165826064571067633e+00,-3.822307490819949027e+00,3.016129421193654903e+00,7.000000000000000000e+00
-1.453230538841526531e+00,-2.782506511511657621e-01,-2.960139566478690476e+00,-3.415482217325368275e+00,3.712656544570636097e+00,7.000000000000000000e+00
-1.165457412324214070e+00,-2.195349282320766093e+00,-3.911414631948204157e+00,-3.883511577380409641e+00,2.775158843639479400e+00,7.000000000000000000e+00
4.943892145473349209e-01,-4.141173913988136945e+00,5.754121071857084546e-01,-2.526411415112024716e+00,4.683921895947186220e-01,0.000000000000000000e+00
1.396682056302372521e+00,5.674682664618099226e-01,2.417595830581630856e-01,-1.023463194240478602e+00,-2.921749215682625245e+00,3.000000000000000000e+00
-1.366760278132702844e+00,-9.142079717601598876e-01,-3.147401913281234087e+00,-3.263311233514783360e+00,1.974552320820483153e+00,7.000000000000000000e+00
-3.201446909187712020e+00,1.791645662602997291e+00,-6.963681197245740861e+00,-5.185165455103624588e+00,1.664655224619548957e-01,2.000000000000000000e+00
3.653762138528802161e+00,-3.964185459236747811e+00,1.030679371577312819e+00,3.369062834990538935e+00,1.894367046291189016e+00,6.000000000000000000e+00
1.574272365723799805e+00,-1.379471772238504368e+00,-3.195418376038576369e+00,1.268067058121921997e+00,1.539383754550569305e+00,5.000000000000000000e+00
-9.291800198467407013e-01,1.315936854940444656e+00,-3.854196159921041254e+00,-4.186904393304428318e+00,4.966170180232197251e-01,7.000000000000000000e+00
8.844458837915654126e-01,-1.121398284851682359e+00,-2.120030068512001709e+00,1.732289153834865481e+00,3.437708766970348773e+00,5.000000000000000000e+00
-7.453198520813935080e-01,-3.650692532830729142e+00,2.539845341585423633e+00,-6.532872064722187178e-01,-1.829340992451289560e+00,0.000000000000000000e+00
2.714468044635363508e+00,-2.373033780300205287e+00,-1.025618961394977324e-01,1.946920388607785046e+00,2.717016650792509314e+00,6.000000000000000000e+00
3.743734047928851116e-01,-3.247683675225757405e+00,6.972362398876500444e-01,-2.130098567658420095e+00,-7.890834845301444300e-01,0.000000000000000000e+00
-4.359180369557540957e-01,5.888107412858281098e-01,-6.422824598431027709e+00,-6.214571758482612118e+00,2.534710384982572950e+00,7.000000000000000000e+00
-2.020043681310930428e-01,-2.912383398640720156e+00,3.790986390273023421e-01,-2.618378755033104799e+00,-1.151616784081175515e+00,0.000000000000000000e+00
-1.703830166258148093e+00,-4.114257126638830586e-01,-2.833078308912123422e+00,-3.105013855469080930e+00,2.962931817096793541e+00,7.000000000000000000e+00
6.574301767044502531e-01,-3.479601787715017380e+00,-6.557686999122500637e-01,3.597587382080957852e+00,2.767702142712426205e+00,5.000000000000000000e+00
-3.772928178942617228e-01,-2.694959836512875739e+00,1.975013362069114375e+00,-1.494162437842314617e+00,-2.050403854313377072e-01,0.000000000000000000e+00
-1.555440079223471272e+00,-1.607294652536335633e+00,-2.631911571885424017e+00,-2.362866649174757416e+00,1.855230800457918106e+00,7.000000000000000000e+00
1.770485444149515475e+00,6.882595521565830488e-02,-8.107299575369761868e-01,-1.587217969820060803e+00,-4.037383619878148089e+00,3.000000000000000000e+00
-6.255786988638628587e-01,-1.023279359511416908e+00,-3.018165020409788735e+00,-3.368765472240188075e+00,2.592107461168380755e+00,7.000000000000000000e+00
-1.474980687989238648e+00,5.587709651662880361e+00,1.500749625391440301e+00,-1.998974049927016550e+00,3.557099329805372800e+00,1.000000000000000000e+00
-1.510371031123750152e+00,-1.419449247071257747e-01,-2.477082731904588275e+00,-3.160480028831737620e+00,3.970350754342657940e+00,7.000000000000000000e+00
-2.022866604731053730e+00,-1.160810631347273941e-01,-5.623977828323691419e+00,-5.656124216376780645e+00,1.184210282914862633e+00,7.000000000000000000e+00
-2.124747190502279448e+00,-9.179515849312360753e-01,-2.644185767426371125e+00,-3.650016757434035419e+00,3.925503150343604641e+00,7.000000000000000000e+00
2.430067095976838232e+00,-4.898676729204138880e+00,-1.627461148444511396e+00,-3.007420454707729451e+00,-1.879353830858721874e+00,0.000000000000000000e+00
-1.782958763699743043e+00,3.076431406944565849e-01,-2.535303031824102327e+00,-3.389242960047133213e+00,2.457722514705127370e+00,7.000000000000000000e+00
-2.779157636439664625e+00,4.346977704341341564e-01,-2.247993960661816892e+00,-3.657789172706090053e+00,3.336770346211641147e+00,7.000000000000000000e+00
1.109701490922061051e+00,-2.415432732035820429e+00,3.101667792539414825e-01,-2.509080842235713593e+00,-1.338750901250206349e+00,0.000000000000000000e+00
2.217517630377819238e+00,-3.970437433196865040e-01,-2.337184721189449643e+00,1.774109505000050380e+00,2.783731271754220860e+00,5.000000000000000000e+00
7.615867550093901039e-01,-1.341959905900028671e+00,-1.271841014764280464e+00,2.530799375986882982e+00,2.981980614672594232e+00,5.000000000000000000e+00
-1.283415779572538162e-01,-3.389135612948205534e+00,1.778453999642337857e+00,-1.763774518549105386e+00,1.349924545853238733e+00,0.000000000000000000e+00
9.299803483792703496e-01,-4.584894012860180723e+00,2.652708653021685681e+00,1.959833789946048288e-01,-7.003981839391649755e-01,0.000000000000000000e+00
-1.875553323011748708e+00,-7.217407740982820785e-01,-4.144158731246792016e+00,-3.930795618024879534e+00,2.112127040467623118e+00,7.000000000000000000e+00
-1.721180334660173727e+00,4.409361512670399441e-01,-2.748995308720922015e+00,-3.548676665703716981e+00,2.189871732570021656e+00,7.000000000000000000e+00
-1.169692018478970086e+00,-4.023517926907557163e-01,-3.972562660498703213e+00,-4.266720288888459223e+00,2.694425492095737784e+00,7.000000000000000000e+00
2.463526180468553761e+00,-1.597213225191214114e+00,-1.048516267553659953e-01,1.043076374427472253e+00,3.370030185857079363e+00,6.000000000000000000e+00
-1.573188326209619348e+00,4.634355314668805015e+00,-4.328475862887349868e-01,-3.331250944448243434e+00,1.942088590059459774e+00,1.000000000000000000e+00
6.558738983285787860e-01,-7.047078471505686670e-01,-1.188669952228946336e+00,2.070777576451432012e+00,4.027588277645500092e+00,5.000000000000000000e+00
-1.984280035530599173e+00,6.066867778932381938e+00,-3.426203053805072507e-01,-3.713112706025082588e+00,1.872180366649316641e+00,1.000000000000000000e+00
-3.047905458282647473e+00,-2.043700341037106849e-01,-2.680949050004542311e+00,-3.546586872711478655e+00,3.792533270625293884e+00,7.000000000000000000e+00
2.224179953579208391e+00,-1.494233936297935106e+00,-4.010575064279538360e+00,3.397567006251949184e-01,4.351072587058138375e+00,5.000000000000000000e+00
-1.309777884566881934e+00,-2.908106170210994268e+00,2.713169281191054161e+00,-7.963014905948065936e-01,-1.722735862466617585e+00,0.000000000000000000e+00
3.664542042490243290e+00,7.366635488821930977e-01,-8.813110989088334124e-01,-1.180015403288347642e+00,-4.136555120747559045e+00,3.000000000000000000e+00
-2.953840852052198596e+00,-1.441423993720886698e-01,-4.411467857427636474e+00,-5.241623297517142177e+00,3.425580964307734178e+00,7.000000000000000000e+00
-1.878558717655455901e+00,1.496131207438844424e-02,-2.083367857219608155e+00,-2.863158646771329696e+00,2.457454359928841203e+00,7.000000000000000000e+00
6.319110695525549382e+00,-4.509273090346093138e-01,9.808808026403557090e-01,-1.630720047457637767e-01,-2.751156252581428152e+00,8.000000000000000000e+00
4.570401580475220715e-01,5.810727982433519401e+00,2.540903157601925311e-01,4.556119478864492756e+00,-7.256349860204613478e+00,9.000000000000000000e+00
1.241693646536971452e+00,-3.116034690407614161e+00,4.660430530275103123e-01,2.073986200536213964e+00,2.730018938810101048e+00,6.000000000000000000e+00
-2.168330667802513823e+00,-6.313025280272617223e-01,-2.743453328494994459e+00,-2.842068425581430802e+00,6.616717206346045543e-01,7.000000000000000000e+00
2.520418406699488356e-01,1.253535635381222368e+00,-6.714177808506386569e+00,-6.345116243775563269e+00,2.493188499420776472e-01,7.000000000000000000e+00
6.300774534496873525e-01,-1.298462617116164397e+00,-5.285608972505500880e+00,-4.407813605224298215e+00,1.228005077136248513e+00,7.000000000000000000e+00
2.470479052375430307e+00,3.625016510435518646e-01,-7.894575232535573361e-01,-1.255574257022538553e+00,-4.463957478307923665e+00,3.000000000000000000e+00
3.242143526316504154e+00,-1.322905422913911888e+00,-1.188074489887377183e+00,4.467582318880585629e-02,3.774417543045470502e+00,6.000000000000000000e+00
-5.459499790461815882e-01,-1.224602956736544179e+00,-4.767600887680587540e+00,-4.492738137934099818e+00,1.984327808153955708e+00,7.000000000000000000e+00
4.260091026225623523e+00,-2.263910683377805988e+00,-1.076526736758798508e+00,1.286222772978630413e+00,1.416028745092881458e+00,6.000000000000000000e+00
9.823400467139211667e-01,-2.221482048300957857e+00,1.200988358281201540e+00,-1.731433092006253505e+00,-1.432696623422708537e+00,0.000000000000000000e+00
-1.912151847223769519e+00,-2.046076592871050315e-01,-2.085488270780769149e+00,-2.986094060336516254e+00,3.639456083920081575e+00,7.000000000000000000e+00
-8.322419812663720551e-01,-2.693700095743303269e+00,3.033874302224501829e+00,-1.346854740170282616e+00,1.127988303587313279e+00,0.000000000000000000e+00
4.412553947115996245e+00,-2.104943998179356068e+00,-2.635311649022863634e+00,-3.125628765590546809e-01,2.647043047960257134e+00,6.000000000000000000e+00
-7.238500272023206117e-01,-2.119053948899767725e+00,1.300867483250762735e+00,-2.255655931547936088e+00,-7.419007565167692331e-01,0.000000000000000000e+00
-1.843559259002713002e+00,-1.350003381650728418e+00,-3.328682784662673644e+00,-4.037558362044376459e+00,3.226071554692219845e+00,7.000000000000000000e+00
-2.846347984026114109e-01,-4.160917310266642133e+00,1.518421530579660006e+00,-1.247875076206843792e+00,-1.312431702466282379e+00,0.000000000000000000e+00
6.363361537149326841e-01,-4.957704012913165315e+00,1.893839939171184428e+00,-7.524476116650260504e-01,-1.170795963756576352e+00,0.000000000000000000e+00
-1.013797769904157597e+00,-4.406228977929191326e-01,-2.313630225789233830e+00,-2.789276695804449702e+00,2.866007719390928354e+00,7.000000000000000000e+00
2.619989999274459080e+00,-2.765893724530980702e+00,8.006801636314742066e-01,1.901119644512995643e+00,4.982313156910604945e+00,6.000000000000000000e+00
1.566382014989516236e+00,-2.738084007691966804e+00,-8.040900926976146668e-01,-3.208473531254700362e+00,-1.504417531893581295e+00,0.000000000000000000e+00
-5.002339474912508521e+00,1.740382064212081081e+00,-4.740490733102125098e+00,-4.060681272335486369e+00,2.410007567680461982e+00,2.000000000000000000e+00
-2.801469197822305635e+00,-3.895780738115345310e-01,-2.389557855332338221e+00,-3.085933406935704060e+00,2.796451052987702024e+00,7.000000000000000000e+00
-3.605141269817242922e+00,1.916500081100122599e-01,-1.727394769868047408e+00,-2.936643008988823134e+00,2.819279327061130047e+00,7.000000000000000000e+00
-1.481427708943463539e+00,-2.482242989665750965e+00,3.278674323379486832e+00,1.444183087996061321e+00,-4.652519430440986703e+00,4.000000000000000000e+00
-2.370667586833399731e+00,6.253673263646425617e+00,-2.716899742655393135e-01,-3.878791806085885252e+00,3.412740476993926464e+00,1.000000000000000000e+00
2.006428861967725741e+00,-4.820456090422569062e-01,-2.037986276662913099e-01,-4.899263424378785259e-01,-6.129014794735404337e+00,3.000000000000000000e+00
-1.467171271733815452e+00,-1.490521297479318497e+00,-3.074428834039940828e+00,-2.999721613000599696e+00,2.320673509975299975e+00,7.000000000000000000e+00
3.641991286893625279e+00,6.868210520629189908e-01,3.082350509580976894e+00,2.694169576520853426e-01,-9.073952689087412260e-01,8.000000000000000000e+00
-1.852212724462610094e+00,8.892956025471497883e-01,-1.717915198192204951e+00,-2.792001543065851799e+00,3.545650032659784401e+00,7.000000000000000000e+00
1.162564996521156635e+00,-5.303800966367162140e+00,1.215219838289730792e+00,-7.533493711745826715e-01,-1.622315545449676266e+00,0.000000000000000000e+00
-4.904183781816406351e-01,1.126787154715832573e-01,-3.733653488501878392e+00,-3.994983354419226362e+00,2.378684086295776545e+00,7.000000000000000000e+00
-2.349470142297604092e+00,-1.651260278714875129e+00,-4.006531043628714706e+00,-4.181125204874979850e+00,2.458005240361753163e+00,7.000000000000000000e+00
-1.963677360225555946e+00,1.322761599426146129e+00,-5.447673517075855898e+00,-5.787812401769311776e+00,1.128131056307503099e+00,7.000000000000000000e+00
-2.881673345097970351e+00,6.309909253500297410e+00,2.126404157845641407e+00,-1.938968359368875571e+00,4.258527677331940708e+00,1.000000000000000000e+00
6.404654844639953160e-01,-2.341001065328030428e+00,1.420780189621446032e+00,-1.967992636960669506e+00,6.499181241368362505e-01,0.000000000000000000e+00
-2.427162814046595063e+00,5.697927227704223663e-01,-5.706622133623148407e+00,-3.934115187831993765e+00,1.578839462768005353e+00,2.000000000000000000e+00
-3.930804574604653379e+00,7.096419599451470744e-03,-1.496031150695849909e+00,-3.496340028987895199e+00,5.426243464214741685e+00,7.000000000000000000e+00
7.805656420013322716e-01,-3.057980920972603656e+00,-4.569509358775834806e-02,-2.791536209752196296e+00,-1.521918438562667841e+00,0.000000000000000000e+00
-1.647666255652148637e+00,-1.663330886007967635e+00,-1.038292907485194094e+00,-1.332222547508431276e+00,2.904690711111328039e+00,7.000000000000000000e+00
2.431216089907832778e-01,-1.573845990777548387e+00,8.514959977363837362e-01,3.824743360681051918e+00,4.363151215777272718e+00,5.000000000000000000e+00
-2.220098556607498885e+00,-1.452979736191829963e+00,-2.576009596568647364e+00,-3.411793193649620637e+00,2.712261555418816972e+00,7.000000000000000000e+00
2.325526274448323605e+00,2.230892433827215804e+00,-2.213605098485658673e-01,-1.458053184414882963e+00,-4.575303158195907827e+00,3.000000000000000000e+00
3.741508518456175381e+00,-2.788564317110350022e+00,-2.042320541105787424e+00,2.573092743581006925e-01,2.820835641762068580e+00,6.000000000000000000e+00
-6.425841619204606392e-01,-1.998683194406576602e+00,-5.454448578330480579e+00,-4.830996660346663418e+00,1.785099538231153193e+00,7.000000000000000000e+00
-1.189869656727155167e+00,4.950994087299051216e+00,-1.161082557294497164e-01,-2.547010331287893781e+00,1.042863888036332121e+00,1.000000000000000000e+00
2.865532930212980750e-02,-3.654695976295132986e+00,2.877502613791763086e-01,-2.603368850747116880e+00,-1.043845756177770312e+00,0.000000000000000000e+00
-1.805888278048868034e-01,-2.840571022632493836e+00,2.714422687508883048e+00,-6.965857136388349247e-01,-8.538301851007468191e-02,0.000000000000000000e+00
1.324792892865739535e+00,1.218134601211036339e+00,-3.671489421721969570e-01,-1.662043773886629827e+00,-3.775197643493086730e+00,3.000000000000000000e+00
4.981009402964348132e-01,-3.660428830884301821e+00,4.463091751751697145e-01,-2.239940791471371817e+00,-1.760811084520750081e+00,0.000000000000000000e+00
4.554596682611834702e+00,-3.763381857770379035e+00,-1.620994294302821048e+00,9.502330620365474489e-01,3.334753924433814021e+00,6.000000000000000000e+00
-2.711022202557127336e+00,-1.165265249660473179e+00,-5.547830633747921070e+00,-2.860612773824266153e+00,-7.754379310104861367e-02,2.000000000000000000e+00
-2.154401307720272829e+00,-1.239657824069808845e+00,-1.162145928882942103e+00,-1.970268628408916811e+00,3.144869660314498550e+00,7.000000000000000000e+00
1.870707844936204234e+00,-1.983417821849627893e+00,-2.823662216307668005e-01,1.313047138104394440e+00,2.501405712026300243e+00,6.000000000000000000e+00
-1.393096534040833223e+00,-1.563380858662757333e+00,-2.894533539051139748e+00,-2.748261241288858958e+00,2.192721194345253810e+00,7.000000000000000000e+00
-4.082161683072056846e+00,1.222251827345635755e+00,-4.842059004688437085e+00,-3.699853044553234938e+00,2.110390737976393538e+00,2.000000000000000000e+00
2.990296250578685644e+00,-2.371495628258101451e+00,-2.074556340262790677e+00,1.312917688441037622e-01,2.369369042346070486e+00,6.000000000000000000e+00
-2.052520713704867106e+00,-9.221514375183336165e-01,-2.629458315078148090e+00,-3.444156983392598903e+00,3.136591842628554616e+00,7.000000000000000000e+00
-1.818740072875656866e+00,-9.828206469100480014e-01,-2.257242038547403684e+00,-2.719289272546679737e+00,2.889204605462577291e+00,7.000000000000000000e+00
-6.936905253186329556e-01,6.198659716558126975e-01,-3.271250698249710709e+00,-3.606081837752466601e+00,2.725135647891601121e+00,7.000000000000000000e+00
2.089485165717626103e+00,-2.547445372768035288e+00,-1.349160648068328472e+00,-3.202613090338201740e+00,-2.802691045200850439e+00,0.000000000000000000e+00
-2.717961132976081107e+00,4.508043419605431090e+00,7.250828320360798163e-01,-2.405519701090650386e+00,3.125956311325234438e+00,1.000000000000000000e+00
4.376392451526044947e-01,-2.917027141693033343e+00,-1.689243301549425258e+00,-4.096487002527704036e+00,-2.347145032323680880e+00,0.000000000000000000e+00
-2.067912338139166639e+00,9.292273816431944056e-01,-3.131400794013887712e+00,-4.270967341607467382e+00,3.246192808379996908e+00,7.000000000000000000e+00
-3.158607282193206522e+00,-2.037475083633552564e-01,-9.840477979147479459e-01,-2.386311582482528948e+00,3.234468163646121219e+00,7.000000000000000000e+00
-5.074906011016715457e-01,-4.929457322123641516e-01,-5.099786586153623347e+00,-5.080553139590736400e+00,2.608619846363981143e+00,7.000000000000000000e+00
3.625560242725823556e+00,1.948870890560940039e-01,-2.520353173252563472e+00,-2.472943333441711911e+00,-4.330292323305563684e+00,3.000000000000000000e+00
-9.690341994077231180e-02,-2.134931221955418401e+00,2.903954283291782623e+00,-3.922578718035535927e-01,-9.420395515901333061e-01,0.000000000000000000e+00
-1.899247832354122423e+00,2.535939763573621941e-01,-3.263348234827409211e+00,-3.413707794617369284e+00,1.362202337941626817e+00,7.000000000000000000e+00
3.098678172163440880e+00,1.390648788775798339e+00,-1.318733558185451571e+00,-1.694483036126021247e+00,-5.239379093205241311e+00,3.000000000000000000e+00
-4.373941936038225897e-01,2.381742722497628972e-01,-5.096524831619892559e+00,-4.830940468813724742e+00,9.383262448548556067e-01,7.000000000000000000e+00
2.007299084866629446e+00,2.938681797882112257e-01,-1.953765442918988127e+00,-2.779347717621613256e+00,-3.502306951310135030e+00,3.000000000000000000e+00
-2.433683613984476857e+00,3.049367115032443343e-02,-5.566866411688536687e+00,-3.488653032704877699e+00,-3.718127344659119538e-02,2.000000000000000000e+00
-1.137949244671095705e+00,-1.493799269810994090e+00,-3.404994686572166085e+00,-2.810109236506010522e+00,1.847107806716563605e-01,7.000000000000000000e+00
-8.119318514637261508e-01,6.341357065853474584e-01,-6.200814212810302983e+00,-5.658784249400336641e+00,3.464915120265327775e-01,7.000000000000000000e+00
9.986519874001087427e-01,-1.099119432460947676e+00,-5.695085458238568599e+00,-4.846957637871414981e+00,2.491551198605927553e+00,7.000000000000000000e+00
3.140393666490985503e+00,-3.147335261955402697e+00,6.196933405819033958e-01,2.240134461187607506e+00,3.960309364483179717e+00,6.000000000000000000e+00
-2.077363234727336305e+00,-5.542186846339401951e-01,-2.691975973528605071e+00,-3.038128683143185071e+00,1.683413374597807044e+00,7.000000000000000000e+00
-1.684548675765018988e+00,-8.866471659198692512e-01,-2.771816167237968198e+00,-3.310663124531382007e+00,3.705146368396226464e+00,7.000000000000000000e+00
3.973739144025943970e-01,4.248356755500060089e+00,1.409488997216854056e+00,6.056407566097498751e+00,-7.887385959368070409e+00,9.000000000000000000e+00
-1.276232335382985861e+00,-1.067776264264092667e+00,-2.735743668990628485e+00,-2.808510023523868693e+00,1.162957617613478600e+00,7.000000000000000000e+00
-1.824691878580786186e+00,-2.101347195879531338e+00,3.022312250286049107e+00,1.231249251742431827e+00,-5.571575421251072413e+00,4.000000000000000000e+00
9.875412627070108140e-01,-3.886679488781538350e+00,2.025124746136649279e+00,-9.060433489010157881e-01,5.133837975653777752e-01,0.000000000000000000e+00
-1.842015736108605362e+00,-1.119888514637407795e+00,3.501966976315978641e+00,1.562407656605441453e+00,-5.615241991087320805e+00,4.000000000000000000e+00
-1.369979427759843382e+00,4.917741385904258467e-01,-4.346416552491727536e+00,-4.726232138480815692e+00,2.979316050006074690e+00,7.000000000000000000e+00
6.247812774509787781e-01,-3.185496463727940153e+00,1.905251284570866899e+00,-8.838433883433203242e-01,-1.462044701726555651e+00,0.000000000000000000e+00
-4.291155747860327274e+00,-1.115501067861036866e+00,-4.916923363186340268e+00,-3.310523865839904545e+00,1.595683969150854198e+00,2.000000000000000000e+00
-2.147930285255108096e+00,5.008146546119202291e+00,-7.855828639854285367e-01,-3.425342586780017129e+00,1.698137464727597523e+00,1.000000000000000000e+00
-9.041177687564613263e-01,3.809849925732272102e-01,-3.477542140151799632e+00,-4.017700407831656051e+00,2.081893246279236553e+00,7.000000000000000000e+00
2.225589900781784092e+00,1.322748696911409949e+00,-9.540763887308821856e-01,-1.620789112579492874e+00,-4.013297314329402177e+00,3.000000000000000000e+00
-2.285755182522634321e+00,-1.106813550420163716e+00,-1.934022984175618909e+00,-2.480706190005688150e+00,2.785643239830244866e+00,7.000000000000000000e+00
-1.467759318257440881e+00,-1.398974179170525911e+00,-4.054136516636824616e+00,-3.674537827780059995e+00,1.259614786966469557e+00,7.000000000000000000e+00
-1.786887272110375458e+00,-6.786881651273836136e-01,-3.921530127891006856e+00,-4.278313953802820535e+00,2.856887816730361518e+00,7.000000000000000000e+00
2.072787713481194505e+00,-2.398555690752562253e+00,1.531021036344445196e+00,2.906711711183965097e+00,3.125178743191019848e+00,6.000000000000000000e+00
-1.100602515399744519e+00,-3.834496964753178805e+00,1.163675347546389682e+00,-2.078693516997248913e+00,-7.175893693051142996e-01,0.000000000000000000e+00
1.159562684360726736e+00,-4.145622282159716621e-01,-2.427451398715042785e+00,1.251355459989102581e+00,2.772217126029915324e+00,5.000000000000000000e+00
3.156359418546752060e+00,-6.253432586567464480e-02,-2.806153628163223224e-01,-5.655150978462981648e-01,-2.976289116926605249e+00,3.000000000000000000e+00
2.178408760724468429e+00,3.728832936393856601e-01,3.751109752788252649e+00,1.149821818460465384e+00,-2.902364995252989299e+00,8.000000000000000000e+00
2.725401230689587617e+00,-1.501815203779879759e+00,-1.997341143232626681e+00,-3.909918787879608226e-01,3.050863879677103263e+00,6.000000000000000000e+00
3.480412478177904667e+00,-3.090891494222820501e+00,2.909838901377422848e-01,2.410362411858165466e+00,2.905272419735649425e+00,6.000000000000000000e+00
-1.777885181043859841e+00,5.856321756222682140e-01,-3.863051360859018235e+00,-4.493073073454861621e+00,2.312475145082809824e+00,7.000000000000000000e+00
-1.173634845087029310e+00,6.403965271979843443e-01,-3.012472954546948856e+00,-3.675606047918632768e+00,3.086449623802639319e+00,7.000000000000000000e+00
-1.582802366840809327e+00,-1.506702435088432157e+00,-2.362611560680921929e+00,-2.741378108878544051e+00,2.489782687141488982e+00,7.000000000000000000e+00
3.827774347147954170e+00,-4.220438892074595549e-01,-5.490145456109595257e-01,-4.321426631869623725e-01,-4.756336441875865795e+00,3.000000000000000000e+00
6.455168170080398671e-01,4.370406315690695820e+00,-5.783902529872542164e-04,4.973159374983732839e+00,-8.254087776113205877e+00,9.000000000000000000e+00
-2.876441373846218674e+00,-1.573153000546726243e+00,4.427725676516068631e+00,1.483287553328843433e+00,-4.140404538758529540e+00,4.000000000000000000e+00
-7.121214373577680057e-01,-7.782695790863577434e-01,-3.274924907855701228e+00,-3.504281558500341731e+00,1.840395693679089062e+00,7.000000000000000000e+00
-6.169929621198591008e-01,4.031292376042774211e-02,-4.827228242748018872e+00,-4.753466772317567646e+00,1.622664251604629015e+00,7.000000000000000000e+00
4.695021650140657754e-01,-4.757615688259478226e+00,-9.539340885423119865e-02,-2.388514859050571371e+00,-6.228649707204072516e-01,0.000000000000000000e+00
-4.147165141687939816e+00,2.014686066762404471e-01,-6.971349902129340137e+00,-5.244331973075597730e+00,1.431932028549625757e+00,2.000000000000000000e+00
-3.831265748615890754e+00,1.137626142850807431e+00,-6.249783241671608813e+00,-4.150834898366277059e+00,-5.686626564932476535e-01,2.000000000000000000e+00
-3.659583267337533641e-02,-4.175818812537719360e+00,1.006185848862314103e+00,-1.514611627998449395e+00,-2.464027444500076047e+00,0.000000000000000000e+00
-2.131354288525566520e+00,-1.161509907681379739e+00,1.068316255043090690e+00,-7.734333869084494273e-01,-5.560097136247590832e+00,4.000000000000000000e+00
4.374843854970293044e+00,-4.627880818938588270e+00,-2.786844776272658919e+00,2.829360212317575396e-01,3.036345048849753869e+00,6.000000000000000000e+00
2.188412229991723912e+00,1.322945339051251112e+00,-5.046284799044670200e-01,-1.263871759316467447e+00,-4.016561438530298567e+00,3.000000000000000000e+00
4.212517074112184012e+00,3.824523205535643178e-01,2.283023826761381603e+00,5.527465956459058916e-01,-2.122349808141926086e+00,8.000000000000000000e+00
-2.286747535285693189e+00,3.108715355900671384e-01,-2.419828372325102173e+00,-3.547153533404503012e+00,2.644544261019148745e+00,7.000000000000000000e+00
3.428809682504732503e+00,-2.142769543238464969e-01,3.676552036277998425e+00,1.819836372073051933e+00,-2.886478797595696033e+00,8.000000000000000000e+00
-1.059164773746722688e+00,-2.696485848500824734e+00,-3.558193087045532721e+00,-3.014760584045832026e+00,2.279353895673783992e+00,7.000000000000000000e+00
3.087470451718085318e+00,-6.417167672601581385e-01,4.255086758557519389e+00,1.644131677863791996e+00,-9.076293374493997757e-01,8.000000000000000000e+00
2.287907735638406326e+00,-1.794727377934547397e-01,4.303220867050916998e-01,-7.956464614804518998e-02,-3.881285931884903118e+00,3.000000000000000000e+00
-1.060972074350654104e+00,-3.576878148444927463e-01,-1.922731334876095266e+00,-3.023040891271301600e+00,4.601769872488825186e+00,7.000000000000000000e+00
6.319833359255819794e-01,-2.176094815287169748e+00,-1.247919257590347275e+00,-4.008503563307077577e+00,-1.259529866610554549e+00,0.000000000000000000e+00
-9.738990325244714086e-01,-9.761683817875678182e-01,-3.068573144305619671e+00,-3.412514322256181565e+00,3.727142069082525655e+00,7.000000000000000000e+00
-1.218915782264381242e+00,-1.038387800821326090e+00,-1.778245713253034266e+00,-1.897634246776841005e+00,1.734681867298358604e+00,7.000000000000000000e+00
8.271158935665617884e-01,-2.310327871435683189e+00,-4.745000147052406136e-01,-3.421564311576035244e+00,-1.170754095978504328e+00,0.000000000000000000e+00
2.088178152520234476e-01,-2.785162864086569989e+00,2.635419342899834039e-01,-2.574778621763555986e+00,-1.838703343591479911e+00,0.000000000000000000e+00
-3.739122974443572778e-01,-3.104637095381602929e+00,7.740172863063339292e-01,-2.302478232270398273e+00,-1.180139345562390529e+00,0.000000000000000000e+00
-7.530845559703115422e-01,-6.598292327350805397e-01,-3.478878588157221952e+00,-4.044890177915246632e+00,3.593415549648545593e+00,7.000000000000000000e+00
1.175711693964141435e+00,-6.244591430525825437e-01,-4.893526054411349024e-01,-1.109874575001867036e+00,-2.871375476481787370e+00,3.000000000000000000e+00
1.432210040334243595e-01,-3.388063355096762042e+00,9.883280973314990669e-01,-2.258413872365520270e+00,-5.131956696474302415e-01,0.000000000000000000e+00
-9.368240745253343660e-02,-1.386396066101365010e+00,-7.120893927058772332e-01,2.769658124536167332e+00,4.786016947914054853e+00,5.000000000000000000e+00
4.338391421289831129e+00,-1.463520416809453550e+00,-1.461231699811762486e+00,6.505047714610211473e-01,2.277513676074240934e+00,6.000000000000000000e+00
-2.220915493045525047e+00,8.963809622060755489e-01,-8.473215591185618845e-01,-2.226866645132422384e+00,2.638040224488614527e+00,7.000000000000000000e+00
2.276454343749995335e+00,-1.220351886335944602e+00,-1.839310362241977526e+00,-1.844781556284714186e-01,2.766816549771465628e+00,6.000000000000000000e+00
3.128319592795412607e+00,-1.992843327181554047e-01,-1.264088585172194801e+00,-1.472685145216114933e+00,-4.105882692663399780e+00,3.000000000000000000e+00
-2.954622115552376638e+00,1.609485765492101539e+00,-2.918324951519520649e+00,-4.000866132098839678e+00,1.913309794904331618e+00,7.000000000000000000e+00
1.163346060056928088e+00,-5.503912319889127325e+00,1.184136811101911935e+00,-5.519771253650118670e-01,-1.177293428279461374e+00,0.000000000000000000e+00
2.024206149515129560e+00,-2.704754602049415979e+00,-2.604287406629209878e-01,1.149868930403161071e+00,3.728737150940687251e+00,6.000000000000000000e+00
1.247871583673520357e+00,-4.639592619082402614e+00,9.141578916504761176e-02,-1.985029341672700953e+00,-1.489311272972516198e+00,0.000000000000000000e+00
-1.558146388437453789e+00,-1.003099173533064103e+00,-2.813719581234465306e+00,-3.037326225898011156e+00,2.976189009135315811e+00,7.000000000000000000e+00
-2.101290866757165254e+00,5.350086442756852634e+00,3.226792003854320745e-01,-3.018553777936010096e+00,3.106221155934639100e+00,1.000000000000000000e+00
6.741193682018783440e-01,4.613134732596257059e+00,1.564983518933302786e-01,4.687559983591221169e+00,-6.998633669524650713e+00,9.000000000000000000e+00
-3.256735336476028309e+00,-4.718407319227558849e-01,-1.689521741412831179e+00,-2.588197795996515893e+00,2.299198115514640595e+00,7.000000000000000000e+00
-5.644616462834535220e-01,-6.871004869777371793e-01,-4.726574346436258622e+00,-4.271888926619013205e+00,1.333667450504228524e+00,7.000000000000000000e+00
8.811423058911925787e-01,-2.684790153463437967e+00,-3.242267315859205801e-01,-3.111114469347874945e+00,-1.636544614402677844e+00,0.000000000000000000e+00
-7.842214780493963477e-01,5.760961585653366690e+00,1.420694370446807353e+00,5.075732536453097410e+00,-6.331853347052140535e+00,9.000000000000000000e+00
2.359468606614404607e+00,-2.158937477689003348e+00,-1.836930190198147628e+00,5.510516724368237362e-01,7.686575537468547381e-01,6.000000000000000000e+00
-1.248692601210534381e+00,-7.575190441700339061e-01,-3.590541026538321301e+00,-4.024435176313875040e+00,2.933338081373172201e+00,7.000000000000000000e+00
-1.767114455514037508e-01,-6.716210099644415177e-01,-3.926367416637326802e+00,-3.589240471891984363e+00,3.455400352407854481e+00,7.000000000000000000e+00
1.402856166418331219e+00,-2.018256876577007919e+00,-1.847601835740309451e+00,2.528639104468112908e+00,3.728498266302855857e+00,5.000000000000000000e+00
2.046666458994587323e+00,-4.189725688698614503e-01,1.051499959207193580e-01,-8.161767678679679450e-02,-4.978628444479594073e+00,3.000000000000000000e+00
3.980971939237659019e+00,1.410047504387957673e+00,2.484771765086423390e+00,-4.575011642780339727e-03,-4.659526172805135147e-01,8.000000000000000000e+00
-1.434593602830153802e+00,5.445617617710900582e+00,-2.170931862602092643e-01,-3.291238844145146114e+00,1.619454365569891863e+00,1.000000000000000000e+00
2.116460937935348952e+00,-1.200252377649269953e+00,-2.212047302996734022e+00,1.959442536205310725e+00,2.846030639009495378e+00,5.000000000000000000e+00
4.133295063212715226e-01,-2.086901469769404827e+00,5.597514759638217985e-01,-2.798773072727881672e+00,-6.982302560941638925e-01,0.000000000000000000e+00
-4.603320240733607682e-01,-3.008030212179830354e+00,1.650161395984335977e+00,-1.488540112100224189e+00,-1.466849123243857189e+00,0.000000000000000000e+00
2.118642453103399603e+00,-3.516644353191967998e+00,-7.155924788629202116e-01,-2.885533423585675994e+00,-2.129860021548148019e+00,0.000000000000000000e+00
-1.436380292368518274e+00,1.000297585666971995e-01,-3.310105178363571987e+00,-3.639467563212787748e+00,2.637372366078228225e+00,7.000000000000000000e+00
-2.431755237367163147e+00,1.813956393829393998e-01,-7.367406670689648607e+00,-4.536837207867519872e+00,1.122205494580646112e+00,2.000000000000000000e+00
1.767081812576910327e+00,-1.232053988010791412e-01,4.296626614819284429e-01,-3.972292874180365918e-01,-2.865307188058067389e+00,3.000000000000000000e+00
4.770052479772052267e-01,-3.960001365941690832e+00,5.349132765334314588e-01,-2.307009346185204812e+00,-2.704305666495137594e-01,0.000000000000000000e+00
1.014025514763063684e+00,-2.438528855524336958e+00,-3.235431757520593754e-01,7.442615768715546976e-01,4.745541834666032521e+00,6.000000000000000000e+00
-2.782781048283097913e+00,5.166755117167970646e+00,1.571858615759225364e+00,-1.773559471717923275e+00,2.758866468442212838e+00,1.000000000000000000e+00
-1.636852182557041457e+00,-2.007387145802955186e-01,-3.823446669532455822e+00,-3.765443188907442451e+00,2.228802787280549147e+00,7.000000000000000000e+00
1.941993721932391836e-01,-4.166763143669669489e+00,2.574145415598693809e+00,-5.840696616466585223e-01,-7.674501741848922531e-01,0.000000000000000000e+00
-1.537520842695148104e+00,1.590164091444161987e-01,-2.820992095600640681e+00,-3.576979304196020504e+00,2.931503971658078189e+00,7.000000000000000000e+00
-2.266108323616595754e+00,-6.144937039423470360e-01,-2.016432569718999535e+00,-2.694707261898293016e+00,2.487683015219384508e+00,7.000000000000000000e+00
-2.178276248322212963e-02,-9.532300369915248650e-01,-5.357666114617640751e+00,-4.413496497997684287e+00,3.773416827136580887e-01,7.000000000000000000e+00
-1.281022884830485542e-01,-3.298995757104129289e+00,1.893781303890069712e+00,-1.607894479978397406e+00,3.249997212255770207e-01,0.000000000000000000e+00
3.781939253817802049e-01,-3.456078786659559032e+00,2.646429564643811627e+00,-5.433048002192264470e-01,-3.162019882908788104e-01,0.000000000000000000e+00
-1.613442800247576026e+00,1.866975279938010435e-01,-2.507917805536008515e+00,-3.279115748678974374e+00,2.903651154612419294e+00,7.000000000000000000e+00
-1.769153957532846100e+00,-1.930500896057198768e+00,-1.393378278217169530e+00,-1.456321742404048436e+00,2.405285834178986004e+00,7.000000000000000000e+00
-2.465241106815548200e+00,5.350876151117865964e-01,-3.293825895222616484e+00,-4.000130376243678398e+00,3.886219576240769413e+00,7.000000000000000000e+00
4.073638792661747665e+00,-7.786261293035215969e-01,-1.578898883517620755e+00,-9.804391912644523366e-01,-4.849845214492757073e+00,3.000000000000000000e+00
3.517818990283816394e+00,-3.856744405569263456e+00,-4.590084764340446322e-01,1.577241861862573868e+00,3.809876277478194684e+00,6.000000000000000000e+00
-2.159799669870376970e+00,-8.991588459271205869e-01,-1.150354777776885218e+00,-2.190348769505408022e+00,3.160853471252329516e+00,7.000000000000000000e+00
-2.625612098226421054e+00,1.076105167237257354e-01,-1.337528456933090526e+00,-2.472343281351205402e+00,2.961459563336822587e+00,7.000000000000000000e+00
1.568229526271995411e+00,-6.593820047741488777e-01,-8.478536548269346440e-01,3.808073445081995856e-01,3.137517657917605618e+00,6.000000000000000000e+00
-1.362082388691310042e+00,8.113868839427366142e-01,-5.009809959851195593e+00,-4.935183434827274063e+00,1.316238980089198485e+00,7.000000000000000000e+00
-6.709542407568738209e-01,-3.372361436145390190e+00,3.452174653534732407e+00,1.945926464111971677e-02,-1.675725130598860468e-01,0.000000000000000000e+00
-2.539219869169929034e+00,1.791617919586601937e-01,-3.221391682745407437e+00,-3.984206133730273436e+00,4.078304505978117334e+00,7.000000000000000000e+00
3.438454388224132519e+00,-2.643361852182188887e+00,-1.398909226315487420e+00,1.144129683787724838e+00,1.870486075152677508e+00,6.000000000000000000e+00
-2.584154848267918858e-01,-4.307172325400300927e+00,1.531964139766806010e+00,-1.366334539290265049e+00,-7.648718653388942856e-01,0.000000000000000000e+00
-1.870682450082883364e-01,-8.752550276562459652e-01,-4.313337199402377031e+00,-4.219354524025890285e+00,1.954697066021713781e+00,7.000000000000000000e+00
2.369842811178628050e+00,-2.557141558804305159e+00,-3.272467792988871249e-01,9.738311725318148371e-01,4.248404861733119375e+00,6.000000000000000000e+00
2.347446868105434348e+00,7.329476989124462660e-01,2.562246712651538028e-01,-1.896653830761713677e-01,-5.065073142583909060e+00,3.000000000000000000e+00
1.536557236436347340e+00,-1.306556068303121210e+00,-2.038279227905325897e+00,1.695526400556878865e+00,3.666938280931086869e+00,5.000000000000000000e+00
5.795980093589980786e-01,-1.354112420981801623e+00,-3.308483079511603808e+00,-2.886355135444404585e+00,2.148183939045630542e+00,7.000000000000000000e+00
-3.712096463328260043e+00,3.864524545736279515e-02,-4.993823839891724958e+00,-3.585001416996989931e+00,1.946240988033166142e+00,2.000000000000000000e+00
3.189412001961617449e+00,-2.524758611490197868e+00,-5.402190964530368955e-01,1.543327779224816343e+00,2.957629860669928501e+00,6.000000000000000000e+00
-1.123976011342202375e+00,-3.425910160510162727e-01,-4.681265135277741685e+00,-5.103322867951144204e+00,3.894540043230984239e+00,7.000000000000000000e+00
-1.376559115209742945e+00,-9.931654929735478365e-01,-3.871084017680622491e+00,-3.939395711230033736e+00,2.699100527812396066e+00,7.000000000000000000e+00
5.365883887307852929e-01,-3.659488424681566876e+00,6.334213300418232162e-01,-2.147650863368848029e+00,-1.276525669845155475e+00,0.000000000000000000e+00
-3.133057209901439322e+00,-4.245491631738528282e-01,-5.183404417415663268e+00,-2.638402534971135971e+00,-5.910513345408427988e-01,2.000000000000000000e+00
3.030654512605134077e+00,-2.431816804448173386e+00,-2.041594963382821426e+00,5.001650619729904879e-01,1.316541090699858030e+00,6.000000000000000000e+00
-8.012699175978266197e-01,-3.927102585295882964e-01,-5.565754056660891180e+00,-5.116537605347488693e+00,5.630632902537483497e-01,7.000000000000000000e+00
-4.529068851251285555e-01,-2.970884313996403403e+00,1.703138224830033076e+00,-1.353826103648063439e+00,-1.712451209138927233e+00,0.000000000000000000e+00
2.988781284703876939e-01,-2.232077114244450655e+00,2.324175977144606886e+00,2.991768213392434816e+00,4.128794687890660953e+00,6.000000000000000000e+00
-1.136656916906749082e+00,-2.669656492457533670e+00,5.054488216618883145e-01,-3.492392653448052275e+00,-6.032158946242349717e-02,0.000000000000000000e+00
1.218451871699126388e+00,1.283474249178301774e+00,8.963648412457606574e-01,-5.053936420740108293e-01,-3.568874274792521728e+00,3.000000000000000000e+00
