x1,x2,y
3.373455467690926746e+00,1.932763091760103524e-01,1.945530395549665670e+01
3.677859877561528990e+00,5.809195208034978464e-01,2.214950008828426320e+01
8.144684825889358493e+00,2.818547747733999298e+00,4.364488543902005091e+01
6.077521222527225930e+00,2.953014775718327822e+00,4.706220723877422785e+01
4.583235945875754780e+00,3.512193873487809093e+00,3.559042772203831362e+01
2.187156129979273000e+00,5.953032659274891003e+00,4.223852205301504625e+01
4.523182845183001177e+00,6.435776951965249459e+00,5.466528938158339201e+01
7.752440518349493104e+00,2.344256000115146676e+00,3.934841058695479887e+01
6.960206180537921838e+00,1.538959063398550597e+00,3.381277402153526879e+01
6.035288065011209291e+00,6.595059816513271223e+00,4.959896761360310080e+01
3.711129384301278478e+00,9.207666084633572723e+00,4.574391243363255910e+01
5.062247226907412578e-01,3.939183369281940017e-01,1.418775930764067539e+01
1.845210193563773249e+00,2.093493233367103024e+00,2.322778193604456831e+01
1.552402459307125060e+00,1.819281304952711231e+00,2.284051393211499814e+01
6.279003894909077843e+00,8.175903194887190750e-01,2.924564493449248204e+01
3.253996981592677251e+00,7.464914051180241650e+00,4.406575210183840596e+01
5.866084631754740819e+00,1.680142077448634197e+00,3.312351080487543697e+01
7.925951162883833057e+00,9.078987937796194174e+00,2.508984792213395210e+01
8.034827432968846495e+00,9.292280536318539674e+00,2.490000857497776110e+01
4.316595462296794139e+00,1.275803027955637603e+00,2.728017090800056721e+01
9.060870604812604867e+00,1.215677147738680741e-01,1.742597345014788601e+01
3.962420189026587547e+00,7.582384757040912859e+00,4.801606332742211691e+01
9.514033422066569656e+00,6.016118201463312332e+00,3.747439366235450109e+01
1.280957463662000251e+00,3.382675059944983964e+00,2.682889763903258640e+01
2.714093804467143656e+00,4.966954228179465858e+00,3.627442339804938598e+01
4.805069472578288980e+00,1.049301784181748687e+00,2.812399897623910761e+01
9.901088460868658458e+00,3.118794357637252546e+00,3.938053260244725351e+01
6.642193849889682866e+00,8.816906118435079875e+00,3.409556181550622966e+01
5.402965317903072773e+00,8.446659090902242539e+00,4.237433769752090740e+01
6.134113892107077248e+00,1.670339460920752250e+00,3.827341302138113122e+01
3.214957012478819820e+00,4.764369863437916131e+00,3.579722143743443041e+01
4.338174195765295060e+00,9.099431438543920336e+00,4.864998227567478750e+01
5.225765993367451401e+00,2.995656779538738768e+00,5.027388566452367513e+01
8.206961607667793146e+00,4.773503981224012982e+00,5.918547609405578669e+01
3.158614482564203740e-01,9.362122462436898829e+00,2.010712612681678380e+01
1.325246727418484260e+00,8.620144822726224731e+00,2.712105221630331187e+01
9.271778194794526584e+00,2.346420818554535437e+00,3.551517625313837101e+01
8.091928305125217769e-01,4.029801787651614120e+00,2.543006791235972841e+01
4.560699842170359730e+00,7.851759613930136439e+00,5.195100096235693599e+01
6.771206397350093553e+00,6.057792494526903937e+00,5.025831840066763334e+01
6.107800710757683049e+00,2.806832155159742825e+00,4.629419769494354142e+01
8.912443211601661641e-01,7.552704204968079260e+00,3.062444191228560442e+01
8.401080784391998790e+00,9.894511309650564357e+00,2.124973382381786280e+01
1.300192351073603536e-01,8.550853085446807889e-01,1.543337615337571656e+01
3.138754967224705261e+00,5.380227053639029755e+00,4.973834575820112036e+01
7.523978823037879238e+00,5.312940183509319070e+00,5.061964138660871271e+01
9.680658120507589004e+00,6.656472791422285429e-01,1.857002103926148351e+01
9.246936182785628233e+00,8.773393533809809242e+00,1.833810570611557011e+01
2.963081204559900872e+00,2.336077510499099397e+00,2.981960611374343983e+01
7.234201136885848982e+00,4.958757350787708518e+00,5.752209333449793860e+01
7.686207527616351065e-01,5.006242680704177772e+00,3.495280014517619804e+01
2.176673995805360473e+00,6.616842883998565128e+00,4.001456069128226289e+01
7.572829782755007066e+00,8.979646468477884724e+00,2.848236921163584157e+01
1.366009036511726116e+00,6.516397604772765639e+00,3.357651700874097145e+01
1.670419079009498597e+00,1.676192162883176628e+00,2.063004039094728626e+01
9.148683739775487211e-01,8.774608626303804115e+00,2.994489219332352548e+01
3.488682665429952756e+00,9.295291442478259114e+00,4.224805035436482115e+01
8.539619669554221915e+00,4.391498166337482800e+00,5.296113248456286016e+01
3.053106766967312868e+00,2.126443763710961221e+00,2.840457504351747176e+01
5.394912923753372169e+00,7.907231648389635659e+00,4.736960673655592302e+01
7.296061783380640264e+00,6.375574713552131456e+00,4.590441009806027495e+01
1.215447468981634138e-01,9.698788267076389857e+00,1.664095002056922823e+01
7.327334747861651287e+00,6.067317247174363715e+00,4.847015857854056264e+01
9.789811151748089912e+00,6.034930960433786851e+00,3.352396359942162718e+01
3.399718637932481968e+00,7.893940294655554801e-01,2.019960777308114785e+01
6.341421382957368458e+00,1.262647415645027360e+00,3.375643795884306542e+01
7.243388171287411303e+00,5.783869170064090959e+00,4.816276625209544449e+01
8.707534503372592383e+00,7.823854840582734838e+00,2.831928767958773108e+01
6.740199190587926381e+00,5.183579911972902021e-01,2.481810099659148605e+01
4.131725172077195474e+00,6.758229251040735797e+00,5.258872822677511039e+01
2.026326341353431815e+00,5.875858711094018361e+00,4.085301197487635250e+01
7.055858626438245906e+00,6.884050184921369109e+00,4.304279799130100059e+01
3.656807482613713134e+00,2.253812680067658114e+00,2.990601296556640776e+01
3.668320289059789907e-01,2.524369443440207306e+00,2.127636159622499434e+01
4.369958856656208646e+00,5.935609353787859810e+00,5.733218501214882679e+01
6.956181464968068440e+00,3.218263604278681633e-02,2.066290608233962089e+01
8.953460891531692667e+00,6.664630475268356946e+00,3.517009245953921948e+01
8.601396933494349639e+00,7.228143032084837216e+00,3.404168009198623679e+01
5.001127520766269541e+00,4.119580950341019232e+00,5.839173807621858003e+01
5.488586650773559228e+00,2.876327290436782036e+00,4.632647144022045893e+01
7.610079234953920135e+00,3.717240664023432117e+00,5.224858270419233719e+01
8.323635396609949666e+00,8.056488053633419355e+00,3.116281174205296267e+01
8.389973277180107658e+00,1.141798345407363247e-01,1.704438891371517784e+01
5.801723692273323074e+00,5.336025467268784794e+00,5.930302979863709112e+01
1.469338865495384283e-01,3.790940486719361679e+00,2.381327950488762824e+01
3.842634896232499653e-01,9.017619921354235402e+00,2.048047047381970742e+01
6.952130531190703344e-02,5.107473025775657760e+00,3.222003427585144664e+01
1.607598960483082040e+00,8.179670241190621027e+00,3.064216098432406454e+01
5.034172708548569020e+00,6.903948286293653425e+00,5.364048733186501750e+01
7.807615860684398612e+00,4.598004237693201546e+00,5.605020116737997427e+01
3.726885170123139801e+00,2.597537837603262290e+00,2.911376327462844316e+01
9.877855202148872138e+00,1.364397525567331293e+00,2.693241128267760587e+01
6.923589224610581461e+00,2.640619846937187987e+00,4.129726161532021678e+01
3.024195112785363904e+00,5.634083644838541183e+00,5.156883800767369763e+01
7.190459051842454485e+00,2.971217156231750423e+00,4.411496568459978818e+01
9.693025356190990038e+00,5.230978441701488180e+00,4.238267223132855577e+01
8.044140596774733254e+00,7.151001612836999755e+00,3.893415891692151121e+01
5.941307153521351303e+00,3.808908566310215349e+00,5.164971620271062847e+01
2.842740929275167083e+00,1.338283629996931401e+00,2.188166477564652013e+01
5.697872699736827862e-01,4.186072749183299635e+00,2.635354672187973435e+01
4.503509789054126244e+00,7.488263369633064492e+00,5.353882498104292154e+01
7.140869321324277763e+00,8.017280830697918859e+00,3.682225572353359411e+01
3.138268082244155543e+00,2.415006279928334720e+00,2.995661319865240557e+01
4.051026945275664204e+00,9.061110021324971342e+00,4.719420386558117997e+01
5.074119387178088303e+00,8.742225246851758058e+00,4.275120413010447606e+01
8.005866991090828222e+00,2.001502442448100716e+00,3.577070725374979077e+01
9.123633456166910349e+00,2.106621890056665780e+00,3.215363957035414444e+01
8.346408498938329146e-01,8.824163684073386804e+00,2.364734594039645543e+01
8.227232427706188123e-01,4.595840572136230762e+00,3.269651756951480337e+01
6.485048201186881300e+00,2.674020278575413023e+00,4.329799329038480238e+01
8.849250205191949714e-01,1.959828624191451985e+00,1.869890658868392563e+01
2.837759057987244482e+00,3.630822963986350960e+00,3.533186182820216459e+01
8.111237699334708395e+00,6.359547071637284610e+00,4.203777646000906287e+01
9.506071469375561023e+00,5.734378881232861325e+00,3.699983792927928761e+01
4.214245505924979263e+00,8.926717110769748942e+00,4.777060832577395644e+01
2.051396404820071684e+00,1.906877206636665711e+00,2.184143660320073366e+01
1.966535849529587043e+00,7.374260857706772754e+00,3.491272973460961282e+01
9.994137257706665167e+00,4.821203886055602794e-01,1.990797496978730763e+01
8.499753714806619342e+00,6.690223373291082964e+00,3.789910488254109566e+01
5.538022407123762925e+00,3.055243106580235235e+00,4.919562377296317379e+01
8.355433751068974679e-01,1.912896643728700941e-01,1.446684167341828697e+01
3.009635669468162522e+00,7.081720886452815833e+00,4.670155097855991500e+01
2.167398000907756472e+00,9.571455552016172597e-01,2.170098682155584768e+01
8.117697880901374674e+00,6.564786073315026727e+00,4.019250484118249744e+01
3.072164170212708711e+00,5.464585417281243807e+00,4.908594151621564805e+01
4.942124472502999133e+00,8.282492524372184306e+00,5.383110727469684065e+01
8.700988739009298811e+00,2.126941085038713819e-01,1.956761746522808565e+01
3.064328227033715990e+00,4.025800300923210173e-01,2.160792565130744691e+01
9.173135754622428806e+00,1.368186309189614036e+00,2.760998666463396845e+01
1.861014178462773172e+00,8.026433097957104579e+00,3.317562594299598544e+01
8.506160578411378737e+00,5.612227882825249203e+00,4.651594135876474212e+01
5.061583846218686844e-02,1.608080514174986542e+00,1.522724800959585956e+01
3.675344222915314596e+00,6.817230938549356800e-01,2.464177595493667994e+01
8.861957804650744563e+00,5.930443341867841056e+00,3.974350280380132006e+01
4.157285905039209695e-01,1.483432009620888614e+00,1.867509113236200946e+01
1.780359668697514275e+00,9.610703174694551265e+00,2.703105575895010659e+01
9.053819764192637010e+00,9.128667678613355818e-01,2.150445586770357664e+01
3.934354066850964671e-01,1.221099140100267988e+00,1.654398978663079589e+01
9.567998154842861425e+00,5.004011457102012450e+00,4.256464541336571017e+01
5.233909113743663966e+00,1.147688718692174703e+00,3.319937322971372140e+01
1.422493686871961760e+00,1.213849394224288947e+00,1.834633977820921658e+01
9.446142194740232867e+00,6.832480282896458590e+00,2.900871695369897196e+01
6.619136326370115064e+00,7.511771369540428012e+00,4.028574072513607973e+01
1.135575921996290205e+00,6.715731955927996211e+00,3.482117422049416433e+01
5.630327568183735032e-01,1.188179162680719214e+00,1.655902951563246717e+01
2.617056837359059696e+00,2.469787990719998216e+00,2.675558214671101354e+01
8.014457762229536542e+00,3.920935769045726715e+00,5.500793592947250232e+01
9.062545805210366012e+00,2.495461998495061007e+00,3.696485672281829693e+01
2.005247267003367195e+00,4.915945467414369219e+00,3.615406115297179213e+01
5.296505783560064629e+00,2.418522909004516830e+00,4.471316195788066494e+01
3.592333693997656674e+00,5.929508514349274506e+00,5.166340104689788859e+01
6.238593246765730349e+00,4.517676787372291614e+00,5.776876637536526005e+01
9.414648087765250750e+00,3.861026378007742288e+00,4.811803321925413712e+01
6.638045276218051072e+00,4.746308757498138853e+00,5.901645544968118884e+01
4.614774646247341572e+00,6.372014768082804537e+00,5.877733879449096577e+01
2.322126951468173051e+00,8.995745732745684009e+00,3.651379898680959712e+01
7.693048936413397598e+00,1.103126442864721390e-01,2.169959596939215984e+01
8.398613028667202940e+00,9.000231233980111156e+00,2.200638135656384264e+01
8.217166747642734581e-01,9.678600348450304480e+00,2.076689526567180977e+01
6.107795985486375034e-01,2.768776481472037254e+00,2.228970966808857668e+01
5.596486834869141447e+00,9.770847419183659177e-02,2.306487588331144067e+01
5.782983994203606315e+00,1.469627095882096723e+00,3.660886608056678426e+01
5.006035711547075273e+00,6.796203327351078016e+00,5.146097237421642490e+01
6.725184560770384401e+00,7.523745294376800175e+00,4.149823058928932795e+01
4.620058036441326621e+00,9.472833396118153004e+00,4.944197103314220954e+01
4.389714207056361062e+00,7.845638134226595728e-01,2.478525863508094318e+01
6.169269183757421615e+00,9.811861780274234945e+00,3.053457310851771211e+01
8.860042967961723193e-01,2.206119527112112344e+00,2.339032963174495094e+01
6.576128923003433435e+00,5.683086033354715738e+00,5.336800806864289370e+01
7.184539473225500572e+00,8.626404711491789001e+00,3.238722018663460034e+01
8.766536026583450436e+00,4.034828662123970844e+00,5.107911292724470087e+01
3.549246608770100231e+00,5.198935197770748751e-01,2.120066744180316931e+01
1.215013763009180625e+00,1.974704898599373148e+00,2.049656137150845936e+01
8.621276172654505743e+00,8.095160747248780098e+00,2.816314914943782099e+01
7.435939161765597660e+00,5.062660594952027360e+00,5.086170656919480138e+01
5.333866287653625804e+00,8.699691596476849753e+00,3.909624267310787360e+01
5.829260568042631263e+00,2.531015391796087588e+00,4.458900650634872420e+01
3.975943979627942770e+00,2.742152023486700507e+00,3.215008377525282413e+01
7.550419287462783124e+00,4.605394972741399862e+00,5.803169851552096503e+01
3.142918568673425117e-01,6.364104112637804178e+00,2.945832854275057855e+01
8.381549749886424650e+00,8.028109348245004995e+00,2.990882794812226209e+01
2.646350269253573195e+00,6.619689447938686300e+00,4.541493935946283500e+01
2.242588916205512373e-01,3.604268271414861058e+00,2.497604258449356252e+01
5.764758219902488268e-01,3.424479788347133180e+00,2.442707354393193242e+01
5.775933658811575278e+00,6.345824175503037345e+00,5.378648253138717195e+01
8.069654908839936525e+00,4.596648704026612187e+00,5.618919764944563866e+01
6.585405156700549156e+00,7.661159327955862075e+00,4.125974521199939460e+01
1.951665172186504149e+00,4.893925374065887013e+00,3.432104026686361209e+01
4.581868867378926069e+00,4.829688720853551942e+00,4.342965679183050298e+01
5.475923761537362822e+00,8.172977699624937031e+00,4.168576738413111826e+01
5.214596387214719186e+00,9.773079079915037326e+00,3.368325624009468555e+01
1.400840152365240288e+00,5.183296523637367592e+00,3.882393318476146504e+01
5.868411180208791045e+00,7.454394741843300309e+00,4.441567831800286825e+01
5.782801409961740191e+00,3.594227379674208578e-01,2.681760839824475795e+01
5.464303160778473334e+00,9.670352752561461429e+00,3.428344390008884801e+01
1.198653673336828041e+00,3.376151714036279561e+00,2.752619441164785385e+01
7.331130224152810015e+00,1.315676851272598036e+00,2.994166964573072320e+01
6.613706110704144159e+00,1.851955678674679362e+00,3.700713496531393787e+01
4.831808633136684961e+00,8.382304210818006140e+00,5.309723885303600355e+01
4.963662472012363658e+00,5.968428489168892348e+00,6.215946150036636197e+01
9.505310525862034510e+00,6.006510665483558498e+00,3.414363159290400773e+01
3.894049389788753146e+00,5.417609642675632386e+00,5.561139667896462413e+01
1.770104842767468156e+00,8.870253375705561272e-01,1.710093435760828839e+01
9.966368370739054683e+00,5.554317056026274457e+00,3.417823817907447648e+01
1.210250004851930461e+00,4.189477901874754551e+00,3.173946123805219699e+01
5.409050038380808445e+00,6.964298070361072845e+00,4.640390566613552181e+01
6.855652872289713429e+00,4.303058948994626931e+00,5.488733794981485659e+01
9.963343376272472796e+00,3.683095305068483150e+00,4.698253888467211681e+01
8.030258978326633823e+00,5.391612766752544417e+00,4.697938874884121674e+01
3.245858299002702729e+00,3.664615348713978982e+00,3.356185817172285368e+01
8.036035354415352217e+00,5.052067735766382128e+00,4.999410471985371629e+01
5.903476904587728669e+00,5.083605469162799650e+00,6.087421900854344159e+01
2.037664591276890924e+00,5.233296311947412960e+00,4.372956617930691436e+01
7.694488940820471079e+00,3.978657030174272080e+00,5.121947044172483743e+01
6.077367948788591434e+00,5.126885110165085635e+00,5.864128700670852368e+01
5.120930582992810010e+00,2.264957751979379541e+00,4.261859824375471817e+01
9.327284833540133491e+00,8.660638895004083793e+00,2.057456953787002263e+01
1.594922625413582873e+00,1.604626142712264336e+00,2.360978110955269926e+01
6.159854502601790571e+00,1.880247346154161336e+00,3.728090600557502654e+01
1.396512547563129036e+00,2.997358987267795261e-01,1.717633023921686330e+01
3.742707957561203003e+00,3.706421470668908924e+00,3.496140145174932456e+01
3.578140841135488692e+00,6.478174459905283733e+00,5.076229293984638957e+01
9.629268752375798712e+00,4.835456467199247044e+00,5.543241099043595455e+01
3.353243473577938172e-01,5.698896848713165042e+00,3.074685684228843030e+01
4.308875236618058935e+00,2.487142725876299032e+00,3.078151281007064455e+01
2.865195489271229690e+00,8.026403123529297190e+00,4.137892451111022041e+01
3.330019130581979070e+00,6.694869551981900813e+00,4.877019869974493815e+01
6.882742357802370314e+00,1.405529675783607768e+00,3.427197366690234048e+01
5.806990845542849833e+00,5.055087603898638982e+00,5.994487322514819994e+01
7.077213502675274270e+00,6.220322616470275179e-01,2.536680598660997177e+01
8.028534485980113544e+00,4.632023004602858762e-02,1.965000235357512537e+01
8.747016726841994938e+00,5.289371340272119859e+00,4.637251050060289259e+01
8.920465551771133761e+00,6.311386259972628920e+00,3.885146597469391594e+01
5.989785081772105002e+00,1.149329970595668327e+00,3.395414116617192235e+01
7.932613504382544534e+00,3.167616770675266480e+00,4.409119613907830626e+01
9.184264321454087110e+00,9.509285945025483855e+00,1.827038790184727191e+01
6.439042535411307000e+00,5.303021332491582918e+00,5.684466874544468595e+01
1.698810060507353059e+00,1.949751999002892200e+00,2.280146584435089352e+01
5.883522209831532734e+00,3.976844144330546893e+00,5.659853031736762574e+01
1.014715428660321050e+00,6.635017691080557611e+00,3.226695904826048178e+01
1.874119440975822171e+00,8.581770531571638827e+00,3.300308290465174110e+01
4.401989979554905119e+00,1.474525267062839484e+00,2.910750291113132704e+01
3.366042781939206030e+00,1.344146769389742424e+00,2.467431496371783695e+01
9.440420938253978989e+00,1.487959694051156356e+00,2.943701844711140581e+01
8.180147659224930479e+00,8.607305832563433512e+00,2.859166943250096793e+01
5.314549141893053275e+00,2.879453426759924994e+00,4.798128141493164378e+01
8.427119021605548710e+00,3.133479175851431542e+00,4.384011649195945637e+01
8.023374566164220845e-01,5.245113895702546714e+00,3.564826987225011123e+01
7.820280876703859185e+00,7.087446977429764594e+00,4.310199885367023853e+01
5.339674725477637551e+00,1.421371237934576648e+00,3.644649854964558955e+01
3.064634680428203417e+00,8.223812111853543882e+00,4.325503114159170792e+01
7.276300636419352763e-01,8.218600592903563040e+00,2.501789315321734719e+01
7.289810616558164647e+00,8.616909037873451638e+00,3.263432746857400701e+01
3.419052781054903178e+00,5.276774662216949352e+00,5.208097512812911845e+01
4.591240232866809379e+00,3.032858908492829464e+00,3.605634294153895780e+01
3.420817487159074410e+00,8.212573046720129000e+00,4.562712883165923472e+01
1.533514031160801983e+00,5.862298320167972143e+00,4.191503808499833639e+01
5.094221281497897102e+00,9.966968538529767940e+00,3.259155840600602261e+01
3.438852111521839561e-01,9.093204020787821307e+00,2.090102654836775997e+01
7.803761235709804289e+00,4.579957590035714787e+00,5.468539314922766437e+01
5.149333499132594305e+00,1.613628010553836978e+00,3.915447673759849323e+01
8.050903184956627712e+00,8.229838050417674467e+00,2.991110928481194975e+01
8.062012797930613317e+00,7.482596903836583380e+00,3.499224653748537150e+01
2.310747965880714183e+00,6.718927435987284369e+00,4.152267089774248632e+01
6.454722959071678368e+00,1.771106794070489432e+00,3.646085318029224709e+01
5.024272871663764128e+00,7.314863597031157738e+00,4.983915800248739458e+01
9.771741842213172546e+00,4.069079607228705875e+00,4.888301015161651009e+01
9.082658859666537410e+00,2.395618906669723991e+00,3.886676216473430401e+01
7.675676285179182656e+00,4.165044319038790022e+00,5.057686804470695563e+01
3.109823217156622022e+00,3.251833220267470459e+00,3.261456583778461749e+01
2.652023676817254483e+00,2.439896433790835761e+00,2.739215530929365983e+01
7.193536223691586073e+00,8.902580530178020979e+00,3.139668890976707161e+01
2.944657595419176488e+00,9.484533069621566170e+00,3.568029824606779954e+01
7.567515056886350067e+00,5.193858595039372972e+00,4.735968503952919662e+01
4.242220092469763060e+00,9.063543850947359815e+00,4.916375973098222829e+01
2.253169299512350676e+00,2.509666613402980140e+00,2.725864596117832761e+01
1.353625715468154134e-02,2.998005275652358748e+00,2.066341349512870806e+01
6.536615756438524105e-01,4.875711936733843288e+00,3.106086384390231458e+01
8.146710047099892549e+00,6.118310201032214124e+00,4.268336627203024847e+01
1.995424509291451320e+00,6.802282424312913633e+00,3.679686428726924419e+01
5.189177052828375380e+00,4.696596677505504580e-01,2.787023981744259515e+01
8.108785810079183420e+00,8.358259279105160644e+00,3.175911486676440276e+01
1.793646820122104524e+00,9.706765454097441292e+00,2.972738616701161618e+01
1.501690008170416535e+00,7.374337687214856274e+00,3.368108050595355252e+01
7.722447692966573740e+00,1.987156815341724059e+00,3.452589662140010063e+01
9.699143978146032907e+00,8.421189231357086413e+00,2.017889187643653415e+01
3.878260899169312381e+00,8.035376594626033153e+00,4.795560346269603968e+01
6.509734671509541215e+00,5.454318694069054452e+00,5.365134932362421694e+01
9.634992408875882930e+00,5.190322801295486954e+00,4.125220924425533298e+01
9.844021807035520766e+00,5.256901823026858267e+00,4.208513055178021744e+01
4.191521671625753065e-01,4.191828759021213102e+00,2.750589254400182426e+01
5.387017979527142231e+00,4.978125080342902464e+00,6.441645051924299992e+01
6.364013701834069892e+00,5.113538144210072467e-01,2.819322745632649330e+01
7.875490858587792076e+00,2.510013832623002372e+00,3.785232786808548155e+01
2.698207201282143419e+00,8.250494101800621038e+00,3.781483696916903625e+01
7.699935530986108390e+00,2.158210274968431541e+00,3.766382043600815166e+01
6.448326040223138378e+00,3.951309076115032681e+00,5.302586257432236039e+01
3.734579451327052269e+00,2.553363737632441399e+00,3.034681629965016114e+01
5.197128365147241080e-01,5.412963353010704637e+00,3.361529776495851252e+01
2.182339677548950085e-01,6.637896861755891109e+00,2.624437208524476972e+01
9.082284887003229557e+00,7.587153211639207306e+00,2.919241401368790889e+01
5.533711897497718191e+00,5.031324725515400331e+00,6.114535871222481944e+01
1.270605126518847827e+00,5.222432600548043702e+00,3.981899453129750555e+01
2.238176148226230566e+00,5.369744228934135499e+00,4.607695646524731359e+01
8.473879305713737153e+00,6.239406859827723029e-01,2.428444001928335538e+01
7.158249646820885381e+00,9.090325206656409307e+00,2.860211703760681345e+01
7.948113035416484173e+00,5.026370931051920898e+00,5.118291228042442498e+01
2.056872621955551317e+00,1.213864181594064284e+00,1.924222589462721800e+01
5.771225860383207618e+00,3.571211593005028107e+00,5.234144614874546875e+01
6.451727904094498811e+00,1.743664290049914412e+00,3.720373874446532625e+01
8.104621590764793382e-01,2.201832019498113358e+00,2.030566234689031901e+01
6.920112559466547353e+00,4.579289944340279028e+00,5.578249736583678242e+01
5.648411332626164238e+00,6.570863942835236671e-01,2.758267801389099816e+01
8.925232899548461774e+00,4.433800143791877701e+00,5.352834470018506607e+01
9.404585843529142508e+00,9.539285770025873745e+00,1.586075295576310928e+01
9.416919866580306220e+00,1.673570322367810004e+00,2.884345558312591962e+01
1.144876380659051174e+00,3.838388830449794842e+00,3.034263880188505169e+01
8.287375091519294301e+00,3.567533266935893010e+00,4.970994625502268605e+01
3.797857801792297927e+00,8.633336495718252124e+00,4.357477261114502198e+01
5.465771420322949048e+00,4.328160022094692749e+00,5.957020858576461109e+01
9.343670147690147587e+00,9.255685129067764194e+00,1.661239252161878710e+01
7.884473432532987047e+00,6.649849034759952815e+00,4.099283997416954861e+01
1.536910428442045395e+00,5.726072328820224655e+00,3.958652288504895722e+01
8.373670797701507240e+00,1.697284285769231627e+00,3.097675802901267161e+01
4.600264202175274875e-01,4.072880231897013648e-01,1.372198297315445892e+01
3.745401188473624909e+00,9.507143064099160767e+00,4.468934036939023713e+01
7.701582117570959340e+00,8.071555373648825693e+00,3.128226708779363818e+01
3.924935564066847959e+00,4.799388347171235303e+00,4.035373935356076913e+01
7.133495858845524396e+00,8.952068376871993749e+00,2.902920284494551595e+01
9.028949951919871708e+00,8.522638743911814529e+00,2.068671981698683737e+01
4.715761885501583706e+00,4.118409141472685775e+00,4.127307731923082912e+01
6.761256359221490264e-01,8.003565078223616069e+00,2.855784524451786766e+01
8.764274676383854157e-01,9.369578230310628086e+00,1.990310952775333320e+01
2.387771457683023346e+00,1.104741131313946578e+00,2.284148165508246464e+01
3.180034749718638754e+00,1.100519245276767588e+00,2.502440021589900354e+01
8.247432373470076072e+00,2.923831104121931368e+00,4.194679623037752236e+01
5.519068387744855642e+00,5.609379715353862927e+00,6.215703184982287155e+01
7.177580622651302811e-01,6.826172212234023817e+00,2.879943105169002138e+01
9.913279015642205039e+00,5.444823328002629026e+00,3.568286212808950353e+01
5.670162609866677528e+00,7.384492092513265327e+00,4.448023118990204949e+01
7.062461625552622024e+00,6.226895409497974043e+00,4.744123302092653205e+01
5.390945527360086587e+00,2.824724263700036708e+00,4.629815599670543236e+01
1.548286125977198502e+00,9.447362587830795633e+00,2.940477036274085521e+01
1.957911347892964393e+00,6.936130087516545473e-01,1.710863226718667462e+01
9.325548784193120611e+00,1.186437657415803093e+00,2.590233487432134396e+01
9.150900684070432334e+00,5.330288672461399813e+00,4.097848674718773765e+01
8.859777482361870682e+00,6.158631881823045440e+00,3.707000210467762713e+01
8.275378955668742265e+00,7.336143805614020685e+00,3.700404955611668356e+01
4.928195845328246172e+00,2.999420697770226241e+00,3.753091405127226921e+01
8.773730719279553725e+00,7.407686177542044170e+00,3.381302635607200813e+01
5.700611700893649214e+00,9.717649377076853501e-01,3.105539562697741829e+01
6.707323119058340666e+00,5.604406309804399910e+00,5.318771858456628365e+01
9.193919732144173906e+00,4.969634829058302117e+00,5.520731671315019895e+01
8.860471396967906088e-01,4.876278096672108653e+00,2.949151618408035702e+01
7.567301670685679937e+00,4.422938054511353023e+00,5.433689188031348039e+01
5.816379550547579047e-01,9.948663171697671004e+00,1.835679000583667175e+01
2.287981654916224628e+00,7.697990982879299171e-01,2.244397752522710121e+01
2.453523141662110607e+00,5.773215922511720777e-01,1.618938239664538514e+01
7.279393069737651878e+00,4.964611523552997951e+00,6.184977642489953098e+01
7.711228158518865783e+00,6.546506868659545120e+00,4.052660560530529921e+01
5.030839507798363641e+00,4.493497420396420416e+00,6.313136595874360779e+01
2.576828885112136813e+00,4.626229567393163045e+00,3.800824156434900658e+01
7.582631959290226042e+00,2.458691645880151100e-01,2.221772709107068522e+01
7.314964640431390386e+00,8.244715176045490423e+00,3.425936509926398799e+01
3.910328691273986301e+00,2.342033709263341201e+00,3.227306565035010522e+01
2.131047040250833025e+00,3.113408288451136041e-01,1.498190160650081815e+01
2.484891398144657426e+00,7.439462925726769704e+00,3.983531088826504885e+01
4.539899111996989589e+00,7.624469586748684691e+00,5.578558426088524413e+01
6.245759361907143870e-01,8.834647629860606699e+00,1.912099713751376839e+01
8.173053122132367676e+00,9.303984201693255685e+00,2.672456732065008111e+01
9.540510272587223284e+00,6.061746344508800455e+00,3.659326806094708928e+01
4.928645844474466742e+00,4.042897472548690807e+00,3.858214483893679159e+01
8.064036172328394869e+00,4.592398775969580349e+00,5.551643334343297909e+01
7.387231507265664021e+00,1.374555401134525123e-01,2.490773929568195300e+01
3.046137691733706632e+00,9.767211400638386998e-01,2.084511984953295993e+01
3.460997265377855570e+00,9.756102008599148334e+00,4.242374206555435023e+01
5.716126894698998484e+00,2.799790936602841729e+00,4.502510353449778790e+01
2.538635566034486146e-01,1.561525973661903599e+00,1.872735587005904989e+01
8.141256855911617407e+00,6.851343098744840709e+00,3.655646767920074325e+01
2.914609134937938606e+00,2.075409362057034635e+00,2.721920173388237529e+01
7.373570773877996309e+00,4.760181293687665516e+00,5.948312622096625546e+01
8.985606046748394249e+00,7.831984132986259617e+00,2.860257757720966865e+01
8.795818549515292517e+00,8.705784250460069984e+00,2.304238449164789770e+01
2.292513952326414639e+00,7.222525683930662410e+00,4.041061930828129078e+01
9.627683502532061510e+00,7.560504061675077381e-01,2.293882677172607387e+01
7.590052825219309796e+00,1.025159640664744520e+00,2.570376545486420028e+01
2.886937367706998714e+00,3.556727164649491346e+00,3.214232272404198909e+01
8.273683561818989673e-01,4.845379950800108304e+00,2.857674409499820811e+01
7.378695185615300467e+00,8.341445970006757804e+00,3.135867082498132774e+01
2.535074341545751064e-01,9.626484146779251461e+00,1.735290544870329299e+01
2.565300624442477861e+00,6.541746014740744464e+00,4.260560540000201257e+01
2.078862551460272989e+00,2.653220387381971523e-01,1.527351149200631042e+01
4.805865773266480012e+00,5.924077846595175778e+00,6.247348405555560191e+01
9.595766443210333563e+00,4.878540439263624684e+00,5.561221040131088955e+01
4.464195164015821504e+00,7.983803405183524937e+00,4.992469078754098888e+01
3.098068753224689775e+00,2.499569463976212269e+00,2.943920405521888028e+01
4.261813022359729253e+00,4.513870243296755014e+00,4.207583991378277233e+01
2.692432309493809406e+00,3.772841631046226496e+00,3.001019303990585030e+01
2.007119777772636837e-01,3.220791655831782840e+00,2.521568807163431103e+01
1.346930044853200670e-03,5.111291392372297793e+00,3.145844956782758928e+01
8.863285113468899468e-02,9.978208556819781805e+00,1.756890970167332000e+01
8.681422543775052958e+00,1.771497894473859080e+00,3.226168808159336976e+01
7.915790437258484857e+00,7.896181427945538900e+00,3.364468132579384019e+01
6.847311725538792970e+00,1.626169393448912981e+00,3.330233066832789035e+01
8.967884099060118075e+00,4.739616402628723080e+00,5.806062105966204001e+01
1.755236336662890917e-01,2.933086107805646936e+00,2.137524713304976487e+01
6.195879548978295404e+00,6.502010923981533352e+00,4.853104702249380153e+01
2.434822965762992730e+00,9.270345447963066476e+00,3.505520385778349635e+01
3.394501925428060396e+00,8.148251137465122085e+00,4.303201270948726176e+01
4.521867010618940697e-01,2.636697449725200482e-01,1.219070094792948922e+01
9.580734801193802497e+00,3.679407513020844789e+00,4.410773327451029502e+01
6.085272726964666035e+00,3.495063720868187840e+00,5.152722278388634436e+01
9.368224620330918739e+00,5.225787928602376731e-01,1.937622126133167910e+01
8.275189221063030232e+00,7.645277946547176740e+00,3.356374899324327288e+01
5.804676009936960313e+00,1.391967013456955060e+00,3.391984109874668718e+01
9.064721109645470065e+00,6.242379959139920942e+00,3.706696786049769088e+01
2.058449429580244683e-01,9.699098521619943014e+00,1.630171848210162722e+01
9.747931621467831320e+00,6.503256863469369264e+00,3.399837758391886666e+01
7.623026245009599577e+00,3.893801668766561086e-01,2.208579148996406261e+01
4.818601239329622921e-01,3.600504659009783559e+00,2.405581459818896661e+01
8.254156641239481118e+00,8.448713477552288964e+00,2.934305589537146375e+01
9.694123223352875129e+00,2.581334327011275409e+00,3.411270044759738340e+01
9.667644964671961993e-01,4.503709362581851394e+00,3.143647336043432006e+01
6.961561451379251864e+00,3.827987644363878061e+00,5.099803408211204214e+01
9.839776479598281611e+00,4.093340063150430197e+00,4.689416230724032175e+01
2.848404943774676124e+00,3.688694735453279527e-01,1.939382840685650677e+01
2.752391810370082847e+00,7.094388646339747417e+00,4.434552020401191186e+01
2.419316803155295847e+00,7.139526325065897794e+00,4.224114667520749578e+01
5.057310382422885997e-01,4.261212379522307359e+00,2.824496628808914167e+01
8.177853298569450757e+00,2.135113663106719351e+00,3.605754041815117006e+01
1.140957848879333714e+00,1.512468287349345575e+00,1.945881385368365812e+01
6.880455570741288440e+00,1.203875787890890114e+00,3.048366443337805265e+01
9.164205445320662946e+00,6.354143568619098126e+00,3.680663892943527316e+01
1.996737821583597361e+00,5.142344384136116275e+00,4.446250088620428897e+01
6.786699566725648225e+00,3.619199908378649688e+00,4.864966171156811470e+01
3.245118001753421133e+00,2.695118622922726637e+00,3.062937090695880826e+01
3.924451074226353864e+00,8.165994394715770710e+00,4.767626774196013884e+01
7.951861947687036469e+00,2.708322512620742195e+00,4.389192677989753832e+01
5.326172664550231417e+00,2.424705036347296616e+00,4.521201828620721130e+01
3.067765995221412023e+00,3.529585034523565756e+00,3.439926425896595674e+01
1.278668012224175587e+00,7.655467505158608077e+00,3.201380390261520859e+01
8.257109515606670058e+00,2.857075676608903159e+00,3.979766860884512170e+01
5.570405132750351207e+00,2.313806363768480256e+00,4.068701399036331168e+01
8.191888594267901169e+00,8.842064633484078229e+00,2.607829821967877848e+01
1.657481769652207060e+00,8.908555349831466685e+00,2.989948075188169696e+01
3.594911512197551673e+00,2.935918442644933624e+00,3.444385638630467383e+01
4.366141897687660922e+00,5.800888346694545561e+00,5.723994683568579944e+01
8.925582274864744647e+00,4.194479939573136029e+00,5.069250516443797494e+01
6.109809888509917464e+00,4.110284698067046882e+00,5.753691515857577343e+01
4.925353807142892393e+00,4.421070346797200123e+00,4.244404210306501568e+01
4.187933190741613743e+00,2.601577909620511608e+00,3.065590638334253981e+01
3.546662049850828335e+00,5.506633794408514859e+00,5.328122385400450867e+01
6.075448519014383209e+00,1.705241236872915289e+00,3.765507472771976438e+01
9.504591705752957864e+00,5.816222929891935678e+00,3.595994022021136516e+01
1.202072291205762422e+00,2.655828329586060743e+00,2.581625146319272446e+01
2.157406791764540976e+00,6.778132003100441949e+00,3.976944006615207172e+01
9.174858431319902863e+00,2.905045056714203877e+00,3.893426227795988126e+01
9.189265336395544992e+00,2.522410201733615853e+00,3.646427248476067717e+01
6.409720773453320142e+00,8.224805636343608839e+00,3.914353415182544893e+01
6.195893374598407277e+00,3.554930104413573932e+00,4.948794428957145186e+01
7.066298698787095489e+00,6.100074170794856698e+00,4.885840836679408028e+01
6.150072266991697845e+00,9.900538501042632333e+00,2.890480679965896371e+01
1.340152284506407332e+00,2.878267631333897292e-01,1.603238053755940129e+01
4.323348010426019350e+00,9.436159201675987873e+00,4.612557721190322013e+01
2.747315255195195149e+00,3.945760755976464029e+00,3.233374464106188384e+01
3.516226872396344127e+00,1.014208284492165157e+00,2.451639098324895016e+01
3.897932066113041216e-01,6.668473913056580216e+00,2.851966984945070394e+01
9.743948076661665070e+00,9.862107444796029299e+00,1.229688180340844461e+01
6.766836190000158346e-01,7.078350972297686283e+00,2.773791237220834915e+01
3.711724234376275966e+00,6.010741668002329341e+00,5.302108483900440916e+01
3.720180857927831930e+00,7.764129607419968160e+00,4.685816007113186288e+01
1.839067654746673330e-01,9.142988065604990666e+00,1.760689859327032281e+01
4.547398556338590581e+00,5.155960285792502873e+00,5.914852164569477111e+01
1.627909892062293640e+00,5.952128341268747569e+00,3.826009749920665826e+01
1.187090955091114619e+00,9.805682270607235296e+00,2.440508022174503466e+01
6.920736470243689098e+00,2.062521138361526063e+00,3.875513463096915245e+01
5.936607912085384520e+00,1.013118402774337845e-01,2.506937884515041759e+01
9.009608956904678223e+00,9.961576734987788839e+00,1.869797588476881600e+01
8.670723185801037403e+00,9.132405525564713855e+00,2.004141844582070675e+01
2.857120862818607332e+00,8.685991281894603233e+00,3.773763552812017963e+01
2.306698117177586660e+00,1.765280320055082619e+00,2.444263463403688519e+01
7.264617151130048356e+00,9.918099513493634944e+00,2.619492650200766093e+01
1.097361986775035048e+00,5.479594889736929986e+00,3.591047934378627104e+01
6.769407829968373314e+00,8.379083748518036501e+00,3.397346046295910327e+01
3.892016787341630923e+00,1.083765148029836034e-01,1.957853990057076032e+01
8.973658657909318492e+00,6.226305335986580758e+00,3.699649573624212451e+01
1.952406029564920376e+00,3.453419522448878176e+00,2.664488798130665614e+01
5.484191629935626366e+00,6.646332577627211968e-01,3.029009224857326288e+01
1.412235433731494627e+00,5.708774168394762150e+00,3.768204113814920220e+01
6.127958355365104026e+00,9.384821582141546159e+00,3.448572123346222895e+01
8.078459419412585163e+00,7.622851347766157915e+00,3.596077660762677652e+01
5.414076073475851736e+00,1.541450431784870956e+00,3.956655578671908557e+01
8.442123252861431837e+00,4.840205725094040901e+00,5.611642738279709874e+01
2.689934044350976716e+00,7.975591006371881342e+00,4.017435940549781748e+01
8.433261677878832074e+00,4.850946599795401326e+00,5.767032662994845538e+01
2.496689527402301323e+00,2.632473465180111827e+00,3.031308421873871595e+01
9.208478478156868263e+00,6.166503145207380854e+00,3.539472219596550673e+01
9.007018640112585572e+00,4.217209268734554151e+00,5.258011750591925448e+01
3.842067129858002250e+00,3.899601257491158712e-01,2.229759549159239285e+01
5.116774421156661035e+00,5.321134852653156777e+00,6.141379455460584325e+01
2.009336886590564752e+00,5.358276844730812449e+00,4.133712306125773495e+01
3.063134987782127006e+00,7.889851599207933219e+00,4.270133406303443024e+01
5.522117123602399147e-02,8.154614284548340919e+00,1.862014497370860511e+01
5.784267656339636687e-01,9.691026301408113497e+00,2.061200874749108536e+01
2.768277972350515981e+00,5.923503285933621854e+00,4.717708740271408629e+01
8.891279239400098788e+00,5.788067545119405466e+00,4.220046145635411250e+01
4.886431904046657948e+00,7.704074178077932267e+00,5.657592426024329058e+01
8.644332468683641579e+00,5.869365065589070340e+00,3.969533351292027845e+01
1.246626812032668452e+00,9.208418826173723204e+00,2.753870993547057466e+01
9.917809958721590657e-01,4.014943158612882534e+00,3.036440240494519927e+01
6.924928266692252699e+00,4.299310773901481753e+00,5.456378207533898461e+01
9.629920038589945719e+00,3.418721660386860872e+00,4.523321976763534735e+01
8.361177032072488302e+00,8.213883629006943465e+00,2.701480381367485606e+01
3.374542789642289708e+00,8.706884554574394031e+00,4.327829841681781176e+01
9.442664891134338490e+00,4.742142166574637940e+00,5.559599377272596143e+01
9.609201469288246145e+00,5.359350788521181741e+00,3.726513014032893523e+01
5.550849493022862902e+00,7.330712960296748015e+00,4.862615996087453141e+01
2.800373295504894333e+00,8.583416767991208118e+00,3.842217141095323285e+01
5.982252940637388328e+00,7.356631142391898415e+00,4.578272960204304098e+01
3.497032297458495531e+00,7.746535311811818758e+00,4.736447050590957986e+01
3.230273457540938864e+00,8.979191869576657936e+00,4.089765379993313843e+01
4.287020209864335740e+00,2.916976364526446819e-01,2.524123007949266650e+01
2.865242757765451564e-01,5.832523923125567222e+00,2.851953924872615076e+01
5.138544642067676804e+00,5.088905555910558931e+00,6.296488593250334986e+01
8.066935196947392583e+00,9.848584027624758264e+00,2.316315966796794257e+01
2.686773593849460795e+00,5.416342146608669417e+00,4.808560856764852787e+01
2.043163833989702916e+00,5.078050639587790904e+00,4.093254057088481090e+01
6.601973767177312880e+00,2.799338969459428395e+00,4.767082530434669252e+01
7.049194564314464895e-01,1.856467049012430204e+00,1.911298517978103817e+01
6.102251494776412599e+00,1.353540822776855279e+00,3.510907295110095561e+01
1.407115280487584164e+00,2.020156684024899896e+00,1.951296742007226470e+01
5.201635011119933871e+00,8.521815003185400528e+00,4.271406205562357883e+01
8.938925830509576897e+00,7.885972112245307031e+00,2.677093465057413368e+01
3.169465877911192830e+00,4.345959608587117273e+00,3.717076893871015386e+01
3.636296023792939813e+00,9.717820827209607160e+00,4.317503804286675262e+01
4.148195023376652024e+00,2.734070719307062358e+00,3.326503637952363590e+01
1.017824726204037411e+00,1.528591391843320269e+00,1.867731376957073763e+01
1.657745401632757520e+00,9.456981470002823187e+00,2.751513554413829965e+01
9.017740285462286565e+00,2.034727424975958598e+00,3.114916607175048568e+01
5.168172116860769716e-01,5.313546315681479726e+00,3.531886372205916302e+01
6.533907612995548675e-03,8.706690341255177046e+00,1.880409738244281925e+01
1.448948720912230925e+00,4.894527602775630371e+00,3.200427321733550912e+01
5.243902693275800608e+00,4.407627469382281227e+00,5.917886985135400835e+01
7.643533864364274066e+00,6.237430848640091341e+00,4.457814853391811738e+01
5.214490241668801040e+00,6.845871933357805528e-01,2.931500294318310296e+01
9.043597749938571795e+00,8.174078473061094030e+00,2.766965399921915036e+01
4.741738290873252382e+00,9.783416065100147829e-01,2.725467382097585656e+01
1.915929457348257703e+00,9.182390866754371217e+00,3.058194159854523164e+01
9.327105081327612623e+00,5.442539661136977180e+00,4.058786062004604389e+01
1.007780013774266514e+00,1.822182565154972789e-01,1.559721392646351390e+01
4.174110031487789918e+00,2.221078104707302714e+00,3.244944686341857931e+01
3.012652607600003751e+00,5.983574842977588126e+00,4.735224677011012773e+01
2.064212717606031866e+00,1.099582865848047764e-01,1.752713300552994724e+01
6.775643618422824588e+00,1.658782892785615193e-01,2.436383187220866375e+01
6.083195000077717296e+00,2.810497501668891562e+00,4.524414246690802344e+01
8.167794665056360870e+00,1.816139677566026567e+00,3.303479995416894610e+01
1.081108363519633908e-01,8.265510741914642523e+00,2.068022518524964681e+01
1.439348862975586840e-01,1.160726405069162359e+00,1.673052629414371140e+01
3.356104542698426840e+00,9.785254683891405847e+00,3.488847885973855512e+01
9.502373538208024328e+00,4.460057729579557595e+00,4.854599827266378753e+01
1.732018699100151826e+00,4.338516492379730138e+00,3.380224905630669952e+01
6.284264566145870923e+00,6.886316293078755812e+00,4.708881815753851896e+01
5.227328293819940797e+00,4.275410183585496071e+00,5.758963571313785224e+01
6.194903460096145231e+00,4.634940438005723529e+00,6.167786474749611614e+01
2.950407076541562645e+00,4.860004937976030170e+00,3.781521524316500660e+01
3.390297910487007016e+00,3.492095746126608891e+00,3.436141084566487081e+01
9.811778367622945751e+00,1.901076497837276280e+00,3.112530152337096823e+01
2.374334683748062780e+00,5.123637775457906329e+00,4.402334446247621713e+01
7.143266357349975948e+00,4.617161438131191176e+00,5.663191281056014503e+01
6.350936508676437775e+00,4.530400977204451785e-01,2.360385308437458463e+01
8.018001408190345014e-01,3.547712918359842149e+00,2.599355955548401909e+01
6.603027197013381588e+00,7.643726622217359434e+00,4.160028578882724304e+01
8.940992036791344688e+00,2.299546058910861834e+00,3.437482972148377769e+01
8.352491468001876918e-01,2.111259425580374050e+00,2.015698362800479160e+01
8.689049844787181343e+00,5.706097466388296624e+00,4.222204933151123640e+01
1.865670240513057632e+00,2.850951686938470786e+00,2.774511625033802886e+01
4.096288948952320652e+00,3.112174950633935566e+00,3.575789719010774093e+01
1.163663978854760916e+00,8.174497084911916289e+00,2.565892494042187266e+01
9.555236959549347375e+00,1.823258267636163055e-01,1.509960875432263450e+01
2.272696272631514525e+00,7.319592376844363812e-01,2.216809395469706701e+01
8.525474212459705825e+00,9.379652314338942531e+00,2.141180990287379160e+01
5.730422006190156736e+00,3.252111962762112896e+00,4.949621011408902405e+01
7.845581631712394977e-01,5.444969591038651302e+00,3.469137755214184438e+01
3.174376537298861933e-01,4.233351441531975290e+00,2.634461340002854257e+01
2.419176389135524463e-01,8.316970436757735285e+00,2.220999144612882858e+01
3.683472137943513136e+00,4.323462264033473446e+00,3.750150232093688629e+01
7.399041207669303510e+00,9.180765521991506972e+00,2.941664894508480899e+01
5.098540095504576541e+00,5.012756446257293774e+00,6.471965622303031296e+01
9.337494230014700136e+00,6.838664518353432697e+00,3.383628008779326279e+01
6.298206544347077163e+00,4.032106331838227753e+00,5.503292527978548776e+01
9.730767979122983746e+00,7.592925069184736309e+00,2.624647437907368541e+01
8.565372237479268236e+00,7.011698615902597354e+00,3.632391840748469036e+01
2.497166211704959782e-01,4.490387679301258927e+00,2.853849720757792596e+01
5.855092924397919951e-01,3.342383186960607766e+00,2.402325907301693420e+01
2.719497261286309975e+00,7.593982624179637320e+00,4.127377592178078203e+01
5.520471808519802792e+00,4.361265291353166873e+00,5.995113503197472937e+01
6.692002629380784384e+00,8.292867993167554630e+00,3.561413978502570643e+01
5.399571302805595607e+00,8.420332943764211819e+00,4.333230063107971830e+01
2.587116421554409573e+00,4.344033190066097561e+00,3.422495587790861293e+01
9.988926120332905612e+00,3.266392494259109380e+00,4.094099908335664395e+01
4.769001064679700086e+00,7.183311753720039938e+00,5.548857320370968438e+01
3.985047343973734613e+00,6.158500980522164880e+00,5.579048589832802918e+01
9.866301229588469113e+00,9.651186964360455534e+00,1.067603917816472325e+01
5.270414639116516753e+00,4.260833838903714366e+00,5.752787684105553012e+01
9.611354854075930376e+00,3.894818949024203558e+00,4.790485116471359106e+01
3.041987196362808454e+00,3.039425122550273528e+00,3.344657958799235331e+01
6.364090928664234426e-01,8.313735143857098109e+00,2.224583308914884938e+01
5.353101314525916976e+00,2.152018720172375055e+00,3.725132914309902787e+01
3.926941424165231176e-01,2.719986053443560259e+00,1.995166729163142350e+01
2.288754624834989926e+00,5.968518768877594027e+00,4.110561796052624572e+01
4.742550209769536451e+00,5.606782949389499393e+00,6.077768526221569800e+01
1.106317369552072272e+00,8.464522917345181696e+00,2.573458871935182302e+01
5.735289514555732993e+00,9.560471436119330590e+00,3.527497756129220363e+01
5.769038846263590870e+00,4.925176938188639220e+00,6.148892666213634328e+01
3.320310879136656457e-01,7.857849715502074339e-01,1.231330911161110819e+01
1.958330841342700301e+00,1.408029488926760830e+00,2.068063777442776896e+01
2.653261375554669677e+00,6.015538792998240680e+00,4.717031811110406636e+01
6.773931298888728136e+00,5.657815548409963924e+00,5.154781069206251232e+01
9.840131632104643700e+00,2.884054378187457246e+00,3.988384282455373153e+01
8.800790875614582731e+00,6.508773690471941542e+00,3.809666299304878123e+01
3.352080473708727304e+00,1.737615931357437971e+00,2.776343003113045782e+01
8.819277583046439162e+00,4.274896879206151468e+00,5.155227942708422972e+01
4.685190852760312552e-01,2.761695578208994917e+00,2.522638278074364493e+01
1.163475536614111405e-04,4.165658284822921331e+00,2.540464317091406699e+01
8.011484638467514241e-01,8.948166560605276487e+00,2.391004513023393230e+01
9.811925291641157898e+00,7.931428739967394392e+00,2.300519688580332911e+01
5.406351216101064949e+00,6.374299014982065970e+00,5.472197932068461768e+01
9.166352358412073187e+00,4.309852205132962411e+00,5.030497156376976164e+01
2.741606665598058434e+00,7.941936898898660502e-01,2.126217844643325705e+01
7.689874151805105029e+00,9.447657298824280403e+00,2.646059692937007668e+01
8.448753109694544960e+00,2.327193573582586605e-01,1.953767166506721509e+01
7.328015447662505899e+00,5.422372054918483286e+00,4.927775756903491811e+01
6.458223862864842957e+00,6.369023174547432831e+00,4.900863937557773653e+01
3.505875588065969772e+00,5.899176868546330610e+00,5.206188030747516393e+01
8.738900775625152662e+00,5.974131021703082745e+00,4.010675501083927230e+01
4.440437492022029531e+00,6.262343214210638109e+00,5.626661409788966495e+01
8.371196278306522132e+00,6.195262000363033650e+00,4.558773716155995004e+01
4.755460374868266449e+00,5.430245839576631539e+00,6.248399542037027743e+01
8.735786241067772906e+00,9.208724005318131844e+00,1.906363660443844310e+01
7.848969771114675531e+00,7.076809347409157347e+00,4.077860743805761956e+01
7.987141916545745346e+00,2.928220367009647163e+00,4.014510190831192205e+01
7.120140203307807170e+00,8.259782127080818270e+00,3.249605476111917568e+01
4.077514155476391622e-01,5.908929431882418370e+00,2.762457272486892634e+01
2.886305532402557716e+00,5.812382214226122557e+00,4.825145383956603240e+01
9.291447172116873432e+00,3.873225179753140068e+00,4.672278593121558998e+01
3.553845686857393993e+00,7.837917844853972582e+00,4.839804135218182068e+01
6.764679372263621815e+00,8.049889996807698012e+00,3.623398407456735271e+01
7.308156202701499016e-01,6.223432646172461169e+00,2.993700933983947010e+01
3.755829526399439899e+00,9.398193984086899988e-01,2.673273798638017240e+01
5.912754357449292897e+00,3.990027038701302597e+00,5.543831962702039107e+01
9.243961953765303718e+00,9.710582451653678504e+00,1.602472649813394057e+01
2.773811829811326568e+00,1.881211597237613109e+00,2.650024496263450047e+01
3.976123785528705490e+00,2.642762631586392796e+00,3.470597391915734420e+01
6.725591396736785299e-01,9.491793682166971280e-01,1.601042992858439717e+01
1.168980407083640705e+00,9.398321236134751899e+00,2.312932008739126744e+01
8.512069140487687591e+00,4.951465270139743247e+00,5.833289426590396687e+01
2.466036349780246439e+00,4.840770697102016129e+00,3.750579201434971566e+01
1.185026235981515574e+00,2.888849389091656672e+00,2.398643973017700759e+01
8.224223736682784391e+00,8.575623376612837134e+00,2.601454268218252608e+01
7.671882889311269160e+00,4.019309136092421575e+00,5.553849218513516917e+01
9.849896561408751694e+00,7.720124763099903475e+00,2.208129656694842424e+01
5.617607734743901293e-01,4.910957293831651249e+00,3.210741826640995811e+01
5.076103786844550214e+00,2.424097324150802368e+00,4.348789473030002029e+01
3.667142693354297212e-01,7.364020150656404695e+00,2.518185390661325584e+01
7.021460961818294599e+00,1.716939077054495666e+00,3.511121648031715381e+01
3.127779892103540682e+00,6.543420054927197249e+00,4.755057386615876425e+01
1.206358711006008111e+00,4.607787680327257718e+00,3.459381117104334891e+01
4.722818041629817110e+00,8.801567379214850106e+00,5.297674423498422414e+01
7.068573438476171589e+00,7.290071680409873522e+00,3.809668767429825209e+01
4.666931208844084189e+00,4.821320989198419227e+00,4.295657340479949227e+01
2.013637821359743896e+00,2.586208348880387753e+00,2.678107307753295885e+01
7.259556788702393959e+00,8.971102599525771382e+00,2.855399795434146171e+01
7.538680827099129900e+00,5.778911126940883491e+00,4.697274029627944003e+01
6.971358058918092127e+00,6.486389567688155111e+00,4.863915329794456710e+01
2.004745155284028080e+00,1.092642103096214123e+00,1.938228608596674007e+01
9.734889691773968678e+00,9.688778552856915027e+00,1.334803741795082566e+01
2.473403158190833118e+00,6.406151835488874013e+00,4.342432010666986741e+01
4.317373579701166975e-01,1.648148157294371252e+00,2.001856113399442805e+01
5.768573811327001977e+00,4.639816981668873908e+00,6.110813643213761281e+01
2.284547413312987274e+00,9.963339160567418418e+00,3.009664161080730338e+01
1.725238769463620647e+00,5.679742973160805342e+00,4.006662985004125233e+01
6.981617140197451832e+00,5.360963663441204119e+00,5.259241997319811901e+01
1.909265850716435065e+00,6.946409588937277668e+00,3.855401680765083938e+01
3.139667173773528219e+00,8.884036723086811804e+00,3.868737824663141112e+01
2.260289978159997215e+00,6.404760421758439293e+00,4.046571567713125006e+01
9.548652806631940493e+00,7.378969166957684678e+00,2.827711815363005599e+01
2.002820178676258944e+00,6.167836078525411381e+00,3.576059441134049877e+01
3.614037790671863704e+00,8.597946748116456206e+00,4.515617825949063757e+01
8.537849217046669992e+00,2.419771303170453969e+00,3.937224387817265381e+01
3.062536207866116911e+00,6.238958362916385170e+00,4.889626286351157347e+01
3.965427823212701597e+00,6.220867002278734681e+00,5.513849746747815317e+01
3.480955931682880866e+00,3.717392949063302865e+00,3.504556277759525784e+01
6.204737850519705944e+00,7.422531871990871721e+00,4.441997106659622574e+01
3.223538449747229695e+00,8.098744458546349279e+00,4.195337510077379761e+01
3.881657061269955022e+00,6.741302955360629845e+00,5.062997986079470536e+01
3.010460778343130528e+00,5.026312426301304370e+00,5.204653034238506848e+01
8.718435277452320165e+00,2.924728303455914613e-01,1.966386873964123083e+01
7.982951789667751541e+00,6.499639307777651531e+00,4.360199474580763734e+01
8.174435617384409269e+00,3.418173516978759707e+00,4.616357580382133108e+01
8.955628481318386847e+00,9.091752640535856855e+00,2.147899418601761568e+01
8.902150026361743684e+00,2.874095964655797530e+00,4.270453329623112637e+01
9.876495637360578783e+00,4.010919141248248110e-01,2.000987551484682569e+01
1.195942459383017020e+00,7.132447872229949581e+00,3.389255231896135712e+01
7.655128989911097470e+00,1.589081676693535616e+00,3.128201050612084089e+01
2.714920025427113082e+00,9.042432914075650530e+00,3.706236114950972649e+01
9.447320222914102672e+00,4.674015112498697277e+00,5.509523840273295292e+01
3.764633668780495768e+00,8.105533307818328481e+00,4.829693748120280361e+01
2.650464283250040243e+00,2.094496103091281203e-01,1.730164629582616698e+01
4.427981365437374528e+00,2.610485262348480884e+00,3.678915201150814340e+01
3.806232934765800824e+00,8.779743204450694449e+00,4.643105011176949404e+01
7.481839120488463557e+00,8.066650530268164587e+00,3.347720804994133204e+01
7.260913337226615027e+00,9.758520794625345829e+00,2.337149735798365668e+01
6.340057030996113951e+00,5.399853797158554514e+00,5.562833731886460953e+01
2.963576135132883760e+00,9.383157286513160500e+00,3.738779271947986871e+01
2.946193963461931631e+00,1.431527766705997795e-01,1.806030746826410294e+01
4.252281854376938952e+00,3.757109039890738078e-01,2.499357098170160185e+01
1.918673247187429043e+00,3.233715621155207387e+00,3.036613288947804890e+01
7.534279222569690404e+00,7.689227821076409342e+00,3.492675090491847811e+01
2.599049792428328232e+00,3.451922084942105062e+00,3.271852608744233493e+01
8.359801205122058931e+00,6.959742060936980224e+00,3.706721066592000113e+01
3.187525029320699144e+00,6.258913764370090504e+00,4.841035697236080892e+01
6.360960464095422040e+00,9.132869475762367628e+00,3.369711680392884290e+01
7.087656552291542233e+00,8.363681876857098629e-02,2.195479987062743632e+01
1.682036557665181897e+00,8.793302156784740475e+00,3.172808017048376428e+01
5.543540525114006634e+00,6.117207462343522195e+00,5.422295016576484272e+01
1.815977168014256682e+00,9.084505613336283147e+00,2.966114150905212554e+01
8.275530522740469408e+00,1.707083633124801825e+00,3.295287155741765872e+01
1.006374785235333302e+00,2.398741127559447239e+00,2.084489936918211939e+01
8.065611478614497898e+00,6.587833667107173774e+00,3.960488170114899731e+01
1.260020278639942815e+00,1.964192158720173831e+00,2.282170905407180328e+01
7.117228057460486923e+00,9.811437317918219492e+00,2.409600072013261496e+01
6.775316138836846136e+00,3.731226184223835673e+00,5.224785852108044537e+01
1.409242249747626463e+00,8.021969807540397568e+00,3.186726956498243624e+01
8.237903842212947580e+00,9.550605114849888722e+00,2.147703964678346367e+01
2.280797719489324749e+00,2.120448399082266455e+00,2.590665476293221303e+01
1.980976327597401276e+00,5.653302545716099026e+00,4.045755717640363258e+01
5.511599619163720654e+00,4.381786132483444618e+00,5.588205542491157729e+01
3.315646990671937466e+00,8.550302016199351485e+00,4.319129299748181694e+01
7.496518317429247347e+00,1.300862401306319693e+00,3.347697663580768079e+01
1.109894692134810734e+00,4.470555438064254261e+00,3.276507095328686603e+01
5.277011090862998799e+00,9.929647961193003525e+00,3.195807486492849137e+01
2.295981607539686387e+00,1.175513001502199728e+00,2.196431911302497397e+01
4.622955610006071581e+00,4.117655415845085543e+00,4.386310217344968976e+01
3.969232762015960425e+00,1.327157540430603522e+00,2.745552220797648957e+01
9.310276780589921142e-01,8.972157579533266869e+00,2.618789849544386783e+01
9.715326909010506995e+00,3.313470071030507391e+00,4.002868064393781822e+01
9.658221611532200157e+00,4.324978783301319574e+00,4.955097627966883778e+01
7.945782787001903102e+00,3.467026672648332308e-01,2.177987062636292848e+01
6.483180074520955571e+00,7.410542257486707474e-01,2.685353066991260462e+01
8.082352100092220937e+00,9.476880259644707039e+00,2.189732321629946199e+01
9.860010638228708046e+00,7.533781852589416239e+00,2.728307858483536563e+01
6.721355474058785973e+00,7.616196153287175363e+00,4.220721166977582328e+01
4.305293384622075337e+00,1.425941440819087358e+00,2.922596521505857581e+01
3.924581862294800327e+00,7.542649733470226714e+00,4.899453194883083995e+01
7.695320162920915585e-01,6.962887758781397096e+00,2.960737198472372356e+01
4.252135044692334276e+00,2.246930832011739820e-01,2.159588828966010254e+01
4.368507026151795536e+00,7.295082286523967063e+00,5.382346862587913705e+01
2.564630610167659697e+00,3.553197484738876977e+00,3.123386751466669509e+01
5.695397795671036434e+00,2.595417831760903127e+00,4.425346442613660258e+01
2.190688091018577754e+00,3.672136250082114195e-01,1.709588130378773485e+01
6.182180633162611016e+00,1.011226761227902449e+00,2.820146478231396614e+01
5.833917947661204195e+00,4.008514167636398895e+00,5.304848830772059642e+01
4.896244620502447908e+00,6.447452485768185859e+00,5.784740679089608761e+01
4.574203381251285006e-01,8.715368061523761867e+00,1.910245346868048699e+01
3.745528870201213500e+00,1.668602016987528192e+00,2.540165382658639359e+01
6.277080530714178153e+00,3.349056146570861259e+00,5.238205336385227184e+01
2.932107716980645318e+00,3.286645453699159614e+00,3.115408545189576728e+01
7.069764874557161960e+00,6.268962162186586529e-01,2.714029797911980424e+01
1.500486646939842572e+00,3.246759268900599515e+00,2.779563534002459946e+01
1.065982531337718031e+00,7.513778173580876185e-01,1.555677050908285608e+01
8.398022856356172738e+00,3.838329519330439865e+00,4.891693523042240344e+01
6.337497047276774431e-01,9.899602323899452827e+00,2.156867290961495343e+01
7.507696492110556896e+00,1.254862967991506872e+00,3.123556504381404864e+01
4.711678989328146550e+00,8.216368977104716365e+00,5.097632380829400489e+01
9.657472098197475319e+00,3.951552974723050227e+00,4.807651771984628652e+01
3.270331615632386946e+00,6.675933855635847181e+00,4.936696748033200777e+01
3.433867021776442208e+00,8.345717902556277323e+00,4.423290294356536378e+01
5.712604699370973371e+00,1.430011226657263990e+00,3.547845157906514402e+01
3.269316163380791007e+00,1.488880503324446769e+00,2.810165428018549960e+01
7.288614422699469131e+00,9.539927731321062865e-01,2.760594068101676157e+01
2.972378077086172077e+00,2.999191115069846703e+00,2.887603766865169064e+01
7.147532764439458397e+00,6.845045256601678396e-01,2.630767085598734667e+01
2.859067892391601085e+00,8.159469389686172747e+00,3.766760625170505250e+01
5.577834173700249032e+00,7.306505102392461204e+00,4.543732457899976396e+01
5.675408482615581285e+00,6.894649691372657152e+00,4.891587816544831924e+01
4.497846488213225413e+00,1.946225118207650651e+00,3.010670537027360538e+01
6.842330265121568722e+00,4.401524937396013470e+00,5.577543574859651443e+01
5.633953507126401306e+00,6.246140481145316059e+00,5.639356342776657272e+01
6.385871716833579903e-02,2.870381331749127796e+00,2.215561929056626767e+01
4.386154191895904830e+00,7.252576604151364847e+00,5.249016314024777330e+01
1.697579050875407392e+00,5.197739485560176398e+00,4.074157599396941976e+01
4.032077561332521931e+00,8.336440104751723368e+00,4.897275424748313810e+01
9.536092127300355159e-01,4.500586394262252377e+00,2.958483625074313039e+01
2.063337184057925100e+00,3.642698610480754606e+00,3.360673903625645664e+01
5.718722712271865127e+00,5.877693608621981980e+00,5.706855423394350879e+01
1.694927466860924881e+00,5.568012624583501768e+00,4.241558413691947038e+01
6.726021182251262331e+00,4.437502193045711252e+00,5.675355420278125962e+01
5.476163882203133326e-01,3.351972416459009452e+00,2.666221584957031965e+01
5.844489097574260050e+00,5.383319432557134299e+00,5.850665402300352724e+01
2.931477302610132618e+00,8.963358185211196982e+00,3.746048714330488139e+01
1.170661073090406568e-01,4.220342601276390049e+00,2.413746399831349976e+01
1.989921389594367929e+00,4.183338641022801063e+00,3.112045721965363398e+01
4.603582712019262502e+00,8.645636095226699069e+00,5.003407747030470176e+01
1.440787860131995668e+00,6.239984855289824495e+00,3.718064669686221180e+01
3.952593154311577983e+00,1.817788672173619169e+00,3.168508726871788639e+01
1.002455637228766294e+00,1.659248063259788353e-01,1.432507479982408327e+01
3.050024993904942860e-01,3.734818874921441711e-01,1.087030602267964241e+01
5.784444944716060633e-01,9.577898009882039432e+00,2.208560969226741832e+01
6.366696821672073625e+00,6.139335847600618123e+00,5.160237754993900694e+01
2.651131054162181311e-01,5.857755812734632528e+00,2.723378806658647022e+01
3.264613082439918657e+00,5.177116433847114507e+00,5.023812844479127193e+01
9.467337289233956454e+00,1.059058044037576307e+00,2.530302597720547553e+01
9.411208125336735009e+00,8.763194331423115102e+00,1.811890691700967437e+01
3.032751475675955710e+00,1.010458110106466911e+00,2.300795000141012636e+01
9.944139275934515965e-01,2.431721909994540631e+00,2.578484756643740639e+01
8.302198645669916388e+00,3.971835296184548447e+00,5.134348008043374989e+01
5.677273179310545537e+00,5.793144666619378214e+00,5.734504920464664934e+01
5.717459831437486706e+00,8.328303767882710318e+00,4.366581938817110853e+01
4.971747640084273279e+00,6.178472402012138431e+00,5.993133950252369146e+01
9.504114840765588212e+00,8.902637838909162937e+00,1.935682136004701448e+01
2.433966832185304519e+00,5.573371695730080511e+00,4.914116730118347220e+01
7.959263871435023674e+00,1.751231401303532387e+00,3.477019084390435921e+01
7.739913781527625325e+00,7.729214818761151129e+00,3.532356766955376060e+01
1.586051052930737004e+00,8.808707591989284325e+00,2.898946201527357047e+01
6.522916485919396656e+00,8.456043629899067327e+00,3.818681951988126855e+01
6.293986381352625337e+00,6.957486889846171252e+00,5.019232137229404600e+01
4.327291360197046188e+00,4.576996051592939985e+00,4.002212734932366089e+01
6.474747141546029816e+00,8.980305489499869509e+00,3.361327836210486453e+01
6.335297107608947265e+00,5.357746840747585004e+00,5.758390672373573693e+01
1.162053990810063553e-01,7.244688779455887850e-01,1.412574040961454891e+01
7.770492856517561719e+00,8.622029736581888315e+00,2.953960615369799925e+01
5.203077009037933465e+00,7.723183917356393202e+00,4.842888740469864217e+01
7.694929331919368565e+00,1.870437485575233705e+00,3.464147528426310885e+01
1.811018382084050860e-01,8.721239089441514380e+00,2.005557468256008846e+01
4.135491015253514924e+00,1.218860933369475541e+00,2.677733636112174409e+01
2.897514529137680483e+00,1.612212872540044195e+00,2.742625301014160755e+01
3.193136375904148672e+00,9.500619670508049452e+00,3.681692436513645816e+01
8.218309465853593565e+00,6.595107686407701841e+00,3.819965866538276344e+01
6.408263146902061891e+00,2.160381825095996078e+00,3.735818372617941208e+01
5.887315221313198066e+00,3.753299079196018795e+00,5.193283801732377469e+01
9.444296075592839568e-01,6.830067734163568716e+00,2.967374591179821053e+01
3.095579091934352878e-01,3.879867599468695083e+00,2.649675464546529113e+01
4.983677727394796975e+00,4.189254495045479310e+00,4.213848494381887377e+01
6.567366645412922033e+00,3.251900642246948969e+00,4.709347823654954368e+01
9.429097039125192481e+00,3.232029320207552292e+00,4.051623047205891481e+01
6.318135270166683526e+00,2.598035810641597720e+00,4.165529322201933837e+01
1.400240975533176835e+00,2.768143077913057581e+00,2.463789736565949795e+01
7.054608302834862954e+00,4.276013337033372608e+00,5.553531113710648270e+01
6.334037565104234879e+00,8.714605901877177985e+00,3.871487512637235540e+01
2.965599122059306758e+00,7.144241640712421848e+00,4.496445089477305146e+01
3.352790500782957039e+00,6.701653775120997025e-01,2.297599448077444961e+01
8.456537809723785326e-01,6.068469555401390991e+00,3.215426543169051143e+01
1.183361909233873188e+00,4.099048896962882438e+00,3.128323684585778253e+01
6.877220424305606983e+00,7.227069576982284360e+00,3.932713783994670820e+01
6.895267510315611581e+00,6.765133857772465120e+00,4.163866757013722975e+01
3.980052929545028206e+00,3.029157288331925990e+00,3.332522988253967355e+01
2.085105143573358077e+00,9.305952146439162576e+00,3.097098395464223586e+01
4.712871673981645415e+00,9.791049380151545023e+00,4.585410691798008997e+01
5.444890979608495662e+00,5.758660498121570548e-02,2.514037035321168290e+01
8.510348611978535427e-01,3.855975925133333426e+00,2.957099422030818658e+01
7.056874740042984318e-01,6.424192782063156137e+00,2.865404234911294878e+01
1.274886623319824164e+00,3.972872905603672677e+00,3.178089616740346912e+01
9.713950940416395952e+00,1.809769527094897690e+00,2.799263964203112920e+01
6.581598242975735147e+00,7.010813964125695019e-01,2.535751711392148877e+01
8.534966807864385885e-01,9.968742518459473345e+00,2.306525780310925455e+01
6.832953766065052115e+00,4.459027063767483590e+00,5.698967097208686283e+01
8.258167505647627138e+00,1.288698674734451988e+00,2.823738024297918869e+01
4.071064891256276574e+00,6.600984414024158031e-01,2.519361481212038711e+01
2.235958385194526166e+00,9.632225394406113139e+00,3.164407321775177806e+01
3.931213984109893644e-01,7.994103989090426410e+00,2.530483378788366267e+01
3.754689284665003512e+00,8.038145451934466834e+00,4.814688414411664041e+01
9.508635622504103324e+00,1.510578917809002331e+00,2.906441421546347570e+01
7.073970000329277141e+00,3.892304716917884821e+00,5.046877814462339984e+01
2.370775364451838119e-01,8.349472056944037490e+00,2.229150486954800314e+01
1.544597472233237845e+00,2.544775990575087743e-01,1.599225453122708274e+01
2.329594747536337884e+00,2.440078155653802039e-01,1.737452072091594246e+01
9.522217856975945693e+00,4.242229820689169539e-01,1.824989479391380698e+01
8.682725054083805460e+00,7.271690697663080627e+00,3.367759268272583029e+01
7.819599771579591518e+00,7.517469923958404188e+00,3.555972338133711474e+01
7.764933467160506364e-01,4.075430310324308358e+00,2.528549925275869725e+01
4.997902865967873698e-01,8.436496640518237555e+00,2.380486721261422289e+01
3.725332737595508092e+00,6.871367772396097529e-01,2.105345521586376378e+01
4.334722327556344013e+00,9.971823539029504246e+00,4.756854372223972405e+01
3.588304841235024689e+00,8.772005408131082760e+00,4.204129771763846435e+01
2.246048229399819629e+00,4.524395161326934200e+00,3.512680324891601202e+01
4.547643425526610272e+00,6.747863021674104900e+00,5.730296332970197426e+01
3.654966784809488001e-01,4.720669451099992031e+00,2.893562552404722155e+01
3.207800649717358343e+00,1.865185103998542315e+00,3.138674694864639747e+01
1.852703553833237038e+00,2.786430631150364157e+00,2.745846873903678897e+01
3.747219705073764118e+00,5.498685627762052164e+00,5.454805238648653898e+01
6.649117244872179810e+00,7.954499607897291824e+00,3.956091955110018432e+01
3.367640387446402261e-01,8.791857726012477059e+00,1.704454950861388340e+01
3.951377432643186083e+00,3.945953289089931815e-01,2.466240149251838432e+01
6.227534032398410524e+00,2.226760791230849357e+00,4.139276495066147987e+01
8.470608269838994175e+00,2.359496464552912620e-01,2.046246151430954185e+01
8.268585609727530539e+00,5.247356376614321860e+00,4.667779840412426040e+01
4.680690542342901495e+00,4.662994129398187582e+00,3.936341663121876877e+01
1.796831088702419699e+00,2.375433249238776412e+00,2.636056060089753572e+01
1.317150285790935627e+00,8.652957589089124824e+00,3.149357224934388810e+01
7.682734138645182398e+00,4.177667821673337833e+00,5.282830264573048851e+01
1.031238688359326083e+00,9.025529066795666466e+00,2.582933579031132965e+01
5.799837874281312367e+00,5.614845879595237399e+00,5.762314037812294742e+01
3.361360018328263255e-01,6.265320345535452251e-01,1.075999646805706433e+01
2.517990589069527552e+00,3.456959935039194409e+00,3.132807313930566551e+01
5.187906217433661205e+00,7.030189588951778035e+00,5.060905492993298083e+01
3.922440450997322969e+00,4.374749220237291070e+00,3.834513438642866134e+01
7.093208284726095769e+00,1.673213040010603780e+00,3.609156662943590987e+01
5.831908042770975520e+00,5.928401805081101372e+00,5.468223380757820706e+01
1.220382348447788257e+00,4.951769101112701854e+00,3.493119213751113961e+01
8.928952452557292752e-01,6.870192665032427648e+00,3.256541401147316606e+01
5.858647884535192141e+00,6.247838627894024555e+00,5.247728058940777629e+01
2.697496115169895958e+00,5.708685608931485245e-01,1.981817576566428230e+01
7.325720972102502948e+00,2.149403785907567865e+00,3.632728704761227334e+01
7.551372556736190234e+00,6.203095513534647054e+00,4.311010751030367061e+01
9.636199770892527994e+00,8.530094554673601337e+00,1.740985850058198281e+01
6.150129680388666031e+00,7.746337806377879609e+00,4.435230341656370712e+01
6.246635688542637510e+00,3.819396396528959237e+00,5.350776620521659055e+01
4.798756203039088675e+00,6.275054632183700853e+00,6.016329249118948752e+01
1.312448776823875729e+00,3.252617949125191643e-01,1.474834919034215730e+01
5.606600944161709066e+00,6.034876665964548081e+00,5.621925026350582755e+01
7.187396178535302660e+00,7.324010490583790833e+00,3.973981128117646477e+01
5.931582190394681930e+00,5.334799698889769459e-01,2.612609522921129468e+01
1.135364476741906881e-01,4.686606419941262480e+00,2.786270915597467379e+01
8.631034258755935440e+00,6.232981268275579190e+00,3.888846251715997937e+01
7.862056522610579634e+00,7.344439320755914657e+00,3.757906848694622681e+01
2.581190694948698461e-01,1.351662891548227607e+00,1.212442132727335675e+01
6.854438832219015509e+00,3.324561571487119949e+00,4.794096401850841715e+01
3.523749466096544047e+00,8.414475530847600027e+00,4.430547368154523014e+01
2.592967588657737465e+00,4.296568127389351233e+00,3.554773886937586980e+01
3.886772896894820306e+00,2.713490317738958879e+00,3.385371076680345226e+01
6.334008543167257699e+00,2.401456187781930929e+00,4.082716404201492111e+01
7.886149646724064155e+00,5.172690564416093650e+00,4.916851658156181770e+01
4.425455148147455553e+00,6.493223245768816376e+00,5.793527574638813604e+01
2.187098003235832255e+00,1.828377798688171074e+00,2.339668273159098177e+01
6.590454101322324121e+00,2.112318314729310309e+00,4.011000685220631823e+01
8.419985528900614469e+00,7.284906771616132204e+00,3.431033395188823221e+01
1.071720113397760521e+00,4.474123668234546436e+00,2.918477861458151423e+01
6.516668253758850504e+00,3.685263437237611406e+00,5.215608456101049484e+01
1.753712786234495891e+00,9.144119459249598236e+00,3.047595025119752066e+01
8.727538395661278869e+00,1.125803904119370147e+00,2.355805677095479922e+01
7.375012481097483530e+00,4.522179408898071351e+00,5.690858889788863451e+01
9.467562446922407560e+00,4.002122758496719612e+00,4.570821521309348157e+01
1.818249672071006184e+00,1.834045098534338170e+00,2.016318620022279262e+01
7.118864846022898707e-01,3.189756302937612809e+00,2.733738749771580245e+01
4.551719917336564336e+00,6.677605916031529532e+00,5.500029497347807705e+01
3.473433262588426551e+00,8.998333456872725122e+00,4.187296834863614947e+01
6.224136415659966559e+00,7.813218557473050829e+00,4.225202958766065819e+01
4.391349085702183963e+00,3.769444294249075789e+00,4.135368394134818715e+01
6.326218931339480989e+00,9.320281055100174683e+00,3.023602081463837976e+01
4.884956326599053433e+00,4.018871998907300735e+00,3.905028584172155348e+01
5.058886788844660032e+00,6.114542354346478525e+00,5.525819531293920051e+01
7.040797680992235463e+00,2.129641615089107098e+00,3.602307613253307750e+01
8.187402294840508077e+00,9.835672065136630948e+00,1.941312107149414246e+01
1.181648276216562543e+00,6.967371653641506235e+00,3.338781990768033836e+01
1.885406057492511334e+00,6.724604980250288300e+00,3.783103829216862835e+01
4.556567527857129818e+00,6.201325978015367113e+00,5.814372695909485600e+01
1.473030442789703409e+00,7.841590771916817637e-02,1.440445558164234541e+01
9.390684794502915267e+00,6.363742815333743863e+00,3.365455374180587711e+01
8.038048904834750985e+00,1.371484881527431643e+00,3.157934257060469108e+01
5.577088262500438987e+00,3.472770390305075505e+00,5.071677816600927002e+01
7.293447940879963731e+00,9.668454997992853350e+00,2.560582621740980969e+01
5.882022669483904842e+00,4.809728898861237667e+00,6.150781940323876995e+01
5.853543643967521248e+00,8.682712805132586809e+00,3.862543747114604287e+01
5.052523724478571232e+00,8.264574661077416451e+00,4.368035157406744418e+01
6.391199378155003608e+00,8.679182945200221155e+00,3.432285295956705795e+01
8.729458358764082604e+00,7.322248864095612042e+00,3.573801158070177308e+01
6.343636888716871702e+00,2.220758706933205762e+00,4.010001977548053986e+01
6.029428764794615425e+00,8.267073597414874797e+00,4.045342211337611360e+01
6.617186826439565905e+00,6.024494419665877842e+00,5.203285861426950731e+01
7.163233880626822980e+00,7.208433599867336561e-01,2.863357302671667881e+01
9.770069544389434313e+00,1.018931008729367926e+00,2.572171109989370308e+01
1.504722710059974711e+00,9.680763814507335141e+00,2.409167538360635419e+01
1.317287734545619093e+00,7.259799099852955351e+00,3.227139587343725680e+01
6.729666223944324344e+00,2.753811742554185038e+00,4.361213156232199140e+01
1.800655560045449910e-01,9.628103570740259798e+00,1.728640896451617692e+01
1.851329288386196481e+00,5.419009473783581221e+00,4.194301103331285674e+01
3.095276162863277669e+00,8.137950197069486080e+00,4.532337584241382444e+01
9.698210450785447634e+00,4.537895413836392500e+00,5.385083700179233546e+01
1.173081889623944774e+00,1.251857922025504388e+00,1.922323215229371485e+01
5.622968158779098502e+00,9.576252845053801366e+00,3.636360882716551401e+01
4.312338697915578223e+00,3.475187953137546248e+00,3.840813559802912636e+01
6.241489078491340159e+00,4.094116521912404494e+00,5.630923765204327225e+01
6.925324315371080175e+00,1.344351294081218562e+00,3.137788757679287599e+01
8.584127518430118897e+00,4.289940273750183053e+00,5.226913269771995374e+01
5.828068350834896272e+00,9.954375161913098680e+00,3.167936322062602983e+01
7.457337827312321643e+00,2.024805601652373888e+00,3.800281437480744273e+01
6.064290596595899530e+00,9.197051616629647874e-02,2.325001728167049109e+01
7.869033862552950787e+00,3.154068957480127278e+00,4.387183350129006243e+01
5.492266647061204488e+00,7.145959227000623137e+00,5.134569818703594990e+01
6.542925523249618180e+00,1.521042832222728736e+00,3.491999624610014763e+01
2.892447719726545241e+00,9.000831830164807812e+00,3.563130600863848230e+01
4.921162930795381918e+00,2.582443882989583273e+00,3.388581460306563287e+01
4.320189275945059748e+00,9.803687409421851129e+00,4.686941625112314824e+01
8.872127425763265407e+00,4.722149251619493171e+00,5.536637394513068955e+01
1.175262467771048813e+00,6.492103021160636089e+00,3.504298239766234957e+01
5.755876001664428365e-01,5.495288823237355125e+00,3.242708154036404977e+01
1.952429877980444983e+00,7.224521152615053232e+00,3.902660988967620170e+01
7.979141596158941141e+00,3.959704726624548865e+00,4.643741462632192452e+01
9.361547741607809670e+00,6.960297966749729781e+00,3.093529335051290374e+01
7.573102071344388619e+00,1.616714362369618962e+00,3.536607167553090392e+01
6.750254668382194012e-01,5.187009943805950485e+00,3.582289803589175392e+01
2.504678987924989997e+00,6.248740996069988896e+00,4.258310988655564699e+01
7.941973312770842952e+00,9.299063982313215959e-01,2.564383504224867849e+01
3.161561049767505072e+00,5.072348086883923912e+00,5.212371393697945621e+01
2.116358985698612027e+00,9.956311094988834043e+00,3.139731865096158714e+01
7.378849848346061613e+00,7.045544280274453008e+00,4.048553366222842698e+01
1.280458389577724398e+00,1.519026935122943511e+00,1.972600088694766285e+01
5.537114853580112239e+00,5.417048124100039885e+00,6.025505689843050305e+01
7.608513309307816996e+00,1.877224056922520701e+00,3.153344885716738588e+01
4.544638034145787042e-01,2.809631895922303002e+00,2.345655952973091729e+01
2.675926767279714902e+00,8.354802257421944489e+00,3.541256447210361102e+01
5.969106905466561308e+00,9.995577032504385784e+00,3.061116444621476163e+01
5.311695280010320097e+00,9.366056922949614005e+00,3.615248962973020497e+01
2.298267257976184474e+00,5.526622677767481839e+00,4.421445497581049011e+01
4.403234183683490066e+00,6.152980250698020015e+00,6.014866968853330320e+01
7.709218446440520012e+00,8.447832281168876634e+00,3.063780954159780734e+01
1.922890188086707752e+00,4.086861626647886325e-01,1.683896412753178495e+01
1.028449593569202847e-01,7.160499732421444996e+00,2.388189054279262891e+01
4.625347161331479384e+00,7.474709381337564906e+00,5.483198423850947023e+01
6.675498992914704388e+00,9.553531383466817850e-01,3.113716038442022693e+01
2.468238692019022462e+00,7.409040561520714441e+00,3.918052466059049266e+01
2.975484513188205504e+00,5.650219928590161089e+00,4.799288967185261612e+01
9.427243190941123174e+00,7.851895431484083865e+00,2.746885105922978809e+01
3.508191093350156109e+00,3.625597965590945382e+00,3.499612430638848792e+01
4.855896996593978443e+00,2.753671986946548689e-01,2.477421619664296060e+01
7.896916219082861232e-01,2.395101699095381065e+00,2.049959982562840821e+01
6.727029942088980086e+00,7.966813971913722980e+00,3.893309188104738183e+01
7.502657639388422339e+00,1.520485674244917984e+00,2.902972329858249267e+01
8.789789002822672614e+00,5.717723520483222188e+00,4.204956779486635554e+01
3.609738969400267727e+00,9.158207332663415023e-01,2.503871028534815935e+01
1.689350630721645485e+00,2.785903390319586226e+00,2.623989402805417726e+01
6.710931570859760775e+00,8.054300430459790050e+00,3.723536096303438825e+01
5.597556836383825285e+00,5.273996221226763481e+00,5.830813415726566973e+01
1.058743182131293148e+00,3.548976834865540386e+00,2.464099646915301633e+01
3.077958316807456463e+00,9.137884438732593040e+00,3.852172703469784665e+01
3.838912213732114331e+00,5.435528611139885946e+00,5.835235317801174659e+01
7.558361385406697774e-01,9.514232208455659645e+00,2.032306109821851692e+01
1.042248028083476719e+00,3.845113276448125283e+00,2.819449487423231915e+01
2.374785567522574858e+00,4.961437333883744749e-01,1.995908922539749142e+01
4.512941130292549730e+00,1.834421964034345098e+00,2.780097506108873162e+01
1.662833687560794083e+00,7.380336164263704646e+00,3.505391899303786829e+01
1.622334057824793563e+00,1.260751997575904060e-01,1.713907200720237611e+01
6.586936316189450302e+00,1.629344270814296891e+00,3.696027350185416083e+01
7.665150495325846691e+00,5.837135877313639476e+00,4.623217106454412573e+01
4.363269650309087311e-02,1.669530887471987191e+00,1.807772594824161416e+01
8.904095172193285279e+00,7.499777984520708429e+00,3.084271660451940988e+01
5.212960476541389276e+00,9.760138232792135327e+00,3.636101298476580723e+01
9.905051420006733665e+00,4.126176769114264786e+00,4.831504605722722090e+01
2.107049638672031655e+00,9.574480190380961986e+00,2.939682502638420658e+01
5.744731131799118984e+00,8.418287767582720349e+00,4.152073494674429810e+01
9.148459010680999981e+00,3.623938991166331114e+00,4.444666153172697420e+01
6.496328990472147069e+00,8.492234104941779549e+00,3.599793856946125459e+01
6.966508238768922112e+00,9.224993811772957741e+00,3.000211323800191465e+01
3.616038052476211462e-01,3.031283559453286092e+00,2.152470460369661254e+01
3.677831327192532029e+00,6.323058305935794543e+00,5.205271008471196836e+01
8.319942227192012041e-02,4.335827926326143000e+00,2.686673223024310531e+01
4.319450186421157412e+00,2.912291401980419359e+00,3.484459640206534914e+01
8.409087104029071114e+00,2.212386964460639760e+00,3.679521057543988150e+01
8.162998203058957625e-01,6.035208399056379847e-01,1.467738940112798396e+01
5.525009674078891209e+00,5.201698923107511696e+00,6.306623535774243550e+01
3.546221576407765141e+00,2.872389916540817545e+00,3.395551646301795046e+01
8.786649914483335433e-01,3.506269312091807588e+00,2.426066556595666768e+01
6.877962219649313980e-02,2.124472771954729389e+00,1.685002626036270357e+01
4.196000624277899327e+00,2.477309895011574614e+00,3.017380066529978677e+01
3.372065755657520647e+00,1.428419648143318677e+00,2.537145993831513024e+01
6.974202672468399200e+00,2.973490073725507443e+00,4.462629543945644173e+01
7.055751725156884646e+00,9.252483174156658663e+00,2.731954009541229667e+01
1.212077464389327286e-01,2.412014575995415022e+00,1.879761031167432606e+01
6.079050927934446236e+00,7.648832615421282455e+00,4.522595735069403133e+01
3.961726916092553896e+00,6.954672066898622163e+00,5.167298177162157913e+01
9.846697395245081808e+00,9.373880664971188992e+00,1.287529839618074057e+01
9.528150170025060817e+00,3.267425420300408057e+00,4.128096801608666055e+01
6.096974251526159350e+00,6.996395696221217264e+00,4.594042455481587695e+01
8.646589218581400615e+00,1.549253111434426566e+00,3.174566713165798859e+01
4.176669958169947350e+00,1.163584851644958729e+00,2.558046754045705740e+01
4.453052550026654899e+00,5.148173539296902135e+00,6.236313973820142564e+01
6.951445540475937435e+00,4.043187681042921255e+00,5.219118765233955770e+01
6.439995432390157148e+00,4.087341710980964216e+00,5.670759268274759535e+01
3.410663510502585094e+00,1.134735212405890703e+00,2.511442596982033137e+01
8.809730056396574582e+00,8.829148165187222119e+00,2.394323846436172687e+01
2.279351625419416827e+00,4.271077886262562906e+00,3.234715531190528282e+01
1.403245181935149910e+00,6.711574733796886960e+00,3.341948241541422249e+01
2.466586158054064892e+00,4.709602524347334729e+00,3.438640057391793903e+01
7.972953657795535776e+00,1.499174273487737796e+00,3.151718508233056326e+01
5.322918759514544185e+00,1.032650088750484141e+00,3.367939196265776047e+01
7.756118509253274951e+00,9.644766539008116979e+00,2.189619264023291123e+01
1.612188119751225557e+00,6.564096035006569352e+00,3.510264445984782355e+01
3.162701497293067820e+00,1.018923880660135284e+00,2.182917628940396071e+01
1.229206784653875673e+00,8.886590802653985932e+00,2.766579195426714577e+01
2.058412100367682740e+00,1.119196193977278764e+00,2.032860670916013035e+01
4.820410581120825100e+00,1.960977127383929375e+00,3.084395748357363942e+01
7.764474464997245917e+00,6.561618376810715247e+00,4.351725071818767532e+01
8.412766225938284048e-01,3.931039075594010335e+00,2.839472693221940958e+01
1.545661652886742843e-01,9.283185625877253599e+00,1.693985167400456859e+01
7.239730554660938289e+00,1.205584164036902495e+00,2.919685409492025130e+01
8.667703545060001957e+00,2.824787439770266584e+00,3.957340726963263222e+01
1.603654061197431480e+00,6.736454174749076707e+00,3.659251901214363301e+01
9.075664739260929537e+00,2.492922291488749664e+00,3.856728935372302658e+01
8.009807004033648425e+00,1.044545181001513834e+00,2.843034290744836312e+01
3.308980248526491863e+00,6.355835028602363490e-01,2.312524453757886178e+01
1.753029423576596413e+00,6.900048908206657394e+00,3.597526626619722379e+01
9.746905960485515052e+00,1.354595367946908047e+00,2.396961627248451521e+01
1.053454844813331848e+00,2.223613047481702854e+00,2.302319829262809847e+01
8.293946648588470083e+00,2.815211984149299518e+00,4.137014816240246518e+01
8.059925497751581958e+00,5.502265421562617220e+00,4.897882702094814533e+01
5.003594462155605882e+00,6.908839765508227870e+00,5.237133116008329381e+01
2.596708389504139625e+00,9.697236327979769754e+00,3.362746647436853920e+01
6.229665835634827786e+00,6.315602200925205523e+00,5.049259605819727170e+01
7.368737449441820964e+00,8.627970775432284967e+00,3.077015698266047394e+01
7.062422271564962273e+00,8.134878064189976499e-01,2.593625121585677107e+01
6.727646144124666883e+00,2.205042634356471076e+00,3.874336515022038441e+01
3.969815170742834187e+00,4.472025405048356106e+00,3.897524668517176849e+01
5.948473795019095789e+00,7.388666771330326455e+00,4.410075919071900330e+01
6.376882468959355066e+00,2.420220799808772139e+00,4.214346059945184919e+01
7.927581135728127393e+00,6.904590631459972538e-01,2.427010339328256450e+01
2.708063280369725767e+00,2.475597702798864042e+00,2.911082099478290175e+01
4.926180939928696212e+00,3.287516102875081891e+00,3.730818373284195388e+01
1.568127053168056895e+00,8.273021497372459621e+00,3.098516033917416124e+01
8.887480798689772143e+00,9.556514982297533933e+00,1.795133250889465870e+01
8.246809659251491453e+00,3.478092079021930516e+00,4.453157102112450616e+01
4.652056122837181285e+00,6.014234260078521466e-01,2.938477473823391506e+01
9.094546109372419807e+00,7.221432354559058631e+00,3.245817112243033620e+01
3.236792364042436532e+00,4.254364386164168010e+00,3.680463148960561170e+01
1.080257541306913760e+00,3.388606493387515961e+00,2.789313185123557304e+01
5.166872165796110306e-01,5.047955983045281592e+00,3.441286302281604037e+01
6.036372005593751311e+00,7.697946706496627822e-01,2.789140814923005962e+01
9.471614629002477415e+00,8.848551176960043563e+00,2.194810250468890445e+01
6.011150117432087825e+00,7.080725777960454437e+00,4.677125927974834951e+01
2.987255735887730523e+00,9.406792451153405565e+00,3.374431759251030627e+01
3.117110760894109767e+00,5.200680211778108131e+00,5.200094850982534922e+01
8.785155613013479581e+00,4.041403216510329521e+00,4.917133537046357361e+01
6.675577385210271331e+00,1.723198712016298373e+00,3.706758940703485194e+01
2.528581182501111968e+00,5.776317543444226210e+00,4.506380065137802404e+01
2.541912674409518846e-01,1.078914269933044512e+00,1.632351859984894915e+01
8.000709686991594793e+00,2.040356346288988654e+00,3.522747203033786434e+01
1.846324573473692165e+00,3.421076208635940308e+00,3.250092089751900204e+01
3.534213793027181083e+00,2.368705589744820372e+00,2.955330474723539069e+01
3.544249487930548614e+00,5.056341534219588318e+00,5.508317899641831161e+01
8.686231679556108531e+00,7.765968527917417319e+00,2.685964842109715534e+01
1.735245149865086711e+00,6.949510889024617555e+00,3.581773667517678916e+01
5.978999788110851199e+00,9.218742350231167393e+00,3.678840931411729542e+01
5.031362585800876808e+00,8.564898411883222096e+00,4.431490343103727980e+01
2.980522086394431724e+00,1.053649222508564742e+00,2.106442054592866242e+01
8.727302504846019104e+00,8.419335667918087296e+00,2.570523712134006189e+01
6.832587636595959246e+00,7.613085949030018451e-01,2.829939986079289227e+01
7.509397983633182783e+00,1.013728975531591470e+00,2.932521000823736657e+01
6.942384274609336714e-01,5.190597909082703687e+00,3.319042765661563266e+01
6.728716685980797862e+00,8.114917853623915267e-01,2.881149307552471583e+01
9.631151115891738002e+00,5.495295358950169629e+00,3.792764543829457580e+01
9.514298103618322955e+00,9.948192939659509904e+00,1.404858837045977715e+01
5.139894891598108195e+00,7.836530127411430513e+00,4.966428516960627348e+01
7.644407280755043388e+00,4.096710533759926776e+00,5.248729825560474183e+01
1.419719897609938997e+00,3.479414115821666265e+00,3.032944725494983373e+01
4.724933550065135712e+00,4.564874550238373629e-01,2.481196529961793829e+01
4.281841483173143281e+00,9.666548190436696331e+00,4.601829302964803503e+01
9.606269755131997101e+00,1.969257044534283851e+00,3.280054051735767473e+01
6.118528947223794923e+00,1.394938606520418345e+00,3.377751545269342159e+01
2.156751523977171736e+00,6.588854702326571555e+00,4.008751059764070135e+01
4.175807757849283597e+00,8.791183075621646026e+00,4.752302402691513805e+01
2.204862090701753541e+00,1.864382621442545185e+00,2.328526623722486377e+01
2.304166621173498797e+00,1.473822086311415980e-02,1.620289138595791201e+01
8.226143185136784552e+00,4.237382536487627860e+00,5.301550359971663795e+01
9.660475051286772086e+00,7.610377902507829972e+00,2.534360273046722511e+01
1.104318634111026709e+00,2.891874462959498349e+00,2.357806231177357148e+01
2.490087361090899343e+00,5.767023988577562932e+00,4.655275920661103584e+01
7.605756424552822637e+00,1.544922040049258039e+00,3.035091382746252364e+01
6.420316461542877384e+00,8.413996499504883264e-01,3.067066620678414779e+01
1.821179156886992834e+00,7.896985071424791336e+00,3.446124101280567942e+01
3.370031764312862776e+00,8.288833658826094464e+00,4.349677254336297239e+01
1.914486799683667861e-01,7.791025863957868225e+00,2.278103108681996858e+01
3.281927536093115272e+00,4.340193661738752873e+00,3.881210499557925431e+01
6.926259522261645429e+00,8.381152896481102843e+00,3.534508935417305509e+01
6.735060146877169807e-01,5.821704601762732523e+00,3.157709137307559999e+01
1.120389021680523456e+00,3.978555990457416591e+00,3.049864256053762901e+01
7.511780478084181034e+00,7.100766453325546568e-01,2.820620618100513965e+01
2.293657770376723803e+00,4.691072110475786872e+00,3.767193288801338724e+01
2.099055930955857630e+00,8.980542894407136600e+00,3.285864345833593347e+01
2.865412521282844072e+00,5.908332605690107542e+00,4.765782729501651005e+01
1.255502147626533782e+00,1.694766488958099337e-01,1.434011460909943736e+01
5.911303032585164985e+00,1.861358977533479342e+00,4.000517651362132199e+01
6.026739028956085154e-01,9.344360268055142527e+00,2.261002837315056269e+01
1.842248392380261279e+00,8.939897100078704639e+00,3.114428466092184067e+01
2.376375439923996691e+00,7.282163486118595763e+00,3.790575361910874364e+01
1.177510828901411344e+00,5.765164755142535569e+00,3.709312620924156079e+01
3.342438908169608425e+00,7.709122037458219445e+00,4.644401684723545287e+01
6.057748193568871287e+00,2.372267917359944800e+00,3.946624819734866918e+01
2.716742122555981798e-01,6.520459126049205079e-01,8.911757777645842538e+00
9.354845135274956647e+00,1.857330720051856288e+00,3.174617638754874349e+01
4.988956645359419184e+00,1.210311677610742542e-01,2.672969757227197718e+01
9.753431334790704454e+00,8.169739072718368078e+00,2.030653038806717703e+01
7.431931987316033883e+00,4.814283597835344874e-01,2.236795842172243809e+01
4.916158751168323349e+00,4.734717707805656595e+00,4.204910163565046588e+01
6.181282404578958278e+00,3.581627180328404769e+00,5.199027060064451433e+01
5.778056099636663667e-01,6.950352288585532001e+00,2.747233171972110100e+01
5.466482201877884251e+00,3.804005489704096465e+00,5.663582324574743154e+01
1.428759613394117167e+00,7.753461504031355922e+00,3.217402478617950834e+01
7.891712386073383101e+00,4.984421989290572341e+00,5.854998529922687567e+01
2.740715893421910021e+00,8.070709038667029489e+00,3.814240310303631531e+01
8.211982825502264660e+00,1.565105191472904167e-02,1.854034561559689109e+01
9.296976523425730221e+00,8.081203795644169574e+00,2.613132760487495787e+01
2.857835555258701810e+00,2.032230910860872708e+00,2.722532298901106529e+01
1.198910934727120958e+00,7.349258473948942161e+00,3.378042861045975087e+01
7.121792213475358402e+00,2.372490874968000707e+00,4.264816872748891541e+01
4.209318963636188293e-01,1.787393473341380989e-01,1.328604857853687449e+01
4.315991195057611307e-01,8.911431136980711543e+00,2.424571369078290317e+01
5.054551179104499248e+00,9.640174071177023407e+00,4.003310868611401219e+01
8.149397285405392211e+00,7.780252431446531780e+00,3.336796247723997766e+01
4.505441353100935409e+00,1.291594151514949829e+00,3.075949873675346424e+01
3.345112887419321446e+00,2.619670853206479411e-01,2.165517142193773026e+01
8.945522268940914401e+00,7.998552559473152357e+00,2.862304407981732624e+01
5.147875124998935181e-01,2.786464642366114575e+00,2.108394247893748030e+01
8.925589984899778173e+00,5.393422419156506997e+00,4.222484335616807982e+01
4.508393714041321054e+00,1.132380458407552526e+00,2.476982041828634351e+01
7.281887562036033046e+00,4.954913162061984622e+00,6.068760944267894786e+01
6.780161525590635563e+00,5.657319639957910873e+00,4.868105873784604398e+01
3.188668183211388119e+00,5.821987465941138140e+00,4.680038413037240019e+01
2.816160421056317364e+00,9.633603204460378322e+00,3.582548881636030558e+01
7.978136488586344832e+00,4.355833148129329757e+00,5.495621586130862823e+01
3.990353176424346948e+00,8.398016066644267141e+00,4.860446932269761788e+01
2.921446485352181544e+00,3.663618432936917024e+00,3.279486279588317643e+01
3.805177098698945493e+00,1.630353369315910017e+00,3.002048131780462015e+01
1.111974823061513407e+00,4.926251042908591060e+00,3.219500740873154143e+01
1.709364024208482880e+00,4.181447881627996743e+00,3.183247806971335336e+01
7.962414505413685006e+00,2.719460394184487484e+00,4.285713263869703837e+01
9.394989415641891384e+00,8.948273504276487600e+00,1.816511320245542294e+01
1.564370426710860462e+00,2.502428981645953066e+00,2.322937183615042045e+01
9.979341105333375594e+00,3.507118154517101516e+00,4.182246010734949238e+01
5.843143119231002380e+00,9.011580104909889144e+00,3.745194795346596095e+01
3.038705969683686003e-01,9.309486955069777636e+00,2.000306967784503343e+01
6.586613549397669409e+00,9.315549143094809637e+00,3.278025814504700008e+01
4.583006415286564383e+00,4.846962871300469544e+00,4.225950925093491861e+01
4.225484283119445905e+00,4.202467517140529019e-01,2.302578558890673577e+01
9.758737549100537478e+00,8.015371118829895281e+00,2.454914032109642363e+01
2.740552206872060026e+00,5.541780025157933665e+00,4.524432309981614964e+01
4.972485058923854950e+00,3.008783098167696402e+00,3.689405829037603723e+01
9.514448256630918976e+00,1.754916273813573735e+00,3.146478721587611105e+01
4.483190553694221592e+00,5.104324890042322593e+00,6.137004865285317834e+01
8.030020719578370603e+00,5.180080664046248451e+00,4.849363157809183633e+01
2.212094418196022261e+00,9.876680079966469350e+00,3.132318800317260354e+01
9.120610304869036788e-01,4.944203047025814257e+00,3.270959305888774082e+01
5.658565614671562383e-01,3.739210470128135899e+00,2.763287079232935994e+01
7.102427986233115220e+00,3.143501131837483697e+00,4.595598720347015842e+01
7.385974581323306865e+00,3.156273437633499768e+00,4.459423999128033955e+01
9.681934279147217381e+00,1.855255157031211466e+00,2.863550695105661603e+01
4.192716611660220138e+00,1.812404104572973296e-01,2.304772410661599125e+01
3.175497002575884409e+00,8.481092350156300697e+00,4.157290751155551334e+01
7.326990505902804429e+00,4.045273855738696689e+00,5.174570960390839502e+01
8.620426509893134082e+00,8.445493985350703170e+00,2.753337660847278912e+01
2.546406547637638518e+00,6.815027222239292470e+00,4.494782459277243447e+01
9.417257116189251320e+00,6.685726467229140546e+00,3.382139910554186457e+01
1.025679625835898001e+00,3.927307432714162161e+00,3.070767797336443294e+01
3.118313506128467250e-01,2.622640442998251054e+00,1.975498614858855717e+01
6.665204056068996241e-01,5.184080219452040339e+00,3.480380961836563358e+01
2.266564022269879963e+00,3.549963058319373310e+00,3.127916855470320456e+01
1.397723766262894962e+00,7.952673118598902136e+00,2.718614077754844160e+01
9.385728482335620182e-01,9.096268194365924487e+00,2.574085769605977347e+01
6.835320030995861718e-01,7.837598424841072386e+00,2.876995662360918260e+01
9.730781629723328052e+00,2.261253312496719126e+00,3.059857224229289230e+01
8.139702695060188731e+00,6.152194382310108622e+00,3.961055613347641469e+01
2.688535143821935147e+00,3.684489199165788875e+00,3.102011709882651758e+01
5.150056597097231403e+00,5.355538148796725295e+00,6.377238844178634736e+01
2.993955883716812316e+00,3.587155254170134810e+00,3.000296702775435520e+01
9.633944342135503547e+00,5.601681834618419842e+00,3.969975204047086237e+01
5.739498660690104614e+00,3.928951088931790459e+00,5.391408522872342246e+01
7.623921797356447705e-01,2.747038150478919860e+00,2.237882761624032568e+01
9.041586944937483494e+00,3.482554670233003691e+00,4.498873752140714544e+01
5.650853124527563054e+00,7.716269109786076719e+00,4.459215907334555595e+01
1.642657979309929406e+00,8.145747202313820878e+00,3.450511379557946157e+01
4.392106012497173140e+00,6.105467550154245693e+00,5.843625634873921371e+01
4.982556822634536253e+00,7.705827913433116461e-01,3.072808916080382602e+01
6.151291405411997815e+00,9.106057172144216949e+00,3.471125464406181038e+01
3.721732552468971278e+00,6.616672596291889974e+00,5.279224468827013084e+01
4.521990282834353003e+00,9.338750175279049159e+00,5.111810735674175277e+01
2.900455319624368755e+00,8.714140341908542808e+00,3.774923216064538423e+01
1.919227682305668647e-01,2.598132087450342187e+00,1.884395607080410073e+01
6.635235939134522809e+00,4.111974888825457697e+00,5.650683477347062222e+01
1.635238725850227670e+00,3.910815366517606861e+00,3.032406656500244679e+01
5.466956820721301291e+00,9.024130332861034276e+00,3.730119851372244000e+01
1.733735952947548231e+00,8.967654246264251228e+00,2.943021386298859809e+01
9.972378999036026315e+00,3.002600532939281308e-01,1.622201997234059689e+01
3.200496010306117523e+00,8.955232284962004741e+00,3.880777661244819399e+01
6.070940360887807863e+00,5.466974127140700190e+00,5.748573280443262945e+01
8.469688542070604953e+00,8.930902051954149101e+00,2.247848402745960072e+01
3.114909279339106440e-01,2.595764492750491925e+00,2.203657218494783265e+01
4.486106309545425219e+00,7.220709382027370893e+00,5.418160264480790289e+01
6.768212988573956146e+00,8.284692994491170026e+00,3.786958155570943063e+01
7.090462617224327246e+00,1.068769230947438365e+00,2.760017493068192351e+01
3.216699896595486052e+00,8.480420896014839727e+00,4.118101947617056879e+01
9.621725484745418555e+00,3.748705795237040839e+00,4.338070066911899403e+01
9.758652558191313275e+00,3.368957917711068450e+00,4.183450963210921714e+01
9.470906671085190354e+00,4.962587528823615202e+00,5.542040231735016675e+01
1.708875873900658204e+00,6.686432199244309871e+00,3.636782481830186953e+01
2.954447774774202617e+00,7.692231478381335918e+00,4.288843244921397968e+01
4.935465803401186236e+00,7.022587660316642832e+00,5.786653493171479568e+01
9.497999132919240139e+00,7.257195083883599906e+00,3.195416378540929614e+01
8.190635138616560340e+00,5.407937549855443393e+00,4.701407126617110777e+01
1.511068421447503418e-01,9.650153694544718164e+00,1.747192440287014747e+01
9.028977005440830261e-01,8.353024955892379921e+00,2.627995801899231409e+01
2.792760884544104094e+00,6.428819100587076285e+00,4.550931103810335543e+01
4.866689414247028722e+00,8.734232380816605357e+00,5.226779210904180673e+01
8.670314961224486083e+00,5.786754085723933905e+00,3.979343829164145063e+01
6.327118787486009310e+00,7.038570916343312334e+00,4.694931109302059724e+01
3.103619589235737664e+00,4.552201490818012175e+00,3.947458178695335107e+01
6.678046832264064925e+00,5.932215701073842773e+00,5.086455055418433346e+01
3.321910331156046059e+00,6.936180574737952576e+00,4.941237076778745774e+01
9.928168389990704057e+00,1.314891198979816211e+00,2.717167957955174984e+01
6.587077755008761137e+00,4.981957164531389814e+00,6.161416226104979188e+01
7.103488904400212522e-01,2.107931015500286165e+00,1.999932023467290421e+01
9.209945210965758022e+00,6.945954272532853579e+00,2.790316432524866741e+01
6.200727559285135193e+00,5.334610919763215442e+00,5.800711716663838047e+01
1.811493495346803151e+00,6.811178539649827890e+00,3.868737604290034682e+01
2.709426983163654157e+00,2.022541805245348989e+00,2.443894352980757390e+01
9.148643902204485201e+00,3.701587002554443728e+00,4.714649487270044403e+01
9.841103190364977493e+00,6.679199988036270241e+00,2.713134981348795804e+01
3.129073942136482156e+00,2.710962537640657644e+00,2.994476364764230425e+01
1.393560740728241321e+00,8.349302367992990526e+00,2.977742043420927232e+01
4.313017063410145902e+00,3.790404853830350085e+00,3.649013761717521476e+01
6.302472194561579144e+00,2.483836087432075068e+00,4.297585543390214724e+01
1.464362566028161172e+00,8.329297155742279912e+00,2.871768808280488727e+01
9.280836403260497747e+00,2.246156118438519478e+00,3.139639084986964690e+01
3.809912736683998880e+00,8.084057388936908950e+00,4.508415638921540136e+01
8.391803949802985940e+00,1.606795847118451803e+00,3.209559339952485146e+01
7.734731256866006710e+00,1.308736607183498268e+00,3.074091261520069907e+01
4.394049896944522082e+00,6.129395824945254923e+00,5.691173313717341387e+01
9.440593396866132636e+00,3.942681136850589851e-01,2.106206086387282994e+01
8.410680611499743442e-01,7.009691314591199429e+00,2.832235959794665803e+01
2.593348973170944483e+00,1.946238367048719331e+00,2.582928512146175137e+01
7.200365365460744016e+00,6.411476328852972806e+00,4.772912648849635531e+01
6.707647738842748009e-01,7.499604703991778365e+00,2.536219677588124455e+01
4.872653541000508071e+00,4.299852141210597445e+00,4.314798885251334326e+01
4.171934185645764792e+00,1.602256009765062883e+00,2.851423271774740797e+01
6.459172413316012218e+00,5.707783046689119288e+00,5.445483039673783310e+01
1.543627152742023112e+00,4.811401018548174591e+00,3.378497957463569179e+01
1.630191138148862073e+00,2.338128330930641319e+00,2.483203791164560315e+01
2.587799816000169173e+00,6.625222843539820161e+00,4.470656334942377441e+01
7.455064367977082274e-01,9.868869366005172949e+00,2.403441471437670174e+01
6.295576968917365512e+00,5.433203482290382969e-01,2.442814047440918301e+01
5.209579772720421609e+00,6.235856880027597526e+00,5.496247660786739431e+01
4.626797856696064137e+00,3.013778741641420567e+00,3.318798516584482883e+01
1.230032951237456373e+00,5.586423964504253270e+00,3.713880536895899098e+01
8.623637087467452389e+00,9.495206236576422043e+00,1.819906437857510184e+01
9.611905638239141680e+00,9.053506419560637397e+00,1.725541137622240839e+01
1.793560102892409747e+00,7.051391455705633859e+00,3.516763233538807754e+01
4.213570022770701584e+00,7.375823015888914647e+00,5.316755997878634332e+01
2.736404178607716453e+00,4.878343185440124685e+00,3.772730686794313471e+01
3.709410081577652285e+00,9.019401967491500471e+00,4.322721008718154678e+01
6.079052140907037938e+00,3.093727178627820873e+00,4.708688426239123714e+01
4.227286368939322969e+00,3.465241679527182317e+00,3.567819646042443082e+01
3.431673531726582294e+00,7.291734875494480406e+00,5.006902406278735640e+01
8.178342161750215666e+00,1.202090553706084419e+00,2.890405134035084700e+01
7.832979829560477114e+00,2.659284506321188069e+00,4.183357190859502595e+01
5.126677259564163869e+00,2.934888232081216408e+00,4.752887972034797315e+01
8.324426408004217848e+00,2.123391106782761550e+00,3.360673203590417302e+01
6.362913539792480755e+00,7.611215370431580141e+00,4.262655852652454769e+01
3.351188542591418962e+00,7.435082562916077720e+00,4.413100144148145176e+01
2.922182304618977433e+00,9.107701616439152659e+00,3.927144361424454644e+01
1.741093353340843475e+00,9.839564971339731514e-01,1.773273995402757208e+01
9.677614652695620379e+00,4.397404865079085567e+00,5.170509716495045893e+01
4.839893681797471814e+00,5.313475668345946090e-02,2.671284108680200475e+01
9.811179078679357346e+00,6.495089297074473578e+00,3.346424214595202073e+01
2.016273200477445293e+00,1.636559428657045068e+00,2.114656011077570241e+01
7.350710438038857930e+00,8.034809303848485129e+00,3.425849742897560901e+01
4.582528904915166734e+00,5.456167893159349802e+00,6.340373988931855820e+01
3.509150125520786645e+00,1.170670164276058633e+00,2.738652235608541474e+01
6.636711653626480967e+00,9.368297393247580374e+00,3.055414595737276429e+01
6.212924490496101626e+00,3.340499656687692109e+00,4.906152779766210870e+01
1.674825822590697566e+00,1.045678403344002527e+00,1.925926170427694473e+01
2.069925784384267775e+00,5.165726284459790207e+00,4.203124696396405824e+01
5.567849109281879372e+00,8.451208514960347529e+00,4.004430850084954585e+01
8.306194077877291804e+00,9.650269106665126273e+00,1.937407936871147029e+01
2.656000425887060423e+00,1.295149212828041740e+00,2.661047250489751193e+01
1.408570203797998577e+00,1.763869865062233089e+00,1.937609843857488201e+01
4.161539981797615084e+00,4.813441516353236693e+00,4.303172127863625462e+01
3.602339188004278547e+00,2.703932863845255330e+00,3.289786801802019056e+01
9.903323037936482720e+00,2.576959876435114261e-01,1.518402376642564988e+01
5.192245707802051413e+00,6.077526830956525572e+00,5.760268233179763087e+01
7.731418739186715072e+00,5.179605277125789442e+00,4.886188019316805509e+01
4.341253285481916357e-01,6.331513755940223476e+00,3.037559198313775966e+01
7.755276166950105576e+00,4.532888347480276359e+00,5.761193045560433745e+01
6.680851365706461209e+00,2.049842954158209718e+00,3.685069182935142607e+01
1.616287140946137679e+00,8.985541885270793117e+00,3.151188743936954850e+01
6.616518883444044707e-01,1.915548555125290431e-01,1.005771032813830601e+01
6.318372121697992227e+00,4.484455219783197499e+00,6.116878622115944353e+01
2.363858604633639615e-01,6.419715004432660521e+00,2.820200086437038323e+01
2.716331812743696617e+00,1.906098330744497860e+00,2.936493161208275637e+01
8.923024981396523003e+00,1.853301795287144449e+00,3.108270802863254190e+01
1.470734809290379363e+00,9.265876251614944437e+00,2.733025166947340878e+01
5.809503798881793024e+00,9.906791570657658141e+00,3.186103371278544216e+01
6.062529377509774164e+00,7.648098009029954625e+00,4.382579036633806879e+01
9.207396503426354073e+00,4.005911905069448053e-01,2.185764095839510901e+01
5.824226582072464353e+00,7.480731794295321535e+00,4.532556075307401500e+01
6.037954529493877232e+00,6.865899134926067404e+00,4.747105368425431493e+01
2.070758092108552439e+00,7.115828517343281145e-01,2.102389354538431476e+01
9.733826191648212500e+00,4.650095175264276293e+00,5.472102315447334320e+01
5.296597239456199091e+00,2.418932941128892011e+00,4.667606166153414193e+01
2.337120819104330227e+00,5.400119146045105900e+00,4.523345079287533110e+01
6.423255259052274013e+00,6.485359448296834639e-01,2.877846446224227606e+01
2.325059922078311914e+00,1.296789782242353528e+00,2.141048773351903023e+01
4.226291970136091258e+00,3.029309056404292377e+00,3.053985247392937197e+01
4.502542461428903131e+00,9.575810150838172774e+00,4.865733456294714188e+01
9.109271844938424678e+00,8.225372429231690319e+00,2.449679221632018766e+01
1.879203808153230293e+00,7.697166938087407484e-01,1.885594706948877075e+01
5.058526929518290416e+00,8.407030280112000042e+00,4.611731154280374056e+01
5.902949425148077189e+00,2.680636408228762591e+00,4.523292208717783325e+01
3.843266471596816558e+00,6.796472826930698652e+00,5.065582775745153299e+01
7.602898231221350223e+00,1.371097057289990540e+00,2.903624939104792091e+01
8.496473906774115292e+00,2.473481017431976348e+00,3.817375359490251441e+01
2.271795570235148887e+00,8.370411252429400761e+00,3.347665789244353363e+01
4.938140404569287156e+00,3.876488054556470608e+00,4.226285180915918005e+01
3.113076991560036255e+00,6.103337833109183208e+00,4.606417440293846965e+01
9.427317741351256331e+00,6.496466489923684584e+00,3.262923129800719124e+01
7.270567616153901014e+00,5.620727944025710521e+00,5.011572043068368743e+01
5.024300982298213203e-01,3.491155265622380988e-01,1.649191685384940342e+01
9.362806214689266326e+00,6.400634660862092318e-01,2.020857261176929143e+01
2.807723624408557939e+00,2.431596643145383929e-01,2.115110759427873433e+01
8.275063198732212300e+00,6.972093819096367717e+00,3.804876742408061574e+01
3.463459943659612517e+00,3.469532018962277142e+00,3.623648351468887086e+01
8.881181889340357571e+00,3.252906183617477964e+00,4.503323726488783052e+01
3.746126146264712187e+00,6.258599157142363367e+00,5.483184401969692345e+01
7.234436623549119538e+00,5.356565993475785881e+00,5.146324549451897212e+01
7.072386343133985953e+00,1.525390429142613469e+00,3.288865866809932470e+01
7.011395944174736883e+00,6.801118854469726749e+00,4.264700815067963191e+01
8.172222002012158981e+00,5.552008115994623516e+00,4.627407899295724292e+01
1.792556119077900467e+00,8.000034817636814566e+00,3.448289908805473658e+01
5.324206822752170609e+00,4.110956026007065667e+00,5.842996226326791032e+01
3.704721027913819853e+00,4.845229851910213270e+00,4.016710257522975525e+01
3.398749637680661628e+00,7.247667715287614776e+00,4.715803980440433207e+01
5.906378339946377842e+00,6.610142542473202987e+00,5.196494731128238698e+01
5.163003483011952888e+00,3.229564729412459645e+00,5.118472173852423168e+01
2.543915808418470093e+00,3.618530932051386984e+00,3.062888897619006556e+01
3.721670238375133444e+00,4.320768829441959724e+00,3.786556562544150495e+01
3.673907286970704789e+00,8.701721830278874581e-01,2.414884372573866145e+01
6.527461078518746795e+00,2.381827810467265216e+00,3.992103614952684865e+01
9.145486638485589737e+00,4.340209727087588121e+00,5.137259019724520925e+01
6.761775620754340466e+00,3.251040154316990005e+00,4.659993151639383058e+01
5.034952696935324212e-01,5.276525785960262116e-01,1.311823000066266331e+01
2.871379580845755619e+00,7.928544190338393527e+00,4.037455158063060168e+01
2.769044873778089055e+00,9.835214727152219893e+00,3.607443560483361722e+01
7.771469159274367655e+00,5.584042497358050028e+00,4.917887861445944964e+01
5.435382173426460461e+00,8.172534574677825514e-01,2.939772373305887854e+01
6.252629574284573888e-01,4.589405165968203804e+00,3.040110827346326872e+01
4.939980934409615720e-02,9.518117854232389874e+00,1.702808726165215703e+01
3.733093162797529452e+00,2.707446731435537934e+00,2.980990007942515518e+01
9.402302414249575691e+00,5.754741778758790005e+00,3.823658329154844182e+01
3.592087469826903412e+00,8.235522266118190160e+00,4.548513928873291690e+01
6.341040313763313563e+00,7.093221613377342916e-01,2.818189826752634630e+01
1.805753451273335308e+00,5.679452305526294431e+00,4.169898762119695590e+01
2.809345096873807623e+00,5.426960831582484879e+00,4.777000329442495286e+01
4.739212201161027593e+00,7.163971119580989644e+00,5.798573080027038174e+01
4.663097561401700730e+00,7.569972730978746789e-01,2.777781218479963599e+01
7.712703466859457180e+00,7.404465173409036094e-01,2.656723324830030819e+01
5.467102793432796481e+00,1.848544555255270394e+00,3.719864611238101304e+01
4.522728891053806599e-01,3.253303307632643637e+00,2.571057843193038295e+01
7.508710677914973708e+00,7.545428740846823246e+00,3.399077302372197096e+01
4.888978317924514094e+00,4.017788006543242751e+00,3.858908004533703462e+01
9.921580148233125840e+00,8.514249577450957673e+00,1.677282723717773294e+01
3.843550385241348621e+00,2.519341395922936044e-01,2.496283777817609462e+01
9.507727077313379738e+00,7.025405015348069604e+00,3.144378153371440732e+01
1.992703364668008126e+00,8.774700466544819832e+00,3.256798253046635239e+01
3.881699262065219092e+00,6.432882184423531768e+00,5.362742492152872842e+01
1.277134836352348257e+00,8.260676302525283177e+00,3.161883679212301956e+01
4.028732826326370642e+00,2.952904940479432749e+00,3.186241488634747654e+01
4.755961918220083184e+00,4.077481050027323306e+00,4.279491780230420517e+01
1.469219235837707638e+00,3.426451465225215376e+00,2.789857519536769459e+01
5.637549665092711493e-01,8.647223762550531490e+00,2.364337896585804799e+01
8.511366715168568575e+00,3.169220051562776419e+00,4.098878714850228278e+01
7.806317174255571700e+00,5.837727805141116555e+00,4.494126367070919059e+01
2.018534521229483403e+00,6.734324333249173122e+00,3.929127573194046619e+01
1.388271726494101355e+00,6.408747448032146465e+00,3.465074828609130719e+01
4.281996149256147355e+00,7.175977656581762787e+00,5.672218517511843316e+01
7.090605194509164377e+00,8.709691237460855717e+00,3.079803259043676178e+01
2.471032340101464442e+00,1.595446801131883419e+00,2.319836468441001998e+01
8.549740195614743854e+00,8.825598767723473514e+00,2.540647715763778791e+01
5.487337893665861444e+00,6.918951976926932090e+00,5.280873393801027049e+01
2.602868575660029826e+00,9.071950307058298080e+00,3.436679135020666109e+01
1.911609442976403006e-01,4.768434683178170985e+00,3.004032177923569336e+01
1.148368247392035357e+00,6.106200424416325490e+00,3.266127813666911806e+01
2.375441308743274860e+00,3.732517916293400795e+00,3.064255858271561550e+01
9.430758377447075347e+00,2.406927118325049797e+00,3.634439172886733616e+01
5.805883502780434746e+00,6.322642879195303323e+00,5.207730112113327436e+01
4.241306713023860198e+00,7.364442356247228538e+00,5.294500003683558020e+01
9.154882975880418883e+00,3.394597858579884164e-01,2.029154542698026376e+01
3.046368630896012508e-01,2.044483724642730316e+00,2.154554219704344931e+01
4.592651971732139238e+00,3.577982653254418111e+00,4.012324593177961418e+01
9.261940684317819361e+00,2.286767796036087930e+00,3.694843754842690231e+01
3.698132559871766034e+00,5.235502018747240083e-01,2.313771064822233114e+01
6.697361202527152280e-01,8.773504531328386591e+00,2.230577283677273215e+01
3.645937281975399902e+00,2.178925542549901007e+00,2.841659564047366260e+01
2.702476921307832569e+00,9.664173858664073080e+00,3.522169187417571834e+01
7.219840897917584321e-01,3.065250220580606477e-01,1.412339280323759638e+01
9.799703293588507336e+00,6.018815896363221007e+00,3.467123128525599896e+01
7.570481146986254295e+00,5.560552168046062338e-01,2.432924293935832338e+01
1.652844901429574298e+00,1.992135219070267915e-02,1.326363583594994999e+01
7.460448792654233330e+00,5.833687650971596028e+00,4.790422072887938754e+01
3.938644056541584781e+00,6.512329770414920560e+00,5.324809223936476599e+01
3.692807702155410432e+00,9.329248625696720865e+00,4.344148201876979698e+01
7.418963269587150577e+00,8.484253790905247783e+00,3.371870226915287816e+01
7.619018126048699990e+00,8.336499619375855374e+00,3.072116294276187887e+01
8.441704489691971958e+00,8.056701529500532644e+00,2.826726061595742578e+01
3.677593508772896147e+00,4.141297525289270531e+00,3.720827041632450261e+01
2.182075345521722554e+00,8.740717733051852179e+00,3.623150753718577732e+01
7.140527233781267746e+00,9.139148633177640590e-01,2.815218207206387646e+01
7.818238633449356101e+00,6.441492214759159118e+00,4.384069087264209230e+01
8.044946424318222711e+00,7.728095732903374149e+00,3.209504000847876171e+01
7.365352283347926132e+00,8.829938248297731107e+00,3.038308039269877980e+01
4.888465802569202268e+00,6.668642575461043442e+00,5.810427578041272767e+01
2.944488920695857104e+00,3.850977286019252599e+00,3.555205937441898101e+01
2.472310744031770646e+00,8.707499012725113730e+00,3.742602270532399444e+01
1.674910890941077035e+00,1.472755635520909268e+00,2.341135446312207691e+01
8.837858849634256941e+00,9.277522831952129678e+00,2.020473933247704323e+01
6.034485933813779290e+00,6.682127985550162741e+00,4.925176018589204574e+01
6.936822257814886150e+00,2.207696127887603943e+00,3.881434438537154819e+01
4.024062592993117526e+00,8.845868882296137770e+00,4.772733244424163246e+01
8.221031606002254577e+00,3.804200075075623300e+00,4.751322798751908039e+01
9.941393612211674835e+00,6.618391898493785952e+00,3.104934553469370329e+01
5.195657755426841273e-01,7.862781993840330941e+00,2.564231272034241371e+01
7.863450144155520682e+00,8.941100231225951323e-01,2.782567200518132466e+01
7.486452341261999877e+00,3.175867952611166611e+00,4.642711669050304124e+01
6.186113782151842599e+00,7.527166395576411873e+00,4.372334701760040332e+01
1.283942894541252322e+00,1.041096493841663362e+00,1.714524220515948372e+01
6.567560634745570169e+00,9.685373316998921567e+00,3.004801032682786399e+01
7.945155444907486597e+00,7.070864772666981324e+00,3.733813607909588939e+01
9.321182824836123260e+00,5.651331835892089650e+00,4.044690926307900725e+01
9.738004133571495302e+00,5.441986625037022129e+00,3.804686942098297919e+01
9.581180089194337057e+00,2.204460042454189583e+00,3.357542856511777529e+01
2.277497361032096101e+00,9.640288471655138025e+00,3.122252786493390531e+01
2.415368417016817482e+00,3.542713272172156813e+00,2.995474847585481726e+01
9.367299887367344979e+00,1.375209441459932513e+00,2.616734146127977567e+01
2.208527829630089201e+00,3.892996332566744933e-01,1.971505511108976094e+01
6.881347060865421028e+00,4.376031240553919233e+00,5.729660672088138540e+01
6.289428467798839684e+00,8.774720135270529298e+00,3.569904361521893321e+01
7.234478178500010515e+00,9.054161580370978513e-02,2.214417203040629900e+01
6.551737145243380134e+00,2.602365979852293343e+00,4.333761288451477611e+01
3.918593731880259945e+00,8.956747776187786059e+00,4.458392305354588814e+01
7.283708543396460122e+00,3.458060984104249780e+00,5.060711670526986694e+01
4.167290060238426630e-01,8.479201604580322016e-01,1.495141031689183286e+01
1.572732081797153514e+00,3.097878592090992367e+00,2.663676563082624682e+01
6.180846068922263292e-01,9.236052811137851482e-01,1.444599974404493814e+01
2.320181803088106953e+00,1.438144607208502457e-01,1.748130734008421072e+01
1.579548228353480077e+00,6.958991181688024774e+00,3.349078311204370806e+01
5.112754622007511074e+00,4.923254800011819476e+00,6.543085231190690365e+01
2.757675682513569537e+00,8.770905810181888640e+00,3.961109643575828443e+01
5.836561118508720725e+00,7.773463696498483788e-01,3.056875295527529346e+01
1.161389602005256094e+00,9.559188289553192774e+00,2.363309964715212885e+01
8.705269662693842392e+00,6.314189212183763722e+00,3.605250897201852922e+01
4.808901466030089722e+00,6.624340117010680373e+00,5.791260697340293007e+01
9.624472949421111423e+00,2.517822958253641552e+00,3.706266127304490965e+01
8.565824959643053571e-01,8.941908746641182404e+00,2.381109834879396558e+01
4.395116886329101469e+00,1.056646842617439130e+00,2.744588430847236538e+01
6.171449866040300769e+00,7.067772168854458137e+00,4.762314151930934969e+01
6.617777324716385579e+00,7.680304831442152924e-01,3.139569917450018011e+01
9.264637979561848979e+00,4.196273828068103562e+00,5.076017598742353698e+01
7.738796557301563794e+00,6.019234310151315270e+00,4.745430787269111050e+01
4.543773345599609215e+00,8.443570827396159828e+00,5.144225051143170191e+01
8.459214396777321454e+00,6.136041142374583757e+00,4.016343977565550460e+01
4.834074359731466153e+00,8.635475225145452072e+00,5.453998964050160225e+01
6.265925110932101916e+00,9.263826067300866995e+00,3.400077607591624229e+01
5.673122196289035912e+00,2.565627837013637613e+00,4.443715988314758647e+01
4.975398521461022128e+00,2.046801090572839321e+00,3.269708354220109925e+01
3.773180539631928454e+00,9.640784164901081255e+00,4.297468950640756447e+01
1.392720726633872586e+00,7.940251892702959502e+00,3.331995299595202908e+01
7.609907600280938489e+00,3.531135494023907029e-01,2.295285633285952187e+01
7.427065211999810401e+00,4.254933344480753554e+00,5.388154999124916600e+01
8.044372076795049509e+00,2.787598724145530227e+00,4.326659730105541968e+01
6.651972206962001088e+00,5.230654247691193248e+00,5.448354042895475402e+01
2.730708099728124338e+00,5.180787662388154580e+00,4.629422747329730470e+01
9.836789252634135394e+00,2.391801042159256152e+00,3.550508182774471067e+01
3.191004732432556334e+00,8.289154741506774116e+00,4.075503993439698291e+01
9.262548305136719673e-01,7.483843496762313308e+00,3.046515717911956855e+01
4.439194545063777753e+00,2.191332877500895560e-01,2.214658409305173947e+01
2.381466536656962951e+00,9.084345518793753627e+00,3.500163598635545981e+01
3.118161330852595725e+00,5.061418628402440945e+00,5.259286366986771100e+01
1.938630679368926746e+00,8.588167711681546024e+00,3.388876684869506306e+01
1.636238211916691832e+00,7.948095487499293732e+00,3.294802330558658809e+01
2.459577283845081119e+00,1.606813732595556710e+00,2.348580161289181234e+01
1.734960503550220245e+00,3.797515229193174413e+00,3.146205829662160269e+01
5.174463517550412561e+00,4.304274103209902336e+00,5.839881591657196935e+01
9.317537194328163963e+00,3.970150412371916460e+00,4.819266710659241681e+01
3.439576865576855269e+00,7.330001072226232317e+00,4.832912306469925312e+01
8.698675991141013863e-01,4.084532130706986841e+00,3.150249023504730772e+01
5.772790292331312578e+00,8.655771456245522799e+00,3.902858345204199964e+01
4.545410647677732285e+00,6.275580800840634410e+00,5.738453599644628156e+01
1.748386272604125491e+00,5.025660764634424460e+00,4.287066713309070565e+01
6.227310588188561535e-01,5.125026487703316924e+00,3.335909999019884964e+01
2.195539232298019172e+00,9.598628027134552099e+00,3.153654129387794214e+01
1.018036829495369000e+00,5.059579077349316556e+00,3.873718999319617495e+01
8.127995672575025310e+00,9.472485773838586809e+00,2.577269109580325335e+01
7.795844735667532888e+00,3.501252591667300962e+00,4.944663528030405786e+01
5.325040664159818249e+00,1.153946421789173726e+00,3.211374072719384287e+01
6.056378893234114713e+00,1.172039056802334223e+00,3.639638128353029600e+01
6.593539222057827054e+00,8.951177407065364022e+00,3.221815382182660414e+01
6.863271966860974516e+00,6.964114816240574157e-01,2.789278113954607363e+01
9.390676985128962428e+00,7.987832357736653677e+00,2.602426295535852319e+01
7.222669318556591556e+00,8.556964681062858347e+00,3.254588954927611155e+01
1.748814371759593866e+00,8.557372589057862911e+00,3.160739913645369370e+01
9.331619827093295960e-02,2.466788645216229980e+00,1.897884761144706900e+01
9.671266152591703857e+00,4.177609792750996753e+00,4.637255184798102192e+01
3.404115561142596391e+00,5.105807574595599085e+00,5.317982250890580076e+01
6.181557343181190767e+00,7.024649705441039060e+00,4.545427700207488897e+01
7.965372909761763154e+00,4.815223515125500953e+00,5.583269167132552724e+01
