SerialNo,MotorVibration,ConveyorSpeed,MixingDrumRate,ChamberTemp,Pressure,Humidity,ChocolateType
1,20.49,20.05,20.33,22.1,20.18,19.84,Gopstopper
2,20.55,20.56,20.1,19.88,20.53,20.24,Wonkagum
3,19.57,18.98,20.27,21.61,23.49,21.26,Gopstopper
4,18.28,20.36,21.57,23.82,20.98,20.18,Gopstopper
5,20.87,20.87,21.08,22.05,22.08,21.24,Gopstopper
6,19.87,23.52,21.36,21.6,21.04,20.78,Wonkagum
7,19.36,19.43,19.18,22.43,22.47,21.58,Gopstopper
8,20.43,20.8,20.2,21.56,23.32,20.69,Wonkagum
9,19.01,19.25,20.24,22.3,22.32,19.59,Wonkagum
10,20.64,21.57,19.38,20.37,21.78,20.03,Wonkagum
11,19.91,21.78,19.62,22.23,23.34,20.6,Wonkagum
12,20.44,22.31,20.02,21.85,21.98,19.06,Wonkagum
13,22.17,21.93,20.33,20.71,21.84,22.28,Gopstopper
14,18.65,19.75,19.22,23.09,21.41,21.3,Gopstopper
15,20.07,20.64,21.09,23.37,21.66,19.42,Gopstopper
16,20.18,21.67,21.44,20.9,21.16,21.16,Wonkagum
17,20.17,20.58,21.51,21.12,21.55,19.9,Wonkagum
18,19.51,21.1,19.16,23.24,21.4,20.97,Gopstopper
19,21.37,20.8,18.93,21.41,23.49,20.43,Wonkagum
20,19.46,22.25,19.79,22.11,22.19,20.02,Wonkagum
21,18.56,20.76,19.02,22.05,22.29,17.95,Wonkagum
22,19.99,20.48,22.0,22.77,22.62,19.96,Gopstopper
23,21.84,20.91,21.44,22.78,21.48,21.25,Gopstopper
24,20.36,18.49,20.59,21.74,21.17,19.65,Gopstopper
25,19.98,22.19,20.04,20.79,22.51,20.81,Wonkagum
26,20.21,21.18,20.39,21.42,21.16,21.07,Gopstopper
27,21.21,19.91,19.53,19.51,21.47,20.03,Wonkagum
28,19.63,20.09,18.46,22.01,21.23,18.62,Wonkagum
29,19.61,20.69,20.36,22.07,22.85,20.77,Wonkagum
30,22.22,20.99,19.31,22.01,21.65,18.78,Gopstopper
31,20.38,19.7,19.55,21.52,22.16,20.64,Gopstopper
32,19.65,21.07,20.22,20.83,23.03,20.03,Wonkagum
33,19.74,19.36,20.6,22.27,21.74,19.93,Gopstopper
34,19.64,20.3,19.07,23.09,21.56,19.9,Gopstopper
35,21.03,20.91,19.14,24.69,23.35,18.59,Gopstopper
36,20.87,21.41,20.36,21.44,20.53,18.79,Wonkagum
37,19.04,22.0,20.1,23.12,20.75,22.32,Gopstopper
38,19.45,18.94,19.95,22.02,20.89,21.3,Gopstopper
39,20.68,21.77,21.13,22.2,21.55,21.2,Gopstopper
40,21.19,20.19,19.1,18.83,21.95,20.58,Wonkagum
41,20.65,20.45,21.79,22.93,21.25,19.98,Gopstopper
42,19.98,20.09,21.3,23.26,21.43,18.32,Gopstopper
43,19.81,21.58,18.81,18.97,20.83,21.31,Wonkagum
44,21.13,20.07,22.76,19.96,21.87,20.36,Gopstopper
45,18.09,20.48,21.12,22.85,22.01,18.83,Wonkagum
46,18.93,18.84,20.03,21.33,21.16,18.67,Wonkagum
47,19.57,20.61,19.98,22.07,22.02,19.84,Wonkagum
48,17.29,20.05,19.87,21.1,21.44,17.77,Wonkagum
49,19.82,20.29,20.27,21.72,22.43,19.75,Wonkagum
50,19.41,20.55,19.48,22.59,21.04,19.45,Wonkagum
51,20.01,20.69,20.85,23.52,21.34,19.92,Gopstopper
52,19.52,19.99,19.46,21.14,21.53,18.92,Wonkagum
53,19.53,21.68,20.12,21.38,19.98,19.2,Wonkagum
54,21.09,20.24,19.86,21.95,22.15,18.9,Gopstopper
55,19.66,20.45,20.24,24.38,21.37,19.68,Gopstopper
56,18.78,20.9,19.88,22.46,21.8,20.51,Wonkagum
57,19.8,20.97,21.48,22.79,22.27,19.73,Gopstopper
58,19.9,19.73,21.66,21.35,21.37,20.92,Gopstopper
59,20.53,20.96,20.21,23.54,20.66,20.65,Gopstopper
60,18.94,20.39,20.49,22.35,21.52,20.81,Wonkagum
61,20.69,22.2,20.17,21.02,20.38,20.36,Wonkagum
62,19.62,21.22,20.28,21.65,21.97,19.73,Wonkagum
63,18.81,21.95,19.74,20.85,19.85,18.08,Wonkagum
64,19.44,18.67,20.63,19.06,21.85,20.05,Wonkagum
65,20.81,21.17,20.37,23.52,20.15,20.86,Gopstopper
66,21.57,21.54,20.04,23.02,20.98,22.13,Gopstopper
67,22.09,21.74,22.81,23.02,21.28,20.56,Gopstopper
68,20.79,20.34,21.08,21.71,21.56,20.41,Gopstopper
69,20.14,21.21,21.27,21.35,22.41,18.39,Wonkagum
70,18.75,20.76,19.63,22.83,20.5,19.31,Wonkagum
71,21.47,21.53,18.52,19.64,20.29,19.25,Wonkagum
72,18.77,22.15,23.25,22.04,21.4,20.01,Wonkagum
73,19.07,22.43,20.59,22.75,19.63,20.11,Wonkagum
74,20.67,20.84,22.88,23.37,22.4,19.84,Gopstopper
75,19.72,22.25,22.35,22.67,21.76,20.42,Gopstopper
76,21.06,21.36,21.16,21.24,21.26,21.16,Gopstopper
77,18.44,21.4,19.16,22.53,22.33,21.14,Wonkagum
78,20.25,21.82,20.24,22.77,22.08,20.19,Wonkagum
79,19.35,20.95,21.37,21.84,24.13,19.29,Wonkagum
80,19.07,21.31,17.13,21.59,20.3,19.66,Wonkagum
81,19.95,19.75,21.15,21.71,22.08,22.13,Gopstopper
82,19.96,20.15,20.18,24.1,21.39,18.59,Gopstopper
83,19.51,19.69,21.21,22.67,20.8,19.02,Gopstopper
84,20.8,18.99,21.24,24.04,21.32,19.5,Gopstopper
85,19.28,21.15,21.11,22.36,22.27,21.2,Wonkagum
86,19.85,20.93,20.48,21.35,22.46,19.69,Wonkagum
87,20.4,19.01,20.76,21.79,21.75,19.53,Gopstopper
88,20.07,21.7,22.15,21.28,23.29,20.21,Wonkagum
89,17.85,20.72,21.09,21.72,21.67,20.14,Wonkagum
90,19.79,21.82,20.38,22.44,21.91,21.52,Gopstopper
91,20.28,18.15,21.6,21.49,20.67,19.67,Gopstopper
92,19.2,20.86,20.3,21.46,21.37,19.82,Wonkagum
93,19.51,20.68,20.51,20.52,20.93,19.65,Wonkagum
94,20.51,20.1,19.51,22.62,19.92,20.57,Gopstopper
95,20.03,19.62,20.88,19.47,22.97,21.1,Wonkagum
96,19.71,22.81,21.33,21.27,19.81,20.98,Wonkagum
97,21.36,21.19,20.05,21.29,21.1,21.61,Gopstopper
98,21.02,22.36,21.26,20.3,20.11,19.91,Wonkagum
99,19.04,20.31,19.5,21.56,21.68,19.96,Wonkagum
100,19.26,20.29,20.04,20.72,22.15,19.8,Wonkagum
101,20.36,19.66,18.78,22.59,21.06,18.82,Gopstopper
102,20.84,19.91,19.75,23.3,22.13,22.32,Gopstopper
103,18.74,20.07,20.15,23.16,20.68,18.09,Wonkagum
104,20.54,21.58,18.29,21.9,21.59,20.54,Wonkagum
105,20.02,19.93,18.85,20.35,22.07,20.1,Wonkagum
106,20.69,22.7,23.15,22.48,21.51,21.03,Gopstopper
107,20.19,21.0,19.53,20.44,23.3,19.92,Wonkagum
108,19.85,18.8,22.09,22.07,22.86,19.97,Gopstopper
109,20.14,21.24,21.57,22.68,19.43,19.34,Gopstopper
110,19.38,20.05,19.01,19.36,20.39,19.66,Wonkagum
111,19.73,20.68,21.2,22.5,22.38,20.14,Gopstopper
112,21.47,22.32,20.4,21.11,20.79,23.57,Gopstopper
113,20.77,20.61,20.46,21.74,23.87,20.19,Wonkagum
114,19.85,21.91,20.66,20.35,21.31,18.72,Wonkagum
115,20.46,22.55,20.7,23.0,22.13,20.51,Gopstopper
116,21.2,22.09,20.41,21.8,21.28,21.34,Gopstopper
117,19.3,19.72,20.14,22.44,21.92,18.91,Wonkagum
118,21.22,19.3,20.32,22.85,23.71,20.66,Gopstopper
119,21.48,23.14,22.25,23.37,22.06,19.97,Gopstopper
120,20.73,21.75,21.0,21.55,21.12,19.92,Gopstopper
121,19.85,19.15,19.6,22.19,22.06,21.63,Gopstopper
122,19.54,21.6,20.87,21.38,21.6,21.0,Wonkagum
123,19.17,19.4,19.45,22.96,21.43,19.19,Wonkagum
124,20.27,21.26,20.03,18.73,22.32,20.73,Wonkagum
125,18.68,20.17,21.19,21.32,21.32,20.47,Wonkagum
126,21.56,19.47,19.91,23.55,23.56,19.97,Gopstopper
127,20.92,20.41,20.32,21.19,21.51,20.59,Gopstopper
128,19.17,20.17,18.62,19.79,21.09,17.72,Wonkagum
129,20.66,23.32,20.61,22.22,21.44,19.17,Wonkagum
130,19.36,19.44,19.53,21.77,22.5,20.47,Wonkagum
131,19.68,19.85,19.29,22.94,21.65,19.74,Gopstopper
132,19.06,21.82,20.0,20.6,21.94,19.79,Wonkagum
133,20.51,19.36,19.48,22.26,22.08,20.93,Gopstopper
134,19.18,21.28,20.87,22.1,21.04,19.65,Wonkagum
135,18.93,21.62,20.37,22.73,21.23,20.88,Wonkagum
136,18.64,21.12,20.71,23.01,19.98,20.21,Gopstopper
137,21.63,21.06,20.12,21.7,21.28,19.25,Gopstopper
138,19.78,19.82,18.05,20.38,19.62,20.86,Wonkagum
139,19.88,20.77,21.55,21.51,22.79,21.39,Gopstopper
140,18.65,22.06,20.45,22.4,20.86,19.21,Wonkagum
141,21.13,21.47,20.1,21.59,21.89,20.83,Gopstopper
142,21.15,22.84,21.44,20.08,21.18,20.32,Wonkagum
143,20.29,22.22,21.77,22.31,21.36,18.58,Wonkagum
144,19.65,23.0,19.45,22.54,22.66,19.42,Wonkagum
145,20.5,21.13,19.49,23.37,22.27,19.41,Gopstopper
146,20.26,20.61,19.57,22.05,23.68,20.45,Wonkagum
147,20.12,22.02,19.26,23.33,20.25,21.37,Gopstopper
148,21.26,21.69,20.61,22.9,19.8,20.2,Gopstopper
149,20.59,22.01,19.28,21.73,20.55,19.03,Wonkagum
150,19.63,21.39,19.38,20.5,20.17,20.62,Wonkagum
151,20.44,20.13,19.88,22.2,20.77,20.32,Gopstopper
152,21.91,21.33,21.31,23.84,20.53,20.01,Gopstopper
153,20.9,22.38,20.15,21.29,20.81,20.09,Wonkagum
154,18.93,21.83,21.34,22.41,21.26,19.71,Wonkagum
155,18.93,19.69,18.39,21.72,21.2,21.03,Wonkagum
156,20.04,23.72,21.2,20.73,22.74,21.28,Wonkagum
157,20.78,21.73,21.8,22.45,22.52,19.34,Gopstopper
158,18.67,20.48,21.87,21.24,20.91,18.44,Wonkagum
159,21.24,20.59,20.67,21.81,22.29,19.38,Gopstopper
160,20.77,22.08,20.21,22.04,20.87,19.78,Wonkagum
161,21.43,21.59,19.79,21.18,21.06,19.06,Wonkagum
162,20.0,23.37,21.66,21.48,21.68,20.34,Wonkagum
163,17.82,20.53,21.42,20.36,21.6,21.27,Wonkagum
164,20.95,21.8,22.26,23.44,21.46,19.71,Gopstopper
165,19.43,19.69,20.53,23.19,20.67,19.24,Gopstopper
166,18.71,19.0,20.79,22.1,22.57,20.42,Wonkagum
167,20.46,21.14,18.15,20.3,20.72,20.08,Wonkagum
168,19.6,20.71,19.56,22.85,21.18,19.7,Wonkagum
169,18.37,20.96,18.97,22.09,19.72,19.89,Wonkagum
170,19.91,20.45,19.55,19.75,21.61,19.89,Wonkagum
171,20.58,20.24,18.47,22.77,20.19,20.66,Gopstopper
172,18.74,21.35,21.64,21.58,20.99,20.33,Wonkagum
173,21.23,20.24,21.49,21.12,20.22,20.98,Gopstopper
174,19.34,22.49,20.28,22.03,20.24,18.94,Wonkagum
175,19.39,23.06,19.6,22.11,22.08,19.13,Wonkagum
176,20.24,21.29,21.62,22.5,21.07,20.14,Gopstopper
177,19.08,22.44,21.62,21.48,19.67,21.17,Wonkagum
178,19.0,18.91,19.94,20.94,23.1,19.4,Wonkagum
179,20.15,21.33,21.25,22.32,20.78,21.01,Gopstopper
180,19.72,20.87,18.31,21.02,22.32,21.14,Wonkagum
181,21.29,20.25,19.83,23.12,20.93,20.73,Gopstopper
182,19.9,20.79,20.02,20.68,21.27,20.09,Wonkagum
183,18.89,20.8,21.04,21.25,19.98,20.43,Wonkagum
184,17.3,22.88,19.39,20.95,21.51,19.4,Wonkagum
185,19.15,19.84,19.52,21.28,22.57,18.37,Wonkagum
186,20.22,21.2,20.48,22.61,20.94,19.47,Gopstopper
187,20.13,20.04,17.8,20.32,20.22,19.28,Wonkagum
188,17.65,20.38,20.49,22.05,20.94,19.25,Wonkagum
189,20.06,21.85,19.37,22.6,20.9,20.17,Wonkagum
190,19.47,22.69,20.55,22.13,21.52,18.87,Wonkagum
191,20.98,22.16,21.01,21.66,21.28,20.16,Gopstopper
192,17.92,20.19,22.78,23.55,21.22,20.14,Gopstopper
193,20.35,19.63,20.21,24.13,21.9,18.12,Gopstopper
194,21.73,18.74,20.69,20.39,20.89,22.66,Gopstopper
195,21.07,22.76,19.84,20.78,19.65,18.34,Wonkagum
196,20.02,20.63,20.76,20.9,21.15,19.83,Wonkagum
197,20.4,22.08,20.72,23.35,23.83,20.63,Gopstopper
198,20.07,18.48,20.07,21.38,21.73,20.93,Gopstopper
199,18.79,20.19,20.46,21.4,22.47,19.64,Wonkagum
200,21.29,21.96,20.68,23.8,22.27,20.01,Gopstopper
201,20.03,20.41,20.23,22.26,21.24,20.19,Gopstopper
202,21.45,19.5,21.34,22.63,21.74,21.79,Gopstopper
203,21.75,21.31,21.16,22.47,21.3,20.32,Gopstopper
204,21.91,23.26,20.57,21.84,21.7,21.02,Gopstopper
205,20.34,21.46,19.05,22.71,22.42,19.38,Wonkagum
206,21.71,18.83,19.95,23.82,21.71,19.91,Gopstopper
207,20.17,19.1,19.63,21.03,19.87,19.62,Gopstopper
208,18.81,20.8,20.99,22.4,22.63,21.23,Wonkagum
209,20.14,18.48,21.1,22.31,21.85,19.51,Gopstopper
210,18.91,19.1,20.27,21.75,20.42,18.67,Wonkagum
211,18.67,21.24,20.92,21.2,20.8,20.26,Wonkagum
212,20.46,20.26,19.11,22.93,21.57,21.06,Gopstopper
213,19.23,22.18,19.59,24.33,20.99,20.0,Wonkagum
214,19.78,21.03,19.52,22.22,21.79,19.79,Wonkagum
215,20.0,19.43,21.89,22.38,22.16,22.84,Gopstopper
216,21.71,22.67,20.65,20.78,20.15,19.93,Wonkagum
217,20.25,20.0,19.93,21.3,21.5,19.19,Wonkagum
218,18.88,20.8,20.66,22.44,21.96,19.84,Wonkagum
219,20.35,21.23,18.73,21.31,20.48,20.07,Wonkagum
220,19.59,19.69,20.56,21.93,22.63,21.1,Gopstopper
221,19.93,21.24,21.29,21.62,20.23,21.21,Gopstopper
222,20.91,21.65,19.2,23.31,22.42,21.26,Gopstopper
223,20.65,22.22,21.52,21.35,21.25,19.88,Wonkagum
224,20.39,21.52,20.0,22.62,21.94,19.68,Wonkagum
225,20.77,18.3,20.05,20.69,22.58,22.02,Gopstopper
226,18.84,19.44,22.24,23.92,20.79,21.54,Gopstopper
227,21.16,21.42,20.36,22.01,22.52,21.16,Gopstopper
228,18.63,20.22,20.88,22.54,20.8,19.81,Wonkagum
229,20.54,19.21,21.84,22.72,20.72,21.22,Gopstopper
230,21.21,19.57,18.97,20.69,21.73,19.46,Wonkagum
231,18.36,20.95,19.89,22.29,20.55,18.4,Wonkagum
232,19.76,22.22,20.2,19.84,20.53,19.99,Wonkagum
233,19.93,19.6,20.58,19.36,20.64,20.11,Wonkagum
234,20.03,20.19,18.36,21.22,21.54,20.82,Wonkagum
235,20.81,19.18,19.62,21.13,21.25,21.38,Gopstopper
236,21.64,19.89,19.64,21.09,20.02,19.08,Gopstopper
237,20.1,21.34,19.92,22.73,20.71,18.64,Wonkagum
238,17.92,21.94,19.8,22.23,22.5,22.05,Wonkagum
239,19.86,20.93,20.19,22.82,20.64,20.66,Gopstopper
240,21.36,20.93,19.74,22.62,21.0,20.36,Gopstopper
241,19.33,22.35,20.61,20.55,21.11,19.99,Wonkagum
242,20.47,21.93,20.21,22.98,21.57,18.54,Wonkagum
243,20.01,24.08,20.62,20.58,21.29,19.13,Wonkagum
244,19.18,21.36,20.57,19.86,21.18,20.1,Wonkagum
245,20.53,21.2,21.76,22.77,20.95,18.49,Gopstopper
246,19.9,19.65,19.91,20.87,21.73,19.57,Wonkagum
247,20.0,21.81,20.26,21.67,21.79,21.17,Wonkagum
248,19.7,18.98,21.0,20.18,19.88,20.26,Gopstopper
249,22.94,21.52,21.42,23.43,20.9,20.91,Gopstopper
250,20.67,22.15,19.32,20.91,18.69,18.06,Wonkagum
251,19.73,20.08,20.11,21.07,21.62,20.89,Wonkagum
252,21.46,20.5,20.91,21.01,20.31,19.81,Gopstopper
253,18.91,20.41,19.29,23.92,22.36,20.77,Gopstopper
254,20.86,22.74,22.13,22.67,20.07,19.73,Gopstopper
255,20.68,21.39,21.82,22.73,19.18,19.29,Gopstopper
256,18.41,19.3,21.11,22.38,21.26,20.81,Gopstopper
257,18.88,21.33,19.6,20.71,24.32,19.82,Wonkagum
258,20.27,19.3,19.81,20.2,21.4,19.97,Wonkagum
259,20.37,21.4,21.25,20.29,20.84,20.07,Wonkagum
260,18.95,22.36,20.14,22.5,20.99,19.92,Wonkagum
261,20.72,20.23,19.45,21.92,22.23,22.62,Gopstopper
262,19.89,21.83,20.4,21.1,21.68,22.07,Wonkagum
263,19.82,19.12,20.69,22.15,22.41,18.97,Gopstopper
264,20.62,19.8,21.23,23.24,21.57,20.19,Gopstopper
265,20.24,21.2,20.98,21.03,21.45,19.56,Wonkagum
266,19.32,17.68,22.39,24.04,22.13,20.54,Gopstopper
267,21.03,22.69,20.22,20.4,21.68,18.93,Wonkagum
268,19.8,21.0,19.99,22.79,23.4,19.97,Wonkagum
269,18.7,21.57,19.92,21.46,22.18,20.45,Wonkagum
270,21.68,23.9,21.2,20.74,21.49,18.8,Wonkagum
271,18.33,20.83,18.75,23.21,21.81,19.54,Wonkagum
272,20.87,22.15,20.94,22.2,20.36,20.72,Gopstopper
273,20.95,21.88,21.51,21.81,22.23,19.97,Gopstopper
274,20.01,18.69,18.77,20.76,20.48,19.75,Wonkagum
275,21.65,21.98,19.15,23.71,22.25,19.71,Gopstopper
276,19.59,21.3,20.24,21.28,21.06,20.05,Wonkagum
277,21.34,22.12,19.53,21.56,20.65,21.29,Gopstopper
278,19.72,21.04,22.65,24.56,21.84,19.8,Gopstopper
279,19.79,21.05,20.79,20.52,21.01,20.4,Wonkagum
280,19.57,19.97,19.05,21.51,19.15,19.56,Wonkagum
281,21.12,20.17,20.31,21.22,22.42,19.96,Gopstopper
282,19.64,21.71,20.72,22.51,21.28,20.42,Wonkagum
283,20.26,18.37,20.39,21.93,20.4,20.39,Gopstopper
284,20.36,21.06,19.36,21.93,21.17,19.46,Wonkagum
285,20.4,19.9,20.55,22.29,19.69,20.29,Gopstopper
286,21.11,19.78,19.73,20.28,21.86,21.63,Gopstopper
287,19.3,21.43,20.32,21.79,20.95,19.75,Wonkagum
288,21.57,20.55,19.88,20.92,21.43,20.25,Gopstopper
289,20.69,22.5,20.82,20.63,21.0,20.12,Wonkagum
290,19.01,20.05,18.36,21.65,23.29,20.32,Wonkagum
291,20.93,20.1,20.85,22.32,21.26,19.98,Gopstopper
292,21.53,19.54,21.38,20.53,21.25,18.83,Gopstopper
293,20.14,19.22,20.06,24.07,21.75,19.89,Gopstopper
294,19.69,21.25,20.67,20.38,18.56,19.24,Wonkagum
295,18.86,20.63,20.56,23.38,21.03,18.44,Wonkagum
296,21.01,21.98,21.72,20.74,20.8,20.91,Gopstopper
297,20.18,20.87,21.8,21.95,22.59,20.28,Gopstopper
298,19.65,22.67,22.25,22.69,22.31,20.52,Wonkagum
299,21.66,21.8,20.07,20.54,22.23,21.02,Wonkagum
300,18.91,21.0,19.59,22.05,21.98,20.67,Wonkagum
301,18.87,19.88,21.35,18.79,21.62,20.41,Wonkagum
302,21.5,20.71,20.29,21.12,21.77,21.2,Gopstopper
303,20.04,20.47,21.55,19.01,21.37,19.57,Wonkagum
304,19.45,20.12,20.8,22.48,21.66,20.76,Gopstopper
305,21.48,20.69,20.15,21.64,21.17,21.08,Gopstopper
306,20.09,20.59,20.51,21.46,20.81,18.95,Wonkagum
307,19.6,21.56,22.07,22.82,21.24,21.36,Gopstopper
308,18.87,22.21,20.57,22.51,21.48,20.82,Wonkagum
309,21.95,19.79,20.04,20.9,21.08,19.86,Gopstopper
310,18.79,20.3,19.79,21.76,20.77,18.89,Wonkagum
311,18.24,22.93,21.01,21.72,20.8,20.44,Wonkagum
312,20.76,21.14,20.82,19.68,21.7,20.4,Wonkagum
313,20.93,21.11,21.3,22.64,20.03,19.28,Gopstopper
314,20.67,19.97,22.25,24.47,21.06,20.16,Gopstopper
315,20.82,20.85,20.68,21.63,21.72,20.73,Gopstopper
316,19.88,20.75,20.35,21.2,21.42,20.55,Wonkagum
317,20.24,22.88,20.81,21.83,20.71,19.91,Wonkagum
318,20.31,19.97,21.31,20.21,20.61,20.14,Gopstopper
319,21.04,21.18,20.55,24.58,19.96,19.33,Gopstopper
320,19.88,21.41,21.66,23.55,22.91,21.45,Gopstopper
321,20.5,23.17,20.6,23.84,21.63,22.43,Gopstopper
322,21.63,20.67,22.34,25.38,21.47,19.7,Gopstopper
323,18.27,21.91,21.07,23.11,21.28,17.94,Wonkagum
324,19.3,20.89,20.0,20.87,20.89,19.87,Wonkagum
325,19.21,20.92,19.45,21.91,20.92,20.12,Wonkagum
326,21.58,22.78,21.49,22.81,23.36,20.26,Gopstopper
327,21.99,24.51,22.41,23.29,20.91,19.35,Gopstopper
328,20.1,21.24,20.61,21.33,20.76,19.58,Wonkagum
329,18.56,23.41,20.89,21.29,22.41,19.34,Wonkagum
330,20.3,20.08,20.81,22.68,20.9,19.11,Gopstopper
331,20.12,20.31,19.7,23.91,22.17,21.22,Gopstopper
332,20.66,21.28,19.19,21.22,21.34,20.33,Wonkagum
333,20.37,20.7,20.27,20.78,19.72,20.09,Gopstopper
334,19.89,20.12,20.98,21.99,22.23,20.8,Gopstopper
335,20.15,22.57,20.91,23.9,22.86,20.25,Gopstopper
336,19.35,21.68,20.81,23.64,22.96,21.5,Gopstopper
337,18.08,19.93,20.38,23.04,22.6,19.79,Wonkagum
338,20.15,19.86,17.23,20.79,22.96,22.26,Wonkagum
339,18.86,21.1,20.05,22.17,21.77,19.35,Wonkagum
340,20.25,23.04,21.38,19.52,19.59,20.04,Wonkagum
341,20.78,20.54,20.74,22.68,22.75,20.09,Gopstopper
342,19.71,21.25,20.26,22.05,21.03,21.11,Gopstopper
343,20.37,21.06,20.63,22.11,23.44,20.8,Wonkagum
344,19.53,21.31,20.36,21.98,20.85,19.58,Wonkagum
345,20.36,20.92,18.52,21.58,22.98,22.0,Wonkagum
346,20.61,21.3,20.72,20.38,20.62,19.74,Wonkagum
347,20.5,21.92,20.19,20.75,21.49,19.64,Wonkagum
348,18.61,19.87,21.32,23.8,23.67,21.1,Gopstopper
349,20.4,22.57,21.15,22.07,20.3,20.61,Gopstopper
350,19.53,20.29,20.83,20.6,22.02,18.5,Wonkagum
351,21.28,19.16,19.85,21.9,22.46,19.93,Gopstopper
352,21.1,21.45,21.4,22.56,21.57,20.6,Gopstopper
353,18.61,20.25,21.05,22.32,21.27,20.12,Wonkagum
354,19.95,21.76,22.33,25.7,20.79,19.22,Gopstopper
355,21.44,21.29,19.46,21.92,21.53,21.0,Gopstopper
356,19.94,20.49,20.76,21.78,20.5,19.83,Gopstopper
357,20.35,22.8,20.64,20.46,22.4,20.75,Wonkagum
358,21.22,19.9,21.56,21.56,20.69,20.47,Gopstopper
359,20.27,19.06,19.83,23.24,21.34,20.69,Gopstopper
360,19.72,21.65,20.01,23.73,22.49,20.91,Gopstopper
361,20.13,21.93,20.51,23.8,20.23,21.1,Gopstopper
362,19.57,20.51,19.99,23.66,21.81,21.11,Gopstopper
363,22.19,19.79,21.2,22.18,21.36,20.65,Gopstopper
364,19.94,20.22,18.92,19.87,21.64,19.08,Wonkagum
365,21.94,23.08,21.87,23.03,23.14,21.2,Gopstopper
366,18.76,22.74,22.21,23.72,21.32,19.18,Wonkagum
367,19.91,21.37,19.0,21.9,20.93,21.2,Wonkagum
368,19.51,20.01,18.49,22.03,21.67,21.21,Wonkagum
369,20.5,21.21,19.99,22.24,21.56,21.77,Gopstopper
370,19.73,22.29,19.51,22.7,21.3,21.27,Wonkagum
371,19.95,20.46,20.58,22.83,22.25,18.97,Wonkagum
372,21.1,19.15,19.2,20.37,22.06,20.93,Gopstopper
373,21.45,22.25,21.86,23.34,21.83,22.06,Gopstopper
374,19.74,22.34,20.2,22.64,19.99,21.47,Gopstopper
375,19.6,20.77,19.39,19.68,22.44,19.81,Wonkagum
376,21.8,21.74,21.28,20.73,22.3,20.64,Gopstopper
377,20.67,20.25,18.98,20.6,22.59,21.99,Wonkagum
378,20.21,18.44,20.53,21.33,20.89,19.05,Gopstopper
379,19.83,21.06,21.32,22.37,21.95,19.82,Gopstopper
380,18.68,21.28,20.56,23.71,22.53,19.9,Wonkagum
381,19.24,21.39,21.79,24.13,22.56,19.34,Gopstopper
382,20.64,20.65,18.16,22.04,20.89,20.64,Gopstopper
383,20.51,20.25,19.2,22.38,22.38,20.42,Gopstopper
384,18.26,19.72,20.3,21.98,21.84,19.09,Wonkagum
385,21.08,23.12,19.43,19.01,19.9,18.48,Wonkagum
386,21.21,22.77,20.41,21.99,20.78,19.87,Gopstopper
387,19.17,20.69,19.36,21.11,22.45,20.11,Wonkagum
388,21.37,21.51,21.35,20.68,20.57,19.84,Gopstopper
389,20.66,20.79,21.36,20.39,21.35,19.91,Wonkagum
390,19.76,21.11,20.47,20.95,20.42,19.84,Wonkagum
391,20.51,20.4,21.27,20.71,22.08,18.43,Wonkagum
392,19.07,21.11,19.83,23.32,21.82,19.83,Wonkagum
393,18.99,19.38,20.19,22.28,21.01,19.15,Wonkagum
394,20.9,21.92,22.11,22.68,24.11,20.28,Gopstopper
395,20.81,22.71,21.52,21.2,23.24,19.45,Wonkagum
396,20.16,20.92,19.1,23.03,21.77,19.83,Wonkagum
397,19.6,19.5,21.34,22.52,21.89,21.05,Gopstopper
398,19.19,20.98,20.96,21.31,21.4,20.4,Wonkagum
399,20.66,21.1,21.26,19.32,22.33,21.08,Wonkagum
400,18.93,20.21,20.08,22.18,22.92,21.03,Wonkagum
401,20.28,22.24,19.25,22.98,22.37,20.52,Wonkagum
402,20.02,23.08,20.54,23.32,22.44,19.1,Wonkagum
403,19.5,20.89,20.58,24.14,21.56,19.83,Gopstopper
404,19.58,19.25,20.18,22.77,20.62,19.59,Gopstopper
405,19.95,22.6,21.0,23.77,21.29,20.51,Gopstopper
406,19.06,20.05,20.01,21.81,21.46,20.44,Wonkagum
407,19.66,23.07,19.2,21.79,22.59,20.03,Wonkagum
408,20.82,22.13,21.15,22.99,21.76,21.04,Gopstopper
409,19.4,20.96,21.11,22.47,22.6,21.43,Gopstopper
410,21.04,22.06,19.76,20.72,21.08,20.19,Wonkagum
411,19.53,22.45,19.95,21.74,21.85,19.34,Wonkagum
412,20.3,21.96,19.4,23.47,22.35,18.95,Wonkagum
413,20.28,19.85,20.14,23.8,22.36,19.67,Gopstopper
414,21.13,22.31,20.08,23.76,20.48,22.0,Gopstopper
415,20.05,21.93,21.72,21.85,20.84,21.46,Gopstopper
416,21.27,19.36,20.52,22.32,21.84,20.14,Gopstopper
417,20.0,21.06,19.91,23.02,21.41,19.41,Wonkagum
418,19.27,22.12,18.08,22.89,22.69,21.26,Wonkagum
419,19.5,20.51,20.75,24.37,21.64,20.68,Gopstopper
420,18.61,22.03,21.49,21.25,22.23,20.21,Wonkagum
421,21.17,23.97,20.33,20.87,20.56,19.41,Wonkagum
422,18.39,22.04,21.01,21.7,20.18,18.86,Wonkagum
423,19.41,20.5,18.96,21.95,22.11,20.28,Wonkagum
424,19.74,21.9,21.55,22.58,22.89,20.99,Wonkagum
425,20.31,20.93,17.53,19.2,22.13,19.77,Wonkagum
426,19.28,19.69,21.61,25.01,21.91,18.98,Gopstopper
427,21.28,21.38,22.51,24.83,22.13,20.41,Gopstopper
428,20.88,21.3,21.34,22.25,22.96,20.46,Gopstopper
429,18.87,20.84,20.41,20.75,22.01,19.76,Wonkagum
430,19.44,18.81,17.98,20.81,20.25,17.9,Wonkagum
431,20.4,21.17,19.74,21.98,20.13,20.83,Gopstopper
432,19.94,21.88,20.47,23.41,22.04,21.71,Gopstopper
433,18.61,21.68,21.32,21.56,22.45,19.01,Wonkagum
434,20.31,19.47,20.21,20.23,21.44,21.91,Gopstopper
435,19.1,22.27,19.93,22.28,23.61,20.19,Wonkagum
436,19.38,20.02,19.2,21.97,21.84,20.18,Wonkagum
437,20.98,21.18,20.0,23.54,20.97,19.99,Gopstopper
438,19.94,23.09,19.75,21.64,21.3,19.58,Wonkagum
439,20.06,20.72,20.38,22.97,21.51,20.1,Gopstopper
440,21.12,20.43,20.15,19.91,20.35,19.13,Wonkagum
441,19.45,19.77,20.42,19.41,21.53,20.46,Wonkagum
442,20.59,19.29,20.23,23.18,22.43,19.61,Gopstopper
443,21.78,20.87,20.5,20.88,21.53,19.82,Gopstopper
444,19.68,21.89,20.46,20.99,21.8,21.5,Wonkagum
445,18.18,20.38,19.68,22.26,22.07,19.31,Wonkagum
446,19.66,21.54,22.61,21.93,21.11,20.73,Gopstopper
447,18.62,19.91,19.73,22.4,21.62,20.55,Wonkagum
448,19.91,21.83,21.19,22.17,20.31,20.83,Gopstopper
449,20.36,21.21,20.14,20.53,21.63,20.74,Wonkagum
450,19.79,22.88,20.03,21.35,21.53,18.43,Wonkagum
451,20.68,21.61,20.1,22.28,19.88,18.07,Wonkagum
452,21.77,20.06,20.0,22.12,21.66,19.66,Gopstopper
453,17.87,20.67,19.54,21.88,22.85,19.46,Wonkagum
454,19.94,21.23,21.33,22.97,21.83,17.76,Wonkagum
455,20.08,19.42,20.05,20.45,19.48,19.14,Wonkagum
456,19.23,23.07,19.34,20.4,20.04,19.88,Wonkagum
457,20.25,21.38,20.44,23.11,20.41,19.02,Gopstopper
458,20.58,21.51,20.52,20.72,22.22,22.65,Gopstopper
459,20.2,19.99,20.67,22.58,19.73,18.92,Gopstopper
460,19.74,20.48,21.06,21.91,22.47,19.44,Wonkagum
461,18.94,20.45,19.73,21.98,21.66,19.05,Wonkagum
462,20.13,21.34,21.0,21.48,21.47,20.83,Gopstopper
463,19.2,19.73,20.51,22.51,22.36,20.86,Gopstopper
464,19.54,21.19,22.1,21.56,21.08,19.59,Wonkagum
465,19.59,21.15,20.98,21.94,23.03,20.6,Wonkagum
466,18.9,20.56,20.5,21.13,21.75,20.74,Wonkagum
467,20.07,19.24,18.45,22.48,22.96,19.35,Wonkagum
468,18.1,20.6,20.75,21.43,22.27,20.5,Wonkagum
469,18.62,21.09,18.97,21.48,21.17,20.67,Wonkagum
470,19.38,20.93,20.23,19.92,19.19,20.35,Wonkagum
471,20.25,22.35,20.34,21.7,22.87,19.17,Wonkagum
472,19.29,19.88,21.49,20.43,20.7,19.13,Wonkagum
473,19.47,21.02,17.66,21.01,21.55,19.69,Wonkagum
474,17.67,21.09,19.05,19.71,20.49,20.21,Wonkagum
475,19.05,19.99,20.79,21.6,22.36,20.76,Wonkagum
476,20.61,22.3,20.19,22.15,21.44,21.66,Gopstopper
477,20.01,20.89,21.17,23.21,21.46,19.15,Gopstopper
478,20.19,21.81,22.29,22.59,21.47,20.24,Gopstopper
479,21.41,20.73,21.85,20.25,21.23,20.19,Gopstopper
480,19.31,20.56,20.16,21.97,22.45,21.14,Wonkagum
481,20.37,18.81,23.12,24.38,23.42,21.12,Gopstopper
482,20.49,22.26,21.76,21.72,20.34,21.56,Gopstopper
483,23.25,18.62,20.21,22.05,20.06,18.68,Gopstopper
484,20.23,21.28,21.0,21.94,22.04,19.91,Wonkagum
485,20.71,22.5,21.36,22.82,23.32,19.92,Wonkagum
486,21.45,21.53,19.41,22.74,22.25,20.21,Gopstopper
487,21.57,20.89,20.7,22.19,21.14,19.68,Gopstopper
488,20.23,20.9,20.56,22.32,21.54,20.08,Gopstopper
489,20.16,21.02,20.2,20.01,21.01,18.24,Wonkagum
490,20.99,21.23,21.45,19.75,21.35,19.98,Wonkagum
491,18.74,20.4,20.26,21.29,20.44,20.14,Wonkagum
492,17.4,19.54,18.95,23.06,23.34,20.48,Wonkagum
493,21.8,21.79,19.62,21.24,20.17,21.17,Gopstopper
494,18.89,19.52,20.37,20.61,21.77,21.02,Wonkagum
495,19.7,19.74,20.96,20.39,21.73,18.99,Wonkagum
496,21.84,21.34,20.39,24.32,21.79,22.17,Gopstopper
497,19.56,19.84,18.98,21.51,21.37,19.05,Wonkagum
498,20.08,21.14,20.04,20.28,22.55,21.06,Wonkagum
499,21.26,23.4,21.85,22.8,20.05,19.17,Gopstopper
500,19.26,22.07,21.13,22.75,22.21,20.24,Wonkagum
501,20.63,20.58,21.25,24.7,21.02,22.14,Gopstopper
502,18.85,19.7,19.67,22.52,22.04,18.73,Wonkagum
503,19.82,19.28,22.85,23.31,21.25,22.29,Gopstopper
504,20.16,21.74,20.92,22.53,21.73,18.58,Wonkagum
505,20.52,21.1,21.75,24.15,22.13,20.48,Gopstopper
506,19.53,21.91,21.76,24.78,23.11,20.24,Gopstopper
507,20.28,21.57,20.13,22.07,22.12,21.06,Wonkagum
508,18.34,22.7,20.71,22.43,21.95,19.97,Wonkagum
509,20.44,21.88,20.89,20.24,21.78,21.21,Wonkagum
510,19.69,18.93,20.16,20.11,21.34,20.23,Wonkagum
511,19.97,20.15,21.15,21.3,22.26,19.63,Wonkagum
512,20.87,19.53,19.55,20.33,21.36,18.51,Wonkagum
513,22.17,21.92,19.59,21.61,20.47,20.64,Gopstopper
514,19.62,19.87,22.24,21.69,20.73,19.31,Gopstopper
515,21.52,20.08,21.66,21.9,21.37,19.82,Gopstopper
516,21.71,21.92,21.61,23.56,22.57,19.82,Gopstopper
517,20.96,20.55,20.01,20.72,21.23,19.43,Wonkagum
518,21.24,20.51,20.19,19.45,21.27,19.63,Wonkagum
519,18.83,19.13,20.41,21.65,22.14,21.73,Gopstopper
520,19.94,21.78,19.04,21.67,22.27,19.58,Wonkagum
521,19.66,20.8,20.56,22.87,22.15,19.59,Wonkagum
522,20.84,23.04,21.99,23.28,22.04,20.38,Gopstopper
523,20.83,23.22,21.54,23.4,20.84,21.19,Gopstopper
524,18.0,21.34,20.97,21.23,21.81,19.48,Wonkagum
525,19.72,21.37,20.79,20.79,21.56,20.9,Wonkagum
526,20.19,19.85,20.85,19.77,22.48,22.77,Gopstopper
527,20.33,21.33,21.6,23.66,21.44,19.13,Gopstopper
528,19.23,21.02,20.86,21.82,23.53,20.91,Wonkagum
529,21.1,19.88,20.73,21.89,22.45,20.37,Gopstopper
530,19.94,21.31,19.88,23.02,23.13,21.63,Gopstopper
531,20.92,20.78,19.85,20.27,22.46,19.84,Wonkagum
532,21.85,21.49,21.2,23.63,20.71,19.45,Gopstopper
533,17.82,20.38,19.45,18.85,21.57,21.78,Wonkagum
534,20.86,21.5,20.08,22.58,21.72,19.57,Gopstopper
535,20.52,20.87,19.87,23.51,22.03,21.24,Gopstopper
536,19.83,19.38,18.43,22.65,20.36,18.29,Wonkagum
537,21.28,20.53,21.44,23.7,22.86,20.7,Gopstopper
538,20.02,21.05,20.08,20.05,21.87,18.59,Wonkagum
539,19.65,20.94,20.16,20.47,23.54,18.87,Wonkagum
540,19.51,22.3,21.11,23.38,22.44,19.15,Wonkagum
541,23.08,22.88,20.41,20.54,21.36,20.79,Gopstopper
542,18.25,21.14,19.91,21.61,22.38,19.8,Wonkagum
543,20.39,21.21,21.26,20.76,20.56,19.75,Wonkagum
544,21.26,21.32,20.16,20.01,21.44,19.08,Wonkagum
545,21.15,22.55,20.0,20.22,21.57,20.14,Wonkagum
546,20.37,19.78,20.5,23.01,21.8,18.88,Gopstopper
547,20.37,20.06,20.34,20.71,20.88,19.66,Wonkagum
548,22.4,21.88,21.69,23.62,22.09,22.02,Gopstopper
549,17.74,22.54,20.46,22.91,22.25,19.16,Wonkagum
550,19.17,20.58,21.65,23.84,22.65,18.39,Wonkagum
551,18.79,20.93,19.16,22.24,22.28,19.72,Wonkagum
552,19.91,20.69,21.15,21.65,20.74,18.13,Wonkagum
553,19.1,19.05,19.45,20.16,20.53,20.62,Wonkagum
554,20.89,22.18,21.4,19.32,21.22,18.81,Wonkagum
555,20.23,20.71,20.41,20.32,21.84,19.1,Wonkagum
556,17.95,19.75,19.54,22.61,19.58,20.05,Wonkagum
557,20.84,21.12,20.71,24.28,20.63,20.69,Gopstopper
558,22.8,21.74,20.42,22.76,21.96,20.37,Gopstopper
559,19.68,20.87,19.74,21.21,21.66,20.48,Wonkagum
560,18.28,22.06,21.26,22.12,22.31,20.65,Wonkagum
561,19.98,20.2,20.32,22.97,25.06,20.81,Gopstopper
562,19.77,21.29,21.44,22.48,20.87,20.58,Gopstopper
563,20.42,22.06,20.5,18.72,21.45,21.16,Wonkagum
564,19.72,19.96,19.7,23.01,20.19,18.2,Gopstopper
565,19.63,20.35,19.0,21.08,21.49,20.8,Wonkagum
566,18.91,21.81,20.54,24.25,21.38,21.94,Gopstopper
567,19.69,22.52,20.42,21.68,20.06,17.91,Wonkagum
568,18.09,22.06,20.34,21.47,22.44,19.63,Wonkagum
569,20.36,23.75,20.06,21.42,20.76,21.36,Wonkagum
570,20.02,20.53,21.95,22.58,21.26,19.66,Gopstopper
571,20.99,20.34,21.52,22.59,22.17,19.11,Gopstopper
572,21.52,21.9,19.68,21.87,20.7,19.19,Gopstopper
573,18.99,20.71,20.62,22.51,19.02,19.21,Gopstopper
574,20.48,22.11,20.64,23.29,22.82,19.55,Wonkagum
575,18.76,19.86,20.4,21.37,21.93,20.28,Wonkagum
576,20.57,19.15,21.58,22.33,23.93,18.77,Gopstopper
577,19.04,21.39,18.1,21.36,22.25,19.33,Wonkagum
578,19.8,22.12,21.06,21.01,21.89,19.55,Wonkagum
579,19.6,21.04,21.12,22.4,21.35,20.94,Gopstopper
580,17.99,21.54,19.8,23.47,23.09,19.16,Wonkagum
581,18.85,18.51,20.95,22.97,22.57,20.91,Gopstopper
582,19.43,21.3,20.15,19.29,21.99,20.26,Wonkagum
583,20.36,20.0,19.41,22.62,20.0,20.23,Gopstopper
584,19.05,21.09,20.78,22.58,21.4,19.29,Wonkagum
585,18.91,20.29,20.47,23.26,21.61,20.65,Gopstopper
586,17.65,20.66,19.72,21.37,21.41,18.36,Wonkagum
587,17.65,22.74,22.33,22.3,20.97,20.43,Wonkagum
588,21.31,23.13,20.7,21.96,23.26,19.45,Wonkagum
589,20.01,20.23,21.89,25.18,20.26,20.46,Gopstopper
590,19.65,21.77,19.99,19.14,20.24,18.89,Wonkagum
591,19.49,23.1,19.91,21.42,20.9,19.3,Wonkagum
592,20.65,21.65,21.23,19.98,20.83,21.31,Wonkagum
593,21.8,23.15,20.04,20.12,21.53,21.28,Wonkagum
594,19.75,19.35,21.35,22.13,23.18,18.99,Wonkagum
595,20.63,20.37,19.32,21.52,20.79,19.52,Wonkagum
596,21.19,21.66,21.65,21.62,21.38,19.4,Gopstopper
597,19.36,22.07,18.93,23.24,23.1,20.89,Wonkagum
598,18.02,19.32,20.21,19.94,21.48,19.95,Wonkagum
599,18.43,20.91,18.97,21.83,19.13,20.51,Wonkagum
600,21.15,21.15,19.58,20.23,20.49,20.8,Wonkagum
601,18.58,21.16,21.01,23.95,20.46,19.51,Gopstopper
602,21.01,22.34,20.92,21.79,22.44,21.19,Gopstopper
603,20.61,20.76,21.44,22.17,20.81,19.63,Gopstopper
604,21.47,20.22,20.96,19.54,21.75,20.35,Gopstopper
605,20.06,18.42,20.24,19.93,21.13,20.51,Gopstopper
606,20.05,20.11,19.5,21.92,21.21,20.39,Gopstopper
607,20.66,21.07,21.07,22.13,21.38,20.35,Gopstopper
608,19.81,21.86,20.82,22.54,22.92,20.9,Wonkagum
609,19.41,20.3,20.03,21.69,20.37,20.34,Wonkagum
610,19.59,22.11,19.77,21.41,23.35,18.81,Wonkagum
611,19.01,20.92,20.34,23.05,20.68,21.07,Gopstopper
612,20.44,21.5,19.1,21.4,21.11,19.92,Wonkagum
613,20.68,22.17,21.3,22.82,21.62,20.52,Gopstopper
614,20.23,20.6,19.04,20.51,22.34,20.18,Wonkagum
615,18.3,20.59,19.63,22.95,19.75,18.68,Wonkagum
616,20.21,21.52,20.0,21.98,19.56,19.52,Wonkagum
617,20.02,22.12,19.79,23.13,21.67,19.11,Wonkagum
618,20.55,20.37,20.54,23.36,22.71,19.9,Gopstopper
619,18.89,21.34,20.94,20.53,21.75,22.15,Wonkagum
620,19.94,19.7,20.28,22.69,18.29,17.75,Gopstopper
621,20.58,22.33,20.42,19.12,22.78,20.31,Wonkagum
622,19.01,22.81,20.38,20.11,22.26,21.2,Wonkagum
623,20.2,21.87,22.18,24.11,21.92,20.02,Gopstopper
624,19.89,19.93,19.95,22.96,22.13,21.1,Gopstopper
625,20.14,21.66,20.32,22.61,22.01,23.27,Gopstopper
626,19.11,21.43,22.46,22.36,20.51,20.06,Gopstopper
627,20.88,22.84,20.71,21.19,20.67,19.76,Wonkagum
628,21.22,21.66,21.23,22.47,22.24,19.22,Gopstopper
629,18.86,20.15,21.09,21.47,20.98,19.45,Wonkagum
630,21.05,21.63,22.82,22.14,24.04,21.35,Gopstopper
631,19.22,21.34,20.45,21.67,22.45,21.33,Wonkagum
632,19.89,19.89,19.78,22.57,20.56,20.62,Gopstopper
633,19.73,20.74,20.37,21.73,21.76,19.98,Wonkagum
634,19.56,20.57,21.56,22.26,24.05,21.08,Wonkagum
635,19.36,22.81,20.65,22.42,22.91,19.85,Wonkagum
636,20.54,21.14,22.55,22.06,21.64,21.62,Gopstopper
637,19.63,21.3,20.94,21.92,22.7,20.24,Wonkagum
638,21.52,20.23,20.82,21.83,21.67,20.3,Gopstopper
639,19.03,21.49,19.92,20.47,20.43,20.89,Wonkagum
640,19.92,20.6,21.88,23.41,21.23,19.49,Gopstopper
641,18.42,21.9,19.7,23.38,22.16,19.54,Wonkagum
642,19.01,20.45,20.11,20.56,22.36,19.56,Wonkagum
643,19.74,18.98,20.15,20.69,22.14,19.65,Wonkagum
644,19.66,21.4,21.0,22.43,22.38,20.76,Wonkagum
645,20.86,20.03,19.86,23.4,21.24,19.9,Gopstopper
646,20.46,21.91,21.31,22.54,24.0,20.42,Wonkagum
647,20.35,20.92,19.51,20.45,21.96,21.08,Wonkagum
648,20.77,19.91,22.74,23.83,22.63,20.41,Gopstopper
649,20.11,21.12,21.95,21.47,19.88,20.31,Gopstopper
650,20.56,22.01,20.63,22.79,20.36,19.09,Gopstopper
651,18.35,22.22,20.32,23.29,20.89,19.53,Wonkagum
652,18.76,18.96,20.5,20.9,21.87,19.05,Wonkagum
653,20.02,19.79,19.34,20.83,22.43,20.92,Wonkagum
654,18.8,20.39,21.15,21.47,19.45,19.27,Wonkagum
655,20.17,20.22,21.36,22.59,21.3,19.24,Gopstopper
656,20.93,21.81,20.27,21.23,20.11,19.05,Wonkagum
657,18.99,19.79,18.82,21.19,22.43,19.75,Wonkagum
658,19.54,19.11,19.61,23.93,22.23,21.04,Gopstopper
659,18.3,21.29,18.97,23.38,21.92,20.23,Wonkagum
660,19.45,21.28,19.93,23.06,21.91,20.67,Wonkagum
661,21.89,22.38,21.43,22.06,21.11,19.84,Gopstopper
662,18.71,18.73,20.82,23.29,19.82,19.43,Gopstopper
663,20.3,21.11,19.42,22.07,21.58,19.27,Wonkagum
664,18.63,20.65,18.42,23.43,18.86,20.72,Gopstopper
665,17.55,20.16,19.21,23.06,21.24,20.81,Wonkagum
666,21.81,20.08,22.2,22.97,23.37,21.76,Gopstopper
667,20.1,21.21,22.4,24.7,21.54,19.33,Gopstopper
668,21.6,19.97,22.26,20.74,22.06,20.87,Gopstopper
669,19.91,21.85,21.67,21.63,22.52,19.69,Wonkagum
670,20.4,20.05,20.61,22.22,21.66,20.67,Gopstopper
671,20.0,18.21,19.12,19.77,21.62,21.37,Wonkagum
672,19.24,21.24,21.09,23.73,19.83,20.21,Gopstopper
673,19.37,18.91,20.04,24.49,22.47,21.87,Gopstopper
674,20.54,19.49,21.2,22.23,21.69,19.68,Gopstopper
675,21.18,19.23,19.49,22.25,19.64,19.61,Gopstopper
676,20.53,21.0,21.57,22.66,21.71,19.66,Gopstopper
677,19.35,21.21,19.38,20.78,20.39,19.06,Wonkagum
678,20.39,21.93,20.77,22.42,22.7,20.98,Gopstopper
679,20.53,22.04,22.64,22.37,22.0,19.5,Gopstopper
680,19.07,21.83,21.39,21.6,22.81,20.38,Wonkagum
681,17.32,21.47,19.84,21.98,21.2,19.06,Wonkagum
682,19.97,20.47,20.39,21.24,21.62,18.07,Wonkagum
683,18.73,21.91,20.85,22.23,20.99,19.56,Wonkagum
684,20.07,21.9,19.2,21.82,22.8,21.2,Wonkagum
685,21.2,20.64,20.36,22.21,21.05,20.41,Gopstopper
686,17.31,21.17,19.32,21.62,20.75,19.23,Wonkagum
687,18.68,19.61,20.78,22.45,22.97,20.66,Wonkagum
688,19.96,20.85,20.03,20.71,22.46,18.45,Wonkagum
689,21.27,23.16,19.98,22.38,21.76,19.99,Wonkagum
690,19.81,20.97,19.85,22.58,21.32,20.59,Gopstopper
691,20.34,21.35,22.59,20.2,19.61,20.46,Gopstopper
692,20.59,20.63,19.7,21.65,22.02,19.98,Wonkagum
693,18.8,20.68,20.37,22.58,20.96,19.86,Wonkagum
694,19.93,21.03,21.76,22.49,20.73,21.23,Gopstopper
695,19.98,22.33,20.56,22.11,21.19,21.0,Wonkagum
696,20.03,21.78,21.3,23.24,23.14,20.58,Gopstopper
697,19.07,21.59,20.97,22.4,20.38,19.04,Wonkagum
698,19.4,21.68,19.52,23.56,21.23,21.86,Gopstopper
699,18.94,21.54,20.96,22.71,20.0,21.56,Gopstopper
700,19.86,20.98,23.85,23.91,23.71,18.77,Gopstopper
701,18.9,20.31,20.31,21.57,22.42,21.27,Wonkagum
702,17.88,18.63,20.05,21.98,22.96,21.2,Wonkagum
703,18.51,19.66,18.61,22.55,20.8,21.01,Wonkagum
704,20.72,18.92,18.91,22.0,23.2,21.75,Gopstopper
705,20.07,22.08,21.46,24.0,20.65,19.14,Gopstopper
706,21.6,21.92,22.98,22.45,21.6,21.11,Gopstopper
707,19.72,19.45,20.69,20.78,21.13,17.85,Wonkagum
708,20.23,22.51,20.18,22.18,23.24,19.01,Wonkagum
709,19.2,20.79,20.7,21.87,20.14,19.87,Wonkagum
710,21.4,21.16,20.65,21.31,20.44,21.23,Gopstopper
711,19.37,20.47,19.89,21.31,21.19,19.11,Wonkagum
712,19.69,18.73,19.9,22.34,21.85,21.61,Gopstopper
713,20.21,20.33,21.5,22.89,23.13,22.56,Gopstopper
714,18.56,22.5,20.05,22.6,21.3,18.19,Wonkagum
715,20.35,22.05,19.65,23.06,21.82,20.83,Gopstopper
716,19.26,20.89,19.77,21.23,21.37,22.31,Wonkagum
717,19.83,21.59,21.91,22.22,22.28,21.67,Gopstopper
718,20.49,22.27,21.3,21.75,23.63,20.64,Wonkagum
719,18.72,21.54,20.31,22.1,22.65,20.01,Wonkagum
720,21.56,21.61,20.61,21.93,21.19,21.37,Gopstopper
721,19.4,21.07,20.92,22.1,22.09,18.44,Wonkagum
722,19.2,22.51,21.43,22.73,20.15,19.6,Wonkagum
723,19.99,20.42,21.15,20.76,21.82,18.87,Wonkagum
724,19.86,22.42,20.05,25.23,21.83,20.05,Gopstopper
725,19.27,21.47,21.94,21.91,22.54,20.24,Wonkagum
726,19.66,22.68,21.3,23.71,23.49,20.44,Wonkagum
727,19.63,20.53,20.46,22.27,20.42,20.3,Gopstopper
728,22.21,20.88,20.49,21.46,20.4,20.53,Gopstopper
729,20.89,21.13,21.34,21.6,23.17,21.27,Gopstopper
730,21.9,20.37,19.49,20.46,20.69,22.4,Gopstopper
731,20.45,20.71,20.86,21.4,21.58,20.72,Gopstopper
732,19.81,20.11,19.85,23.75,22.05,20.26,Gopstopper
733,18.45,20.56,21.55,21.47,21.57,19.62,Wonkagum
734,21.1,20.61,20.42,20.77,20.35,19.16,Gopstopper
735,20.44,22.14,20.06,21.86,21.83,19.86,Wonkagum
736,19.13,22.18,20.67,21.79,23.83,20.64,Wonkagum
737,16.97,20.58,19.81,22.05,22.51,21.29,Wonkagum
738,19.52,21.76,20.13,19.69,21.34,20.81,Wonkagum
739,18.77,21.35,20.46,20.88,23.37,21.68,Wonkagum
740,20.15,21.85,21.21,22.56,21.35,18.97,Wonkagum
741,20.87,20.73,22.86,23.1,21.41,20.04,Gopstopper
742,20.93,20.72,21.4,23.25,20.68,20.33,Gopstopper
743,19.51,20.22,21.4,20.76,19.84,19.28,Wonkagum
744,21.52,21.98,20.4,24.56,20.67,19.45,Gopstopper
745,19.54,20.22,20.44,23.56,21.55,19.74,Gopstopper
746,20.43,22.18,19.97,21.98,20.1,18.97,Wonkagum
747,22.04,20.88,21.15,21.71,22.02,20.97,Gopstopper
748,19.22,22.57,21.3,22.22,22.16,20.56,Wonkagum
749,19.1,20.74,20.79,20.76,21.38,19.63,Wonkagum
750,21.84,20.69,21.95,19.76,20.49,20.53,Gopstopper
751,20.47,19.95,20.4,23.13,23.07,21.66,Gopstopper
752,20.38,20.52,20.6,21.2,21.58,18.65,Wonkagum
753,19.35,20.61,20.87,22.63,22.8,20.23,Wonkagum
754,20.82,19.92,18.68,22.51,22.12,19.86,Gopstopper
755,21.17,21.08,19.98,19.97,20.81,21.17,Wonkagum
756,19.36,22.37,20.61,21.46,20.92,20.03,Wonkagum
757,21.24,19.96,20.01,22.0,22.3,19.23,Gopstopper
758,20.28,21.03,21.47,24.38,21.88,20.53,Gopstopper
759,19.25,20.75,20.19,22.48,19.65,19.85,Gopstopper
760,20.79,20.38,20.32,21.91,22.35,20.62,Gopstopper
761,21.21,23.1,21.0,22.26,21.35,21.43,Gopstopper
762,18.71,19.42,20.53,21.96,20.77,19.03,Wonkagum
763,20.56,19.74,19.81,21.02,22.91,19.44,Wonkagum
764,20.15,22.32,20.84,22.11,22.23,19.56,Wonkagum
765,20.63,21.6,21.64,22.05,19.86,19.81,Gopstopper
766,18.78,22.24,21.25,22.15,22.59,19.56,Wonkagum
767,21.75,21.68,20.54,22.29,20.8,19.41,Gopstopper
768,20.86,21.31,19.71,19.29,21.47,20.09,Wonkagum
769,17.62,21.33,19.55,21.42,21.94,20.47,Wonkagum
770,17.67,21.8,21.09,21.66,22.4,19.05,Wonkagum
771,22.13,22.49,20.07,21.88,21.72,20.32,Gopstopper
772,19.83,19.92,22.07,23.04,21.28,19.54,Gopstopper
773,18.32,22.76,20.95,20.21,22.31,20.89,Wonkagum
774,19.19,19.39,20.74,25.69,23.26,19.75,Gopstopper
775,21.57,21.35,21.36,19.75,21.77,20.58,Wonkagum
776,21.27,21.74,19.32,22.59,21.86,19.34,Wonkagum
777,18.51,21.26,19.82,22.92,21.73,20.64,Wonkagum
778,20.22,20.7,20.58,23.01,22.43,18.85,Gopstopper
779,18.51,22.2,21.49,22.63,21.76,20.35,Wonkagum
780,19.59,19.84,19.14,22.35,20.45,19.83,Gopstopper
781,19.27,20.52,21.26,22.6,21.88,18.52,Wonkagum
782,19.98,20.6,20.52,22.61,23.19,21.45,Gopstopper
783,20.32,21.34,19.2,20.95,21.63,19.52,Wonkagum
784,19.22,21.31,19.71,21.57,22.95,20.71,Wonkagum
785,18.75,21.3,19.87,22.03,20.62,19.19,Wonkagum
786,20.48,21.68,20.94,22.62,21.14,20.03,Gopstopper
787,19.86,21.41,18.65,19.63,19.82,18.9,Wonkagum
788,17.73,21.96,20.96,21.2,22.99,20.2,Wonkagum
789,20.51,19.87,19.88,19.74,21.95,20.21,Wonkagum
790,21.35,21.07,20.97,20.78,22.11,19.91,Wonkagum
791,19.9,21.71,19.34,21.74,20.47,20.6,Wonkagum
792,19.39,20.4,19.44,22.3,21.8,21.41,Gopstopper
793,21.01,20.02,20.83,22.09,22.72,19.75,Gopstopper
794,21.34,21.87,20.1,22.35,21.88,21.31,Gopstopper
795,20.6,22.1,19.94,22.8,22.68,21.17,Gopstopper
796,20.11,19.24,21.56,22.13,22.28,18.86,Gopstopper
797,19.15,23.24,20.74,20.37,23.43,20.42,Wonkagum
798,18.24,21.44,21.59,25.1,20.73,19.1,Gopstopper
799,20.31,21.83,21.61,24.02,22.84,20.74,Gopstopper
800,18.78,19.89,21.71,21.89,23.44,18.91,Wonkagum
801,19.49,20.78,20.91,20.6,21.76,21.79,Wonkagum
802,18.91,22.37,21.69,22.82,20.08,20.27,Wonkagum
803,18.54,20.68,19.58,21.93,20.78,20.65,Wonkagum
804,19.88,20.2,20.64,21.16,21.69,19.97,Wonkagum
805,20.01,21.31,20.33,22.32,20.34,20.97,Gopstopper
806,19.87,18.64,20.96,21.51,21.34,19.23,Gopstopper
807,19.04,20.53,21.43,22.88,21.75,19.06,Wonkagum
808,20.08,19.54,21.83,21.29,20.64,18.91,Gopstopper
809,22.77,20.8,19.67,22.35,21.56,22.68,Gopstopper
810,21.2,22.23,20.3,20.36,19.35,19.12,Wonkagum
811,18.56,20.9,21.44,22.03,22.25,21.61,Wonkagum
812,19.22,22.39,17.94,22.65,21.56,20.11,Wonkagum
813,20.48,21.51,21.97,22.41,23.23,20.27,Gopstopper
814,21.51,21.31,21.39,22.84,20.66,19.18,Gopstopper
815,21.01,19.81,19.26,21.87,21.19,20.65,Gopstopper
816,19.92,19.89,21.32,22.87,22.75,20.73,Gopstopper
817,19.64,20.41,21.93,24.39,21.46,20.73,Gopstopper
818,20.09,20.59,21.78,23.43,20.8,20.56,Gopstopper
819,20.32,20.03,19.29,22.49,21.1,20.95,Gopstopper
820,19.84,22.5,20.09,23.95,21.85,19.33,Wonkagum
821,20.18,20.25,19.44,20.8,19.42,19.82,Wonkagum
822,19.6,21.79,20.82,21.91,21.14,22.61,Gopstopper
823,21.18,21.1,19.18,20.08,21.08,19.48,Wonkagum
824,18.45,19.53,20.05,21.67,20.99,20.05,Wonkagum
825,19.9,21.43,19.86,19.1,21.87,19.71,Wonkagum
826,20.38,21.76,20.99,21.68,19.46,20.24,Gopstopper
827,20.68,21.64,21.38,21.68,20.66,20.62,Gopstopper
828,20.9,20.99,20.68,21.6,22.61,19.87,Wonkagum
829,19.82,22.01,22.77,21.69,19.76,19.64,Gopstopper
830,18.31,20.62,21.96,24.44,20.64,20.9,Gopstopper
831,20.92,22.59,20.37,23.23,22.23,19.48,Gopstopper
832,22.23,19.43,21.37,22.47,20.99,19.51,Gopstopper
833,21.37,21.86,18.8,22.17,22.96,19.31,Wonkagum
834,19.62,19.33,21.16,20.78,22.13,20.09,Wonkagum
835,19.23,19.18,20.47,22.08,20.89,19.33,Gopstopper
836,19.73,21.05,19.96,19.94,20.55,19.93,Wonkagum
837,21.49,23.44,22.41,23.36,21.14,20.71,Gopstopper
838,17.74,19.86,21.71,22.99,21.53,18.51,Wonkagum
839,20.93,20.26,18.68,20.85,21.06,20.91,Gopstopper
840,19.64,23.77,19.87,21.24,19.59,18.14,Wonkagum
841,18.69,20.01,18.98,22.25,22.59,20.03,Wonkagum
842,19.82,22.3,21.27,24.69,21.83,19.85,Gopstopper
843,19.37,21.26,19.75,21.23,22.5,21.13,Wonkagum
844,20.19,20.14,21.06,22.27,20.78,21.23,Gopstopper
845,20.79,19.93,19.69,21.8,20.56,20.07,Gopstopper
846,18.95,22.0,21.29,23.14,22.51,19.87,Wonkagum
847,21.62,20.93,21.1,21.8,20.53,19.64,Gopstopper
848,20.63,19.27,19.85,23.38,20.31,19.62,Gopstopper
849,20.75,19.97,20.26,21.26,24.02,20.41,Wonkagum
850,19.06,20.89,21.28,22.07,21.96,19.22,Wonkagum
851,19.98,21.14,19.71,20.96,20.79,19.69,Wonkagum
852,21.63,21.23,20.12,22.87,23.61,19.92,Gopstopper
853,18.98,20.32,19.31,23.09,21.1,21.29,Gopstopper
854,21.04,22.34,21.57,22.62,22.84,21.46,Gopstopper
855,19.57,20.19,19.79,21.54,21.59,20.32,Wonkagum
856,20.93,20.73,21.42,21.06,21.02,19.29,Gopstopper
857,20.47,21.38,20.5,20.7,22.16,20.02,Wonkagum
858,19.28,20.17,20.15,21.39,20.62,19.38,Wonkagum
859,18.38,21.6,20.57,21.69,20.04,18.5,Wonkagum
860,21.56,20.21,21.17,23.58,19.81,21.18,Gopstopper
861,18.98,19.47,18.98,22.88,22.28,20.22,Wonkagum
862,19.12,21.56,21.13,21.95,22.09,21.5,Wonkagum
863,20.17,19.14,21.97,23.0,20.2,20.81,Gopstopper
864,19.86,21.16,20.65,22.06,21.87,19.77,Wonkagum
865,19.8,18.46,19.28,21.66,22.69,19.44,Wonkagum
866,19.89,20.7,22.4,22.18,21.99,19.6,Gopstopper
867,20.39,19.75,19.99,20.92,21.0,20.92,Gopstopper
868,19.56,21.89,20.34,22.78,19.1,18.86,Wonkagum
869,19.73,21.82,21.21,22.77,22.59,19.99,Wonkagum
870,19.53,21.24,21.36,21.11,20.91,20.21,Wonkagum
871,18.04,21.79,18.17,20.44,20.29,21.09,Wonkagum
872,20.37,21.98,19.41,23.24,20.58,20.12,Gopstopper
873,21.97,19.93,21.17,23.65,21.59,19.57,Gopstopper
874,19.96,22.26,19.92,21.45,21.8,19.89,Wonkagum
875,18.99,21.46,19.38,20.63,22.25,20.24,Wonkagum
876,19.03,21.11,22.08,22.32,22.71,21.04,Wonkagum
877,20.91,20.24,19.52,22.98,21.05,22.62,Gopstopper
878,18.78,22.04,20.3,21.93,20.61,19.6,Wonkagum
879,22.3,20.82,21.71,23.99,20.38,19.1,Gopstopper
880,20.5,21.89,21.29,21.06,23.04,20.94,Wonkagum
881,20.19,22.35,19.87,23.34,20.56,19.76,Gopstopper
882,21.49,22.97,20.02,23.16,21.28,21.07,Gopstopper
883,19.46,21.04,21.04,24.43,22.06,19.31,Gopstopper
884,19.85,21.41,19.39,21.29,21.48,20.06,Wonkagum
885,20.05,21.99,21.87,21.23,21.53,20.39,Wonkagum
886,21.21,21.77,21.27,21.34,21.6,20.7,Gopstopper
887,20.14,21.32,21.55,23.65,21.39,21.47,Gopstopper
888,20.02,20.52,20.21,20.76,21.13,19.51,Wonkagum
889,19.33,19.52,19.15,22.2,22.69,20.19,Wonkagum
890,19.94,21.04,20.76,22.61,23.03,20.29,Wonkagum
891,21.36,21.81,20.47,22.28,23.75,20.74,Gopstopper
892,19.58,19.4,19.3,22.75,23.28,22.1,Gopstopper
893,21.45,20.86,21.84,20.89,20.88,20.54,Gopstopper
894,19.99,21.5,21.79,23.9,21.82,21.21,Gopstopper
895,19.21,19.82,20.23,23.26,22.26,18.46,Wonkagum
896,20.13,20.74,20.2,23.56,23.13,21.26,Gopstopper
897,17.66,17.99,19.43,20.15,20.98,19.49,Wonkagum
898,19.96,23.38,21.27,22.67,19.97,20.63,Gopstopper
899,19.47,19.68,20.53,24.15,22.96,21.35,Gopstopper
900,21.67,21.24,22.47,22.95,21.86,19.7,Gopstopper
901,20.12,20.81,21.71,23.38,21.94,19.93,Gopstopper
902,21.65,21.97,21.95,23.13,21.18,20.84,Gopstopper
903,20.73,21.6,21.97,22.03,20.79,21.76,Gopstopper
904,18.48,21.06,20.21,22.99,22.41,20.62,Wonkagum
905,19.65,21.34,22.15,21.83,20.29,20.08,Gopstopper
906,19.18,21.18,20.65,23.01,21.65,20.81,Gopstopper
907,20.44,21.8,21.5,21.43,20.89,19.93,Wonkagum
908,20.41,20.49,21.15,23.16,22.78,18.66,Gopstopper
909,18.6,20.31,19.32,22.45,21.09,21.65,Wonkagum
910,20.81,21.4,20.92,19.83,21.32,20.04,Wonkagum
911,20.03,21.08,22.23,21.42,21.57,18.69,Wonkagum
912,20.0,21.66,19.18,21.94,21.26,20.56,Wonkagum
913,20.9,20.06,20.46,22.94,21.06,20.66,Gopstopper
914,20.25,22.11,21.2,22.83,20.13,18.71,Gopstopper
915,21.16,22.19,22.57,24.07,21.91,20.64,Gopstopper
916,21.5,21.42,20.82,22.4,19.84,21.44,Gopstopper
917,21.42,20.11,19.14,22.35,22.12,22.13,Gopstopper
918,19.35,18.95,21.66,21.94,20.76,21.8,Gopstopper
919,20.28,20.99,19.99,22.73,21.16,20.3,Gopstopper
920,18.96,18.47,20.94,21.28,20.5,20.22,Gopstopper
921,19.18,20.65,21.82,22.85,21.83,19.9,Gopstopper
922,19.19,21.09,19.35,20.99,20.6,20.74,Wonkagum
923,21.57,19.26,20.22,20.89,19.8,20.17,Gopstopper
924,20.78,22.32,20.73,24.17,19.62,19.68,Gopstopper
925,19.29,19.5,20.4,23.92,21.52,18.23,Gopstopper
926,20.41,21.46,21.66,22.77,20.9,21.29,Gopstopper
927,21.29,21.13,21.23,21.42,21.0,19.89,Gopstopper
928,20.88,22.11,19.92,22.87,21.22,20.25,Gopstopper
929,19.05,20.09,20.6,21.87,21.87,20.3,Wonkagum
930,19.86,19.1,21.36,23.33,22.98,20.91,Gopstopper
931,19.26,21.48,19.43,20.48,18.86,19.02,Wonkagum
932,19.22,18.23,20.74,24.48,21.14,20.0,Gopstopper
933,18.71,22.5,21.32,22.58,21.79,19.49,Wonkagum
934,20.6,21.29,20.24,21.65,21.95,19.71,Wonkagum
935,20.04,21.45,19.55,21.17,21.94,21.21,Wonkagum
936,19.79,21.98,22.07,20.53,19.15,20.11,Wonkagum
937,19.13,20.71,21.58,22.12,20.83,20.76,Gopstopper
938,20.0,22.08,20.83,23.5,21.24,18.65,Wonkagum
939,21.21,21.37,20.55,22.74,21.74,20.92,Gopstopper
940,19.35,22.27,21.72,22.87,21.23,18.36,Wonkagum
941,20.61,19.84,19.49,20.85,21.18,23.49,Gopstopper
942,21.09,22.25,21.35,22.67,20.13,19.04,Gopstopper
943,20.19,22.67,20.14,21.39,21.86,20.93,Wonkagum
944,18.33,20.16,20.34,20.43,21.01,20.61,Wonkagum
945,20.4,19.07,21.04,23.26,22.33,18.98,Gopstopper
946,21.79,18.37,19.4,19.65,19.69,20.06,Gopstopper
947,20.39,21.86,21.57,20.95,21.17,19.55,Wonkagum
948,19.05,22.49,20.61,22.67,22.45,21.26,Wonkagum
949,18.66,22.15,21.68,22.88,22.37,20.87,Wonkagum
950,19.85,20.93,19.5,19.72,21.57,19.59,Wonkagum
951,18.91,20.87,21.67,21.65,21.01,21.05,Wonkagum
952,21.02,20.13,19.98,21.04,19.98,21.27,Gopstopper
953,19.44,21.33,20.06,21.05,20.86,19.82,Wonkagum
954,20.06,18.18,20.21,22.31,21.06,20.97,Gopstopper
955,20.04,20.19,20.09,22.2,23.22,22.22,Gopstopper
956,19.63,20.98,21.28,22.25,21.12,19.41,Wonkagum
957,20.51,22.0,20.54,20.59,20.64,20.93,Wonkagum
958,20.23,19.37,19.98,22.04,22.8,21.62,Gopstopper
959,17.94,21.19,20.17,22.27,21.55,21.25,Wonkagum
960,19.49,20.15,20.52,22.71,22.24,19.36,Wonkagum
961,19.65,21.92,20.69,21.02,22.41,20.89,Wonkagum
962,18.23,22.05,19.27,21.46,21.53,20.26,Wonkagum
963,18.28,20.67,20.05,21.46,21.73,20.04,Wonkagum
964,20.97,21.99,19.33,21.42,23.1,20.05,Wonkagum
965,22.04,20.12,21.47,21.96,20.86,19.98,Gopstopper
966,19.0,19.42,21.16,24.79,22.64,20.72,Gopstopper
967,18.49,19.85,18.81,18.97,20.28,19.18,Wonkagum
968,21.2,21.76,22.92,21.46,20.81,18.74,Gopstopper
969,19.46,19.27,19.13,20.05,18.79,19.35,Wonkagum
970,21.51,21.98,22.75,23.64,22.73,21.17,Gopstopper
971,20.87,20.44,21.25,21.47,20.76,21.83,Gopstopper
972,20.83,20.49,20.59,22.45,20.75,20.26,Gopstopper
973,21.32,21.55,21.99,22.42,22.86,18.97,Gopstopper
974,18.78,20.82,23.17,22.69,21.97,20.82,Gopstopper
975,17.96,20.36,21.48,21.9,20.34,17.75,Wonkagum
976,18.66,20.28,22.17,21.34,21.24,20.14,Wonkagum
977,19.98,22.26,20.37,24.68,23.26,20.7,Gopstopper
978,18.89,19.53,21.03,22.51,22.58,21.07,Gopstopper
979,19.89,20.98,20.8,22.67,21.61,21.47,Gopstopper
980,20.34,19.07,19.63,20.51,22.24,20.95,Wonkagum
981,21.03,23.19,22.72,23.51,23.51,18.7,Gopstopper
982,20.6,20.53,20.24,22.28,23.73,21.8,Gopstopper
983,20.68,19.33,21.45,24.24,22.54,19.6,Gopstopper
984,19.47,22.77,20.72,20.86,23.01,19.22,Wonkagum
985,17.56,22.78,20.64,22.54,22.79,21.13,Wonkagum
986,19.41,20.52,20.89,21.89,20.13,19.54,Wonkagum
987,17.66,20.04,19.08,22.22,21.76,19.88,Wonkagum
988,19.9,21.3,19.48,20.67,22.5,21.37,Wonkagum
989,19.06,21.08,20.78,19.84,20.8,21.66,Wonkagum
990,18.9,21.86,18.36,20.63,21.62,17.81,Wonkagum
991,19.9,22.99,20.96,22.82,22.85,19.95,Wonkagum
992,20.42,22.75,20.91,21.19,23.01,21.31,Wonkagum
993,21.14,21.66,20.86,22.84,21.12,19.63,Gopstopper
994,22.3,22.11,21.27,21.75,19.81,21.59,Gopstopper
995,19.94,20.26,19.76,21.18,19.53,19.71,Wonkagum
996,17.93,21.58,20.38,20.67,21.5,19.59,Wonkagum
997,20.99,20.27,19.62,20.18,21.24,18.52,Wonkagum
998,19.11,20.45,20.32,19.97,20.28,18.12,Wonkagum
999,20.12,19.99,20.64,21.79,21.45,19.26,Gopstopper
1000,18.26,21.46,20.63,21.08,20.54,19.61,Wonkagum
1001,20.23,21.01,20.7,22.99,23.29,20.76,Gopstopper
1002,18.46,20.15,20.53,23.19,22.13,19.29,Wonkagum
1003,19.35,23.09,19.35,21.82,20.92,19.99,Wonkagum
1004,19.96,22.78,19.28,22.53,20.29,20.73,Wonkagum
1005,19.15,21.01,22.62,21.66,21.98,19.03,Wonkagum
1006,19.79,21.09,22.44,23.43,22.79,19.77,Gopstopper
1007,19.26,19.37,18.56,22.71,21.13,19.34,Wonkagum
1008,19.57,19.95,18.62,19.98,21.58,18.82,Wonkagum
1009,20.31,20.41,21.04,24.5,21.49,19.21,Gopstopper
1010,20.83,22.86,18.53,22.05,20.06,20.36,Wonkagum
1011,21.81,20.77,20.2,22.19,20.07,20.84,Gopstopper
1012,19.51,22.72,21.69,22.52,20.54,20.41,Wonkagum
1013,19.17,21.13,22.1,21.56,20.7,18.79,Wonkagum
1014,20.36,23.17,20.91,23.73,20.47,19.44,Gopstopper
1015,18.94,21.41,20.51,21.77,22.51,20.41,Wonkagum
1016,19.65,21.11,19.84,21.0,22.03,19.68,Wonkagum
1017,19.99,21.59,21.59,22.9,22.4,19.94,Gopstopper
1018,20.49,22.3,19.76,23.5,20.87,22.28,Gopstopper
1019,17.95,20.86,20.49,21.78,21.13,19.76,Wonkagum
1020,18.43,20.79,20.47,22.8,21.61,19.97,Wonkagum
1021,19.85,21.68,19.78,22.15,21.11,21.6,Gopstopper
1022,19.72,22.37,20.26,19.5,21.48,20.5,Wonkagum
1023,18.76,21.06,19.03,19.69,21.28,20.77,Wonkagum
1024,20.88,21.78,20.31,21.45,21.79,20.08,Wonkagum
1025,19.98,20.09,21.03,21.07,21.93,19.48,Wonkagum
1026,18.85,20.04,18.6,20.16,21.91,20.31,Wonkagum
1027,18.81,20.94,20.19,22.29,22.93,19.72,Wonkagum
1028,18.15,21.01,20.6,24.56,21.61,19.8,Wonkagum
1029,20.33,21.16,21.31,21.48,21.33,21.43,Gopstopper
1030,18.99,21.74,19.02,21.88,22.19,20.11,Wonkagum
1031,21.21,19.49,19.65,21.0,20.78,21.93,Gopstopper
1032,20.69,21.78,20.07,21.57,19.65,20.91,Gopstopper
1033,21.76,21.4,21.74,20.92,23.06,22.18,Gopstopper
1034,19.42,22.18,18.4,22.75,22.89,20.29,Wonkagum
1035,21.11,22.72,21.71,22.33,21.36,20.9,Gopstopper
1036,18.95,20.74,21.35,20.01,21.48,20.72,Wonkagum
1037,19.95,19.97,19.24,23.08,20.99,21.06,Gopstopper
1038,21.14,22.18,21.82,21.06,21.38,18.95,Wonkagum
1039,18.4,20.14,21.18,21.09,20.35,20.98,Wonkagum
1040,21.14,21.55,21.04,21.47,21.93,20.24,Gopstopper
1041,19.94,19.79,20.7,23.23,21.04,19.07,Gopstopper
1042,21.48,20.61,20.4,20.7,21.43,21.44,Gopstopper
1043,17.63,21.47,19.02,18.62,20.84,20.55,Wonkagum
1044,20.13,20.88,21.1,23.86,21.03,19.31,Gopstopper
1045,20.67,21.44,19.9,23.15,21.16,20.4,Gopstopper
1046,19.99,22.0,21.22,21.64,22.16,19.98,Wonkagum
1047,20.21,20.42,19.58,20.8,21.85,20.88,Wonkagum
1048,20.7,21.24,20.55,20.07,22.01,19.6,Wonkagum
1049,20.51,19.79,18.85,21.14,20.48,20.17,Gopstopper
1050,20.16,22.28,21.79,22.16,22.65,21.18,Gopstopper
1051,20.43,18.72,21.16,23.1,21.77,18.88,Gopstopper
1052,21.11,22.0,20.72,22.54,22.16,19.7,Gopstopper
1053,19.84,22.8,20.14,24.1,20.14,20.52,Gopstopper
1054,19.83,20.43,19.85,21.52,21.19,18.28,Wonkagum
1055,19.57,20.35,19.37,23.46,21.79,21.3,Gopstopper
1056,19.04,19.33,19.49,20.98,21.82,20.3,Wonkagum
1057,19.75,19.97,20.69,21.27,21.46,19.79,Wonkagum
1058,20.5,20.74,20.28,22.28,22.2,19.51,Gopstopper
1059,18.82,20.86,22.21,23.9,21.88,17.61,Wonkagum
1060,18.62,21.51,24.13,23.86,21.84,19.13,Gopstopper
1061,21.24,21.9,18.38,21.16,21.22,19.78,Wonkagum
1062,18.86,19.16,20.33,22.75,22.87,21.19,Gopstopper
1063,21.11,21.34,19.68,20.65,20.18,20.07,Wonkagum
1064,18.34,21.09,20.97,21.19,20.87,18.13,Wonkagum
1065,19.77,22.76,19.86,20.9,21.86,19.6,Wonkagum
1066,21.07,21.61,21.65,23.15,23.96,21.2,Gopstopper
1067,17.75,20.56,20.68,22.32,21.68,19.98,Wonkagum
1068,21.09,21.09,20.62,22.72,20.69,19.81,Gopstopper
1069,20.55,20.65,21.89,22.08,21.98,19.31,Gopstopper
1070,20.71,19.87,19.49,21.99,21.24,21.62,Gopstopper
1071,19.72,20.59,21.32,23.91,21.78,19.22,Gopstopper
1072,19.51,22.55,23.08,22.07,19.92,20.21,Gopstopper
1073,19.6,20.06,22.11,23.68,22.72,20.41,Gopstopper
1074,21.44,20.62,20.51,20.34,22.89,20.65,Wonkagum
1075,20.05,19.1,21.11,20.67,22.72,19.92,Wonkagum
1076,20.66,21.46,22.14,20.84,22.1,21.01,Gopstopper
1077,20.79,22.08,22.01,22.35,21.49,21.43,Gopstopper
1078,21.34,20.86,21.13,21.47,21.57,21.21,Gopstopper
1079,18.52,20.35,21.05,21.43,20.56,21.29,Wonkagum
1080,19.95,22.58,22.0,23.69,22.15,19.45,Gopstopper
1081,19.52,19.4,18.08,22.22,23.38,19.91,Wonkagum
1082,19.62,19.48,20.53,23.26,20.68,20.78,Gopstopper
1083,20.89,21.4,18.72,20.88,21.57,20.38,Wonkagum
1084,18.09,21.39,21.16,22.25,20.93,19.96,Wonkagum
1085,20.27,19.73,20.18,21.43,21.15,18.04,Wonkagum
1086,19.98,21.21,19.93,19.65,20.86,20.62,Wonkagum
1087,20.97,19.99,19.31,19.29,22.06,21.83,Wonkagum
1088,20.35,21.65,21.26,22.4,20.75,19.28,Gopstopper
1089,19.64,20.84,18.84,23.17,21.4,19.7,Wonkagum
1090,21.14,21.45,21.54,21.98,21.32,21.44,Gopstopper
1091,18.88,18.62,19.62,22.19,22.97,22.04,Gopstopper
1092,20.48,20.8,20.72,24.39,22.35,19.91,Gopstopper
1093,19.16,20.67,19.88,21.53,22.94,19.68,Wonkagum
1094,22.07,21.33,19.65,21.09,20.98,19.46,Gopstopper
1095,20.1,21.87,20.26,22.36,21.17,18.37,Wonkagum
1096,18.6,20.31,20.16,23.46,21.54,18.18,Wonkagum
1097,18.57,20.96,21.03,22.6,22.99,19.88,Wonkagum
1098,18.26,20.45,19.79,23.83,20.75,19.76,Wonkagum
1099,19.11,22.62,20.51,22.69,21.89,21.09,Wonkagum
1100,21.94,22.39,22.2,22.74,23.55,19.48,Gopstopper
1101,19.68,21.44,22.09,23.52,20.56,20.68,Gopstopper
1102,20.81,21.69,19.98,22.82,22.33,20.71,Gopstopper
1103,21.65,23.91,20.07,23.12,21.75,18.72,Wonkagum
1104,21.04,21.37,20.6,22.92,23.15,22.56,Gopstopper
1105,20.07,18.8,20.49,23.97,21.72,20.17,Gopstopper
1106,20.32,21.98,22.17,22.84,22.56,20.73,Gopstopper
1107,20.21,19.3,19.9,21.95,22.98,19.43,Wonkagum
1108,20.8,20.31,20.44,23.36,21.07,22.08,Gopstopper
1109,19.89,20.53,20.35,20.62,21.37,19.3,Wonkagum
1110,22.6,22.1,20.67,21.79,21.21,21.07,Gopstopper
1111,17.43,20.83,21.32,20.67,22.06,19.35,Wonkagum
1112,20.15,21.2,21.25,23.69,21.14,20.72,Gopstopper
1113,19.82,20.71,20.73,22.0,20.04,19.91,Gopstopper
1114,19.91,21.0,20.22,23.05,21.76,20.93,Gopstopper
1115,19.93,20.68,21.99,20.98,22.27,20.35,Wonkagum
1116,19.4,20.22,20.1,21.87,20.81,21.08,Gopstopper
1117,19.95,22.26,19.39,20.17,21.47,20.94,Wonkagum
1118,19.21,21.0,21.84,24.37,23.59,20.88,Gopstopper
1119,19.74,20.28,18.55,21.77,19.54,19.45,Wonkagum
1120,20.05,23.05,20.41,24.68,21.63,19.83,Gopstopper
1121,19.37,22.41,20.65,20.39,22.72,18.63,Wonkagum
1122,20.77,21.14,19.75,23.39,20.74,22.32,Gopstopper
1123,19.59,20.56,19.65,22.73,21.03,19.89,Wonkagum
1124,19.14,18.26,20.04,18.18,21.42,21.21,Wonkagum
1125,20.44,20.19,21.03,23.1,22.4,21.34,Gopstopper
1126,19.45,18.98,21.99,20.67,20.7,21.0,Gopstopper
1127,19.27,21.66,20.3,22.35,19.82,18.78,Wonkagum
1128,21.39,22.91,18.75,20.95,21.45,21.99,Wonkagum
1129,19.55,18.81,21.35,19.88,21.01,19.91,Wonkagum
1130,20.28,22.43,20.93,23.35,20.82,20.02,Gopstopper
1131,19.26,20.88,19.62,20.83,20.81,20.2,Wonkagum
1132,19.87,19.28,19.67,21.23,21.48,21.25,Gopstopper
1133,20.52,20.26,17.98,22.22,21.07,20.02,Wonkagum
1134,21.68,21.49,21.68,20.8,23.45,19.29,Wonkagum
1135,20.53,20.78,21.49,22.59,21.49,21.76,Gopstopper
1136,18.6,19.73,20.97,20.96,23.64,20.23,Wonkagum
1137,19.36,21.64,19.33,25.2,23.34,20.45,Gopstopper
1138,20.23,21.47,22.29,22.37,21.92,19.31,Gopstopper
1139,19.53,20.52,21.39,22.03,22.15,19.52,Wonkagum
1140,17.95,20.29,20.95,21.75,22.14,19.31,Wonkagum
1141,18.15,22.23,19.45,23.95,21.05,19.3,Wonkagum
1142,18.77,21.38,22.18,21.91,20.45,18.12,Wonkagum
1143,19.94,18.97,19.91,23.18,20.93,20.81,Gopstopper
1144,21.6,22.12,19.26,23.0,20.65,21.46,Gopstopper
1145,19.38,21.98,21.93,21.44,20.6,19.63,Wonkagum
1146,20.54,20.91,21.48,20.28,21.98,21.08,Wonkagum
1147,18.56,20.8,20.13,21.24,22.43,20.27,Wonkagum
1148,20.47,20.87,21.21,22.5,23.27,18.91,Wonkagum
1149,22.31,19.45,21.09,23.74,19.9,19.48,Gopstopper
1150,18.97,21.17,21.48,22.23,22.24,21.58,Wonkagum
1151,19.59,20.69,20.24,20.96,21.35,19.34,Wonkagum
1152,20.81,20.61,21.85,22.44,24.0,19.9,Gopstopper
1153,20.73,22.39,21.12,22.23,22.91,17.69,Wonkagum
1154,18.8,20.64,19.68,20.15,20.62,19.95,Wonkagum
1155,18.68,21.11,22.04,24.21,22.78,21.25,Gopstopper
1156,20.45,22.44,20.39,22.79,21.46,20.07,Wonkagum
1157,19.25,20.29,19.58,20.21,22.48,19.49,Wonkagum
1158,22.32,20.02,20.28,19.6,21.88,20.35,Gopstopper
1159,21.8,20.63,21.66,21.51,21.55,21.32,Gopstopper
1160,19.65,20.41,18.7,24.98,20.87,21.48,Gopstopper
1161,19.63,20.96,19.71,20.94,21.12,19.25,Wonkagum
1162,20.86,20.43,21.38,22.56,21.56,20.25,Gopstopper
1163,20.01,21.39,19.27,20.19,20.09,18.11,Wonkagum
1164,19.74,18.02,19.26,21.0,21.22,21.52,Gopstopper
1165,21.71,20.22,20.57,23.62,21.76,21.95,Gopstopper
1166,20.77,20.96,20.9,21.41,19.96,19.3,Gopstopper
1167,19.01,20.38,20.15,21.54,20.2,21.21,Wonkagum
1168,19.96,20.95,18.46,22.37,20.77,19.35,Wonkagum
1169,20.43,22.03,19.22,20.41,20.53,19.31,Wonkagum
1170,19.46,22.32,20.03,22.23,21.71,20.45,Wonkagum
1171,18.76,19.2,18.02,20.74,21.37,20.45,Wonkagum
1172,20.12,19.16,20.94,21.46,22.19,21.12,Gopstopper
1173,19.63,18.93,21.52,22.28,20.06,19.18,Gopstopper
1174,18.91,21.67,22.17,24.77,21.66,21.1,Gopstopper
1175,19.43,19.68,21.26,20.95,21.16,20.3,Wonkagum
1176,19.23,20.9,20.81,21.12,19.52,20.01,Wonkagum
1177,19.55,21.6,19.65,23.58,20.18,18.95,Wonkagum
1178,19.59,21.59,21.44,22.38,22.1,20.07,Wonkagum
1179,18.29,18.42,19.91,21.17,22.15,18.12,Wonkagum
1180,21.28,21.27,19.88,21.67,19.2,19.69,Gopstopper
1181,19.88,21.93,21.61,20.36,20.89,21.41,Wonkagum
1182,20.13,18.87,19.51,22.99,22.35,19.55,Gopstopper
1183,18.94,24.41,20.23,23.42,21.65,20.39,Wonkagum
1184,19.3,20.26,20.75,23.38,22.27,20.94,Gopstopper
1185,21.0,19.37,21.11,20.27,23.1,20.79,Gopstopper
1186,18.83,22.4,20.96,23.33,21.23,19.78,Wonkagum
1187,20.0,19.46,19.82,20.06,20.73,20.85,Wonkagum
1188,18.62,21.96,21.01,22.5,22.27,18.75,Wonkagum
1189,20.46,22.33,20.25,21.33,21.1,20.11,Wonkagum
1190,20.81,21.59,20.57,21.81,22.86,19.86,Wonkagum
1191,19.93,23.45,22.25,24.82,23.62,20.56,Gopstopper
1192,17.58,19.15,19.23,23.03,21.88,19.09,Wonkagum
1193,18.87,23.13,20.95,22.12,22.32,21.05,Wonkagum
1194,19.25,21.26,21.17,23.11,21.13,21.05,Gopstopper
1195,19.07,21.81,20.53,23.69,20.69,19.18,Wonkagum
1196,20.15,21.35,19.57,23.1,21.39,20.74,Gopstopper
1197,18.75,20.05,19.62,20.89,21.68,20.53,Wonkagum
1198,20.98,18.83,20.23,21.57,22.48,18.63,Gopstopper
1199,19.28,19.39,19.9,23.31,22.54,19.93,Gopstopper
1200,18.83,21.71,19.72,21.5,19.92,20.79,Wonkagum
1201,19.71,20.62,21.75,21.45,21.89,18.9,Wonkagum
1202,21.16,22.63,18.89,21.52,20.34,21.84,Gopstopper
1203,21.05,20.78,20.78,23.69,22.63,19.72,Gopstopper
1204,18.6,20.86,20.12,23.93,24.44,18.01,Wonkagum
1205,19.56,20.15,19.89,22.57,22.14,20.12,Wonkagum
1206,22.06,22.37,21.22,22.62,21.62,19.33,Gopstopper
1207,19.61,21.93,20.43,21.68,22.17,21.22,Wonkagum
1208,19.23,21.04,21.13,23.18,22.01,19.85,Wonkagum
1209,19.08,21.31,20.36,24.88,23.06,20.33,Gopstopper
1210,22.21,21.79,19.69,20.77,21.61,18.56,Wonkagum
1211,20.1,19.62,19.62,20.35,19.57,19.85,Wonkagum
1212,19.82,20.3,21.18,20.5,21.95,19.17,Wonkagum
1213,19.0,20.32,21.01,21.18,21.04,18.57,Wonkagum
1214,21.01,21.97,19.12,22.36,20.56,21.4,Gopstopper
1215,19.19,19.62,19.07,22.03,20.03,19.56,Wonkagum
1216,19.73,22.08,22.17,24.81,23.44,21.63,Gopstopper
1217,20.54,19.73,21.09,23.14,21.83,21.33,Gopstopper
1218,18.48,23.06,20.1,22.06,23.32,19.1,Wonkagum
1219,18.7,20.94,21.61,22.97,21.9,21.87,Gopstopper
1220,21.46,22.39,21.63,22.41,20.46,22.11,Gopstopper
1221,20.23,20.73,19.4,21.51,21.6,20.22,Wonkagum
1222,19.66,22.18,17.56,20.84,21.56,21.26,Wonkagum
1223,19.8,21.03,20.21,18.93,19.15,20.1,Wonkagum
1224,20.59,22.17,20.41,21.49,20.66,21.2,Gopstopper
1225,19.76,20.4,20.57,22.2,23.87,20.01,Wonkagum
1226,21.09,21.6,19.57,23.47,21.56,20.86,Gopstopper
1227,21.83,19.6,19.98,21.81,21.51,20.79,Gopstopper
1228,18.97,20.57,18.95,22.09,19.74,19.98,Wonkagum
1229,19.43,20.91,22.21,23.31,21.25,21.27,Gopstopper
1230,21.14,22.51,20.09,21.19,20.25,19.47,Wonkagum
1231,19.82,21.11,20.15,20.52,21.79,19.84,Wonkagum
1232,20.27,21.66,19.84,22.9,20.63,20.29,Gopstopper
1233,18.65,22.51,20.5,23.36,22.79,20.6,Wonkagum
1234,21.2,21.7,20.52,20.93,20.93,20.53,Gopstopper
1235,22.49,21.7,21.8,21.82,22.08,19.47,Gopstopper
1236,18.98,21.4,19.11,21.28,19.71,21.6,Wonkagum
1237,19.31,19.81,20.19,21.4,21.68,20.01,Wonkagum
1238,21.46,21.9,21.66,22.06,21.85,22.28,Gopstopper
1239,17.83,20.3,20.39,22.09,22.07,20.74,Wonkagum
1240,21.1,20.8,21.39,21.76,22.62,20.16,Gopstopper
1241,22.54,21.61,20.48,18.97,20.61,18.2,Wonkagum
1242,19.26,20.24,20.31,21.69,21.14,18.74,Wonkagum
1243,21.0,22.27,21.54,21.87,23.23,20.4,Wonkagum
1244,19.53,19.59,21.71,22.57,22.2,21.27,Gopstopper
1245,19.31,19.33,19.14,19.95,21.65,19.59,Wonkagum
1246,21.44,19.8,18.82,21.26,21.98,20.25,Gopstopper
1247,19.82,22.26,22.21,24.75,21.69,19.0,Gopstopper
1248,19.52,21.7,19.8,22.78,22.24,20.66,Wonkagum
1249,20.17,21.59,20.98,20.95,21.84,19.98,Wonkagum
1250,22.08,19.07,22.44,23.0,21.74,20.57,Gopstopper
1251,18.94,20.06,21.05,20.04,19.52,20.11,Wonkagum
1252,19.86,21.16,18.03,22.42,22.99,20.09,Wonkagum
1253,19.87,21.02,18.97,22.13,21.42,21.76,Gopstopper
1254,19.64,23.28,22.08,24.15,22.7,19.57,Wonkagum
1255,18.7,19.91,22.44,22.04,20.86,20.12,Gopstopper
1256,19.56,20.91,20.79,20.1,20.66,20.07,Wonkagum
1257,18.85,19.72,19.85,23.16,22.66,21.31,Gopstopper
1258,20.14,21.68,20.85,20.99,19.59,19.54,Wonkagum
1259,21.8,20.77,21.66,20.66,19.39,19.92,Gopstopper
1260,19.64,20.57,20.95,21.2,20.52,18.81,Wonkagum
1261,19.23,20.55,21.67,24.52,20.63,21.03,Gopstopper
1262,18.93,19.94,21.43,22.86,21.93,19.19,Wonkagum
1263,20.9,22.09,22.64,20.85,22.88,20.01,Wonkagum
1264,19.77,19.87,20.07,23.91,21.77,19.03,Gopstopper
1265,20.24,19.84,19.33,21.66,21.58,21.07,Gopstopper
1266,20.12,22.46,20.34,22.62,21.49,21.59,Gopstopper
1267,19.42,20.68,21.6,24.38,21.57,20.22,Gopstopper
1268,18.92,19.97,21.06,21.47,21.69,19.95,Wonkagum
1269,17.83,22.13,21.98,21.22,23.44,19.65,Wonkagum
1270,20.42,18.38,19.91,21.1,20.83,19.5,Gopstopper
1271,19.31,22.29,18.72,23.34,22.53,21.29,Wonkagum
1272,20.3,21.15,19.31,20.4,20.95,21.84,Wonkagum
1273,19.43,20.97,21.35,20.9,20.27,18.27,Wonkagum
1274,19.64,18.52,19.22,20.52,22.58,21.59,Wonkagum
1275,21.33,18.86,20.31,20.83,20.95,22.0,Gopstopper
1276,19.49,20.48,19.16,21.37,20.59,20.53,Wonkagum
1277,17.45,19.47,18.53,21.73,21.33,19.72,Wonkagum
1278,20.67,21.22,21.94,22.57,20.79,19.63,Gopstopper
1279,18.31,21.87,20.84,21.77,21.97,19.61,Wonkagum
1280,17.58,21.72,22.14,21.84,23.77,20.49,Wonkagum
1281,20.5,19.95,18.75,22.5,21.02,20.35,Gopstopper
1282,20.06,21.89,20.87,22.19,21.41,20.8,Gopstopper
1283,19.53,20.14,19.45,21.24,19.06,20.51,Gopstopper
1284,19.87,21.72,20.75,21.12,21.78,18.49,Wonkagum
1285,19.3,20.85,21.99,23.14,20.87,19.45,Gopstopper
1286,19.38,20.15,18.83,22.63,21.72,20.54,Wonkagum
1287,20.66,22.68,20.78,21.91,22.9,19.54,Wonkagum
1288,18.33,20.98,22.42,21.48,20.9,19.18,Wonkagum
1289,19.71,20.81,20.82,22.03,20.48,18.82,Wonkagum
1290,18.56,19.59,20.1,23.76,20.5,18.13,Wonkagum
1291,20.0,20.48,19.97,21.29,20.84,21.1,Gopstopper
1292,20.54,20.19,19.53,21.09,19.91,19.26,Wonkagum
1293,20.51,19.64,19.52,21.55,22.52,18.69,Wonkagum
1294,20.01,19.89,21.55,24.45,21.86,19.24,Gopstopper
1295,17.91,21.43,19.45,21.21,20.86,17.23,Wonkagum
1296,20.06,20.62,19.06,21.47,21.22,20.2,Wonkagum
1297,19.19,19.89,19.63,21.05,22.52,19.55,Wonkagum
1298,21.11,23.18,21.2,20.82,20.28,20.0,Wonkagum
1299,20.19,21.88,21.68,21.12,21.55,19.85,Wonkagum
1300,20.28,22.05,21.2,20.71,21.15,21.95,Wonkagum
1301,20.07,20.59,21.0,22.83,22.12,21.37,Gopstopper
1302,18.88,23.3,20.89,20.97,20.79,18.58,Wonkagum
1303,19.66,20.29,21.08,21.85,21.15,20.44,Gopstopper
1304,20.74,20.91,20.97,22.71,21.09,19.65,Gopstopper
1305,19.89,21.71,20.58,20.35,20.39,20.43,Wonkagum
1306,19.72,21.92,21.12,21.98,20.76,20.07,Wonkagum
1307,19.56,20.72,20.32,21.05,21.4,20.41,Wonkagum
1308,20.22,19.57,20.65,22.22,20.01,18.78,Gopstopper
1309,19.14,21.38,20.74,23.54,21.13,18.65,Wonkagum
1310,20.57,19.78,22.4,22.09,24.06,20.39,Gopstopper
1311,19.57,20.2,19.95,18.95,21.37,21.06,Wonkagum
1312,21.34,21.66,18.09,21.18,21.66,20.31,Wonkagum
1313,17.96,19.06,19.5,20.18,19.65,17.07,Wonkagum
1314,20.31,22.13,19.91,22.23,22.11,21.64,Wonkagum
1315,18.57,22.24,20.71,21.7,21.32,19.27,Wonkagum
1316,20.68,21.31,22.04,20.15,22.45,20.58,Wonkagum
1317,19.87,19.8,21.0,19.6,21.79,21.03,Wonkagum
1318,18.73,19.96,20.31,22.44,21.01,19.56,Wonkagum
1319,20.71,21.07,20.11,21.15,20.8,19.39,Wonkagum
1320,20.23,21.02,20.95,22.01,22.36,20.03,Wonkagum
1321,21.87,20.78,19.54,20.08,20.97,20.46,Gopstopper
1322,19.54,22.34,20.36,22.87,22.87,19.48,Wonkagum
1323,22.72,21.02,21.11,21.49,22.38,18.55,Gopstopper
1324,20.94,19.32,19.95,19.69,22.37,20.84,Wonkagum
1325,19.24,20.21,19.52,22.82,20.41,19.71,Gopstopper
1326,20.41,23.51,19.9,23.14,23.25,19.77,Wonkagum
1327,21.61,22.75,20.75,21.08,21.9,18.82,Wonkagum
1328,20.09,22.51,20.56,22.39,21.73,21.12,Wonkagum
1329,20.51,21.7,21.78,22.43,20.1,19.07,Gopstopper
1330,20.36,20.93,20.91,21.48,20.74,21.85,Gopstopper
1331,20.75,20.36,20.83,23.63,20.65,21.26,Gopstopper
1332,19.67,20.92,19.51,22.49,20.78,20.34,Wonkagum
1333,21.38,20.35,19.45,20.29,19.39,20.97,Gopstopper
1334,20.76,22.17,19.87,19.31,20.89,19.06,Wonkagum
1335,21.33,20.29,19.45,20.93,20.54,19.32,Gopstopper
1336,20.84,21.37,20.41,22.12,22.25,19.54,Wonkagum
1337,20.02,19.44,22.75,23.39,20.67,18.63,Gopstopper
1338,21.23,20.37,21.5,22.9,24.43,22.87,Gopstopper
1339,21.32,21.79,19.89,24.35,21.58,21.08,Gopstopper
1340,21.61,23.24,20.13,20.82,23.59,19.9,Wonkagum
1341,21.04,20.92,19.24,22.39,22.02,21.36,Gopstopper
1342,20.16,20.1,21.66,22.13,22.28,21.76,Gopstopper
1343,20.18,20.6,20.55,22.58,21.7,21.01,Gopstopper
1344,20.2,19.43,20.73,22.05,22.34,19.36,Gopstopper
1345,20.24,21.18,21.21,23.48,20.57,19.81,Gopstopper
1346,20.5,20.56,21.38,19.81,22.18,19.64,Wonkagum
1347,21.86,21.26,20.6,22.04,20.98,19.21,Gopstopper
1348,21.62,20.89,22.05,21.26,22.42,21.0,Gopstopper
1349,20.38,19.96,20.11,21.57,21.39,21.29,Gopstopper
1350,21.64,23.03,20.69,21.67,19.52,19.1,Gopstopper
1351,18.83,21.58,23.49,23.56,23.22,21.71,Gopstopper
1352,19.92,21.18,22.25,21.72,19.86,19.99,Gopstopper
1353,20.28,20.27,21.6,23.79,23.45,21.06,Gopstopper
1354,18.82,21.77,20.75,22.39,21.51,19.35,Wonkagum
1355,19.8,22.21,21.16,21.99,21.58,19.18,Wonkagum
1356,21.73,20.32,21.58,22.24,20.63,19.86,Gopstopper
1357,21.23,21.41,21.51,21.99,22.15,21.83,Gopstopper
1358,20.02,21.58,20.31,24.38,22.24,19.13,Gopstopper
1359,18.78,20.4,21.37,21.68,21.04,20.4,Wonkagum
1360,18.55,20.84,20.13,21.01,21.26,20.24,Wonkagum
1361,21.64,21.16,20.77,21.93,22.6,17.58,Wonkagum
1362,20.79,20.67,19.36,19.62,21.73,19.47,Wonkagum
1363,20.45,20.49,18.27,22.79,21.61,20.41,Gopstopper
1364,21.1,20.19,19.35,20.34,22.85,22.52,Gopstopper
1365,19.59,19.96,19.36,23.15,21.51,19.73,Gopstopper
1366,20.03,20.42,19.56,21.69,21.79,19.71,Wonkagum
1367,21.64,20.99,22.87,20.4,20.86,16.46,Wonkagum
1368,18.88,20.92,20.91,22.62,21.56,21.62,Gopstopper
1369,20.45,21.2,22.11,23.04,20.91,20.29,Gopstopper
1370,18.09,22.12,22.11,22.15,21.38,19.49,Wonkagum
1371,20.54,22.76,21.27,23.77,20.94,20.58,Gopstopper
1372,21.19,22.72,21.81,21.43,19.98,21.19,Gopstopper
1373,19.64,21.51,21.43,25.04,20.88,20.79,Gopstopper
1374,19.55,19.47,18.98,20.93,21.67,19.07,Wonkagum
1375,18.51,21.73,18.24,24.12,21.92,21.04,Wonkagum
1376,20.01,20.63,19.66,22.15,24.05,21.11,Wonkagum
1377,20.87,20.42,19.42,20.78,21.89,19.2,Wonkagum
1378,20.11,21.29,20.15,21.52,22.19,22.69,Gopstopper
1379,21.76,21.3,21.17,22.05,21.72,21.6,Gopstopper
1380,20.62,21.3,21.6,23.95,20.85,17.84,Gopstopper
1381,19.31,23.0,21.79,21.05,22.97,18.38,Wonkagum
1382,19.24,20.73,19.5,21.77,24.03,19.46,Wonkagum
1383,20.92,23.01,19.07,21.36,19.32,19.46,Wonkagum
1384,20.01,21.9,21.55,21.94,21.0,18.67,Wonkagum
1385,22.0,20.28,20.18,20.67,20.72,21.18,Gopstopper
1386,21.06,24.35,20.85,21.93,21.54,19.6,Wonkagum
1387,20.58,21.06,22.55,20.77,21.87,20.84,Gopstopper
1388,21.45,20.95,19.79,19.86,19.37,19.75,Wonkagum
1389,20.88,20.52,19.84,22.36,21.31,20.2,Gopstopper
1390,19.44,21.39,20.01,20.09,22.08,20.59,Wonkagum
1391,18.87,20.75,22.24,21.96,21.41,17.35,Wonkagum
1392,21.02,20.35,21.89,22.36,20.68,19.84,Gopstopper
1393,19.84,21.2,21.07,22.12,19.12,18.83,Gopstopper
1394,19.92,20.12,21.8,22.74,21.51,19.82,Gopstopper
1395,19.69,21.5,18.98,21.68,20.32,19.84,Wonkagum
1396,18.01,21.21,21.15,22.13,22.99,19.99,Wonkagum
1397,19.7,20.8,20.99,24.19,21.87,19.95,Gopstopper
1398,19.42,23.23,19.74,21.46,21.61,19.97,Wonkagum
1399,18.71,20.91,19.8,23.59,21.45,20.78,Gopstopper
1400,20.23,22.38,20.87,23.0,20.84,19.78,Gopstopper
1401,19.12,22.5,20.88,21.5,19.51,20.98,Wonkagum
1402,19.23,18.63,18.56,20.47,22.01,19.88,Wonkagum
1403,20.79,21.5,21.0,22.86,22.03,20.85,Gopstopper
1404,20.18,20.21,21.36,22.89,20.97,20.57,Gopstopper
1405,19.3,20.34,21.8,20.91,21.46,19.1,Wonkagum
1406,20.92,20.84,20.81,22.76,21.89,20.84,Gopstopper
1407,21.05,20.6,20.29,21.85,21.92,19.32,Gopstopper
1408,19.31,20.63,19.17,23.04,23.13,19.28,Wonkagum
1409,21.27,20.98,21.47,21.91,22.29,21.84,Gopstopper
1410,21.02,21.8,21.32,23.13,22.07,18.59,Gopstopper
1411,17.78,20.32,20.26,23.74,22.36,20.64,Wonkagum
1412,21.25,22.06,19.72,20.38,22.47,19.94,Wonkagum
1413,18.75,21.05,21.48,22.79,21.26,20.81,Gopstopper
1414,17.98,19.69,18.27,20.51,20.22,21.22,Wonkagum
1415,18.87,21.4,19.7,19.57,20.37,19.66,Wonkagum
1416,19.42,19.44,19.97,20.76,22.17,19.42,Wonkagum
1417,21.02,22.35,18.56,21.21,20.57,22.27,Wonkagum
1418,19.23,20.44,18.87,19.79,21.11,21.47,Wonkagum
1419,20.89,21.65,20.52,22.64,21.42,20.16,Gopstopper
1420,21.86,20.62,20.36,22.36,22.04,20.43,Gopstopper
1421,19.83,20.87,22.3,21.15,22.23,20.56,Wonkagum
1422,19.31,21.14,22.15,22.08,20.83,19.9,Gopstopper
1423,21.01,22.07,19.5,21.89,20.51,18.33,Wonkagum
1424,19.75,21.6,21.04,20.73,22.2,19.94,Wonkagum
1425,21.72,21.99,21.11,21.33,20.23,20.04,Gopstopper
1426,19.5,21.36,20.51,24.12,21.83,20.38,Gopstopper
1427,22.3,22.38,20.9,21.72,20.87,19.75,Gopstopper
1428,20.63,21.17,18.59,20.54,22.25,21.82,Wonkagum
1429,19.78,19.36,18.93,22.39,22.42,20.45,Gopstopper
1430,20.38,20.83,22.08,21.19,22.62,19.25,Wonkagum
1431,20.85,19.99,19.83,21.71,22.42,21.23,Gopstopper
1432,17.67,19.02,18.69,20.88,20.83,21.73,Wonkagum
1433,20.05,20.2,19.29,19.88,21.42,19.12,Wonkagum
1434,19.55,23.09,19.38,23.3,22.03,21.08,Wonkagum
1435,22.46,19.93,21.81,20.18,20.97,20.93,Gopstopper
1436,19.91,21.74,21.36,22.14,21.06,20.52,Gopstopper
1437,21.84,21.39,21.59,23.78,21.17,19.59,Gopstopper
1438,20.86,21.98,20.86,22.21,21.13,18.78,Wonkagum
1439,19.78,20.83,18.35,21.61,22.45,20.95,Wonkagum
1440,18.12,21.17,21.22,23.81,21.81,19.95,Wonkagum
1441,18.24,19.73,20.28,20.94,19.49,20.07,Wonkagum
1442,20.04,21.72,22.37,23.92,23.35,19.9,Gopstopper
1443,19.45,20.99,20.0,21.51,22.33,18.43,Wonkagum
1444,18.72,22.07,19.89,22.65,21.53,17.6,Wonkagum
1445,20.63,22.23,20.2,21.64,22.51,20.54,Wonkagum
1446,21.74,21.29,19.84,20.5,20.51,19.37,Wonkagum
1447,19.4,21.43,21.47,21.03,22.19,19.22,Wonkagum
1448,21.42,21.9,21.85,23.64,22.15,18.91,Gopstopper
1449,19.42,20.43,19.16,20.19,20.14,19.5,Wonkagum
1450,18.45,22.35,21.89,21.89,20.28,18.65,Wonkagum
1451,20.02,20.26,17.74,20.82,21.38,21.2,Wonkagum
1452,19.02,21.6,21.11,21.77,20.85,19.08,Wonkagum
1453,19.89,21.34,20.72,24.04,21.11,19.85,Gopstopper
1454,19.72,20.14,19.65,21.86,21.67,20.36,Wonkagum
1455,19.05,20.75,20.75,23.69,19.38,18.18,Gopstopper
1456,18.98,21.11,22.34,21.63,22.59,19.78,Wonkagum
1457,19.1,21.04,20.66,21.96,22.32,17.92,Wonkagum
1458,19.23,22.01,21.25,21.93,20.4,18.48,Wonkagum
1459,19.96,21.67,21.37,24.7,21.32,20.46,Gopstopper
1460,21.61,22.31,20.27,22.25,22.1,19.93,Gopstopper
1461,19.75,19.19,19.63,21.25,21.62,21.33,Gopstopper
1462,20.95,20.32,19.44,21.19,21.39,19.11,Wonkagum
1463,19.63,22.34,21.27,22.67,22.17,18.38,Wonkagum
1464,19.82,20.45,19.28,21.07,20.22,21.5,Gopstopper
1465,19.55,22.11,21.24,23.36,21.27,20.47,Gopstopper
1466,19.73,21.13,23.16,23.8,22.0,21.3,Gopstopper
1467,20.69,21.25,22.02,22.56,19.86,19.73,Gopstopper
1468,19.1,21.72,21.29,20.58,22.13,19.22,Wonkagum
1469,20.66,21.38,20.01,21.41,21.13,19.59,Wonkagum
1470,20.08,21.09,19.85,21.73,21.47,20.32,Wonkagum
1471,19.48,22.57,20.72,21.01,20.38,20.53,Wonkagum
1472,19.37,22.05,21.96,22.63,22.02,20.07,Wonkagum
1473,20.04,21.8,22.01,22.04,20.59,20.16,Gopstopper
1474,20.64,20.56,19.76,20.2,20.66,20.52,Wonkagum
1475,20.06,19.93,20.06,21.74,22.06,20.02,Wonkagum
1476,18.42,20.14,19.68,19.18,22.62,21.17,Wonkagum
1477,19.48,21.72,20.16,20.78,23.14,21.16,Wonkagum
1478,19.44,19.45,20.47,23.63,20.81,20.82,Gopstopper
1479,19.29,19.11,21.63,22.44,21.54,19.27,Gopstopper
1480,18.73,21.18,20.22,21.3,21.78,20.66,Wonkagum
1481,19.35,22.52,20.57,25.08,21.95,20.22,Gopstopper
1482,19.98,20.72,20.28,21.6,21.87,19.82,Wonkagum
1483,21.21,19.91,19.83,23.77,21.71,21.69,Gopstopper
1484,21.03,21.49,21.73,22.62,21.96,20.16,Gopstopper
1485,18.56,21.38,20.29,22.8,22.48,19.47,Wonkagum
1486,20.17,20.51,20.66,23.27,22.27,20.49,Gopstopper
1487,20.17,20.14,17.74,20.52,21.23,21.5,Wonkagum
1488,21.2,20.5,21.79,22.6,22.36,21.23,Gopstopper
1489,20.18,21.44,21.4,22.8,21.51,21.23,Gopstopper
1490,21.38,20.02,19.39,21.77,20.45,21.29,Gopstopper
1491,21.17,21.41,20.7,19.55,20.47,19.56,Wonkagum
1492,19.9,21.13,20.98,22.31,20.48,20.69,Gopstopper
1493,20.82,20.05,21.6,23.06,21.72,20.73,Gopstopper
1494,19.25,20.52,19.94,21.3,20.9,19.81,Wonkagum
1495,19.69,19.53,18.73,22.23,22.26,19.97,Wonkagum
1496,21.4,22.22,20.57,22.02,20.3,21.42,Gopstopper
1497,20.08,20.84,20.08,21.93,21.86,18.87,Wonkagum
1498,21.53,20.83,21.13,21.9,20.44,20.61,Gopstopper
1499,18.85,19.65,20.57,21.16,18.99,19.6,Wonkagum
1500,21.04,20.31,20.6,22.73,20.56,18.91,Gopstopper
1501,18.73,22.23,21.26,20.22,21.17,19.76,Wonkagum
1502,20.64,21.63,21.02,22.15,19.91,20.74,Gopstopper
1503,20.29,21.82,23.46,23.68,23.09,20.78,Gopstopper
1504,21.86,20.65,20.83,22.26,21.07,19.51,Gopstopper
1505,20.87,21.27,20.48,21.8,20.59,20.97,Gopstopper
1506,19.12,21.25,20.57,21.99,22.11,19.51,Wonkagum
1507,20.47,22.26,20.63,21.74,20.79,19.31,Wonkagum
1508,17.8,20.34,19.28,22.16,22.48,20.77,Wonkagum
1509,19.6,22.24,21.22,21.59,21.55,19.8,Wonkagum
1510,20.75,20.59,21.79,23.75,23.35,19.91,Gopstopper
1511,19.18,21.57,20.62,22.08,21.47,20.11,Wonkagum
1512,19.98,22.06,20.9,23.55,20.12,19.77,Gopstopper
1513,21.03,22.32,22.53,23.91,19.41,19.47,Gopstopper
1514,20.46,19.39,20.46,24.22,21.78,20.8,Gopstopper
1515,19.81,19.4,20.03,21.89,18.79,18.83,Gopstopper
1516,20.59,20.39,18.8,21.72,21.07,21.36,Gopstopper
1517,19.68,20.56,20.84,23.75,23.06,19.96,Gopstopper
1518,20.69,22.25,19.57,20.47,21.54,20.52,Wonkagum
1519,19.19,21.05,19.42,21.24,19.19,18.83,Wonkagum
1520,20.82,21.57,20.32,22.47,20.65,18.21,Wonkagum
1521,19.31,21.01,21.14,25.25,22.29,20.55,Gopstopper
1522,20.18,20.28,18.33,22.76,21.32,19.18,Wonkagum
1523,20.72,21.18,19.91,21.05,22.89,20.65,Wonkagum
1524,20.26,22.09,21.04,22.26,21.38,20.48,Gopstopper
1525,19.24,19.7,20.58,22.87,22.82,20.34,Gopstopper
1526,19.9,20.63,20.65,21.59,20.23,19.46,Wonkagum
1527,20.57,20.77,20.9,22.08,19.96,19.02,Gopstopper
1528,20.06,21.15,21.74,20.73,20.32,19.32,Wonkagum
1529,20.01,21.34,20.3,21.25,21.2,21.66,Wonkagum
1530,18.91,20.04,20.95,20.99,20.83,18.9,Wonkagum
1531,20.11,20.51,20.52,22.23,21.59,20.47,Gopstopper
1532,21.22,21.04,22.65,23.56,20.68,21.48,Gopstopper
1533,19.56,22.2,18.69,21.0,22.76,20.29,Wonkagum
1534,19.42,21.72,22.6,25.02,21.97,19.55,Gopstopper
1535,18.05,20.88,20.71,23.88,23.17,19.31,Wonkagum
1536,20.24,20.47,21.15,24.42,22.09,19.07,Gopstopper
1537,19.83,20.93,19.68,20.28,21.49,20.67,Wonkagum
1538,19.55,18.95,19.95,21.04,22.08,21.54,Gopstopper
1539,20.73,21.55,21.4,23.97,21.8,20.84,Gopstopper
1540,17.67,19.66,20.97,20.72,21.66,19.85,Wonkagum
1541,18.97,20.88,20.73,20.75,21.52,20.19,Wonkagum
1542,18.66,20.37,20.37,22.0,22.73,17.98,Wonkagum
1543,18.88,19.89,21.59,22.62,21.88,20.59,Gopstopper
1544,20.48,19.21,18.26,19.1,20.25,21.75,Wonkagum
1545,18.87,23.39,20.45,22.46,22.21,20.97,Wonkagum
1546,20.92,20.71,20.8,19.5,19.86,21.29,Gopstopper
1547,20.02,22.08,20.01,22.32,21.75,20.81,Wonkagum
1548,18.98,23.06,21.09,22.09,22.9,19.77,Wonkagum
1549,21.46,20.94,21.33,21.12,21.93,20.03,Gopstopper
1550,18.53,19.59,19.54,19.88,21.29,20.91,Wonkagum
1551,19.16,22.64,19.76,21.25,21.93,19.14,Wonkagum
1552,19.76,21.39,19.16,21.72,19.59,20.86,Wonkagum
1553,18.6,20.89,20.69,20.28,21.59,20.27,Wonkagum
1554,18.87,20.41,21.14,22.52,21.7,21.58,Gopstopper
1555,21.57,21.59,20.68,23.48,22.03,21.02,Gopstopper
1556,20.08,20.0,19.17,20.84,20.7,20.67,Wonkagum
1557,19.87,19.84,20.24,20.45,21.23,19.58,Wonkagum
1558,20.0,20.99,19.31,20.51,21.16,19.46,Wonkagum
1559,20.19,19.89,20.65,21.52,21.24,19.56,Gopstopper
1560,21.12,21.93,21.94,24.38,21.69,20.0,Gopstopper
1561,19.78,21.97,19.89,20.07,19.59,20.71,Wonkagum
1562,21.03,21.55,22.05,21.81,20.86,19.02,Gopstopper
1563,20.91,21.02,21.72,21.53,23.56,19.67,Wonkagum
1564,19.52,21.15,22.15,21.62,21.99,20.32,Wonkagum
1565,21.68,21.38,19.58,23.15,21.31,21.03,Gopstopper
1566,21.08,22.41,20.44,21.52,21.51,19.88,Wonkagum
1567,19.88,20.36,19.56,21.68,21.01,20.97,Gopstopper
1568,21.25,20.37,22.13,24.08,20.99,20.26,Gopstopper
1569,20.0,22.86,20.94,21.66,21.45,20.36,Wonkagum
1570,19.27,20.76,21.29,24.32,21.01,19.49,Gopstopper
1571,19.84,21.45,19.86,21.93,20.92,20.09,Wonkagum
1572,21.31,20.4,20.07,23.28,21.47,22.94,Gopstopper
1573,18.24,21.23,20.99,22.7,21.66,19.08,Wonkagum
1574,20.54,20.16,20.33,20.3,22.49,21.05,Wonkagum
1575,19.07,18.94,19.21,20.83,22.54,20.18,Wonkagum
1576,20.18,21.62,20.35,21.97,21.16,21.26,Gopstopper
1577,19.26,21.0,20.06,21.56,20.65,19.28,Wonkagum
1578,18.23,22.31,20.76,21.97,20.71,20.9,Wonkagum
1579,21.21,19.88,22.11,22.8,20.95,20.03,Gopstopper
1580,21.63,21.43,20.99,24.85,21.79,20.23,Gopstopper
1581,21.13,19.61,20.2,20.96,22.87,20.22,Gopstopper
1582,20.94,22.04,20.59,21.62,21.26,20.55,Gopstopper
1583,19.82,22.43,19.74,22.03,22.7,20.78,Wonkagum
1584,21.39,21.94,20.88,21.43,19.97,20.86,Gopstopper
1585,21.01,20.63,19.44,19.83,20.64,19.27,Wonkagum
1586,18.95,21.36,22.28,25.05,21.71,20.87,Gopstopper
1587,20.47,21.82,18.23,19.9,21.4,18.97,Wonkagum
1588,21.26,22.19,20.94,19.31,21.86,19.75,Wonkagum
1589,20.54,19.75,21.56,22.05,20.49,19.6,Gopstopper
1590,20.72,19.3,20.6,21.01,21.35,20.62,Gopstopper
1591,18.59,21.21,19.57,22.35,21.07,19.95,Wonkagum
1592,19.18,22.21,20.21,20.31,22.36,20.22,Wonkagum
1593,21.75,19.22,20.4,21.65,21.18,19.93,Gopstopper
1594,19.87,21.5,19.87,22.7,22.88,20.0,Wonkagum
1595,19.94,21.54,18.79,21.78,20.89,21.63,Wonkagum
1596,17.91,21.81,21.02,21.71,23.01,20.93,Wonkagum
1597,20.08,22.97,21.08,23.09,21.7,22.36,Gopstopper
1598,19.18,22.69,21.35,23.58,22.4,19.28,Wonkagum
1599,20.4,23.25,20.74,24.42,22.01,19.65,Gopstopper
1600,19.81,20.77,19.96,21.86,21.84,21.29,Wonkagum
1601,21.11,23.53,20.89,24.06,22.57,19.85,Gopstopper
1602,21.8,22.36,21.49,24.46,23.19,21.72,Gopstopper
1603,18.85,19.86,20.1,23.39,21.52,21.82,Gopstopper
1604,19.25,20.31,19.44,21.35,21.72,19.3,Wonkagum
1605,22.16,19.76,20.41,24.29,21.92,19.53,Gopstopper
1606,18.78,20.25,20.05,19.52,20.66,20.53,Wonkagum
1607,21.46,21.65,21.71,20.79,22.07,19.83,Gopstopper
1608,19.74,21.25,20.06,21.67,21.52,20.4,Wonkagum
1609,20.5,20.97,19.7,22.37,21.01,18.61,Wonkagum
1610,18.99,23.17,20.02,21.05,21.38,19.49,Wonkagum
1611,20.99,20.93,20.33,21.88,22.19,19.69,Gopstopper
1612,20.39,20.66,20.0,22.13,22.12,20.89,Gopstopper
1613,20.81,19.18,20.62,24.28,22.19,19.34,Gopstopper
1614,18.73,21.75,20.17,21.36,21.76,20.9,Wonkagum
1615,20.55,22.62,20.93,21.36,23.4,21.37,Wonkagum
1616,18.49,20.65,21.13,22.27,19.92,18.47,Wonkagum
1617,19.18,21.98,20.96,21.59,21.68,18.69,Wonkagum
1618,19.12,21.75,18.97,21.85,21.51,19.45,Wonkagum
1619,20.71,19.82,21.71,23.32,22.65,21.41,Gopstopper
1620,18.78,21.39,20.32,21.43,21.36,20.22,Wonkagum
1621,20.27,21.02,21.35,22.05,21.52,20.12,Gopstopper
1622,20.37,19.16,20.41,22.35,22.71,19.9,Gopstopper
1623,18.22,19.7,19.73,21.69,20.43,19.34,Wonkagum
1624,20.06,20.73,20.95,19.94,22.44,19.93,Wonkagum
1625,20.13,21.46,20.41,20.74,22.4,19.18,Wonkagum
1626,21.23,20.97,20.41,22.17,22.58,20.54,Gopstopper
1627,19.38,19.84,21.3,20.77,21.62,20.16,Wonkagum
1628,19.68,21.7,19.9,21.86,21.24,20.16,Wonkagum
1629,20.79,18.3,20.01,20.42,23.82,23.08,Gopstopper
1630,20.77,22.78,20.35,22.07,20.85,19.8,Wonkagum
1631,21.74,21.28,21.64,21.37,22.2,20.56,Gopstopper
1632,20.96,22.82,19.88,20.64,22.03,21.1,Wonkagum
1633,20.55,19.62,19.79,22.4,21.54,20.7,Gopstopper
1634,18.42,20.86,19.36,23.54,20.2,20.83,Gopstopper
1635,20.13,18.33,21.06,21.49,21.33,19.74,Gopstopper
1636,20.38,20.21,20.57,23.31,21.26,20.14,Gopstopper
1637,21.09,20.62,19.72,21.94,21.55,21.03,Gopstopper
1638,19.3,20.79,22.4,22.05,22.93,20.27,Wonkagum
1639,19.42,20.27,20.46,21.02,22.37,20.91,Wonkagum
1640,20.32,20.17,20.66,19.61,18.91,19.2,Wonkagum
1641,20.42,22.84,21.86,21.91,22.46,20.56,Wonkagum
1642,20.91,20.54,20.63,21.35,21.47,20.73,Gopstopper
1643,20.17,19.56,20.51,21.28,21.42,20.6,Gopstopper
1644,20.57,22.56,20.76,20.9,19.56,20.02,Wonkagum
1645,19.71,21.05,20.36,22.09,21.02,20.19,Wonkagum
1646,20.19,19.55,19.76,22.82,21.2,20.87,Gopstopper
1647,20.22,18.38,18.78,20.72,20.72,21.12,Gopstopper
1648,19.56,22.25,21.76,22.85,22.0,20.01,Wonkagum
1649,19.47,19.53,20.53,22.77,20.59,19.45,Gopstopper
1650,19.5,21.16,18.95,22.76,22.21,20.6,Wonkagum
1651,19.72,21.25,19.77,20.6,20.87,21.64,Wonkagum
1652,21.85,22.34,20.04,21.27,19.69,18.65,Wonkagum
1653,20.0,22.44,20.52,22.97,20.54,20.4,Gopstopper
1654,21.39,20.32,21.07,21.56,22.79,20.1,Gopstopper
1655,19.87,20.88,19.58,22.06,22.27,20.79,Wonkagum
1656,19.04,20.91,20.86,23.13,22.09,19.85,Wonkagum
1657,20.44,22.01,20.17,20.42,23.68,19.71,Wonkagum
1658,19.97,21.34,21.73,17.93,21.45,19.07,Wonkagum
1659,20.48,21.76,21.97,21.67,20.41,19.67,Gopstopper
1660,19.53,22.16,20.13,21.5,21.58,19.57,Wonkagum
1661,19.16,21.58,19.87,24.05,21.78,20.18,Wonkagum
1662,20.1,21.1,21.18,22.18,22.54,19.61,Wonkagum
1663,18.55,22.11,19.8,21.55,19.74,19.54,Wonkagum
1664,19.06,20.33,20.27,23.66,22.88,21.0,Gopstopper
1665,19.1,21.38,22.25,22.45,23.06,20.75,Wonkagum
1666,18.78,21.65,18.76,20.7,21.64,18.79,Wonkagum
1667,20.32,20.76,22.03,24.49,21.9,20.47,Gopstopper
1668,18.77,22.09,20.87,22.92,20.92,19.95,Wonkagum
1669,20.99,21.23,22.22,22.69,20.76,19.58,Gopstopper
1670,21.29,20.2,19.49,20.93,22.43,19.81,Wonkagum
1671,19.84,21.25,18.87,20.99,20.48,18.16,Wonkagum
1672,20.47,20.98,19.1,21.57,22.63,21.23,Wonkagum
1673,20.0,20.27,20.16,20.8,22.66,21.69,Wonkagum
1674,20.87,22.39,20.72,20.45,20.85,19.52,Wonkagum
1675,20.22,21.6,20.56,23.17,21.54,19.97,Gopstopper
1676,20.72,22.2,22.2,22.79,23.34,20.44,Gopstopper
1677,18.14,20.29,20.39,22.77,22.64,19.87,Wonkagum
1678,21.45,21.97,20.13,19.84,21.63,20.49,Wonkagum
1679,19.14,21.41,19.57,21.77,22.31,20.43,Wonkagum
1680,18.8,20.84,20.18,20.64,21.59,20.99,Wonkagum
1681,19.66,18.81,18.55,21.35,20.16,19.97,Wonkagum
1682,19.83,19.54,21.43,24.02,20.69,20.67,Gopstopper
1683,20.91,20.91,20.86,25.55,21.95,21.26,Gopstopper
1684,19.71,19.79,22.45,22.58,21.16,19.11,Gopstopper
1685,20.07,20.96,20.48,23.4,22.35,19.38,Gopstopper
1686,21.56,22.68,21.27,21.67,21.65,20.51,Gopstopper
1687,18.92,22.58,18.98,21.37,21.42,21.35,Wonkagum
1688,18.0,19.53,20.6,21.65,20.6,21.91,Gopstopper
1689,18.74,19.99,21.05,21.9,22.2,19.86,Wonkagum
1690,18.6,22.05,20.96,22.49,22.81,22.12,Wonkagum
1691,20.47,22.09,20.15,21.61,22.54,20.02,Wonkagum
1692,20.26,21.42,21.22,22.49,22.71,22.23,Gopstopper
1693,20.03,19.16,21.29,23.04,21.46,20.6,Gopstopper
1694,20.88,21.91,20.09,20.48,21.71,21.16,Wonkagum
1695,20.4,22.07,23.12,24.56,21.47,19.57,Gopstopper
1696,20.22,20.64,20.26,19.92,20.1,19.11,Wonkagum
1697,20.89,20.58,21.57,22.33,20.43,18.64,Gopstopper
1698,22.14,19.57,20.94,21.13,19.66,20.97,Gopstopper
1699,20.94,23.19,20.01,20.77,21.13,20.74,Wonkagum
1700,20.66,21.8,19.74,22.84,20.65,20.3,Gopstopper
1701,20.3,21.08,19.95,21.92,21.57,19.14,Wonkagum
1702,18.67,19.21,19.48,20.87,21.94,19.67,Wonkagum
1703,18.78,21.2,20.5,20.37,21.36,22.98,Wonkagum
1704,20.12,20.23,21.34,20.48,20.95,18.05,Wonkagum
1705,20.4,20.94,20.53,19.87,20.79,20.54,Wonkagum
1706,19.25,19.32,20.62,20.57,22.89,20.23,Wonkagum
1707,20.06,20.66,18.61,20.96,20.79,21.95,Wonkagum
1708,20.03,21.37,21.82,22.41,21.54,18.28,Wonkagum
1709,20.25,20.48,19.79,21.31,20.51,21.06,Gopstopper
1710,18.96,19.79,20.65,22.57,21.73,19.72,Wonkagum
1711,20.1,22.15,20.13,21.97,21.02,19.59,Wonkagum
1712,20.35,20.72,21.01,22.45,21.42,20.6,Gopstopper
1713,20.82,20.77,19.12,19.55,20.71,20.07,Wonkagum
1714,20.25,22.42,19.97,21.74,20.84,19.88,Wonkagum
1715,20.09,20.95,21.17,21.48,21.2,20.42,Gopstopper
1716,19.55,20.3,20.7,23.27,22.68,21.46,Gopstopper
1717,20.39,24.0,21.46,24.6,20.33,20.75,Gopstopper
1718,18.36,19.87,19.3,20.25,21.75,19.34,Wonkagum
1719,20.48,21.64,20.85,21.69,22.05,19.45,Wonkagum
1720,19.56,23.23,19.92,22.75,22.38,18.37,Wonkagum
1721,19.25,21.61,21.14,21.66,20.23,19.91,Wonkagum
1722,20.72,20.67,21.18,21.86,20.42,19.89,Gopstopper
1723,20.16,19.79,19.29,20.14,21.63,18.58,Wonkagum
1724,18.31,20.69,21.62,22.05,23.01,20.9,Wonkagum
1725,19.76,20.03,19.55,22.51,20.01,19.93,Gopstopper
1726,19.34,20.29,18.68,22.69,23.37,19.3,Wonkagum
1727,18.77,19.07,19.98,22.19,21.66,21.03,Gopstopper
1728,20.45,19.15,20.27,21.95,22.37,20.6,Gopstopper
1729,21.1,23.24,21.55,22.35,21.72,21.23,Gopstopper
1730,20.41,21.11,20.76,22.09,20.35,19.47,Gopstopper
1731,20.46,20.58,19.47,18.8,20.75,20.18,Wonkagum
1732,20.78,20.04,22.42,23.72,21.94,18.0,Gopstopper
1733,19.42,20.41,19.74,21.09,22.01,18.46,Wonkagum
1734,18.72,20.06,19.5,23.33,21.96,20.87,Gopstopper
1735,19.92,22.82,20.26,22.13,21.52,20.18,Wonkagum
1736,20.1,21.28,20.51,21.4,22.18,21.03,Wonkagum
1737,19.41,21.13,19.13,21.2,20.45,19.27,Wonkagum
1738,20.49,20.72,20.48,21.75,21.52,21.23,Gopstopper
1739,19.77,19.21,19.21,21.61,21.03,20.66,Gopstopper
1740,19.74,21.75,19.43,21.39,21.67,21.98,Wonkagum
1741,19.39,21.09,20.25,22.51,22.1,20.38,Wonkagum
1742,18.88,20.03,19.87,21.5,21.35,20.9,Wonkagum
1743,21.51,21.56,19.35,20.25,22.84,19.08,Wonkagum
1744,20.75,22.59,21.81,20.76,22.13,21.17,Wonkagum
1745,20.66,20.58,19.0,23.03,21.78,20.99,Gopstopper
1746,19.07,21.31,20.55,20.95,21.42,20.99,Wonkagum
1747,20.01,22.81,20.96,23.52,20.03,19.27,Gopstopper
1748,20.82,22.0,21.21,23.37,21.99,19.48,Gopstopper
1749,20.26,20.22,21.69,22.68,22.51,21.4,Gopstopper
1750,20.31,21.49,19.71,22.69,22.36,21.83,Gopstopper
1751,20.41,21.51,19.69,20.22,20.41,18.67,Wonkagum
1752,18.46,19.61,21.21,22.82,22.73,19.8,Wonkagum
1753,20.49,19.06,20.33,22.88,22.16,19.5,Gopstopper
1754,22.17,22.58,22.95,22.12,22.02,20.17,Gopstopper
1755,19.25,21.62,19.66,21.64,21.98,20.75,Wonkagum
1756,20.07,18.89,20.88,20.18,20.68,20.5,Gopstopper
1757,21.35,18.19,19.86,20.95,21.76,21.28,Gopstopper
1758,19.04,18.59,19.16,23.35,22.5,20.49,Gopstopper
1759,19.72,21.67,22.4,20.99,22.17,20.94,Wonkagum
1760,19.19,19.39,19.2,21.75,22.16,19.22,Wonkagum
1761,19.24,22.69,20.04,22.57,20.42,21.47,Wonkagum
1762,21.55,19.61,20.98,20.16,20.39,20.14,Gopstopper
1763,21.02,21.56,21.32,22.71,22.03,21.54,Gopstopper
1764,21.26,19.29,20.86,21.75,19.67,22.29,Gopstopper
1765,19.16,20.37,20.71,23.83,21.35,20.27,Gopstopper
1766,20.47,20.65,20.01,22.79,21.47,20.33,Gopstopper
1767,19.96,21.9,19.92,21.53,20.17,20.4,Wonkagum
1768,18.2,21.24,20.8,23.04,22.88,20.39,Wonkagum
1769,19.57,20.1,18.92,21.63,20.18,21.0,Wonkagum
1770,18.88,21.79,20.54,21.85,20.18,21.05,Wonkagum
1771,20.57,21.58,20.06,23.04,20.22,20.5,Gopstopper
1772,19.82,19.75,18.69,22.1,19.57,19.74,Gopstopper
1773,18.28,19.92,21.61,22.46,22.13,20.5,Wonkagum
1774,19.27,21.85,20.29,22.65,21.53,20.41,Wonkagum
1775,19.37,21.33,22.16,23.2,19.97,19.54,Gopstopper
1776,20.01,21.55,20.78,21.49,23.4,19.39,Wonkagum
1777,17.99,20.7,18.81,21.18,21.26,19.54,Wonkagum
1778,18.71,19.56,18.8,22.3,21.49,19.45,Wonkagum
1779,19.27,20.15,21.43,22.11,21.06,19.88,Gopstopper
1780,20.14,20.98,21.39,24.11,22.03,19.28,Gopstopper
1781,20.89,20.47,22.21,22.48,21.45,20.64,Gopstopper
1782,19.88,21.53,21.61,24.03,22.34,19.09,Gopstopper
1783,19.18,21.51,18.37,21.46,21.96,18.59,Wonkagum
1784,19.87,18.61,19.32,22.37,22.51,20.14,Gopstopper
1785,18.81,20.4,20.52,21.35,21.72,20.24,Wonkagum
1786,19.82,22.78,21.11,18.65,21.56,21.16,Wonkagum
1787,19.38,21.5,21.82,21.92,19.57,19.87,Gopstopper
1788,19.01,21.13,21.62,21.69,20.95,20.22,Wonkagum
1789,20.6,20.6,21.79,24.2,23.21,22.31,Gopstopper
1790,16.95,18.94,21.69,24.35,22.0,20.22,Gopstopper
1791,19.48,21.51,18.85,20.97,21.31,21.0,Wonkagum
1792,20.39,20.39,19.43,22.11,23.31,21.37,Gopstopper
1793,20.06,20.91,21.58,24.54,22.97,21.39,Gopstopper
1794,19.96,19.85,19.71,22.5,21.67,18.69,Wonkagum
1795,22.67,20.76,17.69,19.85,22.07,21.43,Gopstopper
1796,20.64,22.2,18.71,21.25,19.09,19.56,Wonkagum
1797,19.85,20.85,22.87,23.4,21.51,20.82,Gopstopper
1798,20.27,22.19,20.58,23.46,20.01,19.47,Gopstopper
1799,20.04,21.55,21.19,23.82,22.88,20.64,Gopstopper
1800,20.46,20.52,19.16,20.62,23.0,20.85,Wonkagum
1801,19.86,22.05,20.65,22.63,20.91,20.61,Gopstopper
1802,20.91,20.72,20.99,22.37,22.05,20.61,Gopstopper
1803,20.14,21.37,20.42,21.81,21.96,20.43,Wonkagum
1804,21.77,21.76,21.54,20.58,22.06,20.13,Gopstopper
1805,20.33,20.88,21.57,23.01,21.92,20.99,Gopstopper
1806,19.4,21.37,18.74,20.53,20.82,20.74,Wonkagum
1807,19.58,20.35,22.04,22.21,22.34,21.04,Gopstopper
1808,20.59,22.46,19.69,22.88,22.25,20.28,Wonkagum
1809,20.37,20.2,20.57,22.36,21.75,21.25,Gopstopper
1810,18.41,21.6,20.64,23.1,22.1,20.62,Wonkagum
1811,19.61,20.06,19.77,22.78,22.77,19.66,Wonkagum
1812,19.9,20.55,19.07,22.44,21.56,21.09,Gopstopper
1813,18.65,22.3,19.94,21.25,21.62,18.3,Wonkagum
1814,19.87,20.84,21.24,23.17,23.29,20.98,Gopstopper
1815,20.06,22.37,19.1,20.54,21.72,20.4,Wonkagum
1816,20.74,21.04,20.57,21.79,21.27,19.98,Gopstopper
1817,20.03,20.76,21.97,23.22,22.79,21.17,Gopstopper
1818,19.94,22.38,22.1,22.65,23.18,19.98,Wonkagum
1819,20.53,19.92,21.29,22.63,22.32,19.89,Gopstopper
1820,20.02,21.08,21.8,22.38,22.2,20.24,Gopstopper
1821,17.8,19.34,20.08,21.29,20.04,19.19,Wonkagum
1822,20.85,20.78,20.16,22.71,23.49,20.23,Gopstopper
1823,19.25,22.26,21.11,23.07,22.02,20.53,Wonkagum
1824,20.35,23.21,21.7,23.75,23.09,21.81,Gopstopper
1825,22.1,21.03,19.54,20.61,21.86,19.11,Wonkagum
1826,20.71,21.81,21.69,22.46,20.96,19.52,Gopstopper
1827,20.88,20.81,24.24,23.39,22.11,20.31,Gopstopper
1828,19.6,21.89,21.08,22.74,21.06,20.77,Gopstopper
1829,19.57,22.0,18.97,21.76,20.85,19.9,Wonkagum
1830,19.55,22.33,20.46,23.29,21.65,19.85,Wonkagum
1831,20.93,22.43,21.04,24.55,22.13,21.27,Gopstopper
1832,20.1,19.86,19.25,20.86,20.53,19.02,Wonkagum
1833,20.81,20.89,19.77,22.63,22.85,20.96,Gopstopper
1834,20.33,20.68,18.69,21.4,21.75,20.92,Wonkagum
1835,19.38,20.58,19.95,20.59,21.74,20.25,Wonkagum
1836,19.25,21.47,19.82,21.83,21.76,20.38,Wonkagum
1837,20.23,20.1,20.35,22.37,20.96,22.48,Gopstopper
1838,20.74,20.95,20.5,21.2,19.39,20.73,Gopstopper
1839,21.38,20.13,20.8,21.17,22.1,19.7,Gopstopper
1840,19.67,20.43,20.92,23.36,21.6,21.1,Gopstopper
1841,20.51,19.87,19.99,23.32,21.96,20.37,Gopstopper
1842,19.84,19.66,18.99,21.46,19.03,21.52,Gopstopper
1843,19.17,20.79,21.36,21.39,21.2,19.49,Wonkagum
1844,21.4,21.36,21.59,21.34,23.24,20.11,Gopstopper
1845,19.69,20.63,18.48,21.27,20.88,20.39,Wonkagum
1846,19.95,19.57,20.69,22.91,22.99,21.21,Gopstopper
1847,21.24,20.11,18.85,23.47,22.38,20.97,Gopstopper
1848,19.09,20.58,20.22,22.11,20.68,19.18,Wonkagum
1849,21.56,23.49,22.49,24.6,21.84,20.27,Gopstopper
1850,20.83,21.87,20.43,22.08,21.92,21.54,Gopstopper
1851,19.09,20.12,20.24,21.74,21.04,22.12,Gopstopper
1852,19.4,20.46,20.4,21.16,22.85,19.44,Wonkagum
1853,19.98,20.66,20.06,22.33,21.28,20.55,Gopstopper
1854,20.11,21.64,19.59,20.82,20.55,19.49,Wonkagum
1855,20.48,21.37,20.11,19.82,22.5,19.8,Wonkagum
1856,20.62,21.65,21.81,23.79,20.58,21.1,Gopstopper
1857,20.43,19.99,20.86,23.13,23.48,19.98,Gopstopper
1858,21.4,22.15,21.89,23.3,20.86,19.19,Gopstopper
1859,20.04,21.9,23.28,22.2,21.16,21.3,Gopstopper
1860,21.28,22.72,20.08,22.78,22.53,19.88,Wonkagum
1861,20.8,19.61,17.33,21.64,20.64,22.29,Gopstopper
1862,20.63,22.76,20.69,23.09,21.78,20.52,Gopstopper
1863,20.38,21.2,20.58,23.89,21.8,19.7,Gopstopper
1864,20.79,21.6,19.89,21.19,23.22,23.21,Gopstopper
1865,18.72,20.49,20.85,23.42,20.24,20.81,Gopstopper
1866,19.98,20.91,20.44,22.03,22.55,19.92,Wonkagum
1867,20.44,23.7,22.06,23.42,20.67,20.99,Gopstopper
1868,19.24,21.45,21.06,23.23,20.76,19.73,Gopstopper
1869,20.41,22.58,20.08,21.33,20.47,18.95,Wonkagum
1870,19.73,22.09,20.41,21.46,20.18,19.4,Wonkagum
1871,17.94,22.07,21.82,22.48,21.43,21.9,Wonkagum
1872,20.08,21.22,19.29,18.5,19.83,19.88,Wonkagum
1873,20.38,20.18,21.14,21.56,21.72,19.91,Gopstopper
1874,20.97,20.47,20.36,21.96,21.1,20.24,Gopstopper
1875,19.15,20.94,19.12,21.03,20.58,20.15,Wonkagum
1876,20.68,19.96,19.44,20.62,21.46,20.26,Wonkagum
1877,20.05,22.28,22.71,24.15,23.21,21.24,Gopstopper
1878,20.18,19.52,19.58,23.28,21.34,20.0,Gopstopper
1879,19.91,21.57,20.67,20.75,20.52,17.68,Wonkagum
1880,19.17,21.61,20.73,21.57,19.51,19.05,Wonkagum
1881,19.21,19.64,19.95,19.51,20.93,20.1,Wonkagum
1882,20.94,19.64,19.22,23.68,21.74,21.1,Gopstopper
1883,20.7,22.06,20.8,18.82,22.03,20.89,Wonkagum
1884,19.24,20.41,21.99,22.16,20.82,21.05,Gopstopper
1885,19.08,21.13,21.87,22.61,22.36,21.01,Gopstopper
1886,18.72,20.5,20.87,21.8,22.62,21.26,Wonkagum
1887,19.7,21.41,19.65,20.83,21.7,19.63,Wonkagum
1888,21.4,22.05,20.32,21.69,20.55,19.4,Gopstopper
1889,20.23,21.08,20.07,23.48,21.96,19.83,Gopstopper
1890,18.54,22.47,18.87,24.66,22.08,21.04,Wonkagum
1891,19.75,20.6,20.47,22.12,21.68,20.92,Gopstopper
1892,20.96,21.68,21.76,21.97,20.91,18.43,Gopstopper
1893,21.2,21.05,19.52,20.54,19.66,18.93,Wonkagum
1894,19.72,21.46,21.77,22.65,21.53,18.96,Wonkagum
1895,22.34,20.48,20.72,22.1,21.58,19.78,Gopstopper
1896,18.69,19.42,22.07,23.09,21.82,20.97,Gopstopper
1897,20.22,22.04,20.5,21.92,20.78,19.76,Wonkagum
1898,19.53,20.82,20.14,24.26,22.79,20.74,Gopstopper
1899,19.55,20.46,20.47,21.01,20.68,22.51,Gopstopper
1900,19.21,21.05,21.08,22.94,22.29,20.41,Wonkagum
1901,19.31,20.99,20.01,22.12,22.82,20.52,Wonkagum
1902,21.52,21.74,22.23,22.07,19.99,21.44,Gopstopper
1903,19.49,21.25,20.67,21.25,21.37,20.2,Wonkagum
1904,20.76,21.52,21.08,22.09,20.87,20.2,Gopstopper
1905,21.08,21.19,20.39,22.11,24.33,22.74,Gopstopper
1906,21.04,20.59,21.94,20.83,22.49,22.05,Gopstopper
1907,20.37,22.15,21.24,21.69,20.7,20.13,Wonkagum
1908,21.57,21.15,20.46,22.07,22.44,20.91,Gopstopper
1909,18.73,18.69,21.24,20.72,22.29,20.58,Wonkagum
1910,19.7,19.97,20.1,19.88,18.96,18.12,Wonkagum
1911,18.51,23.0,18.34,21.4,21.45,21.17,Wonkagum
1912,19.91,21.71,19.87,22.55,21.32,20.86,Wonkagum
1913,20.91,21.3,20.03,23.8,21.29,21.29,Gopstopper
1914,19.74,20.22,21.36,23.79,22.03,20.86,Gopstopper
1915,20.86,21.26,20.47,21.5,24.19,21.3,Wonkagum
1916,20.62,21.56,20.05,23.5,20.68,20.71,Gopstopper
1917,19.56,21.02,20.12,22.76,22.29,20.48,Wonkagum
1918,19.56,22.32,20.18,21.75,19.5,18.91,Wonkagum
1919,19.74,21.11,21.23,20.37,19.71,19.5,Wonkagum
1920,21.1,22.36,20.24,21.68,20.52,20.69,Gopstopper
1921,18.38,17.92,19.47,21.06,23.25,20.74,Wonkagum
1922,19.81,21.09,21.28,21.21,21.9,18.99,Wonkagum
1923,19.43,20.14,19.42,24.44,20.72,20.31,Gopstopper
1924,21.74,21.58,19.58,21.04,20.96,20.11,Gopstopper
1925,19.0,23.15,20.39,21.18,20.98,20.45,Wonkagum
1926,20.01,20.23,19.32,21.62,19.98,18.99,Wonkagum
1927,17.7,19.59,20.42,22.07,21.89,20.75,Wonkagum
1928,20.59,22.99,21.67,22.91,20.8,19.61,Gopstopper
1929,19.13,20.16,20.51,21.86,21.19,19.24,Wonkagum
1930,20.22,21.82,20.26,22.64,21.09,21.44,Gopstopper
1931,20.92,21.5,19.71,22.18,21.76,20.17,Gopstopper
1932,18.62,21.01,20.87,22.66,22.03,21.32,Wonkagum
1933,21.99,20.15,19.31,19.17,21.23,17.87,Wonkagum
1934,21.34,20.41,21.07,21.9,22.75,21.52,Gopstopper
1935,20.05,19.65,21.55,22.41,22.26,21.17,Gopstopper
1936,20.64,23.12,21.1,20.03,20.82,19.08,Wonkagum
1937,21.54,21.48,20.42,22.37,21.45,19.37,Gopstopper
1938,17.62,20.71,21.79,22.56,21.55,18.59,Wonkagum
1939,19.21,22.68,18.06,19.71,19.05,18.57,Wonkagum
1940,20.02,20.75,19.89,20.85,21.54,19.59,Wonkagum
1941,17.68,22.2,20.37,21.53,22.33,18.36,Wonkagum
1942,19.76,20.73,18.9,21.53,20.0,20.41,Wonkagum
1943,21.17,23.07,19.02,20.6,22.53,21.3,Wonkagum
1944,19.0,21.2,19.32,21.51,21.57,21.45,Wonkagum
1945,18.42,20.49,21.29,22.14,20.8,20.36,Wonkagum
1946,22.36,19.98,22.52,23.19,21.81,21.74,Gopstopper
1947,19.78,20.56,21.12,21.22,22.75,20.87,Wonkagum
1948,18.31,20.53,20.02,20.46,18.39,20.51,Wonkagum
1949,21.49,22.17,19.82,22.37,20.1,21.36,Gopstopper
1950,18.45,20.93,20.99,22.34,22.21,21.63,Wonkagum
1951,21.86,20.85,19.12,21.2,21.36,21.2,Gopstopper
1952,19.52,22.78,19.96,23.37,20.67,19.91,Wonkagum
1953,18.37,21.54,20.35,20.45,21.13,19.67,Wonkagum
1954,20.25,23.01,22.23,21.54,21.46,20.75,Wonkagum
1955,20.26,19.14,19.54,21.31,20.51,19.31,Gopstopper
1956,21.24,23.3,22.31,22.07,20.94,19.22,Gopstopper
1957,21.61,22.67,20.92,21.13,21.59,21.03,Gopstopper
1958,18.91,20.9,21.61,22.38,19.39,21.24,Gopstopper
1959,19.86,18.58,20.59,22.76,20.85,19.93,Gopstopper
1960,21.77,21.85,20.48,22.73,20.46,20.3,Gopstopper
1961,21.36,21.52,20.05,21.09,22.42,21.05,Gopstopper
1962,19.56,19.81,21.48,21.94,23.16,19.4,Wonkagum
1963,19.61,20.86,21.54,21.09,21.1,18.57,Wonkagum
1964,19.61,19.88,21.96,22.01,22.44,20.14,Gopstopper
1965,21.07,21.92,19.59,23.63,21.59,21.17,Gopstopper
1966,20.05,23.55,21.34,23.75,20.32,19.77,Gopstopper
1967,18.47,21.78,21.91,24.41,22.34,19.24,Wonkagum
1968,19.94,20.46,21.61,22.25,22.48,19.79,Gopstopper
1969,20.37,21.6,19.64,20.02,22.65,19.44,Wonkagum
1970,20.36,21.28,20.02,21.56,20.64,19.01,Wonkagum
1971,20.4,19.18,20.83,23.56,21.71,19.44,Gopstopper
1972,19.96,19.96,20.01,19.83,21.06,20.59,Wonkagum
1973,19.7,19.38,19.54,21.79,22.68,21.26,Gopstopper
1974,18.49,20.99,19.45,20.09,20.54,19.59,Wonkagum
1975,19.29,20.45,22.37,21.36,22.05,18.76,Wonkagum
1976,19.19,20.56,21.76,21.58,19.52,20.16,Gopstopper
1977,20.32,22.1,20.93,21.67,20.95,21.03,Gopstopper
1978,19.42,22.45,21.61,20.03,20.5,20.88,Wonkagum
1979,19.07,21.55,20.83,21.97,20.01,19.26,Wonkagum
1980,18.86,20.08,20.47,22.87,21.99,21.0,Gopstopper
1981,20.21,20.67,19.97,22.06,22.02,20.13,Wonkagum
1982,20.23,20.89,19.94,22.15,23.08,19.24,Wonkagum
1983,20.21,21.09,21.02,22.81,22.45,20.51,Gopstopper
1984,20.21,22.12,23.84,22.51,22.25,19.73,Gopstopper
1985,20.32,23.68,21.99,20.66,21.64,19.1,Wonkagum
1986,19.23,19.58,20.77,21.81,22.57,19.93,Wonkagum
1987,19.7,21.9,19.82,21.12,20.9,19.42,Wonkagum
1988,19.33,21.4,18.51,22.62,21.44,21.13,Wonkagum
1989,21.57,19.59,20.13,23.42,21.59,20.57,Gopstopper
1990,20.3,21.39,20.7,22.41,22.33,18.6,Wonkagum
1991,19.7,21.97,18.87,21.55,19.83,19.79,Wonkagum
1992,17.51,20.41,20.18,21.45,21.34,22.33,Wonkagum
1993,18.24,19.36,18.99,23.66,23.06,21.47,Wonkagum
1994,20.75,21.72,22.37,22.01,21.32,20.42,Gopstopper
1995,20.11,20.95,21.65,23.07,19.7,21.95,Gopstopper
1996,18.75,19.61,21.02,21.48,22.27,21.49,Wonkagum
1997,20.67,18.37,20.8,22.76,20.65,20.14,Gopstopper
1998,20.83,21.64,21.43,25.25,22.23,20.05,Gopstopper
1999,19.51,21.68,20.21,17.87,20.72,19.91,Wonkagum
2000,19.52,19.45,20.33,22.11,20.87,20.85,Gopstopper
2001,18.9,18.92,19.32,21.5,21.85,20.34,Wonkagum
2002,20.16,20.6,20.2,21.09,22.15,19.74,Wonkagum
2003,19.87,22.42,21.03,22.24,21.31,20.68,Wonkagum
2004,20.75,20.93,19.16,21.47,21.61,20.11,Wonkagum
2005,22.62,19.49,19.99,20.85,21.02,20.23,Gopstopper
2006,18.7,20.38,19.47,22.24,21.18,21.03,Wonkagum
2007,17.41,19.76,20.47,23.62,21.81,19.26,Wonkagum
2008,19.94,22.0,20.42,22.59,20.32,18.86,Wonkagum
2009,19.33,20.27,19.44,22.01,19.59,19.92,Wonkagum
2010,21.71,20.62,20.05,22.08,21.51,21.32,Gopstopper
2011,19.63,20.3,19.91,23.2,22.22,21.12,Gopstopper
2012,20.54,20.36,19.31,22.63,20.64,19.74,Gopstopper
2013,19.93,19.39,19.6,22.16,22.31,20.98,Gopstopper
2014,19.84,20.6,20.45,20.21,20.1,18.54,Wonkagum
2015,20.05,22.99,21.39,22.65,19.54,20.94,Gopstopper
2016,18.89,20.04,19.43,22.06,21.77,20.26,Wonkagum
2017,19.37,19.2,21.16,20.64,20.66,19.45,Wonkagum
2018,20.46,22.43,20.3,21.71,22.52,18.56,Wonkagum
2019,20.37,20.24,20.42,22.34,21.22,19.57,Gopstopper
2020,20.61,21.25,21.62,21.94,20.89,20.32,Gopstopper
2021,19.04,21.02,19.73,21.23,20.71,20.25,Wonkagum
2022,19.3,22.8,19.63,22.58,20.71,19.5,Wonkagum
2023,20.85,21.56,21.02,22.9,21.81,20.71,Gopstopper
2024,20.9,22.74,20.26,22.09,23.36,20.35,Wonkagum
2025,20.28,21.35,21.57,22.45,20.05,19.91,Gopstopper
2026,18.72,22.46,22.02,24.53,21.84,20.39,Gopstopper
2027,21.04,21.29,20.41,21.39,21.91,20.15,Gopstopper
2028,19.97,20.5,21.03,22.26,20.36,18.87,Gopstopper
2029,19.73,20.24,22.48,22.42,20.22,18.04,Gopstopper
2030,20.93,21.12,22.11,22.88,24.31,21.58,Gopstopper
2031,19.86,22.0,19.61,21.8,22.92,19.26,Wonkagum
2032,19.89,20.93,19.33,21.27,23.04,20.74,Wonkagum
2033,20.66,21.15,20.91,21.62,20.76,19.28,Gopstopper
2034,21.58,20.24,21.42,23.17,21.28,19.79,Gopstopper
2035,19.46,21.37,19.51,20.8,19.22,20.02,Wonkagum
2036,21.34,21.52,20.11,23.3,22.06,22.89,Gopstopper
2037,19.89,21.28,20.4,22.58,21.38,20.51,Gopstopper
2038,21.39,19.89,20.66,20.66,20.88,20.23,Gopstopper
2039,19.83,19.44,20.36,21.34,21.05,19.7,Gopstopper
2040,18.06,21.41,20.52,23.16,20.54,18.9,Wonkagum
2041,21.16,21.95,18.86,24.27,22.04,19.03,Gopstopper
2042,18.6,20.82,20.3,22.19,20.73,20.72,Wonkagum
2043,20.32,21.25,18.13,18.78,21.91,20.34,Wonkagum
2044,20.82,22.52,20.55,22.54,22.35,22.47,Gopstopper
2045,20.96,21.12,22.07,23.15,21.88,21.25,Gopstopper
2046,20.13,22.52,21.26,23.79,23.34,20.21,Gopstopper
2047,18.67,22.62,19.79,22.33,21.34,20.62,Wonkagum
2048,20.17,21.22,20.61,21.02,20.11,20.87,Gopstopper
2049,19.35,21.57,19.28,22.55,23.17,20.07,Wonkagum
2050,20.64,21.56,20.47,20.04,21.71,19.45,Wonkagum
2051,19.69,20.4,21.35,22.06,20.44,19.32,Gopstopper
2052,21.08,21.62,18.91,22.02,19.52,19.89,Gopstopper
2053,19.72,20.72,19.18,24.0,21.8,21.25,Gopstopper
2054,20.28,19.2,21.22,20.8,20.62,19.26,Gopstopper
2055,18.99,21.49,20.44,19.74,22.97,20.49,Wonkagum
2056,20.67,20.27,23.08,22.47,21.13,20.13,Gopstopper
2057,20.47,21.3,21.19,22.23,20.9,19.94,Gopstopper
2058,21.34,21.68,20.66,22.39,21.53,21.16,Gopstopper
2059,19.99,19.23,22.13,22.33,23.07,20.5,Gopstopper
2060,20.52,20.81,20.3,20.53,21.4,20.06,Wonkagum
2061,18.97,21.66,20.23,20.04,19.71,20.24,Wonkagum
2062,20.36,21.52,20.68,22.5,20.56,19.86,Gopstopper
2063,19.08,19.94,20.51,21.42,21.13,21.8,Gopstopper
2064,21.84,20.3,20.62,21.62,19.91,20.33,Gopstopper
2065,19.42,21.37,21.25,21.79,22.64,20.3,Wonkagum
2066,20.11,22.4,21.12,19.84,20.19,18.36,Wonkagum
2067,19.75,20.54,18.53,19.92,21.94,20.6,Wonkagum
2068,20.79,21.85,20.14,21.3,21.94,22.55,Gopstopper
2069,18.3,20.24,20.57,24.12,22.12,19.12,Wonkagum
2070,19.51,20.67,18.75,20.68,20.79,20.7,Wonkagum
2071,20.21,19.58,20.84,23.32,22.29,21.92,Gopstopper
2072,20.27,22.05,19.4,23.05,22.4,20.11,Wonkagum
2073,20.49,22.13,21.26,23.24,22.4,21.31,Gopstopper
2074,19.51,21.43,21.67,21.08,20.91,20.28,Wonkagum
2075,20.68,23.54,21.26,21.52,22.17,20.74,Wonkagum
2076,20.23,22.31,21.56,21.48,21.04,19.7,Wonkagum
2077,21.39,19.69,19.7,20.48,23.49,19.94,Wonkagum
2078,20.06,21.28,21.11,23.04,22.18,19.95,Gopstopper
2079,18.9,21.59,19.95,20.41,20.47,18.45,Wonkagum
2080,19.78,22.34,21.02,20.8,20.4,21.05,Wonkagum
2081,21.18,20.11,21.02,22.0,21.73,20.91,Gopstopper
2082,21.09,21.97,19.97,21.57,20.42,20.18,Gopstopper
2083,19.09,20.85,20.02,23.93,22.68,20.4,Gopstopper
2084,18.5,20.17,21.51,22.27,21.9,20.17,Wonkagum
2085,20.97,21.58,21.63,21.2,22.02,19.36,Wonkagum
2086,20.88,21.04,20.9,22.82,21.53,20.74,Gopstopper
2087,20.49,22.64,21.05,20.82,20.07,19.34,Wonkagum
2088,21.29,20.23,20.81,23.02,22.9,20.26,Gopstopper
2089,19.81,21.03,19.53,21.26,21.91,19.48,Wonkagum
2090,19.31,19.44,21.68,23.34,21.6,20.16,Gopstopper
2091,19.66,20.55,21.56,22.76,22.15,20.94,Gopstopper
2092,20.3,20.99,20.78,22.32,20.3,21.53,Gopstopper
2093,19.47,21.81,20.48,20.65,22.11,20.14,Wonkagum
2094,19.42,20.16,21.16,23.56,22.57,20.66,Gopstopper
2095,19.87,20.55,22.45,22.93,22.11,19.88,Gopstopper
2096,18.69,22.6,21.45,22.7,21.88,20.72,Wonkagum
2097,19.19,20.78,19.51,19.73,21.89,20.92,Wonkagum
2098,20.89,22.94,19.73,21.58,21.22,20.78,Wonkagum
2099,23.06,21.24,20.36,23.56,23.33,19.93,Gopstopper
2100,19.66,19.77,18.71,21.29,20.78,20.01,Wonkagum
2101,19.49,20.84,19.06,20.8,21.39,20.19,Wonkagum
2102,21.78,21.44,19.25,21.0,22.74,20.88,Wonkagum
2103,21.17,23.5,20.31,23.55,21.24,20.52,Gopstopper
2104,20.38,20.72,20.72,21.13,21.67,20.27,Wonkagum
2105,20.03,22.53,22.4,23.98,21.84,21.53,Gopstopper
2106,19.47,20.47,18.91,19.91,21.96,19.05,Wonkagum
2107,20.15,20.83,21.26,20.27,20.99,19.08,Wonkagum
2108,21.01,21.91,20.08,22.59,19.84,20.6,Gopstopper
2109,19.53,24.13,21.11,23.75,21.65,19.44,Wonkagum
2110,20.82,22.34,20.31,21.97,20.12,18.79,Wonkagum
2111,20.06,21.03,21.11,21.88,22.11,21.18,Gopstopper
2112,18.71,21.24,20.71,21.7,22.2,19.53,Wonkagum
2113,20.75,21.05,19.68,22.18,22.38,21.49,Gopstopper
2114,19.12,20.96,20.25,21.04,19.87,20.51,Wonkagum
2115,21.5,23.12,20.2,21.66,22.43,22.43,Gopstopper
2116,20.84,20.98,20.66,22.21,22.42,19.84,Gopstopper
2117,20.03,20.33,19.41,20.0,22.23,20.58,Wonkagum
2118,19.9,20.18,21.82,23.49,20.91,20.77,Gopstopper
2119,20.68,19.9,18.35,18.51,20.1,19.13,Wonkagum
2120,18.37,22.32,19.78,21.74,21.38,21.02,Wonkagum
2121,20.63,21.67,20.2,23.44,22.89,20.99,Gopstopper
2122,20.54,19.53,20.81,21.05,21.67,19.32,Gopstopper
2123,21.43,23.05,22.45,22.18,21.67,20.68,Gopstopper
2124,21.1,20.69,18.27,19.43,19.99,21.33,Wonkagum
2125,18.56,21.31,20.88,22.12,20.56,18.75,Wonkagum
2126,22.36,22.58,22.8,21.72,22.12,20.94,Gopstopper
2127,19.24,20.76,18.92,22.48,21.76,19.36,Wonkagum
2128,20.53,21.11,20.69,22.83,21.37,20.18,Gopstopper
2129,20.09,21.34,20.04,23.07,20.73,19.15,Gopstopper
2130,22.06,19.65,22.09,21.3,21.94,20.51,Gopstopper
2131,18.88,19.5,19.59,21.37,22.09,19.16,Wonkagum
2132,20.26,19.01,18.63,22.91,22.67,20.57,Gopstopper
2133,18.63,19.71,20.81,20.95,19.58,17.96,Wonkagum
2134,20.23,23.67,22.63,23.84,21.71,19.07,Gopstopper
2135,19.31,19.87,20.85,23.5,22.83,20.6,Gopstopper
2136,19.57,20.1,19.46,20.99,20.18,20.29,Wonkagum
2137,20.83,21.49,19.56,21.91,20.61,21.85,Gopstopper
2138,20.27,21.3,20.87,21.35,20.59,21.3,Gopstopper
2139,19.06,20.13,19.81,22.24,22.14,18.72,Wonkagum
2140,19.34,20.21,19.51,21.58,22.52,20.87,Wonkagum
2141,18.78,21.35,19.42,23.95,21.66,20.87,Wonkagum
2142,19.15,20.09,17.63,20.29,23.03,20.44,Wonkagum
2143,19.13,21.84,20.36,22.31,23.41,21.22,Wonkagum
2144,17.74,20.28,20.85,22.97,20.56,19.92,Wonkagum
2145,19.67,21.47,20.86,22.22,20.64,20.65,Gopstopper
2146,19.88,20.45,21.82,21.38,20.93,20.28,Gopstopper
2147,20.33,22.46,22.64,24.27,20.26,21.22,Gopstopper
2148,20.03,21.82,20.93,23.06,21.82,20.39,Gopstopper
2149,19.11,20.05,21.72,21.94,21.3,19.48,Wonkagum
2150,21.09,21.54,21.39,21.65,22.08,19.45,Gopstopper
2151,19.7,20.38,22.82,22.74,20.34,19.74,Gopstopper
2152,18.88,20.08,20.59,22.77,21.17,20.28,Gopstopper
2153,21.37,22.55,20.05,19.0,19.84,19.78,Wonkagum
2154,19.53,19.97,21.91,22.63,21.49,22.62,Gopstopper
2155,19.28,20.06,22.31,21.49,19.8,19.81,Gopstopper
2156,18.74,21.28,20.78,23.45,20.65,20.68,Gopstopper
2157,21.82,20.66,19.33,20.46,21.43,21.41,Gopstopper
2158,21.26,22.4,20.8,22.27,21.05,21.94,Gopstopper
2159,17.61,21.81,18.94,20.05,20.12,20.13,Wonkagum
2160,19.27,19.81,19.37,21.49,20.52,21.55,Gopstopper
2161,21.81,20.17,20.89,20.13,20.48,20.63,Gopstopper
2162,19.81,19.94,19.83,22.07,21.7,19.57,Wonkagum
2163,19.65,21.37,20.74,22.81,19.85,20.2,Gopstopper
2164,20.33,19.63,20.06,21.25,22.79,20.55,Wonkagum
2165,18.5,19.35,19.83,21.23,23.21,20.38,Wonkagum
2166,17.37,22.02,20.53,22.55,21.78,19.64,Wonkagum
2167,18.6,21.13,20.66,22.54,21.75,18.7,Wonkagum
2168,19.45,20.87,22.0,23.51,22.94,20.7,Gopstopper
2169,19.65,20.37,20.39,21.47,22.42,17.87,Wonkagum
2170,20.71,19.54,20.46,22.83,22.43,22.06,Gopstopper
2171,22.37,21.14,19.88,22.47,20.59,20.04,Gopstopper
2172,19.91,20.68,19.8,21.15,20.97,20.91,Wonkagum
2173,19.71,22.54,19.97,22.63,18.9,19.28,Wonkagum
2174,19.83,22.67,19.59,20.6,20.75,21.39,Wonkagum
2175,20.8,22.74,21.92,23.19,20.56,19.65,Gopstopper
2176,22.24,21.07,20.96,21.49,19.89,19.77,Gopstopper
2177,20.37,20.34,19.14,23.28,22.66,19.69,Gopstopper
2178,21.06,22.18,18.47,22.18,19.81,20.43,Gopstopper
2179,20.05,21.11,20.28,23.7,21.71,20.32,Gopstopper
2180,20.54,20.24,19.28,23.22,20.53,20.21,Gopstopper
2181,19.22,20.44,20.13,20.64,21.7,20.47,Wonkagum
2182,21.12,19.15,19.51,21.13,20.74,20.63,Gopstopper
2183,18.61,20.32,19.43,22.92,20.05,20.1,Wonkagum
2184,18.53,21.56,21.25,21.44,21.42,20.52,Wonkagum
2185,19.76,18.41,20.19,21.89,22.18,22.28,Gopstopper
2186,18.6,21.95,18.57,21.4,19.71,20.13,Wonkagum
2187,20.07,20.06,19.39,19.77,20.91,21.71,Wonkagum
2188,18.12,22.72,20.98,22.6,22.51,20.37,Wonkagum
2189,21.41,22.1,20.97,23.4,21.04,20.68,Gopstopper
2190,19.72,22.01,20.41,21.71,21.88,20.61,Wonkagum
2191,20.93,21.65,20.88,21.37,21.55,19.76,Wonkagum
2192,20.22,22.08,19.84,21.16,21.58,20.46,Wonkagum
2193,22.92,21.62,20.87,21.92,23.05,20.4,Gopstopper
2194,20.9,22.84,21.26,23.09,22.24,20.18,Gopstopper
2195,19.63,21.16,20.3,23.22,24.09,18.19,Wonkagum
2196,21.53,22.45,20.2,22.74,21.94,20.41,Gopstopper
2197,21.03,22.73,21.2,21.16,20.65,21.07,Gopstopper
2198,22.38,20.02,20.29,22.68,21.23,20.09,Gopstopper
2199,19.22,20.61,21.07,20.29,21.34,21.3,Wonkagum
2200,19.29,20.36,20.15,24.55,21.39,19.61,Gopstopper
2201,20.41,22.38,20.66,21.07,20.54,21.28,Wonkagum
2202,19.86,19.65,18.0,19.43,19.39,19.68,Wonkagum
2203,19.96,19.66,19.14,22.71,22.34,20.39,Gopstopper
2204,19.48,19.79,19.75,23.67,20.39,20.1,Gopstopper
2205,21.15,23.7,20.94,19.07,21.14,18.75,Wonkagum
2206,21.15,21.85,20.07,24.55,21.18,20.38,Gopstopper
2207,21.04,21.9,23.42,23.62,21.61,20.03,Gopstopper
2208,17.94,21.17,19.25,24.47,22.3,21.44,Wonkagum
2209,19.24,18.68,20.11,20.91,21.68,20.49,Wonkagum
2210,19.53,21.07,20.31,23.23,20.64,18.76,Wonkagum
2211,20.11,21.09,18.84,21.76,21.61,20.07,Wonkagum
2212,20.62,21.53,21.13,21.73,21.48,20.27,Gopstopper
2213,18.85,20.91,20.31,20.12,21.59,19.61,Wonkagum
2214,20.04,21.35,21.21,22.64,21.55,21.24,Gopstopper
2215,20.16,20.94,21.16,22.72,21.21,19.04,Gopstopper
2216,20.36,21.43,18.34,20.72,20.08,19.15,Wonkagum
2217,19.92,22.22,20.31,20.23,22.3,20.57,Wonkagum
2218,20.5,21.79,21.73,21.13,22.09,22.27,Gopstopper
2219,19.19,19.11,19.2,21.13,20.52,21.29,Gopstopper
2220,19.18,20.86,20.98,21.94,19.4,18.62,Wonkagum
2221,19.57,20.95,19.98,23.89,21.85,18.85,Wonkagum
2222,21.39,22.57,22.88,23.73,21.64,20.77,Gopstopper
2223,21.44,22.31,21.07,21.05,19.24,19.37,Gopstopper
2224,20.29,20.84,21.02,21.96,23.41,21.9,Gopstopper
2225,20.15,20.63,22.09,20.99,21.83,19.83,Wonkagum
2226,20.45,21.83,20.73,23.54,20.57,20.05,Gopstopper
2227,20.48,20.06,20.87,22.44,21.67,22.29,Gopstopper
2228,19.69,20.05,21.81,23.19,20.58,21.64,Gopstopper
2229,19.62,21.26,20.46,22.07,22.04,20.39,Wonkagum
2230,19.91,22.1,19.48,21.98,21.81,20.5,Wonkagum
2231,21.34,20.72,21.16,20.69,20.51,19.02,Gopstopper
2232,20.18,22.93,20.89,21.72,20.93,19.23,Wonkagum
2233,18.78,20.16,20.26,22.01,21.17,20.35,Wonkagum
2234,20.3,22.5,21.39,21.38,22.11,21.24,Wonkagum
2235,19.79,22.61,19.4,22.65,22.86,21.75,Wonkagum
2236,21.13,21.3,20.62,23.13,21.32,19.5,Gopstopper
2237,20.31,20.49,21.88,24.49,22.65,20.41,Gopstopper
2238,20.07,20.32,21.92,22.98,20.58,19.98,Gopstopper
2239,20.98,20.89,20.06,22.63,21.57,20.83,Gopstopper
2240,22.02,22.45,20.41,22.27,22.28,23.08,Gopstopper
2241,19.49,21.64,17.12,21.78,20.72,20.05,Wonkagum
2242,18.65,20.58,19.48,21.71,21.72,20.09,Wonkagum
2243,20.91,21.09,21.52,22.67,22.47,20.91,Gopstopper
2244,19.54,20.81,19.99,21.23,20.68,21.07,Wonkagum
2245,20.46,22.29,20.11,21.59,20.76,19.46,Wonkagum
2246,20.45,17.9,20.03,21.51,22.57,21.04,Gopstopper
2247,18.78,21.12,19.44,23.42,20.91,21.03,Wonkagum
2248,20.48,20.6,19.15,20.51,20.66,20.53,Wonkagum
2249,20.41,19.97,20.15,21.85,21.61,20.93,Gopstopper
2250,21.28,20.61,19.96,21.48,21.27,21.48,Gopstopper
2251,20.34,21.18,19.33,22.19,21.03,19.06,Wonkagum
2252,21.05,19.72,19.88,21.13,20.76,21.24,Gopstopper
2253,19.29,22.76,21.72,23.33,22.46,20.65,Wonkagum
2254,18.31,20.2,18.27,19.37,20.86,20.35,Wonkagum
2255,21.12,22.36,19.33,22.66,21.83,21.6,Gopstopper
2256,20.63,21.31,19.77,22.09,19.8,18.42,Wonkagum
2257,21.68,20.83,22.84,21.42,23.17,20.05,Gopstopper
2258,21.89,21.39,21.24,22.48,21.34,19.25,Gopstopper
2259,20.18,20.53,19.6,19.78,20.42,18.47,Wonkagum
2260,20.3,21.72,20.43,23.15,23.56,21.83,Gopstopper
2261,20.5,20.86,20.95,20.9,22.45,21.72,Gopstopper
2262,18.09,20.6,20.84,20.78,22.49,20.84,Wonkagum
2263,19.07,20.93,19.02,22.79,21.62,20.4,Wonkagum
2264,20.33,19.84,22.76,23.6,24.26,19.26,Gopstopper
2265,20.86,20.66,20.39,20.8,21.41,20.19,Wonkagum
2266,22.14,22.15,21.05,22.07,21.37,21.83,Gopstopper
2267,20.31,21.14,21.3,21.84,20.58,18.78,Wonkagum
2268,20.7,21.44,18.86,20.39,19.89,18.56,Wonkagum
2269,18.89,19.9,21.6,22.5,22.36,20.43,Gopstopper
2270,18.91,19.74,20.91,18.62,20.98,19.06,Wonkagum
2271,20.72,20.21,19.55,20.79,20.9,18.59,Wonkagum
2272,19.26,22.79,22.72,21.32,21.42,20.28,Wonkagum
2273,20.43,19.98,20.37,19.87,21.47,22.27,Gopstopper
2274,19.54,19.86,21.11,19.5,20.93,20.19,Wonkagum
2275,18.78,20.26,20.58,20.06,22.73,19.04,Wonkagum
2276,20.02,22.67,20.75,21.33,20.04,19.07,Wonkagum
2277,20.07,21.65,18.41,19.94,20.13,19.51,Wonkagum
2278,18.07,19.46,17.56,21.96,21.85,19.4,Wonkagum
2279,19.57,23.38,19.53,22.55,19.55,19.26,Wonkagum
2280,20.33,22.36,19.81,22.11,21.18,20.77,Wonkagum
2281,21.62,21.99,20.21,23.93,22.46,20.67,Gopstopper
2282,20.39,22.02,19.0,21.02,20.04,21.28,Wonkagum
2283,19.93,19.93,18.34,20.46,21.49,20.26,Wonkagum
2284,19.78,21.88,22.15,21.85,22.74,20.86,Wonkagum
2285,21.77,21.07,20.62,20.35,22.07,20.48,Gopstopper
2286,18.28,20.46,22.01,22.86,21.03,20.82,Gopstopper
2287,18.79,22.34,19.87,20.49,21.13,20.29,Wonkagum
2288,22.02,23.08,20.47,21.64,21.04,20.57,Gopstopper
2289,19.19,21.84,20.06,21.86,20.27,20.89,Wonkagum
2290,20.07,20.82,20.9,20.91,19.14,20.32,Gopstopper
2291,18.93,20.4,20.96,21.72,22.67,20.94,Wonkagum
2292,20.47,22.41,22.43,25.0,20.79,19.03,Gopstopper
2293,18.72,22.23,20.43,22.4,21.07,21.38,Wonkagum
2294,19.33,20.43,20.69,21.92,20.07,18.64,Wonkagum
2295,18.85,20.24,20.93,21.48,23.37,20.44,Wonkagum
2296,19.1,18.91,20.19,22.53,21.49,20.85,Gopstopper
2297,19.28,21.57,19.32,22.98,21.23,21.85,Gopstopper
2298,21.39,19.66,22.13,21.77,21.71,20.6,Gopstopper
2299,20.07,20.58,19.1,21.38,21.36,20.86,Wonkagum
2300,19.77,22.01,21.01,22.78,20.04,22.4,Gopstopper
2301,17.68,20.1,20.12,23.5,20.76,18.68,Wonkagum
2302,19.19,21.11,19.63,24.5,20.37,19.9,Gopstopper
2303,18.99,21.04,20.67,21.37,21.79,20.67,Wonkagum
2304,21.16,20.36,19.79,22.11,20.61,19.67,Gopstopper
2305,19.19,21.48,20.27,19.55,19.27,19.28,Wonkagum
2306,21.51,20.17,20.21,21.54,21.66,19.03,Gopstopper
2307,19.76,21.01,18.86,21.58,20.71,20.5,Wonkagum
2308,19.6,21.2,20.19,22.5,21.36,18.02,Wonkagum
2309,20.18,22.53,19.86,21.3,21.07,21.4,Wonkagum
2310,20.26,21.43,20.43,21.63,22.2,20.92,Wonkagum
2311,21.26,21.98,18.85,20.11,21.46,19.77,Wonkagum
2312,20.48,20.35,20.68,21.34,20.73,19.21,Gopstopper
2313,20.01,19.34,21.17,19.99,21.56,19.13,Wonkagum
2314,19.99,21.05,18.83,21.69,23.28,20.21,Wonkagum
2315,18.29,19.32,20.27,21.06,21.18,19.38,Wonkagum
2316,20.42,21.74,19.76,20.99,21.19,19.8,Wonkagum
2317,18.35,19.78,19.87,21.01,21.86,20.04,Wonkagum
2318,18.75,20.96,20.68,21.23,23.43,21.39,Wonkagum
2319,20.95,22.49,20.57,22.42,19.89,22.39,Gopstopper
2320,20.4,21.35,18.72,21.12,24.54,21.52,Wonkagum
2321,20.26,21.16,18.67,21.86,19.48,20.99,Gopstopper
2322,18.15,20.21,22.08,25.22,21.39,20.89,Gopstopper
2323,19.7,20.78,21.96,22.51,21.86,20.34,Gopstopper
2324,19.72,19.81,22.23,19.81,21.52,18.78,Wonkagum
2325,19.07,22.73,19.54,24.78,19.35,18.34,Wonkagum
2326,21.01,20.76,21.22,23.49,20.02,18.88,Gopstopper
2327,20.49,22.1,22.01,23.52,21.3,18.9,Gopstopper
2328,19.77,21.39,19.39,21.88,21.42,19.82,Wonkagum
2329,19.95,20.33,20.87,23.52,21.61,21.23,Gopstopper
2330,19.81,20.41,20.49,22.21,21.04,19.35,Wonkagum
2331,18.91,20.18,19.73,21.04,20.6,20.06,Wonkagum
2332,20.06,21.76,22.02,20.28,22.07,20.82,Wonkagum
2333,19.37,19.49,19.63,22.12,21.25,20.85,Gopstopper
2334,19.65,22.02,18.63,22.27,21.49,20.46,Wonkagum
2335,19.28,19.7,18.9,19.28,22.42,18.41,Wonkagum
2336,21.02,23.01,21.37,20.92,22.38,20.83,Wonkagum
2337,19.91,20.87,20.61,20.5,20.96,20.58,Wonkagum
2338,22.21,21.4,21.19,22.14,21.39,22.18,Gopstopper
2339,19.7,22.24,20.54,21.2,18.97,20.12,Wonkagum
2340,18.9,21.02,20.11,23.5,21.58,19.42,Wonkagum
2341,18.64,21.26,21.46,23.3,21.37,19.82,Wonkagum
2342,19.39,21.51,20.85,21.79,22.1,21.26,Wonkagum
2343,19.63,20.82,19.95,23.76,20.99,21.45,Gopstopper
2344,18.17,19.19,20.26,20.08,20.63,19.02,Wonkagum
2345,19.47,21.46,21.93,21.42,21.31,19.69,Wonkagum
2346,19.66,21.66,19.08,22.47,21.24,21.85,Wonkagum
2347,21.78,21.11,20.34,22.23,22.41,19.66,Gopstopper
2348,18.72,21.04,19.81,21.77,21.26,21.57,Wonkagum
2349,19.94,20.28,21.92,22.43,22.21,20.24,Gopstopper
2350,20.09,20.19,20.36,22.86,21.01,19.76,Gopstopper
2351,20.54,21.5,21.38,24.69,23.32,18.66,Gopstopper
2352,18.18,21.16,20.81,19.45,21.19,18.56,Wonkagum
2353,21.32,20.66,19.0,22.02,23.43,21.7,Gopstopper
2354,20.05,20.93,20.02,22.36,23.12,23.09,Gopstopper
2355,17.82,20.46,20.13,19.43,20.44,20.47,Wonkagum
2356,19.29,21.84,20.31,21.26,21.07,18.52,Wonkagum
2357,20.37,19.76,19.94,21.11,22.41,22.34,Gopstopper
2358,20.21,20.84,19.83,20.25,24.18,19.34,Wonkagum
2359,19.4,21.41,19.6,21.28,20.92,20.64,Wonkagum
2360,18.93,20.8,19.78,22.66,19.47,19.3,Wonkagum
2361,20.9,19.27,20.2,21.3,20.59,19.73,Gopstopper
2362,22.42,19.96,20.18,21.59,21.26,19.57,Gopstopper
2363,19.82,22.91,19.9,19.33,20.6,22.05,Wonkagum
2364,20.81,20.61,21.47,24.25,21.11,20.97,Gopstopper
2365,20.13,20.52,22.17,20.99,21.13,19.64,Gopstopper
2366,20.82,19.66,20.33,20.35,20.63,20.02,Gopstopper
2367,20.01,20.06,21.2,21.7,22.0,19.68,Gopstopper
2368,19.96,21.39,22.37,23.37,21.6,19.17,Gopstopper
2369,21.22,21.71,20.13,23.3,20.53,21.02,Gopstopper
2370,19.68,20.84,18.98,21.7,21.97,19.5,Wonkagum
2371,21.19,20.84,20.33,21.16,21.16,18.1,Wonkagum
2372,19.8,20.02,19.01,20.41,20.54,20.38,Wonkagum
2373,20.48,21.69,21.14,23.6,21.04,20.35,Gopstopper
2374,20.28,19.94,21.1,20.29,21.73,19.92,Wonkagum
2375,19.47,21.39,19.84,21.8,20.73,18.51,Wonkagum
2376,19.89,20.54,17.84,19.85,20.11,21.14,Wonkagum
2377,20.35,21.4,20.92,20.81,20.35,18.91,Wonkagum
2378,20.18,21.97,19.82,21.39,21.34,19.37,Wonkagum
2379,19.78,19.17,21.71,21.59,20.58,21.15,Gopstopper
2380,18.99,21.53,19.44,20.35,20.98,19.21,Wonkagum
2381,20.24,22.83,22.86,22.64,21.03,21.11,Gopstopper
2382,21.02,19.91,21.13,21.15,20.67,20.26,Gopstopper
2383,20.06,20.81,21.46,22.95,21.34,20.79,Gopstopper
2384,19.58,23.19,19.85,19.29,19.52,20.32,Wonkagum
2385,20.17,20.23,20.93,21.96,22.76,21.01,Gopstopper
2386,19.39,20.86,19.87,22.23,21.74,20.82,Wonkagum
2387,20.91,20.2,20.96,21.14,20.04,19.58,Gopstopper
2388,19.5,19.97,20.01,19.04,21.27,23.26,Wonkagum
2389,19.07,19.38,20.98,20.54,20.95,19.88,Wonkagum
2390,21.15,22.12,21.39,22.21,22.62,19.5,Gopstopper
2391,20.57,20.79,20.84,19.91,20.35,19.13,Wonkagum
2392,18.34,20.57,19.66,24.04,22.23,19.6,Wonkagum
2393,21.64,20.6,19.77,21.52,20.59,20.54,Gopstopper
2394,19.33,20.08,21.84,22.92,21.2,20.65,Gopstopper
2395,20.18,23.22,20.95,22.73,21.33,21.7,Gopstopper
2396,20.42,20.35,19.92,24.44,20.32,19.29,Gopstopper
2397,21.52,22.55,21.32,22.04,20.5,20.07,Gopstopper
2398,19.61,20.37,20.68,20.34,19.75,18.69,Wonkagum
2399,20.95,19.71,20.23,22.0,21.77,21.06,Gopstopper
2400,18.44,20.97,20.36,22.22,21.44,18.9,Wonkagum
2401,19.86,19.44,20.44,23.02,21.52,19.29,Gopstopper
2402,19.96,19.42,19.75,22.2,21.26,21.44,Gopstopper
2403,20.38,20.51,21.56,22.41,23.52,19.72,Gopstopper
2404,18.48,19.73,20.17,21.24,21.79,20.02,Wonkagum
2405,21.38,22.84,21.24,21.14,22.36,19.56,Wonkagum
2406,20.2,21.16,20.46,24.86,22.38,18.64,Gopstopper
2407,18.85,21.23,19.29,22.02,22.32,20.36,Wonkagum
2408,19.73,21.83,20.59,19.82,21.05,20.37,Wonkagum
2409,21.01,21.8,20.31,21.4,21.49,19.73,Wonkagum
2410,19.06,19.27,20.35,24.09,21.26,20.86,Gopstopper
2411,19.59,22.69,20.52,23.32,20.98,21.22,Gopstopper
2412,19.83,20.64,18.75,19.7,21.47,21.57,Wonkagum
2413,20.27,21.57,21.02,23.51,21.67,22.03,Gopstopper
2414,20.63,21.8,21.67,21.56,22.97,20.32,Wonkagum
2415,20.1,19.3,21.41,21.93,20.14,21.11,Gopstopper
2416,19.55,20.75,20.4,21.48,20.23,22.03,Gopstopper
2417,21.28,23.51,20.58,22.36,20.2,19.96,Gopstopper
2418,19.6,21.48,20.48,20.94,20.58,19.78,Wonkagum
2419,19.56,19.67,20.98,21.85,22.36,20.94,Gopstopper
2420,19.59,22.2,19.66,22.63,21.32,19.28,Wonkagum
2421,20.7,21.03,18.78,22.31,20.8,19.61,Wonkagum
2422,19.52,21.62,21.12,21.92,21.03,18.91,Wonkagum
2423,19.12,22.01,20.6,20.15,21.33,20.35,Wonkagum
2424,20.39,20.11,20.82,24.59,21.65,20.57,Gopstopper
2425,18.43,19.46,19.46,21.7,20.89,20.1,Wonkagum
2426,19.86,21.01,22.04,23.29,20.01,19.74,Gopstopper
2427,20.33,23.41,21.43,22.91,21.44,22.26,Gopstopper
2428,20.15,19.89,19.72,19.99,22.06,20.32,Wonkagum
2429,17.93,20.21,21.01,22.95,22.55,21.27,Wonkagum
2430,19.87,21.52,20.79,22.46,20.96,21.23,Gopstopper
2431,18.31,17.94,20.44,23.27,22.86,20.05,Gopstopper
2432,20.07,19.42,20.69,20.32,21.58,20.7,Wonkagum
2433,19.62,21.17,19.3,19.73,23.24,20.74,Wonkagum
2434,21.31,21.6,21.02,24.58,20.49,19.58,Gopstopper
2435,21.77,23.9,21.69,22.95,23.22,19.96,Gopstopper
2436,20.03,19.8,19.49,19.93,20.95,17.88,Wonkagum
2437,21.11,23.21,19.18,23.3,20.9,18.59,Wonkagum
2438,22.11,19.31,19.57,22.54,22.19,21.4,Gopstopper
2439,20.39,22.91,21.65,21.43,22.13,20.77,Wonkagum
2440,19.43,20.56,20.98,21.31,21.0,19.65,Wonkagum
2441,20.68,20.48,18.28,19.23,22.72,20.25,Wonkagum
2442,17.7,20.43,19.85,22.32,19.36,19.09,Wonkagum
2443,21.82,19.96,20.93,24.51,22.96,24.27,Gopstopper
2444,20.3,20.43,20.77,21.82,20.01,20.09,Gopstopper
2445,21.36,20.34,20.55,21.23,19.48,20.4,Gopstopper
2446,19.59,20.45,19.8,21.91,22.62,18.68,Wonkagum
2447,18.97,20.66,21.13,22.75,22.23,18.92,Wonkagum
2448,21.01,21.17,20.56,20.25,20.7,20.62,Wonkagum
2449,20.05,19.56,20.01,20.98,21.62,19.03,Wonkagum
2450,17.49,19.81,19.85,22.26,21.24,21.02,Wonkagum
2451,21.65,20.58,20.94,22.25,22.17,19.09,Gopstopper
2452,20.45,21.43,21.7,20.79,20.5,19.15,Wonkagum
2453,18.9,22.39,20.46,18.71,22.18,19.83,Wonkagum
2454,19.91,21.39,21.23,22.51,19.6,20.63,Gopstopper
2455,21.44,23.13,20.77,21.73,20.7,19.61,Wonkagum
2456,20.6,21.33,22.26,24.72,21.12,21.83,Gopstopper
2457,19.68,20.62,19.13,21.54,23.05,20.57,Wonkagum
2458,19.16,21.57,21.0,21.32,19.63,21.0,Wonkagum
2459,18.41,20.17,21.07,22.52,20.57,20.15,Wonkagum
2460,19.71,21.1,20.68,20.48,21.33,19.02,Wonkagum
2461,20.54,22.48,19.34,22.17,22.81,22.17,Wonkagum
2462,21.77,22.62,20.42,19.97,22.95,21.06,Wonkagum
2463,18.1,20.59,19.73,21.88,20.39,20.1,Wonkagum
2464,19.24,20.88,20.55,22.59,21.65,19.16,Wonkagum
2465,20.14,21.54,20.69,20.93,21.23,19.62,Wonkagum
2466,18.83,21.6,20.06,21.58,22.15,20.04,Wonkagum
2467,20.5,20.54,19.5,20.32,22.56,20.83,Wonkagum
2468,19.64,22.2,22.08,24.05,22.08,20.56,Gopstopper
2469,20.49,20.36,21.45,22.59,21.67,21.33,Gopstopper
2470,20.4,21.35,19.2,19.04,21.98,20.87,Wonkagum
2471,20.72,23.05,20.59,23.84,20.98,19.96,Gopstopper
2472,19.46,22.74,20.76,21.1,20.32,19.4,Wonkagum
2473,20.37,21.26,20.1,20.8,21.69,21.34,Wonkagum
2474,20.31,22.05,19.36,21.78,20.96,20.18,Wonkagum
2475,19.08,20.56,19.42,22.84,20.92,20.11,Wonkagum
2476,18.77,20.77,21.06,24.8,22.56,20.31,Gopstopper
2477,20.32,20.7,20.96,21.73,22.01,20.95,Gopstopper
2478,19.77,21.49,19.51,23.13,21.74,19.09,Wonkagum
2479,20.81,20.85,19.58,21.38,20.81,19.31,Wonkagum
2480,19.28,20.4,20.49,21.77,20.67,19.62,Wonkagum
2481,20.65,21.96,19.79,22.09,20.94,18.91,Wonkagum
2482,18.24,20.07,21.87,22.54,20.84,20.03,Gopstopper
2483,19.23,19.43,19.44,22.12,21.38,21.44,Gopstopper
2484,19.97,19.98,20.69,22.25,21.95,20.8,Gopstopper
2485,20.6,22.84,21.05,23.64,20.43,20.84,Gopstopper
2486,17.16,20.19,20.75,24.31,19.88,18.99,Wonkagum
2487,19.51,22.41,21.49,19.6,20.19,20.67,Wonkagum
2488,20.35,22.04,20.13,21.8,21.6,19.93,Wonkagum
2489,19.37,22.39,21.31,24.31,22.42,17.58,Wonkagum
2490,19.59,19.8,20.32,20.96,21.24,19.68,Wonkagum
2491,20.19,21.65,20.04,21.82,23.38,19.83,Wonkagum
2492,18.95,21.56,19.35,22.73,20.85,20.11,Wonkagum
2493,19.28,19.96,20.25,21.78,20.84,20.01,Wonkagum
2494,19.89,21.71,20.88,22.78,21.33,19.91,Gopstopper
2495,21.62,19.95,19.53,22.88,20.33,20.28,Gopstopper
2496,18.74,21.2,19.94,22.24,20.52,19.53,Wonkagum
2497,21.32,20.96,21.74,22.27,22.18,21.16,Gopstopper
2498,22.46,24.39,20.42,22.12,22.3,21.22,Gopstopper
2499,19.74,20.2,19.82,22.05,20.16,19.04,Wonkagum
2500,20.1,19.58,21.14,23.24,20.69,19.46,Gopstopper
2501,20.48,20.37,21.28,22.16,20.83,20.53,Gopstopper
2502,20.25,20.08,19.12,20.46,22.81,20.03,Wonkagum
2503,20.82,20.99,20.74,20.9,19.97,19.21,Wonkagum
2504,19.21,21.76,20.76,23.57,20.74,20.86,Gopstopper
2505,19.87,19.39,19.77,22.26,21.52,19.94,Gopstopper
2506,20.81,19.01,20.66,24.25,21.91,19.6,Gopstopper
2507,19.37,19.6,20.82,21.9,21.95,21.79,Gopstopper
2508,20.02,20.81,21.55,24.06,22.5,20.36,Gopstopper
2509,20.78,20.14,20.54,20.71,20.68,19.96,Gopstopper
2510,17.47,21.55,19.77,22.39,22.39,21.45,Wonkagum
2511,19.35,20.67,19.38,20.53,21.08,19.04,Wonkagum
2512,20.71,20.87,21.09,20.39,22.03,19.48,Wonkagum
2513,20.86,21.51,21.04,19.78,21.68,18.43,Wonkagum
2514,20.26,21.5,21.33,23.92,22.5,20.8,Gopstopper
2515,21.19,21.38,22.63,23.55,22.37,23.53,Gopstopper
2516,19.85,21.02,20.3,23.75,21.71,19.1,Gopstopper
2517,18.55,22.77,20.68,21.86,20.69,20.51,Wonkagum
2518,19.87,18.59,19.75,22.34,20.24,20.02,Gopstopper
2519,19.06,20.35,20.81,22.03,20.16,18.9,Wonkagum
2520,20.55,20.79,20.44,23.05,23.53,19.53,Gopstopper
2521,20.39,21.33,21.26,23.33,21.13,20.16,Gopstopper
2522,18.95,21.37,21.28,20.66,21.79,20.5,Wonkagum
2523,21.49,20.47,20.69,23.24,21.1,19.78,Gopstopper
2524,20.37,21.65,21.82,20.65,21.75,18.78,Wonkagum
2525,19.61,20.89,19.56,22.91,22.05,22.06,Gopstopper
2526,21.02,19.87,20.5,20.94,21.83,20.86,Gopstopper
2527,21.22,21.34,21.38,21.46,21.68,21.06,Gopstopper
2528,21.34,24.14,24.11,24.48,22.45,20.25,Gopstopper
2529,20.27,17.98,20.11,22.24,21.2,20.28,Gopstopper
2530,20.68,20.28,19.04,19.7,20.8,18.79,Wonkagum
2531,18.58,19.72,20.69,22.75,22.86,20.81,Wonkagum
2532,19.59,20.62,21.62,20.05,19.98,20.4,Wonkagum
2533,19.97,22.0,20.4,21.47,21.42,20.24,Wonkagum
2534,20.98,20.58,20.4,20.03,20.18,18.3,Wonkagum
2535,19.61,22.34,18.73,22.31,20.08,20.43,Wonkagum
2536,20.29,20.09,18.94,22.04,21.03,18.81,Wonkagum
2537,20.75,20.75,20.14,23.62,21.94,19.85,Gopstopper
2538,19.21,20.59,20.37,23.38,21.83,20.43,Gopstopper
2539,19.76,21.1,21.03,22.21,21.66,20.38,Gopstopper
2540,20.23,20.68,19.65,22.0,21.16,16.79,Wonkagum
2541,20.11,21.67,20.6,21.53,19.83,20.25,Wonkagum
2542,18.85,20.14,19.73,22.05,22.27,20.27,Wonkagum
2543,20.23,21.5,19.18,21.46,21.95,20.19,Wonkagum
2544,19.69,20.27,20.16,24.07,21.55,22.16,Gopstopper
2545,21.07,22.32,20.31,21.58,19.3,20.42,Gopstopper
2546,19.51,20.9,21.48,22.24,19.66,21.82,Gopstopper
2547,18.79,19.73,21.01,24.37,21.94,21.27,Gopstopper
2548,20.4,21.81,19.51,20.38,23.22,19.84,Wonkagum
2549,20.62,20.19,20.01,19.81,20.36,20.63,Wonkagum
2550,21.44,20.97,23.0,23.42,23.15,20.54,Gopstopper
2551,20.26,23.29,22.27,24.16,21.46,20.84,Gopstopper
2552,21.2,21.62,20.24,20.4,22.98,22.5,Wonkagum
2553,17.69,20.72,18.77,20.59,22.13,20.75,Wonkagum
2554,19.5,22.16,18.91,23.49,20.8,20.33,Wonkagum
2555,19.28,21.28,20.45,22.27,23.15,20.14,Wonkagum
2556,18.45,20.3,22.97,22.44,21.87,19.15,Wonkagum
2557,20.0,22.51,20.97,23.45,21.73,21.42,Gopstopper
2558,21.63,21.57,19.95,20.65,21.08,19.72,Wonkagum
2559,19.11,20.36,21.54,23.78,23.25,20.99,Gopstopper
2560,19.61,20.1,20.81,20.76,21.7,20.93,Wonkagum
2561,21.36,20.75,22.33,23.28,21.97,21.04,Gopstopper
2562,19.33,19.33,19.64,19.96,22.79,18.81,Wonkagum
2563,20.94,21.32,18.85,21.72,22.33,21.23,Wonkagum
2564,19.65,18.77,21.47,21.51,20.96,20.12,Gopstopper
2565,21.56,21.04,19.4,20.53,21.61,20.79,Wonkagum
2566,19.75,21.98,21.45,22.49,21.02,19.89,Wonkagum
2567,19.71,20.47,19.09,19.96,22.04,20.09,Wonkagum
2568,21.47,22.93,21.67,22.8,21.12,20.06,Gopstopper
2569,21.22,21.47,20.87,21.84,21.05,19.99,Gopstopper
2570,20.89,22.3,21.45,21.82,21.97,20.93,Gopstopper
2571,18.39,20.86,20.62,21.59,20.64,19.31,Wonkagum
2572,21.04,20.11,20.22,21.75,21.21,19.91,Gopstopper
2573,20.87,21.59,20.13,22.34,23.53,20.31,Wonkagum
2574,20.3,23.15,19.71,21.59,20.93,19.91,Wonkagum
2575,19.41,22.78,20.14,22.17,23.07,19.98,Wonkagum
2576,20.76,20.64,18.15,20.48,20.9,19.39,Wonkagum
2577,21.16,20.01,20.95,21.73,22.33,20.07,Gopstopper
2578,20.64,21.05,19.78,21.77,19.79,20.57,Gopstopper
2579,19.0,21.37,19.65,23.31,22.56,19.55,Wonkagum
2580,19.64,21.54,20.51,23.44,20.34,21.78,Gopstopper
2581,19.93,21.19,20.3,21.91,22.45,21.59,Wonkagum
2582,22.21,23.6,22.58,22.24,21.43,19.58,Gopstopper
2583,19.5,19.95,18.5,23.36,21.98,21.75,Gopstopper
2584,20.37,20.72,18.05,21.77,20.81,19.94,Wonkagum
2585,20.09,21.68,20.58,23.33,22.2,19.93,Gopstopper
2586,20.52,22.66,19.4,20.07,22.25,18.97,Wonkagum
2587,20.03,21.74,21.39,22.38,20.63,20.16,Gopstopper
2588,20.53,20.56,21.61,24.9,22.13,21.59,Gopstopper
2589,20.05,21.85,21.45,23.37,19.63,20.29,Gopstopper
2590,19.92,23.39,21.4,21.51,21.47,18.77,Wonkagum
2591,18.49,19.33,21.25,23.35,22.82,20.52,Gopstopper
2592,20.77,20.35,21.45,21.38,22.64,20.29,Gopstopper
2593,19.65,22.72,21.42,25.38,23.11,19.73,Gopstopper
2594,20.75,22.12,22.9,24.18,23.27,24.47,Gopstopper
2595,21.01,19.08,20.78,19.43,20.2,20.65,Gopstopper
2596,21.83,23.41,21.68,24.03,21.55,20.14,Gopstopper
2597,19.83,21.41,20.54,21.69,21.78,19.84,Wonkagum
2598,20.59,19.12,19.69,22.35,22.33,21.19,Gopstopper
2599,20.2,20.0,20.58,23.38,23.6,20.5,Gopstopper
2600,18.59,23.8,21.17,20.59,21.05,20.3,Wonkagum
2601,19.78,19.53,20.9,23.01,19.89,18.64,Gopstopper
2602,19.97,21.7,21.16,20.93,21.83,19.69,Wonkagum
2603,21.04,20.42,19.53,20.47,21.44,19.97,Wonkagum
2604,18.59,19.89,19.32,19.6,20.63,18.87,Wonkagum
2605,22.47,22.13,22.02,20.78,21.33,19.5,Gopstopper
2606,20.59,19.97,19.0,20.28,22.83,21.57,Wonkagum
2607,19.09,20.3,18.99,19.59,22.04,20.09,Wonkagum
2608,20.47,21.51,21.82,22.12,21.21,19.88,Gopstopper
2609,20.73,22.38,21.4,24.63,22.32,20.72,Gopstopper
2610,19.95,21.23,20.69,21.39,22.22,21.61,Wonkagum
2611,19.56,20.38,19.04,21.79,21.42,19.68,Wonkagum
2612,19.42,18.24,19.87,22.91,20.64,19.35,Gopstopper
2613,18.85,19.73,21.19,23.15,22.72,21.58,Gopstopper
2614,21.35,21.39,19.25,23.09,22.8,20.06,Gopstopper
2615,20.05,20.72,19.77,20.64,20.87,20.74,Wonkagum
2616,19.52,19.15,19.92,21.77,21.41,20.49,Gopstopper
2617,18.59,20.93,20.39,22.74,21.83,19.2,Wonkagum
2618,21.48,20.42,21.68,22.66,21.56,21.33,Gopstopper
2619,19.02,20.31,21.3,24.48,20.95,19.89,Gopstopper
2620,18.97,20.02,20.18,21.37,21.9,18.83,Wonkagum
2621,19.93,21.3,20.28,20.33,21.36,21.11,Wonkagum
2622,18.68,17.33,21.59,20.34,22.32,20.69,Gopstopper
2623,20.24,20.47,19.79,22.44,19.69,18.97,Gopstopper
2624,19.06,18.88,19.14,22.81,22.89,21.66,Gopstopper
2625,20.28,22.31,20.91,23.46,19.87,19.79,Gopstopper
2626,19.64,20.5,20.4,20.98,20.24,19.95,Wonkagum
2627,20.96,21.82,20.19,21.91,20.73,20.87,Gopstopper
2628,18.95,20.01,20.23,21.25,19.68,19.22,Wonkagum
2629,20.63,20.55,20.59,21.56,22.78,20.7,Gopstopper
2630,18.88,19.16,20.14,21.56,21.08,18.09,Wonkagum
2631,19.42,21.69,20.44,22.28,22.04,20.86,Wonkagum
2632,19.63,22.9,21.12,22.68,22.33,22.16,Wonkagum
2633,20.95,22.44,22.01,23.9,22.66,20.7,Gopstopper
2634,21.33,22.58,20.81,21.85,21.43,21.91,Gopstopper
2635,20.53,22.83,20.62,22.34,22.25,21.21,Wonkagum
2636,21.4,23.47,21.41,22.95,22.4,20.52,Gopstopper
2637,19.15,18.5,18.85,21.23,20.78,18.98,Wonkagum
2638,17.7,19.62,21.07,21.47,21.57,18.46,Wonkagum
2639,20.01,19.26,19.83,20.33,19.67,20.46,Gopstopper
2640,21.56,21.93,20.54,22.51,19.8,20.8,Gopstopper
2641,22.49,19.04,18.49,23.67,19.91,21.21,Gopstopper
2642,20.75,22.7,20.53,23.15,18.71,20.71,Gopstopper
2643,21.05,20.25,20.19,23.43,23.57,20.23,Gopstopper
2644,19.26,19.53,20.69,20.77,18.21,19.27,Gopstopper
2645,19.83,20.56,20.25,22.67,21.83,19.96,Gopstopper
2646,20.1,22.14,21.06,23.08,21.23,21.65,Gopstopper
2647,20.73,20.36,21.1,22.17,21.36,20.88,Gopstopper
2648,20.65,22.85,19.73,22.71,21.02,21.2,Gopstopper
2649,19.7,22.25,20.53,20.5,19.37,19.69,Wonkagum
2650,18.41,20.87,22.3,23.26,20.96,18.95,Wonkagum
2651,20.07,20.11,21.53,21.48,20.28,19.32,Gopstopper
2652,19.24,19.96,20.67,20.76,20.57,18.85,Wonkagum
2653,20.54,20.1,21.91,23.04,22.01,20.03,Gopstopper
2654,19.42,21.5,19.42,23.25,22.35,20.04,Wonkagum
2655,19.73,19.93,19.91,20.59,21.4,20.99,Wonkagum
2656,20.97,21.49,20.09,23.57,22.16,20.53,Gopstopper
2657,20.46,22.12,21.17,22.56,23.44,20.24,Wonkagum
2658,20.33,23.14,20.25,22.13,21.06,19.68,Wonkagum
2659,21.72,22.63,21.49,22.18,21.89,19.17,Gopstopper
2660,20.46,21.35,19.82,21.41,20.46,21.04,Gopstopper
2661,21.78,21.79,20.89,22.75,23.24,20.99,Gopstopper
2662,20.58,22.55,19.84,22.43,20.17,21.71,Gopstopper
2663,21.24,23.51,20.38,20.77,20.38,19.88,Wonkagum
2664,21.0,23.22,20.78,22.75,22.66,22.45,Gopstopper
2665,20.05,22.55,21.01,21.76,22.45,20.92,Wonkagum
2666,20.44,22.11,21.45,23.04,22.02,19.71,Gopstopper
2667,19.49,20.45,19.22,21.5,20.32,19.71,Wonkagum
2668,21.3,20.17,20.67,23.72,21.33,19.93,Gopstopper
2669,20.18,20.51,21.89,22.63,20.44,19.15,Gopstopper
2670,19.88,21.13,18.87,20.33,22.27,20.35,Wonkagum
2671,20.78,22.86,22.11,20.82,20.24,19.45,Wonkagum
2672,19.4,20.25,20.38,22.85,19.24,19.81,Gopstopper
2673,21.59,22.11,20.54,22.4,21.03,20.86,Gopstopper
2674,20.79,20.48,21.43,22.86,21.25,20.27,Gopstopper
2675,19.21,22.22,20.86,21.0,21.63,21.55,Wonkagum
2676,19.65,20.56,19.53,20.13,21.77,21.4,Wonkagum
2677,20.44,21.84,20.34,21.42,22.55,19.36,Wonkagum
2678,17.9,18.92,18.94,21.73,20.29,19.76,Wonkagum
2679,20.72,22.16,22.25,22.61,23.77,20.48,Gopstopper
2680,19.75,21.75,21.02,21.56,20.89,19.72,Wonkagum
2681,20.66,19.59,20.31,23.0,21.84,19.38,Gopstopper
2682,19.85,21.79,20.03,20.84,23.51,20.88,Wonkagum
2683,21.03,23.12,20.42,22.26,22.45,18.25,Wonkagum
2684,20.63,22.22,20.49,23.41,21.19,21.29,Gopstopper
2685,21.57,21.87,20.59,20.0,20.13,19.49,Wonkagum
2686,20.07,22.52,19.36,22.77,21.12,18.83,Wonkagum
2687,18.63,20.84,19.84,21.02,21.32,21.27,Wonkagum
2688,19.02,20.41,18.7,22.51,21.33,19.33,Wonkagum
2689,19.33,21.58,21.75,19.13,20.36,20.14,Wonkagum
2690,20.13,21.75,20.86,22.94,22.04,21.15,Gopstopper
2691,19.92,22.04,20.26,23.1,22.14,21.63,Gopstopper
2692,20.34,21.83,19.41,19.19,21.79,19.29,Wonkagum
2693,20.1,22.05,21.42,22.22,21.67,18.64,Wonkagum
2694,20.34,19.72,20.9,21.69,22.53,19.74,Gopstopper
2695,17.53,19.82,19.48,23.82,22.25,21.36,Wonkagum
2696,19.79,22.34,21.34,22.49,21.95,21.46,Gopstopper
2697,21.03,23.21,21.6,22.94,21.63,19.59,Gopstopper
2698,19.06,20.08,19.99,21.28,21.52,19.59,Wonkagum
2699,19.55,21.62,21.99,21.06,21.95,19.37,Wonkagum
2700,19.12,19.46,19.62,20.15,21.62,19.73,Wonkagum
2701,21.7,19.77,19.44,20.81,19.55,21.05,Gopstopper
2702,18.03,21.01,19.03,21.45,20.46,18.79,Wonkagum
2703,21.96,20.93,21.12,19.37,20.23,20.79,Gopstopper
2704,20.48,21.9,20.74,22.68,21.96,20.03,Gopstopper
2705,20.12,21.54,20.74,21.39,20.39,18.04,Wonkagum
2706,19.26,20.48,22.6,23.3,21.3,20.21,Gopstopper
2707,19.71,22.8,19.64,22.36,20.04,19.74,Wonkagum
2708,18.64,19.2,19.2,23.62,21.37,21.86,Gopstopper
2709,19.27,22.63,20.32,20.6,22.47,19.34,Wonkagum
2710,18.66,22.49,20.51,22.24,23.63,21.32,Wonkagum
2711,20.38,21.31,18.96,20.1,21.16,19.62,Wonkagum
2712,20.12,22.12,20.6,20.83,21.83,19.95,Wonkagum
2713,19.05,20.48,21.3,23.76,22.2,20.43,Gopstopper
2714,20.47,21.91,18.97,19.62,21.54,20.46,Wonkagum
2715,19.82,20.35,19.35,22.42,23.14,20.07,Wonkagum
2716,21.1,19.47,20.81,23.19,22.53,19.64,Gopstopper
2717,20.74,20.04,20.1,22.12,22.35,21.54,Gopstopper
2718,19.8,20.82,21.95,22.53,21.71,21.41,Gopstopper
2719,18.12,18.52,20.23,18.86,22.13,18.79,Wonkagum
2720,21.15,21.7,20.73,21.31,21.81,18.67,Wonkagum
2721,19.55,19.37,19.6,21.63,21.82,19.67,Wonkagum
2722,20.51,20.32,19.09,21.79,20.43,20.62,Gopstopper
2723,18.41,23.12,22.04,23.02,22.86,19.95,Wonkagum
2724,20.88,19.65,20.08,22.94,21.72,20.08,Gopstopper
2725,20.99,21.87,20.78,22.68,21.69,20.02,Gopstopper
2726,18.5,21.43,22.4,24.68,23.83,20.36,Gopstopper
2727,20.37,20.01,21.58,23.21,21.31,20.45,Gopstopper
2728,18.81,19.34,20.02,24.24,21.32,21.42,Gopstopper
2729,20.36,21.68,20.66,23.8,21.91,19.4,Gopstopper
2730,19.44,20.75,22.28,22.95,21.09,19.13,Gopstopper
2731,20.37,21.21,22.27,22.16,21.31,21.96,Gopstopper
2732,19.76,20.95,20.88,21.46,21.76,19.22,Wonkagum
2733,20.07,19.88,20.35,20.21,21.62,18.58,Wonkagum
2734,20.92,21.39,18.75,21.27,21.25,19.52,Wonkagum
2735,20.56,20.63,19.24,20.71,21.95,20.69,Wonkagum
2736,17.48,21.26,20.42,20.88,20.39,18.54,Wonkagum
2737,21.07,21.65,20.8,23.65,23.61,21.27,Gopstopper
2738,21.06,21.83,22.23,23.22,20.75,21.04,Gopstopper
2739,20.63,19.69,20.88,24.3,21.73,20.04,Gopstopper
2740,19.58,22.29,21.56,23.34,22.8,19.46,Wonkagum
2741,21.17,22.93,23.37,24.46,21.04,21.3,Gopstopper
2742,20.92,20.66,18.72,22.2,21.42,19.44,Wonkagum
2743,19.17,20.59,20.15,22.28,20.66,21.44,Gopstopper
2744,21.7,22.23,19.92,21.71,20.99,19.93,Gopstopper
2745,18.96,21.11,21.09,22.72,22.99,20.12,Wonkagum
2746,20.52,19.79,20.2,20.27,19.91,19.19,Wonkagum
2747,20.12,19.0,19.99,19.85,19.97,18.33,Wonkagum
2748,19.84,21.38,20.87,21.02,22.37,20.49,Wonkagum
2749,20.88,21.37,21.14,20.42,19.4,18.62,Wonkagum
2750,20.04,20.39,19.47,22.7,21.26,19.51,Gopstopper
2751,20.63,22.72,20.36,22.31,22.84,20.26,Wonkagum
2752,19.77,20.29,21.51,21.21,20.77,20.17,Gopstopper
2753,20.7,20.78,20.36,22.25,21.45,19.95,Gopstopper
2754,22.23,21.9,20.48,22.11,19.62,20.4,Gopstopper
2755,18.96,20.59,20.64,23.0,22.91,21.65,Gopstopper
2756,22.19,20.75,21.14,21.5,20.22,20.07,Gopstopper
2757,21.09,22.4,20.23,21.15,24.04,20.97,Wonkagum
2758,20.52,18.82,20.43,22.14,21.27,21.77,Gopstopper
2759,19.65,21.01,21.16,19.85,20.86,18.13,Wonkagum
2760,17.97,22.21,20.82,21.61,20.73,19.47,Wonkagum
2761,19.88,19.81,20.78,20.53,22.37,20.22,Wonkagum
2762,21.44,21.57,20.5,23.29,20.52,19.83,Gopstopper
2763,21.2,19.17,19.17,20.31,23.18,19.55,Wonkagum
2764,21.58,21.84,19.97,19.74,20.49,19.0,Wonkagum
2765,18.5,20.5,19.03,24.24,24.33,20.79,Wonkagum
2766,19.61,23.13,22.45,22.61,21.83,19.62,Wonkagum
2767,18.61,20.08,19.7,21.63,21.77,20.41,Wonkagum
2768,19.47,20.88,21.6,23.01,21.42,18.19,Wonkagum
2769,18.4,19.96,20.91,23.32,21.15,18.49,Wonkagum
2770,19.46,18.14,19.36,21.5,19.52,20.69,Gopstopper
2771,18.87,21.95,21.25,22.94,20.36,20.17,Wonkagum
2772,19.58,21.38,21.15,24.29,21.48,19.46,Gopstopper
2773,17.92,21.17,19.07,21.53,20.54,20.28,Wonkagum
2774,20.23,21.8,21.39,22.72,20.95,20.91,Gopstopper
2775,19.3,21.51,19.74,20.4,20.19,18.57,Wonkagum
2776,19.12,22.81,18.99,20.5,21.27,19.61,Wonkagum
2777,21.84,20.52,21.54,21.84,22.07,21.32,Gopstopper
2778,20.85,21.54,20.53,21.51,20.72,20.0,Gopstopper
2779,19.88,21.09,20.18,21.25,22.62,21.6,Wonkagum
2780,19.95,20.8,20.64,21.8,22.42,20.81,Wonkagum
2781,18.3,22.2,19.09,21.46,21.59,21.97,Wonkagum
2782,20.76,21.31,21.06,22.49,21.3,19.81,Gopstopper
2783,20.37,20.33,20.31,22.44,20.89,20.17,Gopstopper
2784,18.63,22.47,19.8,20.83,20.97,18.3,Wonkagum
2785,19.61,22.14,20.71,23.14,21.94,19.16,Wonkagum
2786,19.74,21.27,21.87,22.81,22.34,20.0,Gopstopper
2787,20.58,20.55,21.15,20.4,20.59,21.23,Gopstopper
2788,20.42,21.96,21.48,21.97,20.9,19.71,Gopstopper
2789,19.48,19.53,21.41,21.73,21.98,20.63,Gopstopper
2790,18.8,21.79,19.7,21.52,21.26,21.04,Wonkagum
2791,20.3,19.75,21.08,21.74,21.58,19.88,Gopstopper
2792,20.57,22.9,18.26,20.68,20.6,19.77,Wonkagum
2793,18.67,21.62,20.2,23.25,21.86,19.69,Wonkagum
2794,20.79,19.89,20.16,21.66,20.82,20.91,Gopstopper
2795,20.59,21.1,20.53,21.44,22.8,20.35,Wonkagum
2796,18.71,20.89,19.64,22.93,23.83,22.35,Wonkagum
2797,19.9,21.71,19.62,21.53,21.0,20.14,Wonkagum
2798,20.56,20.8,19.76,19.91,22.05,19.4,Wonkagum
2799,20.02,20.71,19.65,23.12,22.54,19.3,Wonkagum
2800,19.46,21.02,19.86,20.49,21.45,21.75,Wonkagum
2801,18.64,20.54,19.58,19.62,20.37,20.24,Wonkagum
2802,19.41,21.86,19.29,19.35,20.98,18.0,Wonkagum
2803,19.96,19.81,19.66,21.5,22.92,19.74,Wonkagum
2804,20.98,21.8,23.15,22.43,23.41,21.22,Gopstopper
2805,20.59,20.67,18.51,20.53,20.71,21.1,Wonkagum
2806,19.2,21.42,19.27,19.75,20.5,19.01,Wonkagum
2807,19.87,19.63,21.17,21.15,22.75,18.93,Wonkagum
2808,20.61,21.51,21.44,23.66,21.89,20.14,Gopstopper
2809,19.5,21.44,21.0,21.76,19.69,19.13,Wonkagum
2810,20.96,21.06,20.18,21.36,21.32,19.81,Wonkagum
2811,19.98,21.51,20.49,20.35,21.76,19.18,Wonkagum
2812,18.85,19.48,20.13,19.31,20.62,19.3,Wonkagum
2813,21.82,22.5,22.72,22.35,23.07,22.35,Gopstopper
2814,20.0,20.43,20.2,19.82,21.86,20.33,Wonkagum
2815,22.05,22.32,20.26,20.39,22.38,20.82,Wonkagum
2816,19.5,22.22,19.51,21.64,21.59,19.57,Wonkagum
2817,21.06,21.32,19.94,21.14,19.63,19.86,Gopstopper
2818,21.11,20.49,19.93,22.38,20.91,20.84,Gopstopper
2819,21.71,23.02,21.8,19.35,21.71,20.21,Wonkagum
2820,20.21,20.22,20.34,21.71,21.99,20.36,Gopstopper
2821,20.35,20.87,19.89,21.21,19.73,19.43,Wonkagum
2822,20.72,20.86,20.14,23.15,22.03,20.69,Gopstopper
2823,21.43,22.94,20.76,22.31,23.51,19.15,Wonkagum
2824,20.14,20.61,21.08,22.25,22.15,20.2,Gopstopper
2825,20.3,20.65,20.15,20.16,21.88,20.54,Wonkagum
2826,20.71,20.04,18.63,21.44,20.22,20.12,Gopstopper
2827,21.64,19.52,19.85,19.0,21.74,20.65,Wonkagum
2828,20.2,21.46,21.21,23.65,23.41,20.28,Gopstopper
2829,20.26,21.9,21.09,22.09,21.71,21.6,Gopstopper
2830,20.25,21.87,21.77,23.4,21.5,19.39,Gopstopper
2831,20.66,21.08,20.71,20.5,23.51,21.68,Wonkagum
2832,19.47,22.57,19.3,21.77,22.03,19.46,Wonkagum
2833,21.16,22.21,19.57,23.49,22.83,20.17,Gopstopper
2834,19.87,21.41,19.2,21.37,20.89,20.63,Wonkagum
2835,19.78,19.69,20.7,23.79,22.5,19.61,Gopstopper
2836,20.12,21.31,20.12,22.58,22.34,19.79,Wonkagum
2837,20.32,22.21,20.67,23.29,21.47,20.5,Gopstopper
2838,20.67,21.16,20.46,21.04,21.21,20.41,Wonkagum
2839,20.01,21.36,21.42,22.08,20.55,20.98,Gopstopper
2840,20.1,20.78,21.13,21.63,22.18,19.31,Wonkagum
2841,20.05,21.04,21.34,21.89,21.38,20.82,Gopstopper
2842,19.53,19.89,20.96,21.66,20.79,20.53,Gopstopper
2843,19.86,19.18,18.47,20.64,19.09,19.78,Wonkagum
2844,19.38,19.94,21.21,22.63,20.67,20.1,Gopstopper
2845,20.62,21.95,22.58,22.67,21.09,20.83,Gopstopper
2846,19.56,20.73,20.03,21.21,21.21,18.8,Wonkagum
2847,20.43,21.58,19.44,21.24,20.54,20.54,Wonkagum
2848,20.86,22.03,21.67,21.69,20.53,21.61,Gopstopper
2849,18.97,18.11,18.81,21.55,22.2,22.35,Gopstopper
2850,18.52,18.73,20.01,23.22,21.69,19.98,Gopstopper
2851,21.15,20.35,19.33,21.64,20.32,22.74,Gopstopper
2852,17.81,21.55,22.23,21.9,21.6,19.96,Wonkagum
2853,19.81,20.64,20.89,22.24,22.45,19.71,Wonkagum
2854,20.12,21.43,20.28,21.11,21.8,19.8,Wonkagum
2855,19.79,22.14,23.03,23.86,20.95,21.67,Gopstopper
2856,20.98,22.82,21.0,21.65,21.46,19.84,Wonkagum
2857,21.1,20.4,18.27,22.54,21.04,19.06,Gopstopper
2858,21.18,22.82,20.77,21.92,21.12,21.22,Gopstopper
2859,22.73,20.54,20.33,21.62,21.86,19.5,Gopstopper
2860,19.6,20.61,20.03,20.7,21.61,20.2,Wonkagum
2861,20.3,22.22,20.79,19.55,20.82,19.3,Wonkagum
2862,19.49,20.11,21.35,24.23,21.54,18.43,Gopstopper
2863,20.21,19.78,21.74,23.53,20.81,22.6,Gopstopper
2864,20.06,20.47,18.98,20.36,22.3,21.27,Wonkagum
2865,19.42,19.15,20.04,20.05,22.11,18.92,Wonkagum
2866,19.76,20.9,21.1,21.11,21.61,19.35,Wonkagum
2867,20.29,22.01,20.13,20.47,20.11,19.14,Wonkagum
2868,20.47,22.13,19.47,23.06,22.65,21.49,Gopstopper
2869,20.36,21.75,19.92,23.02,22.4,21.03,Gopstopper
2870,20.15,20.62,19.89,19.02,19.29,19.84,Wonkagum
2871,20.48,21.72,18.74,20.63,20.79,19.86,Wonkagum
2872,21.33,21.86,19.96,24.06,21.86,20.42,Gopstopper
2873,19.62,20.46,22.0,23.37,22.45,19.0,Gopstopper
2874,21.68,22.57,20.76,22.03,21.74,19.0,Wonkagum
2875,20.54,20.1,20.28,21.39,22.59,20.02,Wonkagum
2876,20.69,21.27,21.72,24.11,22.19,19.73,Gopstopper
2877,20.78,20.96,20.96,23.23,21.95,19.22,Gopstopper
2878,20.28,21.74,19.9,22.72,19.73,19.22,Gopstopper
2879,20.69,20.79,19.43,20.9,21.8,20.72,Wonkagum
2880,18.13,21.53,19.89,22.65,21.69,20.16,Wonkagum
2881,19.07,22.26,20.14,21.56,21.62,19.49,Wonkagum
2882,19.1,21.83,19.11,23.1,23.08,20.28,Wonkagum
2883,19.67,21.06,19.17,22.15,20.47,21.1,Wonkagum
2884,20.65,22.92,22.1,21.37,22.3,22.22,Gopstopper
2885,20.8,21.36,18.88,21.0,20.1,20.83,Wonkagum
2886,20.95,23.62,20.3,22.19,20.36,19.67,Wonkagum
2887,19.1,21.96,20.88,22.37,22.84,18.52,Wonkagum
2888,20.44,22.38,21.85,22.15,20.56,19.0,Wonkagum
2889,20.1,21.73,19.32,18.4,20.26,19.01,Wonkagum
2890,18.97,22.69,20.61,23.55,22.63,18.8,Wonkagum
2891,21.52,22.34,21.3,21.63,21.29,20.76,Gopstopper
2892,20.65,21.36,21.85,22.31,21.61,19.04,Gopstopper
2893,18.52,20.37,22.51,21.22,21.41,18.28,Wonkagum
2894,20.21,19.61,19.11,21.81,21.6,20.98,Gopstopper
2895,19.88,19.4,21.55,20.9,20.45,21.16,Gopstopper
2896,21.64,20.84,22.01,21.9,21.4,19.41,Gopstopper
2897,17.25,20.91,18.98,22.68,19.63,21.4,Wonkagum
2898,20.04,20.33,18.83,20.26,22.58,20.66,Wonkagum
2899,21.12,21.16,19.51,19.64,19.97,20.88,Wonkagum
2900,19.63,20.34,21.05,22.13,22.57,19.74,Wonkagum
2901,19.42,20.63,20.3,21.82,21.1,18.58,Wonkagum
2902,21.07,20.2,21.83,20.67,22.67,22.3,Gopstopper
2903,19.52,21.11,20.5,23.69,22.8,21.11,Gopstopper
2904,20.2,21.99,21.65,23.94,22.31,20.27,Gopstopper
2905,19.9,19.39,18.21,22.67,21.07,20.55,Gopstopper
2906,20.18,21.91,21.63,21.08,19.99,18.22,Wonkagum
2907,17.41,18.88,19.0,18.83,21.17,20.46,Wonkagum
2908,19.54,18.83,20.39,23.37,21.18,20.14,Gopstopper
2909,20.02,21.44,20.06,22.51,20.51,21.05,Gopstopper
2910,19.98,22.63,20.55,21.03,23.28,20.82,Wonkagum
2911,19.02,21.36,20.84,22.53,22.11,21.7,Wonkagum
2912,20.81,19.74,20.33,22.3,22.35,21.4,Gopstopper
2913,21.65,19.29,22.29,24.32,20.91,20.0,Gopstopper
2914,18.54,20.72,20.54,21.86,21.27,19.72,Wonkagum
2915,20.37,19.12,20.1,20.93,21.17,20.08,Gopstopper
2916,19.36,21.02,21.66,24.11,23.16,20.01,Gopstopper
2917,20.53,22.32,20.04,22.78,21.03,20.28,Gopstopper
2918,20.94,20.72,19.53,20.23,20.02,20.51,Wonkagum
2919,21.36,21.65,19.46,22.23,19.89,19.87,Gopstopper
2920,20.4,21.3,20.47,23.53,21.49,20.59,Gopstopper
2921,22.7,20.07,20.87,21.4,21.9,19.7,Gopstopper
2922,20.75,22.0,20.04,22.07,21.1,19.58,Wonkagum
2923,21.12,22.32,19.75,21.85,22.15,20.7,Wonkagum
2924,18.48,21.49,19.33,22.24,20.9,19.86,Wonkagum
2925,18.89,21.4,20.29,24.52,21.46,21.75,Gopstopper
2926,21.1,18.99,20.4,22.49,21.68,20.35,Gopstopper
2927,19.22,21.98,18.66,22.09,22.17,19.05,Wonkagum
2928,21.16,23.45,20.11,21.2,20.28,20.8,Wonkagum
2929,18.04,20.43,21.98,24.48,21.26,19.61,Gopstopper
2930,19.96,19.36,20.43,20.99,21.61,20.3,Gopstopper
2931,20.78,20.57,19.19,20.61,21.62,18.64,Wonkagum
2932,20.55,21.62,20.17,23.33,20.92,20.71,Gopstopper
2933,19.95,21.35,20.87,20.15,23.16,21.76,Wonkagum
2934,20.83,21.69,22.18,22.54,22.11,20.06,Gopstopper
2935,21.06,21.24,22.82,24.49,22.84,20.35,Gopstopper
2936,20.45,20.07,21.06,24.13,20.36,20.68,Gopstopper
2937,22.17,20.46,20.63,22.22,19.69,19.57,Gopstopper
2938,21.74,22.16,17.42,19.82,22.42,20.08,Wonkagum
2939,20.89,19.82,19.41,21.79,20.18,21.73,Gopstopper
2940,19.09,21.42,22.0,21.67,21.08,20.33,Wonkagum
2941,20.2,19.87,19.62,21.67,20.13,19.91,Gopstopper
2942,20.22,20.72,20.48,22.26,21.18,18.56,Wonkagum
2943,18.95,19.43,19.14,22.1,20.81,18.52,Wonkagum
2944,20.32,22.15,21.57,21.46,22.87,19.78,Wonkagum
2945,21.49,22.39,21.18,23.11,20.19,19.36,Gopstopper
2946,20.35,22.85,20.53,23.44,20.56,20.86,Gopstopper
2947,20.19,21.55,20.32,21.71,21.78,21.17,Wonkagum
2948,18.76,18.74,20.31,21.61,20.23,19.61,Wonkagum
2949,19.08,21.76,21.22,25.03,21.5,20.62,Gopstopper
2950,19.42,19.78,20.88,20.89,21.45,21.44,Gopstopper
2951,20.12,21.42,19.62,23.21,20.46,19.33,Gopstopper
2952,19.42,20.23,18.78,22.84,21.32,20.29,Wonkagum
2953,19.22,19.91,18.79,21.45,20.95,20.71,Wonkagum
2954,21.36,20.57,21.62,21.42,20.43,21.9,Gopstopper
2955,21.09,22.2,20.87,21.66,20.25,19.68,Gopstopper
2956,19.94,19.44,20.26,25.13,22.16,20.7,Gopstopper
2957,19.05,21.75,18.26,20.53,21.07,20.02,Wonkagum
2958,17.1,21.58,21.15,23.75,20.48,21.33,Wonkagum
2959,19.56,21.68,18.34,20.87,20.74,19.8,Wonkagum
2960,19.58,19.31,21.69,23.33,22.55,20.17,Gopstopper
2961,20.29,21.11,20.45,23.39,20.06,20.55,Gopstopper
2962,20.2,21.46,18.81,21.72,21.43,21.64,Wonkagum
2963,21.11,21.54,20.8,23.57,22.1,21.86,Gopstopper
2964,20.22,20.68,21.17,22.0,22.88,19.3,Wonkagum
2965,20.02,20.69,22.21,22.03,20.81,20.61,Gopstopper
2966,19.22,22.53,20.26,22.42,20.9,22.26,Wonkagum
2967,20.48,23.66,20.64,22.06,21.41,20.34,Wonkagum
2968,19.5,21.58,21.27,21.63,22.02,21.11,Wonkagum
2969,20.83,20.77,20.59,22.39,20.68,19.28,Gopstopper
2970,18.94,21.6,20.76,20.84,21.14,21.24,Wonkagum
2971,18.57,19.67,19.03,23.02,23.54,21.5,Wonkagum
2972,20.38,21.38,22.11,22.14,21.34,19.28,Gopstopper
2973,19.37,20.11,19.92,22.97,21.58,20.13,Gopstopper
2974,20.03,20.47,19.96,21.29,22.08,19.03,Wonkagum
2975,20.11,22.93,22.29,23.21,22.04,21.77,Gopstopper
2976,19.48,21.61,19.08,23.51,23.03,20.13,Wonkagum
2977,20.82,21.89,22.34,24.09,21.44,19.98,Gopstopper
2978,20.62,20.31,21.69,22.11,22.83,21.08,Gopstopper
2979,21.03,22.04,19.72,23.5,22.59,20.54,Gopstopper
2980,20.57,20.48,23.1,24.45,22.56,21.29,Gopstopper
2981,20.13,21.02,20.14,22.19,21.01,19.91,Gopstopper
2982,22.31,19.92,21.85,20.66,21.65,21.97,Gopstopper
2983,21.59,21.86,19.31,21.24,23.21,22.19,Gopstopper
2984,19.95,20.71,21.82,22.17,22.21,21.01,Gopstopper
2985,20.04,21.18,19.51,22.0,21.16,19.47,Wonkagum
2986,20.44,20.75,21.31,24.0,23.09,20.31,Gopstopper
2987,20.67,19.24,20.5,19.69,20.62,19.22,Wonkagum
2988,19.5,20.0,20.06,20.69,21.65,21.4,Wonkagum
2989,19.44,20.06,18.45,19.87,21.28,20.85,Wonkagum
2990,19.08,20.38,19.4,22.83,20.44,19.21,Wonkagum
2991,19.57,20.03,19.06,21.99,20.15,21.62,Gopstopper
2992,19.99,20.87,19.18,22.11,21.69,20.84,Wonkagum
2993,19.68,21.95,20.64,22.22,20.24,21.91,Gopstopper
2994,18.73,19.16,20.54,21.85,21.9,18.54,Wonkagum
2995,19.69,19.48,21.12,21.16,22.18,21.41,Gopstopper
2996,20.28,19.56,20.13,22.82,20.83,20.06,Gopstopper
2997,19.36,19.2,18.08,21.49,20.28,18.66,Wonkagum
2998,19.64,20.5,19.52,22.92,20.19,19.77,Gopstopper
2999,20.74,20.97,21.09,23.18,20.94,19.48,Gopstopper
3000,22.19,21.6,21.48,22.71,22.42,20.29,Gopstopper
3001,18.62,20.76,20.01,22.23,21.27,19.95,Wonkagum
3002,21.1,20.78,19.72,24.83,22.48,20.7,Gopstopper
3003,18.76,19.68,20.7,19.98,20.66,20.69,Wonkagum
3004,20.8,18.94,20.17,23.03,20.99,20.44,Gopstopper
3005,19.39,20.89,20.71,20.78,20.74,20.07,Wonkagum
3006,17.33,20.13,19.58,22.01,21.53,19.73,Wonkagum
3007,19.03,22.48,22.04,23.13,20.4,20.96,Gopstopper
3008,19.81,23.01,22.59,21.94,22.46,20.56,Wonkagum
3009,19.51,21.37,19.51,22.76,21.51,20.29,Wonkagum
3010,19.64,22.73,19.77,20.87,21.64,20.31,Wonkagum
3011,20.36,20.49,19.09,22.49,21.64,20.7,Gopstopper
3012,19.55,21.71,19.6,21.2,20.63,20.29,Wonkagum
3013,20.06,19.89,20.23,21.56,22.57,20.1,Wonkagum
3014,19.39,22.14,21.75,22.81,23.07,19.96,Wonkagum
3015,19.57,20.73,20.24,21.88,21.21,19.47,Wonkagum
3016,19.77,20.14,19.47,21.07,22.63,19.57,Wonkagum
3017,19.71,19.25,20.67,21.49,21.6,20.85,Gopstopper
3018,19.71,19.19,20.44,21.26,19.79,19.61,Gopstopper
3019,19.67,20.45,19.66,22.98,22.5,19.71,Wonkagum
3020,19.64,21.47,19.9,20.51,20.13,23.42,Gopstopper
3021,20.37,20.96,18.39,21.81,21.27,20.87,Wonkagum
3022,20.05,19.89,20.78,22.94,21.35,20.46,Gopstopper
3023,18.91,21.01,19.98,18.46,20.45,18.06,Wonkagum
3024,19.77,23.79,20.58,23.12,20.59,19.53,Wonkagum
3025,20.01,20.09,17.93,20.23,19.39,19.34,Wonkagum
3026,20.4,20.9,21.98,21.22,21.21,21.4,Gopstopper
3027,19.64,22.84,20.03,22.07,20.06,20.01,Wonkagum
3028,20.46,19.36,21.01,24.62,23.39,21.61,Gopstopper
3029,19.89,18.87,19.33,21.02,21.43,18.76,Wonkagum
3030,19.61,21.13,19.71,23.69,20.76,18.33,Wonkagum
3031,20.53,22.38,21.55,21.68,21.72,20.74,Gopstopper
3032,20.52,20.49,20.22,20.96,20.93,20.51,Gopstopper
3033,19.59,21.87,20.24,21.97,21.06,20.1,Wonkagum
3034,19.29,20.19,20.16,23.8,22.07,19.35,Gopstopper
3035,20.07,19.85,20.0,23.28,22.59,19.71,Gopstopper
3036,22.4,21.51,23.79,23.78,22.79,18.62,Gopstopper
3037,20.37,21.13,20.09,23.59,22.17,20.44,Gopstopper
3038,19.65,20.99,20.43,20.81,22.02,18.87,Wonkagum
3039,21.61,20.43,20.24,20.74,21.49,19.57,Gopstopper
3040,22.54,21.65,20.85,21.39,20.9,21.51,Gopstopper
3041,19.51,20.31,20.59,21.75,22.41,19.8,Wonkagum
3042,19.34,21.38,20.2,22.89,22.38,22.28,Gopstopper
3043,21.88,20.58,20.51,23.16,20.95,20.71,Gopstopper
3044,19.56,22.29,18.97,21.17,20.35,20.2,Wonkagum
3045,21.47,19.27,21.7,21.79,22.82,21.23,Gopstopper
3046,21.33,23.15,21.06,20.34,22.29,21.3,Wonkagum
3047,21.34,20.0,22.02,21.69,22.69,20.78,Gopstopper
3048,19.37,22.9,20.65,22.99,20.27,19.32,Wonkagum
3049,20.86,23.2,20.93,22.63,21.08,19.84,Gopstopper
3050,20.1,19.63,19.82,22.79,22.15,20.22,Gopstopper
3051,20.08,19.87,20.09,21.4,22.62,20.93,Wonkagum
3052,19.72,20.49,21.38,23.22,21.5,19.48,Gopstopper
3053,19.7,21.44,18.36,20.97,21.76,18.39,Wonkagum
3054,19.67,19.97,21.11,23.47,21.16,21.03,Gopstopper
3055,20.63,21.8,19.67,22.21,21.12,20.71,Gopstopper
3056,20.09,21.89,21.06,21.0,22.05,20.81,Wonkagum
3057,20.07,23.16,21.78,22.68,20.25,18.54,Wonkagum
3058,22.32,20.85,19.85,19.71,22.42,19.97,Wonkagum
3059,19.58,20.45,19.31,21.99,22.18,19.98,Wonkagum
3060,20.66,23.5,21.16,22.9,21.78,18.06,Wonkagum
3061,20.84,19.18,19.63,21.93,18.85,20.01,Gopstopper
3062,20.66,20.41,21.38,21.28,21.38,20.58,Gopstopper
3063,17.65,19.25,21.5,21.23,22.44,19.11,Wonkagum
3064,20.05,22.32,20.65,21.14,20.6,20.44,Wonkagum
3065,19.48,19.65,20.66,22.18,22.06,19.97,Gopstopper
3066,21.61,21.56,20.5,20.69,22.51,20.6,Wonkagum
3067,20.74,20.08,21.64,20.44,20.54,21.05,Gopstopper
3068,17.91,23.18,20.87,23.08,22.96,19.91,Wonkagum
3069,19.61,22.03,21.38,24.22,20.37,20.76,Gopstopper
3070,18.46,21.43,19.12,24.23,19.89,20.15,Wonkagum
3071,19.35,21.45,21.05,23.21,21.32,19.28,Wonkagum
3072,19.89,20.5,19.95,22.25,22.25,19.9,Wonkagum
3073,18.6,19.89,19.5,20.18,21.41,20.39,Wonkagum
3074,22.02,21.33,20.17,20.51,22.44,21.65,Gopstopper
3075,20.39,22.55,21.13,22.99,20.24,20.19,Gopstopper
3076,21.93,21.21,20.64,22.43,21.46,20.69,Gopstopper
3077,19.44,19.53,18.56,20.66,19.96,20.26,Wonkagum
3078,19.13,21.23,21.17,23.01,20.96,19.44,Wonkagum
3079,19.96,20.28,21.74,20.01,22.27,20.55,Wonkagum
3080,20.92,21.58,20.11,21.06,20.54,18.94,Wonkagum
3081,21.77,22.29,19.62,21.58,20.36,19.98,Gopstopper
3082,21.08,22.17,22.82,23.13,22.63,20.24,Gopstopper
3083,19.95,20.0,19.24,22.4,22.26,21.7,Gopstopper
3084,20.2,20.15,20.18,20.4,22.73,18.55,Wonkagum
3085,18.84,19.27,19.97,21.34,21.31,20.11,Wonkagum
3086,20.49,21.54,20.25,21.43,21.42,19.16,Wonkagum
3087,20.56,20.56,20.15,21.55,21.6,19.62,Wonkagum
3088,19.53,20.9,22.28,22.79,22.67,19.48,Gopstopper
3089,18.53,21.25,21.04,24.68,21.44,21.12,Gopstopper
3090,20.62,21.13,20.63,21.76,20.68,22.12,Gopstopper
3091,20.19,22.0,19.6,21.59,23.38,19.42,Wonkagum
3092,21.12,22.69,20.38,21.73,21.31,20.89,Gopstopper
3093,20.02,21.51,21.51,22.56,20.31,18.71,Gopstopper
3094,19.67,19.68,20.2,18.42,21.94,19.22,Wonkagum
3095,19.07,20.88,19.94,21.26,22.15,19.76,Wonkagum
3096,21.25,22.86,20.45,21.83,21.29,21.03,Gopstopper
3097,18.76,20.24,19.95,23.42,21.55,19.19,Wonkagum
3098,18.07,22.45,20.17,23.32,20.9,20.13,Wonkagum
3099,18.56,22.37,21.75,23.39,22.01,18.27,Wonkagum
3100,19.76,21.41,21.1,21.23,21.59,21.13,Wonkagum
3101,20.56,19.79,21.58,21.66,22.0,20.31,Gopstopper
3102,18.23,18.88,20.14,20.23,19.78,19.28,Wonkagum
3103,20.69,22.6,19.87,21.38,21.2,20.34,Wonkagum
3104,20.65,20.71,23.27,23.43,22.09,18.51,Gopstopper
3105,20.14,18.78,20.65,22.4,22.22,22.18,Gopstopper
3106,19.65,20.04,21.42,21.93,21.79,20.14,Gopstopper
3107,21.22,20.46,19.12,22.31,20.57,20.15,Gopstopper
3108,20.88,20.91,20.42,22.14,21.44,20.5,Gopstopper
3109,18.9,21.05,21.16,22.55,20.73,17.3,Wonkagum
3110,20.42,20.97,20.32,22.6,21.87,21.57,Gopstopper
3111,18.74,18.64,21.11,21.28,21.69,21.36,Gopstopper
3112,19.66,22.3,20.38,22.55,21.17,19.0,Wonkagum
3113,20.28,19.63,20.37,19.98,21.92,21.44,Wonkagum
3114,20.48,20.45,20.59,22.65,21.53,20.01,Gopstopper
3115,20.57,21.64,20.97,21.39,21.37,20.18,Wonkagum
3116,19.17,20.91,20.83,23.18,22.73,19.21,Wonkagum
3117,20.94,21.56,21.39,21.27,23.17,19.45,Wonkagum
3118,20.66,22.47,20.22,23.24,20.34,22.71,Gopstopper
3119,21.72,21.65,20.77,23.25,22.03,18.94,Gopstopper
3120,18.06,21.0,19.58,22.3,21.92,21.12,Wonkagum
3121,18.98,21.33,19.37,21.26,23.18,19.9,Wonkagum
3122,17.46,21.22,20.69,23.62,22.07,20.58,Wonkagum
3123,19.42,21.98,21.9,22.3,21.61,22.44,Gopstopper
3124,19.48,21.06,18.62,19.9,22.09,20.62,Wonkagum
3125,19.68,20.01,18.65,21.38,21.13,19.4,Wonkagum
3126,19.55,21.46,21.03,22.55,21.27,21.85,Gopstopper
3127,20.04,19.24,19.05,21.71,20.99,20.39,Gopstopper
3128,19.43,20.69,21.11,23.8,22.61,19.24,Gopstopper
3129,20.29,21.45,21.73,22.78,21.67,20.54,Gopstopper
3130,21.02,21.37,21.53,22.77,21.21,21.5,Gopstopper
3131,19.78,20.85,20.36,22.75,22.06,18.73,Wonkagum
3132,20.04,23.02,19.63,21.37,21.09,18.27,Wonkagum
3133,19.79,20.99,20.74,20.0,20.31,18.85,Wonkagum
3134,22.62,21.86,21.8,23.21,21.98,19.96,Gopstopper
3135,19.45,19.9,20.48,23.96,20.62,19.42,Gopstopper
3136,20.41,21.95,17.83,21.88,22.64,19.82,Wonkagum
3137,19.59,20.7,20.48,19.61,21.26,19.99,Wonkagum
3138,19.37,22.37,19.46,19.2,19.97,19.06,Wonkagum
3139,20.32,22.29,22.11,23.47,22.94,21.43,Gopstopper
3140,21.5,19.87,20.98,21.51,21.51,22.07,Gopstopper
3141,19.59,21.27,20.4,23.12,20.77,19.21,Wonkagum
3142,21.65,21.7,17.72,21.65,23.92,19.93,Wonkagum
3143,22.47,20.54,21.46,23.16,21.65,20.48,Gopstopper
3144,21.27,20.5,21.47,23.67,22.13,20.15,Gopstopper
3145,18.63,22.07,20.63,21.97,21.16,19.75,Wonkagum
3146,19.87,21.39,18.94,20.85,21.77,19.56,Wonkagum
3147,18.37,20.27,22.19,22.42,22.24,19.96,Wonkagum
3148,18.8,20.6,20.42,22.05,22.93,22.64,Wonkagum
3149,22.3,22.3,20.72,21.61,22.08,18.79,Gopstopper
3150,19.3,21.19,21.1,23.02,21.06,19.48,Gopstopper
3151,19.67,21.36,21.67,21.87,21.45,19.81,Wonkagum
3152,18.89,20.25,21.32,24.42,20.63,22.05,Gopstopper
3153,18.99,20.58,20.13,22.8,21.91,20.42,Wonkagum
3154,19.79,20.34,22.91,23.86,22.09,21.21,Gopstopper
3155,19.41,19.65,20.64,21.64,22.69,21.92,Gopstopper
3156,20.61,21.09,20.93,22.42,22.26,20.76,Gopstopper
3157,20.11,21.19,20.31,21.41,19.59,19.24,Wonkagum
3158,20.2,19.87,20.92,22.78,21.68,20.33,Gopstopper
3159,20.35,21.43,21.16,22.11,22.73,20.25,Wonkagum
3160,18.83,21.3,20.27,22.43,21.07,20.8,Wonkagum
3161,18.45,20.81,19.71,22.48,23.19,20.32,Wonkagum
3162,19.76,21.6,18.44,21.21,22.35,20.27,Wonkagum
3163,19.17,20.96,19.95,22.57,21.8,18.5,Wonkagum
3164,20.43,21.67,22.18,22.34,21.24,19.98,Gopstopper
3165,18.74,19.87,19.95,22.59,20.62,21.23,Gopstopper
3166,19.94,22.13,20.56,19.69,20.88,19.13,Wonkagum
3167,19.58,21.05,20.44,21.8,21.03,20.19,Wonkagum
3168,20.24,20.48,19.77,23.93,20.52,18.56,Gopstopper
3169,20.03,20.67,20.56,20.31,21.62,21.58,Wonkagum
3170,20.33,22.2,21.65,23.05,23.04,19.35,Wonkagum
3171,20.9,20.97,21.43,22.7,21.85,20.34,Gopstopper
3172,20.53,21.96,17.93,22.69,21.8,19.42,Wonkagum
3173,18.6,19.73,19.66,24.19,21.9,20.38,Gopstopper
3174,19.48,22.16,21.7,21.29,21.35,18.72,Wonkagum
3175,20.04,21.16,18.98,22.91,20.67,20.15,Gopstopper
3176,21.0,21.24,19.74,23.38,22.46,19.65,Gopstopper
3177,18.75,21.9,21.65,22.87,20.22,18.87,Wonkagum
3178,19.79,19.93,20.7,22.5,21.65,18.85,Gopstopper
3179,20.77,21.85,20.02,21.27,21.2,21.36,Gopstopper
3180,20.17,20.95,22.06,23.78,20.32,20.23,Gopstopper
3181,20.17,20.55,20.76,22.7,22.27,19.28,Gopstopper
3182,19.58,21.49,21.7,20.01,23.56,21.01,Wonkagum
3183,17.51,19.35,19.46,23.23,20.36,19.96,Wonkagum
3184,19.74,21.2,19.64,21.9,21.36,18.98,Wonkagum
3185,20.45,21.92,19.75,22.47,21.32,22.99,Gopstopper
3186,20.54,21.55,21.14,21.63,21.08,20.2,Gopstopper
3187,19.88,21.68,19.53,22.0,21.64,21.73,Wonkagum
3188,19.36,21.89,21.45,22.68,22.74,21.3,Wonkagum
3189,18.91,22.19,21.26,21.53,22.39,22.42,Wonkagum
3190,20.42,19.8,19.45,24.02,23.44,19.98,Gopstopper
3191,21.25,19.16,18.15,21.96,20.59,21.3,Gopstopper
3192,20.45,21.08,20.57,21.27,21.66,21.77,Gopstopper
3193,22.5,21.01,22.11,21.94,20.42,20.28,Gopstopper
3194,19.86,20.58,21.05,23.9,22.35,21.84,Gopstopper
3195,20.68,23.7,21.91,23.35,22.69,20.6,Gopstopper
3196,21.08,20.5,21.29,21.77,21.73,21.28,Gopstopper
3197,20.16,21.28,21.36,21.39,18.94,19.44,Gopstopper
3198,21.82,21.08,19.31,20.09,21.16,19.47,Wonkagum
3199,22.22,22.09,21.19,22.38,20.08,19.34,Gopstopper
3200,21.89,21.51,20.4,23.8,20.15,19.69,Gopstopper
3201,20.43,21.66,20.83,22.16,21.47,20.77,Gopstopper
3202,20.64,20.32,19.9,22.35,21.34,20.54,Gopstopper
3203,18.8,22.98,21.19,23.65,20.42,21.7,Gopstopper
3204,20.27,21.48,19.55,21.36,20.89,19.22,Wonkagum
3205,19.35,22.24,20.88,22.37,21.95,20.81,Wonkagum
3206,21.34,20.85,20.25,23.98,22.69,20.75,Gopstopper
3207,19.8,22.41,20.65,23.66,19.98,17.97,Wonkagum
3208,20.8,21.85,21.78,23.1,22.36,19.64,Gopstopper
3209,20.61,23.44,22.13,21.63,21.83,19.91,Wonkagum
3210,18.44,19.62,18.93,19.78,20.82,20.13,Wonkagum
3211,20.41,21.31,20.98,22.99,23.09,19.95,Gopstopper
3212,20.54,19.6,20.53,22.52,23.16,19.66,Gopstopper
3213,18.5,23.25,20.07,20.34,20.92,20.04,Wonkagum
3214,20.05,21.53,20.61,23.68,20.17,19.82,Gopstopper
3215,20.81,21.46,19.82,22.67,21.22,20.37,Gopstopper
3216,20.49,21.77,22.94,24.21,21.99,21.37,Gopstopper
3217,19.06,21.38,19.04,22.15,21.61,19.48,Wonkagum
3218,20.03,20.71,19.79,22.36,21.21,19.1,Wonkagum
3219,19.31,18.94,20.37,20.12,22.55,20.38,Wonkagum
3220,20.81,20.35,19.66,21.6,21.09,20.47,Gopstopper
3221,17.84,21.5,19.39,21.82,19.4,19.27,Wonkagum
3222,18.57,20.58,20.44,21.98,20.81,19.63,Wonkagum
3223,18.91,19.96,20.74,21.38,21.68,17.82,Wonkagum
3224,19.88,21.69,20.49,22.26,23.14,19.8,Wonkagum
3225,19.09,21.09,20.38,20.91,21.26,18.65,Wonkagum
3226,18.94,21.88,20.0,21.49,23.24,21.03,Wonkagum
3227,19.54,20.56,19.33,21.21,21.35,20.92,Wonkagum
3228,19.06,20.34,18.95,21.86,21.42,20.47,Wonkagum
3229,18.55,19.31,19.19,20.94,20.56,20.43,Wonkagum
3230,21.03,20.16,18.39,20.13,22.7,19.17,Wonkagum
3231,19.21,20.61,20.35,21.05,19.15,21.82,Gopstopper
3232,20.48,21.31,18.11,21.75,21.22,21.46,Wonkagum
3233,19.67,22.96,20.07,19.45,21.69,20.38,Wonkagum
3234,20.02,21.28,22.0,23.43,21.83,19.88,Gopstopper
3235,17.52,20.11,20.53,22.41,22.0,21.36,Wonkagum
3236,20.26,19.73,20.14,20.85,21.66,20.1,Wonkagum
3237,19.43,20.75,21.75,22.52,22.7,19.56,Wonkagum
3238,19.89,21.41,20.17,22.24,21.18,20.05,Wonkagum
3239,18.42,20.87,21.15,25.65,21.43,19.87,Gopstopper
3240,18.63,20.43,21.88,22.83,19.65,19.08,Gopstopper
3241,20.09,19.57,19.37,20.49,20.35,18.81,Wonkagum
3242,19.08,20.76,20.36,23.56,21.57,19.5,Wonkagum
3243,19.4,19.16,20.12,21.56,22.53,20.25,Wonkagum
3244,20.86,21.7,19.46,20.36,20.86,19.82,Wonkagum
3245,21.26,23.12,20.39,23.06,20.33,19.61,Gopstopper
3246,21.01,21.01,20.82,22.63,22.59,21.78,Gopstopper
3247,20.0,19.31,20.97,20.39,21.56,19.82,Wonkagum
3248,20.33,21.2,22.22,25.07,22.11,20.12,Gopstopper
3249,20.32,20.96,21.24,24.63,19.52,18.37,Gopstopper
3250,19.6,21.35,19.79,23.73,22.68,19.68,Wonkagum
3251,21.2,20.1,20.84,20.92,21.88,21.4,Gopstopper
3252,20.07,21.27,21.11,20.0,20.91,20.53,Wonkagum
3253,18.8,20.02,20.63,23.71,21.11,20.72,Gopstopper
3254,20.8,21.52,20.68,23.31,22.8,19.51,Gopstopper
3255,22.02,21.49,21.07,21.42,19.73,18.48,Gopstopper
3256,18.62,19.52,21.56,23.26,21.57,19.28,Gopstopper
3257,21.63,19.86,20.23,23.54,22.1,19.89,Gopstopper
3258,19.63,21.56,19.17,21.6,20.64,19.41,Wonkagum
3259,19.81,22.14,21.86,23.73,21.51,20.27,Gopstopper
3260,20.84,18.9,22.46,23.05,23.17,21.72,Gopstopper
3261,21.62,20.33,20.82,22.21,23.39,21.03,Gopstopper
3262,20.07,21.1,20.95,22.71,21.44,20.61,Gopstopper
3263,20.63,21.56,19.14,21.69,21.46,20.65,Wonkagum
3264,19.97,21.14,19.36,20.62,22.33,20.19,Wonkagum
3265,19.25,21.81,17.68,18.66,20.55,20.87,Wonkagum
3266,19.09,19.73,21.39,22.72,20.43,19.46,Gopstopper
3267,19.88,20.63,20.8,21.97,20.48,19.74,Gopstopper
3268,20.23,20.23,20.76,22.21,22.25,19.88,Gopstopper
3269,20.01,20.38,20.21,22.76,22.11,20.53,Gopstopper
3270,19.51,21.99,21.07,20.14,20.8,19.86,Wonkagum
3271,21.06,21.79,19.62,19.97,19.61,18.98,Wonkagum
3272,21.43,21.47,20.4,23.66,23.31,20.35,Gopstopper
3273,21.19,20.22,19.62,21.34,20.49,20.17,Gopstopper
3274,19.1,20.72,21.54,21.25,23.08,19.41,Wonkagum
3275,18.86,21.43,19.52,19.73,21.49,20.62,Wonkagum
3276,19.79,21.23,20.1,21.43,20.74,19.78,Wonkagum
3277,20.2,21.04,18.99,22.68,23.33,22.35,Gopstopper
3278,18.4,21.02,19.82,22.66,20.4,20.35,Wonkagum
3279,19.41,20.89,20.87,22.32,22.94,21.91,Gopstopper
3280,23.02,23.29,21.59,25.35,24.17,21.35,Gopstopper
3281,21.13,18.96,20.35,21.02,21.25,20.28,Gopstopper
3282,19.76,20.91,20.19,22.58,21.33,20.08,Gopstopper
3283,20.14,20.55,20.96,21.04,21.46,20.79,Gopstopper
3284,20.74,20.51,20.77,22.56,21.37,20.16,Gopstopper
3285,20.25,20.16,19.96,22.51,21.13,20.26,Gopstopper
3286,20.17,23.89,20.93,21.41,22.17,20.67,Wonkagum
3287,19.22,20.87,20.41,23.42,20.58,19.01,Gopstopper
3288,19.84,22.95,20.04,20.91,21.91,19.93,Wonkagum
3289,20.22,21.26,20.8,21.47,21.27,20.65,Gopstopper
3290,19.06,18.37,21.06,21.94,20.07,18.04,Gopstopper
3291,20.41,21.27,20.89,21.57,21.65,21.29,Gopstopper
3292,21.29,22.21,20.39,22.25,21.93,21.97,Gopstopper
3293,21.02,21.95,20.5,21.06,22.44,19.8,Wonkagum
3294,18.83,19.69,18.38,22.26,20.29,19.61,Wonkagum
3295,21.53,21.61,19.86,22.67,19.53,19.96,Gopstopper
3296,20.07,21.39,20.23,23.14,22.77,21.9,Gopstopper
3297,20.09,21.0,19.55,20.83,21.13,20.27,Wonkagum
3298,20.27,19.93,19.68,22.79,19.81,21.92,Gopstopper
3299,19.65,22.73,21.4,24.82,22.01,20.26,Gopstopper
3300,20.27,22.06,20.28,21.75,21.61,20.7,Wonkagum
3301,19.39,21.19,19.26,20.12,19.93,19.52,Wonkagum
3302,19.52,20.92,18.01,23.29,21.59,18.83,Wonkagum
3303,20.89,20.45,19.42,21.23,21.39,20.63,Gopstopper
3304,19.36,19.96,18.47,20.47,21.73,20.51,Wonkagum
3305,20.37,22.2,21.38,21.87,22.46,21.38,Gopstopper
3306,19.61,21.02,19.97,21.59,20.85,17.92,Wonkagum
3307,19.2,23.69,20.16,21.39,22.19,19.16,Wonkagum
3308,19.45,18.84,19.35,21.44,23.27,19.6,Wonkagum
3309,20.79,19.4,22.92,21.46,21.38,19.31,Gopstopper
3310,21.06,21.04,22.78,22.63,22.39,20.34,Gopstopper
3311,19.37,22.78,19.38,20.52,21.03,18.97,Wonkagum
3312,18.17,19.75,20.16,23.23,21.89,19.76,Wonkagum
3313,21.01,19.41,19.45,20.83,20.63,19.47,Gopstopper
3314,20.05,20.58,18.81,23.33,21.86,20.1,Gopstopper
3315,18.88,20.61,20.87,22.2,22.57,20.63,Wonkagum
3316,17.82,19.53,19.33,21.92,21.85,21.66,Wonkagum
3317,19.65,20.68,20.6,22.3,20.34,19.73,Gopstopper
3318,19.78,22.08,22.6,23.26,23.06,19.58,Gopstopper
3319,17.71,21.21,19.95,21.57,22.03,21.47,Wonkagum
3320,18.36,21.09,21.21,21.5,20.29,19.82,Wonkagum
3321,21.21,22.75,20.47,23.41,23.22,21.84,Gopstopper
3322,19.82,19.19,21.2,23.64,21.05,20.58,Gopstopper
3323,20.38,21.64,21.28,22.26,22.9,17.62,Wonkagum
3324,20.56,21.48,19.71,22.25,21.52,20.9,Gopstopper
3325,19.65,20.09,18.98,20.47,20.93,20.05,Wonkagum
3326,19.89,22.0,21.69,22.8,21.97,21.17,Gopstopper
3327,18.34,19.11,21.18,24.91,21.24,19.87,Gopstopper
3328,20.4,21.57,21.47,25.94,21.9,20.67,Gopstopper
3329,18.83,19.98,20.94,20.72,20.48,19.3,Wonkagum
3330,20.14,22.65,20.66,22.49,22.63,20.84,Wonkagum
3331,20.06,20.99,20.23,20.49,20.9,20.96,Wonkagum
3332,18.4,21.66,20.81,24.25,20.82,19.49,Wonkagum
3333,19.96,21.88,19.25,21.52,20.08,19.33,Wonkagum
3334,19.25,18.44,19.58,20.96,21.43,19.24,Wonkagum
3335,22.38,20.35,19.85,23.76,23.49,21.28,Gopstopper
3336,19.5,21.6,19.89,20.62,21.76,20.43,Wonkagum
3337,20.39,20.5,19.0,24.78,21.62,22.18,Gopstopper
3338,20.17,20.87,19.15,22.42,20.51,22.02,Gopstopper
3339,21.14,19.66,20.85,22.19,21.75,20.19,Gopstopper
3340,18.73,21.05,20.06,21.79,19.79,20.43,Wonkagum
3341,20.86,21.02,20.5,21.1,24.18,21.55,Wonkagum
3342,18.86,20.37,22.6,22.34,22.71,19.31,Wonkagum
3343,20.02,20.48,20.02,24.84,22.03,20.08,Gopstopper
3344,18.5,18.59,19.77,21.51,22.08,19.31,Wonkagum
3345,19.16,20.15,21.44,24.8,21.68,20.91,Gopstopper
3346,19.86,21.53,20.33,20.64,22.04,19.19,Wonkagum
3347,19.28,20.31,19.74,20.65,20.98,20.44,Wonkagum
3348,20.46,23.1,23.52,24.62,21.84,19.09,Gopstopper
3349,20.7,21.68,21.42,21.34,22.33,19.2,Wonkagum
3350,22.59,20.21,20.75,20.76,21.2,20.08,Gopstopper
3351,19.88,20.69,22.13,24.86,21.13,19.8,Gopstopper
3352,20.0,20.95,21.8,21.59,21.32,18.59,Wonkagum
3353,18.79,20.3,20.76,23.04,21.55,20.76,Gopstopper
3354,19.15,20.47,18.4,22.24,22.2,20.94,Wonkagum
3355,19.23,22.53,19.47,21.98,18.94,16.82,Wonkagum
3356,20.46,22.36,20.18,20.0,20.93,20.14,Wonkagum
3357,20.64,22.34,20.59,20.78,21.2,20.39,Wonkagum
3358,20.62,20.34,22.59,24.42,21.05,20.67,Gopstopper
3359,17.38,20.4,19.69,22.48,22.57,21.35,Wonkagum
3360,19.86,21.51,20.01,19.26,21.42,20.0,Wonkagum
3361,19.26,19.99,20.76,22.13,20.83,19.94,Gopstopper
3362,20.14,20.5,19.52,22.85,22.45,19.53,Wonkagum
3363,20.35,21.95,20.96,21.68,21.27,19.88,Wonkagum
3364,20.36,20.14,18.9,22.12,22.21,21.34,Gopstopper
3365,20.46,20.96,21.59,21.63,20.15,19.91,Gopstopper
3366,18.49,22.53,19.97,22.21,22.25,20.83,Wonkagum
3367,21.16,21.87,20.71,20.23,22.48,21.8,Wonkagum
3368,20.68,21.98,21.43,21.91,19.69,20.33,Gopstopper
3369,19.43,20.5,21.71,24.82,22.42,20.79,Gopstopper
3370,19.21,19.5,18.91,20.71,21.01,18.51,Wonkagum
3371,19.57,20.1,19.62,20.99,20.49,19.2,Wonkagum
3372,20.33,20.61,21.2,22.72,21.14,21.58,Gopstopper
3373,19.31,18.54,19.41,24.14,23.83,20.21,Gopstopper
3374,20.41,21.03,20.7,20.32,21.92,21.47,Wonkagum
3375,20.05,19.36,20.53,23.31,22.34,21.96,Gopstopper
3376,20.97,21.43,21.46,21.38,20.8,20.18,Gopstopper
3377,21.2,22.4,20.16,21.67,20.37,18.16,Wonkagum
3378,19.36,17.79,20.87,21.35,22.21,21.16,Gopstopper
3379,19.63,21.51,20.42,22.83,21.85,20.94,Gopstopper
3380,18.93,19.87,21.33,22.88,22.18,19.23,Wonkagum
3381,18.96,21.98,19.47,23.58,21.45,20.86,Wonkagum
3382,18.87,19.06,20.21,21.41,23.21,20.4,Wonkagum
3383,20.06,21.57,18.45,21.05,22.11,19.26,Wonkagum
3384,20.95,20.99,21.51,21.44,20.65,19.8,Gopstopper
3385,20.1,22.36,20.58,20.23,23.02,19.69,Wonkagum
3386,19.01,20.96,21.33,24.16,21.76,21.38,Gopstopper
3387,22.59,21.12,20.82,21.66,21.74,20.52,Gopstopper
3388,20.34,19.98,19.84,22.98,22.44,20.36,Gopstopper
3389,19.33,19.44,19.54,20.15,23.28,20.05,Wonkagum
3390,20.03,20.59,18.53,22.55,20.42,20.68,Gopstopper
3391,20.43,22.65,21.57,25.2,21.85,20.14,Gopstopper
3392,20.88,20.06,21.09,23.69,22.21,20.59,Gopstopper
3393,20.28,23.15,19.59,20.92,22.65,18.84,Wonkagum
3394,18.61,21.15,18.75,21.44,21.92,21.53,Wonkagum
3395,21.76,20.16,20.7,22.95,21.89,19.98,Gopstopper
3396,20.21,21.89,21.12,21.84,20.35,18.67,Wonkagum
3397,18.34,19.12,22.07,22.87,20.43,20.0,Gopstopper
3398,20.55,22.96,21.83,23.79,22.4,21.47,Gopstopper
3399,19.43,21.08,20.7,20.8,22.56,19.42,Wonkagum
3400,20.19,22.83,20.18,23.61,19.87,18.5,Wonkagum
3401,19.08,21.24,22.42,22.61,20.61,18.97,Wonkagum
3402,18.68,20.66,20.18,23.48,20.56,19.53,Wonkagum
3403,20.13,20.43,20.07,23.72,22.75,21.25,Gopstopper
3404,20.41,21.61,21.29,23.28,21.78,22.11,Gopstopper
3405,20.67,22.53,20.9,20.14,20.09,18.98,Wonkagum
3406,19.51,22.25,20.91,21.83,23.24,21.05,Wonkagum
3407,19.34,20.51,20.1,23.12,23.25,19.28,Wonkagum
3408,19.38,18.84,21.34,20.96,21.64,21.86,Gopstopper
3409,19.86,20.94,20.63,21.45,20.56,20.01,Wonkagum
3410,20.29,21.93,21.68,19.99,21.51,20.25,Wonkagum
3411,19.19,18.13,21.5,22.47,21.44,20.21,Gopstopper
3412,19.2,21.45,19.86,22.39,20.9,20.26,Wonkagum
3413,19.42,20.82,20.29,23.94,21.92,19.89,Gopstopper
3414,20.12,20.98,21.19,24.0,24.08,20.96,Gopstopper
3415,19.3,20.53,19.69,20.66,21.68,19.97,Wonkagum
3416,20.5,21.83,19.13,20.31,21.73,22.22,Wonkagum
3417,19.38,20.23,20.4,20.51,22.2,19.05,Wonkagum
3418,20.54,21.12,18.25,21.19,22.25,20.4,Wonkagum
3419,18.55,20.28,19.81,23.5,21.73,19.94,Wonkagum
3420,19.4,21.09,22.6,22.84,20.76,19.9,Gopstopper
3421,18.12,22.06,20.73,23.17,21.15,20.73,Wonkagum
3422,19.29,22.04,20.01,18.41,20.72,19.24,Wonkagum
3423,20.15,21.91,21.61,22.6,22.49,21.25,Gopstopper
3424,19.26,19.79,18.87,20.42,20.66,19.32,Wonkagum
3425,19.65,20.77,20.56,20.94,20.57,20.19,Wonkagum
3426,20.15,21.09,20.8,22.08,21.18,19.86,Gopstopper
3427,19.98,21.83,20.47,22.58,21.12,21.09,Gopstopper
3428,18.86,21.25,20.11,22.17,20.19,18.63,Wonkagum
3429,20.0,20.43,22.83,23.27,22.42,19.33,Gopstopper
3430,19.62,22.01,20.55,24.12,20.11,20.02,Gopstopper
3431,19.94,19.96,20.65,21.93,23.56,19.79,Wonkagum
3432,20.79,22.44,23.48,23.66,20.57,20.12,Gopstopper
3433,20.07,22.65,19.64,22.49,22.56,19.59,Wonkagum
3434,20.38,21.48,19.97,21.73,22.59,21.31,Wonkagum
3435,19.2,21.2,21.25,22.3,21.19,21.75,Gopstopper
3436,20.08,21.27,21.08,21.44,21.86,20.67,Wonkagum
3437,21.93,20.67,19.42,21.56,23.11,20.86,Gopstopper
3438,20.34,19.79,22.5,23.06,22.16,20.73,Gopstopper
3439,19.04,19.82,20.6,21.97,21.53,18.54,Wonkagum
3440,21.0,19.76,19.84,20.93,19.86,18.27,Gopstopper
3441,21.2,22.05,20.25,24.06,21.36,20.75,Gopstopper
3442,20.29,21.96,18.87,22.02,21.61,19.6,Wonkagum
3443,19.77,21.74,20.42,21.72,23.05,19.07,Wonkagum
3444,20.67,23.24,21.53,22.41,19.85,19.83,Gopstopper
3445,21.66,21.32,22.06,21.27,20.73,20.9,Gopstopper
3446,20.59,20.2,17.94,20.66,20.47,20.18,Wonkagum
3447,20.46,20.55,20.97,22.9,21.47,20.01,Gopstopper
3448,19.21,22.45,21.5,20.86,21.06,19.58,Wonkagum
3449,20.23,21.67,20.29,21.02,21.18,19.73,Wonkagum
3450,20.97,19.89,19.59,23.0,22.55,22.22,Gopstopper
3451,19.28,19.27,19.72,20.64,21.24,22.37,Gopstopper
3452,20.24,19.56,21.94,20.76,22.33,20.41,Gopstopper
3453,21.28,20.45,22.87,21.88,21.55,20.25,Gopstopper
3454,17.93,21.5,20.35,21.46,21.43,19.73,Wonkagum
3455,20.77,22.71,19.32,23.66,20.49,19.38,Gopstopper
3456,21.24,21.16,19.98,23.45,20.58,21.28,Gopstopper
3457,19.2,19.25,20.69,21.11,22.58,19.03,Wonkagum
3458,19.35,20.95,21.4,20.06,21.59,20.07,Wonkagum
3459,19.2,22.36,22.03,21.43,21.42,19.26,Wonkagum
3460,20.52,23.14,21.11,24.59,22.25,21.23,Gopstopper
3461,19.97,21.9,20.62,22.79,20.59,19.69,Gopstopper
3462,20.3,21.9,18.79,22.2,22.76,20.09,Wonkagum
3463,17.8,19.57,20.37,19.84,21.34,22.35,Wonkagum
3464,20.52,22.5,21.4,22.15,21.43,18.94,Wonkagum
3465,19.54,19.79,20.86,20.67,21.89,19.92,Wonkagum
3466,19.01,20.2,20.33,23.28,20.91,20.57,Gopstopper
3467,20.6,21.99,22.65,23.03,23.09,20.84,Gopstopper
3468,19.45,19.65,20.01,20.21,20.29,21.88,Gopstopper
3469,21.92,21.64,22.15,18.48,23.19,20.9,Wonkagum
3470,19.79,21.17,18.5,22.19,20.08,18.83,Wonkagum
3471,20.25,21.29,20.62,22.04,22.15,20.99,Gopstopper
3472,18.73,20.67,19.82,20.21,21.25,21.38,Wonkagum
3473,20.28,22.22,21.4,21.59,20.64,20.32,Wonkagum
3474,20.96,20.93,20.21,23.49,21.83,19.71,Gopstopper
3475,19.53,20.95,20.64,19.92,21.01,18.07,Wonkagum
3476,20.55,20.73,21.55,24.01,20.75,20.41,Gopstopper
3477,19.45,19.94,20.05,22.07,21.82,20.35,Wonkagum
3478,19.28,21.45,20.34,22.66,23.57,20.54,Wonkagum
3479,20.34,20.4,19.24,21.41,21.26,20.81,Wonkagum
3480,20.1,19.73,20.25,19.71,21.8,19.19,Wonkagum
3481,20.16,20.75,22.34,21.87,21.37,17.85,Wonkagum
3482,20.05,19.65,20.94,22.22,21.11,19.95,Gopstopper
3483,18.14,20.11,20.81,19.74,22.84,19.1,Wonkagum
3484,18.11,19.85,19.51,21.34,20.83,20.82,Wonkagum
3485,19.74,20.16,20.11,21.92,21.63,19.72,Wonkagum
3486,19.71,20.9,20.65,21.86,21.18,21.03,Gopstopper
3487,19.18,20.8,19.79,22.9,22.39,20.26,Wonkagum
3488,19.69,21.16,22.09,22.81,21.3,20.26,Gopstopper
3489,22.05,19.9,21.39,20.29,21.85,18.7,Gopstopper
3490,21.82,20.25,20.41,22.28,21.84,19.64,Gopstopper
3491,19.44,22.21,19.82,21.12,21.95,20.19,Wonkagum
3492,20.11,20.53,18.18,21.4,20.12,20.87,Wonkagum
3493,21.62,21.69,20.46,22.62,22.12,19.71,Gopstopper
3494,20.76,21.62,20.9,22.25,22.44,20.18,Gopstopper
3495,20.3,21.41,19.09,21.15,21.18,19.77,Wonkagum
3496,21.14,21.64,21.55,25.05,22.72,20.79,Gopstopper
3497,18.88,23.33,19.43,23.65,22.12,19.62,Wonkagum
3498,20.04,20.47,19.37,22.59,22.34,19.84,Wonkagum
3499,20.74,21.93,20.18,21.87,22.62,20.95,Wonkagum
3500,19.31,20.65,21.73,23.57,19.54,20.61,Gopstopper
3501,19.3,20.26,18.7,19.32,21.05,19.66,Wonkagum
3502,20.53,19.15,19.35,21.91,20.39,20.73,Gopstopper
3503,20.81,21.46,21.19,23.31,20.95,19.43,Gopstopper
3504,19.16,22.21,19.5,19.03,22.55,19.61,Wonkagum
3505,20.94,21.2,20.85,23.07,22.69,19.92,Gopstopper
3506,18.39,21.26,19.35,22.61,22.03,19.27,Wonkagum
3507,19.67,20.17,19.92,20.4,20.95,20.57,Wonkagum
3508,20.66,20.59,20.59,22.47,21.95,21.51,Gopstopper
3509,18.42,21.08,20.86,24.28,21.53,19.15,Wonkagum
3510,20.46,23.97,23.16,23.97,21.61,20.57,Gopstopper
3511,19.31,19.75,18.68,20.31,22.28,19.54,Wonkagum
3512,20.38,19.53,19.07,20.51,21.96,18.09,Wonkagum
3513,20.07,20.27,19.68,21.44,19.61,18.62,Wonkagum
3514,18.04,20.37,18.81,21.73,20.11,19.03,Wonkagum
3515,18.82,21.43,20.35,21.5,20.48,21.99,Wonkagum
3516,21.03,20.84,19.58,24.02,21.95,21.66,Gopstopper
3517,22.81,21.24,21.08,21.94,21.11,21.61,Gopstopper
3518,18.58,20.58,20.48,23.93,19.78,19.98,Gopstopper
3519,19.21,22.25,19.99,21.65,21.56,19.95,Wonkagum
3520,20.78,18.56,20.97,24.42,21.12,20.19,Gopstopper
3521,18.92,20.18,18.47,21.4,22.49,19.97,Wonkagum
3522,19.52,20.02,20.93,21.62,22.4,20.34,Wonkagum
3523,19.78,21.09,20.87,21.05,20.56,20.62,Wonkagum
3524,20.6,19.98,20.29,21.61,22.34,21.06,Gopstopper
3525,17.35,21.12,19.71,21.29,21.4,20.89,Wonkagum
3526,20.23,23.08,20.45,21.81,22.2,20.02,Wonkagum
3527,20.31,20.09,21.99,22.18,22.56,20.34,Gopstopper
3528,18.88,20.16,18.49,20.32,22.37,19.76,Wonkagum
3529,19.79,19.17,18.93,22.06,20.5,19.77,Gopstopper
3530,20.14,20.8,21.97,22.53,20.89,19.27,Gopstopper
3531,19.78,21.49,18.53,20.99,21.64,19.18,Wonkagum
3532,20.4,21.78,20.18,19.8,21.09,19.84,Wonkagum
3533,19.79,21.23,21.22,19.42,21.55,18.54,Wonkagum
3534,18.53,20.54,21.54,21.1,20.73,18.39,Wonkagum
3535,18.84,22.62,21.33,21.95,21.67,21.53,Wonkagum
3536,19.18,20.84,19.17,24.49,22.16,20.6,Gopstopper
3537,20.36,20.79,18.88,20.33,21.48,20.38,Wonkagum
3538,20.37,21.48,21.56,21.4,22.81,20.54,Wonkagum
3539,19.22,21.35,21.68,23.29,22.28,19.57,Wonkagum
3540,19.43,20.78,19.61,22.66,20.56,20.01,Wonkagum
3541,19.4,20.55,21.31,22.62,21.86,20.21,Gopstopper
3542,20.57,21.54,20.44,22.33,21.88,21.93,Gopstopper
3543,20.14,20.25,18.96,19.48,21.88,20.69,Wonkagum
3544,19.28,20.18,21.18,21.88,22.41,21.59,Gopstopper
3545,20.35,22.24,19.97,23.67,20.5,18.97,Gopstopper
3546,19.42,20.43,20.16,21.17,21.5,19.79,Wonkagum
3547,20.28,21.22,19.59,21.23,21.36,19.88,Wonkagum
3548,19.32,20.63,21.72,24.24,21.83,19.89,Gopstopper
3549,20.83,21.62,20.24,21.78,22.12,20.92,Gopstopper
3550,19.13,22.67,19.08,21.68,21.38,21.18,Wonkagum
3551,19.35,21.5,22.27,21.9,20.51,19.2,Wonkagum
3552,18.82,19.19,20.59,20.13,21.88,19.62,Wonkagum
3553,19.38,21.17,20.23,24.37,20.97,18.87,Gopstopper
3554,19.99,20.39,20.79,22.29,21.63,19.91,Gopstopper
3555,19.72,20.6,22.9,21.64,22.75,20.36,Gopstopper
3556,17.72,20.34,21.1,19.55,21.21,19.34,Wonkagum
3557,22.71,22.46,20.52,21.89,20.43,19.03,Gopstopper
3558,19.02,20.35,19.58,19.3,21.79,19.83,Wonkagum
3559,17.98,19.54,19.52,19.91,22.22,19.35,Wonkagum
3560,20.06,21.09,20.73,21.41,20.16,20.28,Gopstopper
3561,20.85,20.82,21.36,24.39,21.73,21.07,Gopstopper
3562,20.14,20.85,18.63,23.09,19.56,20.27,Gopstopper
3563,21.44,21.46,21.36,20.8,20.75,19.95,Gopstopper
3564,18.36,21.33,18.1,21.28,22.25,19.82,Wonkagum
3565,21.3,20.66,20.38,22.06,20.8,19.45,Gopstopper
3566,21.2,21.24,20.43,19.22,22.49,21.1,Wonkagum
3567,18.99,20.08,21.27,25.91,21.56,19.24,Gopstopper
3568,20.44,21.76,20.78,21.2,20.88,21.11,Gopstopper
3569,18.43,20.76,19.25,21.54,19.74,20.1,Wonkagum
3570,19.45,20.77,20.67,24.11,19.96,22.23,Gopstopper
3571,18.65,17.8,19.67,23.69,21.38,20.06,Gopstopper
3572,18.99,20.8,19.86,22.56,21.34,20.23,Wonkagum
3573,21.04,19.31,20.3,23.2,22.8,21.95,Gopstopper
3574,20.09,19.83,18.48,20.38,22.18,19.39,Wonkagum
3575,19.21,21.12,19.96,20.6,19.87,18.81,Wonkagum
3576,20.24,22.56,22.2,22.83,20.71,20.68,Gopstopper
3577,20.25,21.69,21.41,22.52,21.89,21.09,Gopstopper
3578,20.18,19.13,21.66,23.39,22.44,20.45,Gopstopper
3579,18.64,20.22,20.58,22.46,21.09,19.18,Wonkagum
3580,21.43,22.91,20.57,23.32,23.02,20.65,Gopstopper
3581,19.25,21.25,21.2,23.94,20.49,20.21,Gopstopper
3582,19.86,21.39,20.53,21.74,23.7,19.98,Wonkagum
3583,19.94,22.96,19.99,21.55,21.2,19.98,Wonkagum
3584,19.16,19.47,19.92,22.09,19.93,19.91,Gopstopper
3585,20.14,21.74,20.23,22.21,20.41,20.6,Gopstopper
3586,21.42,20.72,21.22,23.16,22.4,20.07,Gopstopper
3587,19.24,20.48,20.39,20.24,21.28,19.78,Wonkagum
3588,20.07,20.51,18.89,20.38,21.32,21.13,Wonkagum
3589,19.56,21.24,20.29,19.52,20.75,21.34,Wonkagum
3590,18.81,19.3,19.96,23.05,20.47,20.15,Gopstopper
3591,19.69,20.85,19.7,21.78,22.15,21.14,Wonkagum
3592,18.63,21.51,20.83,19.77,20.81,19.47,Wonkagum
3593,20.65,20.3,19.5,22.88,21.75,20.39,Gopstopper
3594,21.21,20.58,22.49,23.93,21.01,19.8,Gopstopper
3595,18.77,20.49,21.28,19.86,21.89,21.07,Wonkagum
3596,20.86,21.92,19.85,21.42,21.55,21.28,Wonkagum
3597,20.64,21.84,21.81,23.3,22.28,20.39,Gopstopper
3598,21.93,22.41,20.31,20.99,19.66,19.97,Gopstopper
3599,18.26,20.29,21.03,21.72,22.9,19.58,Wonkagum
3600,20.01,22.02,19.99,20.22,19.87,20.81,Wonkagum
3601,19.32,20.48,19.63,21.92,22.05,20.13,Wonkagum
3602,22.01,19.65,20.08,21.32,21.08,18.8,Gopstopper
3603,20.28,22.06,20.08,21.99,22.33,19.97,Wonkagum
3604,18.67,20.48,20.13,23.48,18.64,17.93,Wonkagum
3605,19.45,21.01,21.59,22.64,22.25,18.9,Wonkagum
3606,20.24,19.76,20.1,21.97,20.74,22.01,Gopstopper
3607,19.38,21.51,21.1,24.01,20.52,21.1,Gopstopper
3608,20.04,23.04,19.08,22.36,19.9,19.26,Wonkagum
3609,19.45,20.94,19.89,20.43,21.8,20.58,Wonkagum
3610,20.35,20.59,21.16,24.34,22.24,21.15,Gopstopper
3611,19.82,20.8,22.76,22.97,20.9,19.67,Gopstopper
3612,19.19,20.98,20.01,21.39,21.45,20.34,Wonkagum
3613,18.57,20.72,20.74,22.82,20.8,20.37,Wonkagum
3614,19.98,21.71,19.82,18.78,21.18,21.73,Wonkagum
3615,20.09,20.88,21.94,21.61,20.41,21.3,Gopstopper
3616,17.25,22.62,21.27,20.77,19.67,18.77,Wonkagum
3617,20.96,20.11,19.56,19.78,21.02,20.23,Wonkagum
3618,19.72,23.15,20.32,21.79,20.22,18.53,Wonkagum
3619,18.96,21.42,20.96,24.86,20.55,19.25,Gopstopper
3620,19.81,21.37,21.33,21.87,23.14,19.75,Wonkagum
3621,19.54,21.54,20.44,22.71,20.63,20.98,Gopstopper
3622,19.58,22.1,19.83,21.29,21.98,18.24,Wonkagum
3623,19.07,22.64,19.56,22.39,21.35,19.66,Wonkagum
3624,18.49,19.91,19.02,22.95,20.62,20.32,Wonkagum
3625,19.44,21.78,19.61,23.3,23.22,20.48,Wonkagum
3626,20.26,21.08,19.32,22.29,21.62,22.53,Gopstopper
3627,19.76,21.52,20.73,22.64,20.47,18.82,Wonkagum
3628,20.33,19.82,21.15,23.94,22.2,21.68,Gopstopper
3629,19.55,20.93,21.59,22.96,21.14,18.81,Gopstopper
3630,19.68,20.02,18.91,19.99,22.1,20.38,Wonkagum
3631,18.79,20.02,19.7,21.03,21.36,21.58,Wonkagum
3632,19.99,21.01,19.66,23.71,21.54,19.35,Gopstopper
3633,18.74,20.53,20.96,21.76,23.44,21.2,Wonkagum
3634,20.56,20.28,20.22,20.84,22.18,19.6,Wonkagum
3635,20.33,19.5,21.51,23.39,22.16,19.13,Gopstopper
3636,20.11,20.98,20.52,23.25,21.38,20.5,Gopstopper
3637,20.99,21.09,20.55,22.76,20.14,21.16,Gopstopper
3638,20.3,20.62,21.44,23.09,19.95,19.84,Gopstopper
3639,20.03,20.91,22.8,23.42,20.4,18.66,Gopstopper
3640,20.23,20.72,19.66,23.26,22.32,20.46,Gopstopper
3641,19.37,19.21,19.19,22.03,22.83,20.76,Wonkagum
3642,20.12,21.19,20.03,22.09,21.95,19.44,Wonkagum
3643,21.67,20.11,20.3,22.37,21.91,19.25,Gopstopper
3644,20.25,20.01,22.36,23.55,21.05,20.31,Gopstopper
3645,21.26,22.01,22.59,20.47,20.77,18.14,Wonkagum
3646,20.98,20.06,19.86,21.52,22.85,19.68,Wonkagum
3647,20.15,21.18,19.22,20.19,21.74,18.77,Wonkagum
3648,20.14,20.84,19.46,21.69,20.69,18.93,Wonkagum
3649,20.07,21.37,21.08,20.88,20.93,19.98,Wonkagum
3650,19.41,21.69,20.19,23.95,22.72,21.87,Gopstopper
3651,19.2,21.33,20.97,21.94,20.81,18.8,Wonkagum
3652,20.96,21.3,19.99,20.78,19.68,19.64,Wonkagum
3653,20.83,20.42,19.93,20.52,20.67,20.64,Gopstopper
3654,20.36,20.01,20.29,21.28,20.98,19.38,Wonkagum
3655,18.61,20.39,18.67,21.31,21.67,19.32,Wonkagum
3656,21.44,23.1,20.4,22.26,20.36,18.89,Wonkagum
3657,20.21,21.97,20.41,23.21,22.28,19.59,Wonkagum
3658,19.06,22.06,20.36,21.88,22.84,20.94,Wonkagum
3659,20.2,19.74,20.06,22.61,21.31,20.59,Gopstopper
3660,18.21,19.95,21.48,21.82,21.84,19.96,Wonkagum
3661,19.31,21.54,19.67,22.43,22.28,20.03,Wonkagum
3662,19.85,20.15,21.75,21.64,22.04,20.83,Gopstopper
3663,19.18,20.93,20.81,21.32,20.3,18.75,Wonkagum
3664,20.17,20.39,20.38,22.72,22.32,19.42,Gopstopper
3665,20.26,21.72,18.14,20.5,19.68,19.33,Wonkagum
3666,19.94,21.87,20.89,22.42,22.35,19.07,Wonkagum
3667,20.29,20.01,22.11,24.09,22.71,20.72,Gopstopper
3668,19.59,20.51,20.28,20.83,21.4,18.48,Wonkagum
3669,21.06,18.86,19.87,22.16,21.91,20.39,Gopstopper
3670,19.13,21.37,22.04,21.66,22.97,19.42,Wonkagum
3671,21.85,21.28,21.77,21.55,22.17,21.37,Gopstopper
3672,22.63,22.34,21.7,21.55,23.19,19.99,Gopstopper
3673,19.53,21.06,20.34,22.13,20.48,18.95,Wonkagum
3674,20.07,20.15,19.79,21.84,21.0,20.52,Gopstopper
3675,21.46,22.52,21.76,22.75,20.84,21.65,Gopstopper
3676,18.53,21.09,20.41,20.98,19.43,19.84,Wonkagum
3677,20.28,19.71,20.41,23.01,22.52,20.27,Gopstopper
3678,20.19,21.63,22.36,22.9,19.53,20.35,Gopstopper
3679,19.08,21.38,19.62,21.2,21.29,21.69,Wonkagum
3680,20.02,21.41,19.2,21.86,20.62,20.97,Wonkagum
3681,19.33,21.56,22.08,21.93,20.11,20.46,Gopstopper
3682,19.22,20.38,21.05,23.37,21.96,19.93,Gopstopper
3683,21.33,22.45,20.86,23.28,19.73,19.58,Gopstopper
3684,18.87,20.12,19.38,20.22,21.38,21.0,Wonkagum
3685,18.72,19.92,20.66,22.49,23.29,19.07,Wonkagum
3686,19.62,20.69,20.69,20.34,21.08,19.55,Wonkagum
3687,19.66,22.86,20.29,23.67,22.4,20.5,Wonkagum
3688,20.46,20.16,19.14,21.89,21.72,19.43,Wonkagum
3689,18.11,21.52,20.77,22.37,21.28,20.55,Wonkagum
3690,19.46,19.92,20.37,21.93,20.17,20.5,Gopstopper
3691,20.75,20.28,20.76,22.81,21.93,22.71,Gopstopper
3692,18.82,19.24,21.58,20.0,21.27,19.79,Wonkagum
3693,21.48,21.1,21.72,21.87,22.16,18.8,Gopstopper
3694,19.85,20.89,19.73,22.81,19.86,19.86,Gopstopper
3695,22.05,21.47,21.16,22.58,20.83,22.13,Gopstopper
3696,19.72,19.93,21.9,23.51,22.38,20.43,Gopstopper
3697,20.63,21.67,22.39,22.68,22.23,20.27,Gopstopper
3698,20.19,20.93,21.81,22.23,20.37,21.01,Gopstopper
3699,19.41,19.86,19.6,21.01,21.68,21.27,Wonkagum
3700,19.33,20.56,22.0,22.84,20.88,19.51,Gopstopper
3701,20.16,20.93,21.47,22.09,21.21,19.86,Gopstopper
3702,19.47,19.84,19.2,21.94,21.2,20.93,Gopstopper
3703,19.44,20.68,18.55,24.21,20.7,20.71,Gopstopper
3704,20.1,21.08,17.94,22.59,22.7,21.8,Wonkagum
3705,17.92,21.94,20.11,20.33,21.64,19.79,Wonkagum
3706,19.48,21.26,21.1,22.48,22.17,20.89,Gopstopper
3707,18.81,19.82,20.62,22.01,22.76,20.18,Wonkagum
3708,18.76,22.29,19.9,24.38,22.94,19.97,Wonkagum
3709,19.11,20.24,22.35,21.96,22.79,19.81,Wonkagum
3710,21.09,20.0,21.73,21.74,21.01,21.02,Gopstopper
3711,20.01,19.26,20.49,21.35,22.37,20.98,Gopstopper
3712,20.79,19.88,21.2,22.09,23.22,21.9,Gopstopper
3713,20.76,20.68,20.63,22.58,22.44,19.7,Gopstopper
3714,20.23,21.04,22.53,24.07,21.46,20.25,Gopstopper
3715,21.66,21.95,19.85,22.93,22.95,19.88,Gopstopper
3716,19.17,20.12,20.96,21.18,21.56,22.38,Gopstopper
3717,21.71,20.54,21.43,22.38,22.1,20.13,Gopstopper
3718,20.79,20.92,20.88,19.89,21.04,21.6,Gopstopper
3719,19.64,19.78,21.68,22.89,21.11,19.84,Gopstopper
3720,19.99,20.92,20.85,22.93,20.67,19.75,Gopstopper
3721,22.77,22.37,20.46,23.83,22.09,20.05,Gopstopper
3722,19.33,19.19,20.5,21.47,22.1,20.66,Gopstopper
3723,19.11,22.77,20.19,23.7,22.03,20.7,Wonkagum
3724,18.86,20.39,20.24,23.66,22.15,20.83,Gopstopper
3725,20.95,23.11,21.32,22.69,21.56,19.7,Gopstopper
3726,20.84,21.21,21.91,23.14,21.87,21.05,Gopstopper
3727,21.99,20.7,19.41,18.88,21.31,22.63,Gopstopper
3728,19.28,20.42,22.23,22.44,22.93,21.13,Gopstopper
3729,20.22,20.42,21.06,21.54,21.61,19.1,Wonkagum
3730,20.88,22.02,21.04,22.16,23.03,20.75,Gopstopper
3731,18.11,21.26,22.14,21.55,21.16,18.73,Wonkagum
3732,18.9,21.23,22.5,23.92,21.66,20.9,Gopstopper
3733,19.15,21.42,21.05,22.78,23.05,19.11,Wonkagum
3734,18.14,19.54,20.61,24.01,20.29,20.79,Gopstopper
3735,18.73,20.33,18.98,20.63,21.48,20.57,Wonkagum
3736,18.45,21.93,19.83,21.47,20.8,21.21,Wonkagum
3737,20.75,20.65,20.2,22.21,20.19,19.03,Gopstopper
3738,20.22,19.74,20.04,19.47,22.03,20.03,Wonkagum
3739,20.87,19.22,21.23,20.08,21.14,21.63,Gopstopper
3740,19.54,22.07,19.58,22.65,20.96,20.3,Wonkagum
3741,19.85,22.09,18.73,20.6,20.95,21.6,Wonkagum
3742,20.52,21.52,20.65,22.29,23.09,19.78,Wonkagum
3743,21.39,18.97,19.67,22.8,21.81,21.59,Gopstopper
3744,18.83,22.08,21.65,22.92,20.58,19.95,Wonkagum
3745,19.68,20.24,19.91,19.41,20.92,20.03,Wonkagum
3746,20.68,21.54,22.42,24.43,22.07,21.24,Gopstopper
3747,17.89,20.8,19.47,22.59,22.91,20.04,Wonkagum
3748,20.53,21.48,22.49,21.96,22.71,19.45,Gopstopper
3749,20.05,23.27,19.88,22.68,21.71,20.33,Wonkagum
3750,20.66,22.3,22.27,25.28,24.36,21.94,Gopstopper
3751,21.01,21.73,19.92,21.84,20.99,18.98,Wonkagum
3752,22.21,20.42,18.93,22.41,23.44,20.46,Gopstopper
3753,19.19,21.83,20.76,22.35,21.86,19.81,Wonkagum
3754,20.57,22.56,20.08,21.87,20.98,21.56,Gopstopper
3755,20.45,23.64,21.03,21.46,20.54,20.0,Wonkagum
3756,23.76,21.7,20.51,23.45,22.06,20.38,Gopstopper
3757,20.74,22.56,21.03,23.55,20.62,20.61,Gopstopper
3758,19.91,21.82,21.02,23.42,22.23,20.21,Gopstopper
3759,19.61,22.27,20.97,22.59,21.73,21.08,Wonkagum
3760,19.52,21.47,20.77,23.05,20.61,19.55,Gopstopper
3761,19.23,21.67,19.93,22.41,21.09,20.49,Wonkagum
3762,22.68,24.14,20.46,23.3,20.98,20.55,Gopstopper
3763,21.99,20.18,20.8,21.96,21.2,21.34,Gopstopper
3764,20.86,20.73,19.35,22.38,21.05,20.96,Gopstopper
3765,22.14,21.54,20.03,22.4,21.29,20.13,Gopstopper
3766,20.82,21.04,19.09,23.59,19.81,19.51,Gopstopper
3767,19.0,20.83,19.83,21.6,21.85,19.67,Wonkagum
3768,19.69,22.04,22.03,24.05,21.41,21.1,Gopstopper
3769,21.07,21.85,21.44,22.32,21.46,20.14,Gopstopper
3770,20.03,22.79,22.86,24.13,22.17,18.67,Gopstopper
3771,20.06,19.94,20.43,19.68,21.6,20.82,Wonkagum
3772,19.37,20.34,20.8,22.36,21.57,21.77,Gopstopper
3773,20.27,20.05,20.3,22.15,21.07,19.25,Gopstopper
3774,21.1,22.21,21.6,21.96,21.27,21.33,Gopstopper
3775,19.04,20.71,19.98,19.91,24.48,20.12,Wonkagum
3776,19.25,19.44,20.91,20.32,21.52,20.34,Wonkagum
3777,18.39,21.51,21.21,20.27,20.49,20.66,Wonkagum
3778,22.07,19.46,20.53,20.63,21.58,20.47,Gopstopper
3779,18.64,19.11,22.45,20.66,22.65,19.86,Wonkagum
3780,20.6,21.34,21.85,22.09,21.46,20.22,Gopstopper
3781,19.83,20.06,21.16,23.12,22.46,21.08,Gopstopper
3782,20.45,20.12,19.38,21.31,21.85,21.1,Gopstopper
3783,21.69,19.71,20.96,21.44,19.9,20.21,Gopstopper
3784,19.02,21.24,19.64,21.48,19.87,20.22,Wonkagum
3785,20.98,21.1,19.96,19.81,20.69,21.0,Wonkagum
3786,20.4,20.62,21.15,24.87,22.14,19.91,Gopstopper
3787,20.51,20.75,19.21,21.04,21.42,20.35,Wonkagum
3788,17.86,20.45,19.54,21.16,22.54,20.63,Wonkagum
3789,17.73,20.41,19.84,22.53,21.54,19.21,Wonkagum
3790,20.49,20.33,20.77,22.31,20.75,21.56,Gopstopper
3791,19.61,21.31,21.32,22.34,21.59,19.36,Wonkagum
3792,19.36,19.57,19.25,21.87,22.48,18.66,Wonkagum
3793,20.23,21.43,21.9,21.43,22.36,18.57,Wonkagum
3794,19.19,20.19,20.76,23.91,23.43,18.62,Wonkagum
3795,19.54,20.31,22.19,23.67,22.55,21.45,Gopstopper
3796,19.77,20.8,19.25,20.67,20.96,18.93,Wonkagum
3797,20.54,21.93,19.73,24.06,20.26,20.53,Gopstopper
3798,17.54,18.52,19.67,22.28,21.64,18.73,Wonkagum
3799,20.21,21.03,20.89,22.43,21.92,17.77,Wonkagum
3800,19.33,23.18,20.95,20.62,20.42,19.62,Wonkagum
3801,19.55,22.06,18.81,21.84,22.4,21.81,Wonkagum
3802,20.71,23.02,20.45,21.45,20.91,20.73,Wonkagum
3803,18.47,19.76,20.6,23.12,23.1,21.65,Gopstopper
3804,18.65,19.54,18.45,21.05,20.29,18.6,Wonkagum
3805,20.3,22.55,20.85,24.19,23.73,20.1,Gopstopper
3806,20.64,21.44,22.13,24.43,23.09,22.13,Gopstopper
3807,19.99,21.75,21.95,20.89,20.42,16.91,Wonkagum
3808,19.59,20.92,20.42,20.34,20.12,18.2,Wonkagum
3809,20.65,21.59,20.4,22.83,20.4,19.58,Gopstopper
3810,18.65,19.09,19.58,22.15,21.53,20.22,Wonkagum
3811,19.21,20.27,20.47,22.27,20.33,19.74,Gopstopper
3812,20.2,21.08,19.32,21.02,21.65,20.44,Wonkagum
3813,19.94,20.77,20.02,22.26,19.7,19.9,Gopstopper
3814,18.8,21.88,19.97,24.57,20.4,19.67,Gopstopper
3815,20.04,20.85,21.25,21.82,22.54,19.71,Wonkagum
3816,21.61,22.42,20.4,19.57,21.46,19.13,Wonkagum
3817,20.41,19.69,19.0,21.68,21.66,20.66,Gopstopper
3818,19.21,20.37,19.19,24.08,21.83,22.2,Gopstopper
3819,19.59,20.9,19.59,18.84,19.74,22.03,Wonkagum
3820,20.29,21.68,20.66,20.89,20.68,19.63,Wonkagum
3821,19.95,20.61,21.65,23.16,22.05,21.21,Gopstopper
3822,20.68,20.59,20.24,20.91,21.24,20.29,Wonkagum
3823,20.07,19.49,20.64,20.45,22.15,20.72,Wonkagum
3824,18.19,19.63,19.43,23.78,21.97,20.38,Wonkagum
3825,21.35,21.05,20.79,20.44,21.83,18.94,Wonkagum
3826,18.32,20.88,20.73,22.22,23.08,18.98,Wonkagum
3827,18.42,21.58,20.42,22.23,22.92,20.73,Wonkagum
3828,19.87,20.61,21.11,22.41,20.75,21.03,Gopstopper
3829,21.08,20.83,19.66,21.69,20.96,19.42,Gopstopper
3830,19.4,21.39,19.56,20.16,20.32,21.38,Wonkagum
3831,20.4,20.66,20.43,22.51,21.35,21.57,Gopstopper
3832,19.87,21.02,19.4,21.17,22.45,20.32,Wonkagum
3833,19.24,22.37,20.77,22.63,21.66,18.55,Wonkagum
3834,20.48,22.0,20.88,22.45,20.36,17.85,Wonkagum
3835,18.07,18.82,19.4,22.17,21.93,20.5,Wonkagum
3836,20.05,19.37,21.39,22.79,20.12,20.44,Gopstopper
3837,18.26,21.22,22.13,21.67,20.71,20.06,Wonkagum
3838,19.68,20.58,20.51,19.7,22.26,19.5,Wonkagum
3839,19.71,21.4,22.01,23.49,21.4,18.41,Gopstopper
3840,20.67,22.72,22.57,22.68,20.85,19.14,Gopstopper
3841,19.21,22.31,20.17,22.53,21.56,19.25,Wonkagum
3842,18.2,21.1,20.56,22.86,21.78,21.07,Wonkagum
3843,19.31,21.14,19.91,21.39,20.9,21.36,Wonkagum
3844,19.4,20.03,22.25,21.98,22.17,20.42,Gopstopper
3845,19.42,20.6,19.92,20.14,20.66,19.76,Wonkagum
3846,21.3,19.69,21.38,20.53,22.45,20.15,Gopstopper
3847,21.01,21.72,20.06,23.4,23.22,20.9,Gopstopper
3848,20.25,22.96,21.27,23.25,21.72,20.6,Gopstopper
3849,19.72,20.1,18.7,22.1,21.01,21.16,Gopstopper
3850,20.07,22.23,22.05,24.93,22.46,21.19,Gopstopper
3851,19.63,18.77,20.75,22.15,19.87,19.6,Gopstopper
3852,20.57,19.74,18.46,22.63,22.07,20.0,Gopstopper
3853,19.55,20.41,20.41,22.02,21.68,20.16,Wonkagum
3854,19.71,21.73,21.97,21.88,21.91,22.47,Gopstopper
3855,17.99,19.29,20.0,21.91,22.43,19.26,Wonkagum
3856,20.98,19.62,18.92,19.24,21.22,21.19,Wonkagum
3857,18.36,19.56,18.71,22.65,22.18,20.28,Wonkagum
3858,20.24,23.38,21.51,22.99,22.78,19.4,Wonkagum
3859,21.76,22.51,21.34,21.86,23.57,20.46,Gopstopper
3860,19.45,20.28,20.2,23.47,21.19,20.53,Gopstopper
3861,19.66,20.48,19.32,23.25,20.25,18.96,Gopstopper
3862,19.0,20.26,18.9,22.65,21.35,19.7,Wonkagum
3863,18.47,19.64,19.93,21.98,21.86,20.57,Wonkagum
3864,20.66,20.79,21.98,21.5,21.6,20.57,Gopstopper
3865,20.39,19.34,18.85,22.81,21.83,17.83,Wonkagum
3866,18.86,19.35,20.68,21.08,20.57,19.78,Wonkagum
3867,19.11,20.09,20.47,20.74,21.92,19.87,Wonkagum
3868,18.67,19.56,17.73,23.18,23.45,19.28,Wonkagum
3869,19.01,20.63,18.43,23.76,22.48,20.11,Wonkagum
3870,18.85,20.15,20.48,21.55,20.11,20.4,Wonkagum
3871,19.82,20.53,20.37,20.5,21.73,19.56,Wonkagum
3872,19.17,23.84,20.97,22.9,22.78,21.98,Wonkagum
3873,19.13,22.51,22.68,22.12,21.11,18.79,Wonkagum
3874,22.23,21.13,20.22,20.23,20.8,20.4,Gopstopper
3875,19.62,21.69,21.4,23.22,21.72,21.17,Gopstopper
3876,20.04,22.05,20.68,23.38,21.26,19.08,Wonkagum
3877,18.84,20.86,18.36,21.64,22.01,20.89,Wonkagum
3878,21.86,20.55,19.18,21.66,21.11,21.06,Gopstopper
3879,19.95,22.45,22.93,22.62,22.48,21.02,Gopstopper
3880,20.16,22.15,20.1,23.66,21.59,21.35,Gopstopper
3881,19.6,22.49,20.76,25.22,21.74,20.03,Gopstopper
3882,20.8,22.27,19.89,24.8,21.47,20.57,Gopstopper
3883,19.56,21.93,20.4,20.85,22.13,19.78,Wonkagum
3884,19.32,23.74,21.09,22.94,21.35,19.87,Wonkagum
3885,21.56,21.16,22.14,22.44,19.97,21.14,Gopstopper
3886,19.48,22.29,21.33,21.17,21.85,21.49,Wonkagum
3887,18.34,21.65,19.8,21.92,21.58,20.04,Wonkagum
3888,21.23,20.49,21.42,20.15,20.78,21.18,Gopstopper
3889,19.37,21.4,19.75,20.19,19.76,17.67,Wonkagum
3890,19.97,19.79,21.31,21.7,21.82,21.29,Gopstopper
3891,19.56,20.72,20.68,21.74,21.42,18.98,Wonkagum
3892,19.0,21.55,20.19,23.14,21.44,22.08,Gopstopper
3893,21.39,20.63,18.42,22.21,18.46,18.86,Gopstopper
3894,17.62,21.41,21.82,23.42,21.97,21.41,Wonkagum
3895,19.99,19.75,20.62,20.45,22.42,18.68,Wonkagum
3896,19.23,20.45,19.35,21.05,21.22,19.06,Wonkagum
3897,20.48,21.59,21.24,20.8,20.58,19.51,Wonkagum
3898,18.31,19.19,20.96,21.77,20.89,19.65,Wonkagum
3899,18.64,21.0,21.0,21.34,21.16,18.55,Wonkagum
3900,19.52,21.77,20.49,23.24,20.48,21.23,Gopstopper
3901,19.65,19.75,21.2,21.84,20.93,20.12,Gopstopper
3902,20.02,20.85,19.84,21.7,20.68,20.77,Gopstopper
3903,19.0,20.88,20.36,23.19,23.42,19.82,Wonkagum
3904,20.22,19.94,21.14,23.5,20.21,18.74,Gopstopper
3905,19.6,21.21,20.22,22.34,20.59,18.42,Wonkagum
3906,19.52,21.69,20.32,20.1,21.76,18.64,Wonkagum
3907,18.6,22.59,20.45,21.95,20.41,18.87,Wonkagum
3908,19.4,20.38,20.55,21.69,20.31,17.97,Wonkagum
3909,21.87,20.9,20.37,21.98,19.52,19.94,Gopstopper
3910,20.04,21.26,21.07,22.69,21.16,20.51,Gopstopper
3911,20.1,20.58,21.36,23.7,20.27,20.2,Gopstopper
3912,21.37,23.08,19.8,22.09,20.6,18.71,Wonkagum
3913,20.78,21.0,20.46,23.46,22.32,20.69,Gopstopper
3914,21.34,22.63,19.71,22.53,21.21,20.03,Gopstopper
3915,20.43,21.15,20.91,21.89,20.38,18.24,Wonkagum
3916,18.1,19.49,19.68,23.43,21.31,20.86,Gopstopper
3917,19.97,21.76,21.87,23.51,21.32,20.8,Gopstopper
3918,20.32,20.6,20.09,22.88,21.72,18.59,Wonkagum
3919,21.41,21.02,20.38,22.47,20.72,20.48,Gopstopper
3920,20.76,21.02,19.96,22.89,21.19,18.56,Gopstopper
3921,19.92,20.52,19.22,20.88,22.38,20.87,Wonkagum
3922,18.72,19.34,20.74,20.19,22.13,20.17,Wonkagum
3923,20.73,21.0,21.46,20.33,22.52,20.07,Wonkagum
3924,20.47,22.51,22.39,21.81,20.67,20.38,Gopstopper
3925,19.67,21.55,20.71,23.31,23.23,20.89,Gopstopper
3926,21.68,22.61,21.21,20.96,21.8,21.61,Gopstopper
3927,19.79,20.85,22.43,22.03,21.66,20.96,Gopstopper
3928,19.92,20.59,20.99,22.22,21.9,20.44,Gopstopper
3929,21.01,22.43,21.98,21.59,21.83,20.95,Gopstopper
3930,20.25,20.69,20.72,21.65,22.23,20.15,Wonkagum
3931,19.04,19.69,18.51,20.65,20.89,19.34,Wonkagum
3932,19.24,21.07,21.02,21.28,21.51,21.0,Wonkagum
3933,20.78,22.48,20.08,22.77,20.51,20.69,Gopstopper
3934,19.36,21.31,19.69,21.61,22.32,20.82,Wonkagum
3935,21.39,20.59,19.09,19.74,21.05,19.6,Wonkagum
3936,19.4,20.19,21.31,22.2,22.71,21.06,Gopstopper
3937,22.27,21.43,20.12,20.18,20.94,20.62,Gopstopper
3938,21.53,22.03,20.89,22.98,22.89,22.1,Gopstopper
3939,19.97,22.15,20.74,22.75,21.35,20.2,Wonkagum
3940,19.79,20.29,20.91,21.5,20.47,20.49,Gopstopper
3941,20.92,21.78,20.31,21.47,21.07,19.4,Wonkagum
3942,19.21,21.34,19.75,22.96,21.7,19.08,Wonkagum
3943,19.26,19.58,20.22,21.79,21.9,19.99,Wonkagum
3944,19.12,20.85,19.34,21.54,21.18,20.6,Wonkagum
3945,18.21,20.75,21.19,23.87,21.9,21.18,Gopstopper
3946,19.19,20.02,20.75,23.41,20.98,20.88,Gopstopper
3947,20.29,22.14,19.81,22.39,22.31,22.11,Gopstopper
3948,21.3,21.01,19.4,24.67,21.43,21.48,Gopstopper
3949,21.48,22.09,20.05,21.97,21.05,21.44,Gopstopper
3950,20.79,19.69,19.2,20.91,21.61,20.76,Gopstopper
3951,19.83,19.31,18.94,20.91,19.81,20.67,Gopstopper
3952,20.39,20.87,20.6,23.07,22.38,21.0,Gopstopper
3953,20.19,21.6,20.43,22.38,21.95,23.03,Gopstopper
3954,19.29,20.43,19.93,22.18,20.93,19.64,Wonkagum
3955,20.38,20.51,19.85,20.2,21.35,20.2,Wonkagum
3956,19.27,21.03,20.12,23.02,21.31,20.73,Gopstopper
3957,21.16,20.58,22.68,23.23,22.92,22.11,Gopstopper
3958,21.63,22.66,19.83,21.67,22.27,20.33,Wonkagum
3959,19.57,22.24,20.03,20.88,21.36,18.71,Wonkagum
3960,20.55,20.56,20.84,23.12,21.92,21.37,Gopstopper
3961,20.94,20.89,21.73,22.96,22.51,20.62,Gopstopper
3962,19.28,20.4,20.52,22.18,23.41,21.25,Wonkagum
3963,21.28,20.54,20.21,21.57,21.44,20.47,Gopstopper
3964,20.82,21.24,20.23,22.14,21.72,20.0,Gopstopper
3965,20.28,19.35,20.33,23.53,22.34,21.45,Gopstopper
3966,20.34,21.6,21.13,22.42,23.15,20.82,Gopstopper
3967,20.32,21.06,20.8,20.43,21.31,21.91,Gopstopper
3968,20.17,20.57,20.48,22.25,21.79,19.25,Wonkagum
3969,19.95,22.32,21.77,23.45,23.08,22.77,Gopstopper
3970,22.93,22.86,21.63,22.35,21.02,21.68,Gopstopper
3971,20.58,22.37,19.67,20.57,21.69,20.77,Wonkagum
3972,19.55,21.1,20.0,21.4,20.0,18.38,Wonkagum
3973,20.77,21.9,19.89,22.37,20.77,20.06,Gopstopper
3974,19.05,20.16,19.7,22.1,20.28,22.06,Gopstopper
3975,20.34,21.74,19.82,22.35,23.18,20.26,Wonkagum
3976,21.12,21.62,20.62,24.81,22.4,19.69,Gopstopper
3977,21.58,21.55,21.02,21.01,22.07,19.76,Gopstopper
3978,20.25,21.27,20.66,22.02,20.78,21.08,Gopstopper
3979,21.31,20.88,20.24,23.9,20.95,19.74,Gopstopper
3980,20.85,23.34,22.5,22.82,20.81,20.34,Gopstopper
3981,20.74,22.96,22.29,21.11,21.93,21.18,Wonkagum
3982,19.88,22.5,20.65,21.0,22.12,20.45,Wonkagum
3983,19.4,20.26,19.93,21.01,21.26,20.41,Wonkagum
3984,19.38,19.73,19.88,23.52,21.77,21.57,Gopstopper
3985,18.76,21.45,19.16,20.04,22.12,21.21,Wonkagum
3986,19.26,19.13,21.48,23.89,22.3,21.51,Gopstopper
3987,20.74,22.95,19.93,21.75,22.36,21.23,Wonkagum
3988,19.15,20.2,21.36,21.62,21.59,20.47,Wonkagum
3989,19.59,20.76,19.9,21.45,20.77,20.03,Wonkagum
3990,19.06,20.67,21.44,21.79,22.6,22.08,Gopstopper
3991,19.36,23.56,20.84,23.31,20.64,21.56,Wonkagum
3992,20.04,19.72,21.21,20.88,21.14,18.85,Wonkagum
3993,17.68,19.26,20.22,23.36,20.18,19.71,Wonkagum
3994,20.51,21.27,21.04,20.66,20.89,19.55,Wonkagum
3995,21.19,21.1,21.32,21.91,21.75,20.89,Gopstopper
3996,20.04,19.89,19.72,22.1,21.41,19.07,Wonkagum
3997,19.41,22.34,20.89,22.07,19.94,19.09,Wonkagum
3998,19.71,21.78,20.78,22.52,22.79,21.83,Gopstopper
3999,19.5,21.33,19.52,22.23,19.85,18.7,Wonkagum
4000,20.57,21.91,20.29,21.58,20.79,19.26,Wonkagum
4001,20.39,19.68,21.58,23.68,20.18,19.68,Gopstopper
4002,20.52,20.58,19.96,21.05,20.29,19.2,Wonkagum
4003,20.26,19.6,20.2,22.49,20.99,20.01,Gopstopper
4004,19.01,21.52,19.43,22.35,21.49,19.62,Wonkagum
4005,20.48,23.57,20.59,22.43,21.64,20.02,Wonkagum
4006,18.71,22.14,21.64,23.58,23.36,20.18,Wonkagum
4007,19.7,22.56,20.46,23.1,22.66,20.13,Wonkagum
4008,20.23,20.27,21.81,22.14,22.03,18.98,Gopstopper
4009,19.52,21.15,20.94,23.51,21.47,19.07,Gopstopper
4010,19.47,20.11,19.72,21.96,21.65,20.18,Wonkagum
4011,18.85,18.73,18.76,20.55,19.33,19.55,Wonkagum
4012,20.05,17.86,18.38,21.4,22.01,19.89,Gopstopper
4013,20.05,20.42,21.32,23.85,22.29,21.38,Gopstopper
4014,20.28,21.38,21.48,18.77,22.18,19.07,Wonkagum
4015,19.82,21.36,19.12,21.41,22.27,19.33,Wonkagum
4016,20.29,21.9,22.35,23.33,24.06,20.85,Gopstopper
4017,19.25,22.58,21.58,20.26,21.27,20.29,Wonkagum
4018,21.2,21.66,21.14,23.22,21.82,19.86,Gopstopper
4019,20.38,22.3,20.92,22.06,21.22,19.92,Wonkagum
4020,19.67,20.98,18.85,20.48,21.06,19.61,Wonkagum
4021,19.21,20.72,19.53,22.73,22.09,21.58,Wonkagum
4022,19.08,19.99,19.74,24.33,21.41,19.23,Gopstopper
4023,19.78,21.42,20.1,22.93,20.94,18.83,Wonkagum
4024,20.46,20.68,19.0,21.92,21.25,19.81,Wonkagum
4025,19.63,21.77,20.06,21.0,21.22,20.73,Wonkagum
4026,20.53,22.0,21.2,21.84,20.34,19.09,Wonkagum
4027,20.5,20.2,19.85,21.25,20.54,20.9,Gopstopper
4028,20.88,21.54,20.25,20.69,21.91,20.41,Wonkagum
4029,21.11,19.35,20.22,21.12,22.01,20.98,Gopstopper
4030,22.1,19.51,21.07,23.16,19.87,18.4,Gopstopper
4031,20.74,21.59,20.95,22.4,19.59,20.03,Gopstopper
4032,19.93,21.31,18.71,21.22,21.96,19.55,Wonkagum
4033,19.52,22.59,21.71,22.38,22.34,20.96,Wonkagum
4034,20.1,20.63,22.16,23.05,23.31,21.27,Gopstopper
4035,20.27,21.45,21.3,22.76,21.17,19.97,Gopstopper
4036,18.34,21.31,21.38,22.9,22.48,19.9,Wonkagum
4037,19.46,18.61,21.5,21.49,21.43,20.32,Gopstopper
4038,20.33,20.8,21.97,21.64,20.54,20.58,Gopstopper
4039,19.96,19.61,20.03,22.39,21.49,21.46,Gopstopper
4040,20.79,21.49,21.69,21.91,23.36,18.55,Wonkagum
4041,19.77,21.72,22.53,23.27,20.48,19.83,Gopstopper
4042,20.11,21.93,21.76,23.64,21.83,18.85,Gopstopper
4043,20.61,21.7,20.27,22.68,22.65,19.38,Wonkagum
4044,20.8,21.46,20.28,20.9,20.06,21.64,Gopstopper
4045,20.16,20.44,19.39,21.33,22.11,21.41,Wonkagum
4046,18.02,21.69,20.54,22.97,20.8,18.44,Wonkagum
4047,19.8,21.42,21.5,22.08,22.2,22.17,Gopstopper
4048,18.03,21.16,19.37,21.43,21.54,22.73,Wonkagum
4049,19.63,20.16,19.88,21.98,21.0,21.02,Gopstopper
4050,19.98,22.41,21.44,23.3,21.42,20.32,Gopstopper
4051,19.79,21.47,21.01,23.15,20.95,20.55,Gopstopper
4052,18.96,20.44,19.62,20.13,22.0,19.47,Wonkagum
4053,20.56,21.72,21.01,20.62,20.16,19.63,Wonkagum
4054,20.6,21.32,19.91,20.47,20.4,21.46,Wonkagum
4055,20.0,19.92,19.46,21.08,22.81,22.19,Wonkagum
4056,20.24,19.79,18.82,19.06,20.49,18.8,Wonkagum
4057,19.6,21.44,20.69,20.76,22.63,20.09,Wonkagum
4058,20.91,20.86,21.25,22.15,21.78,20.16,Gopstopper
4059,20.71,18.8,21.17,23.33,21.85,20.46,Gopstopper
4060,21.55,22.34,20.79,19.7,21.87,19.12,Wonkagum
4061,21.15,21.13,19.35,23.06,22.55,21.89,Gopstopper
4062,21.34,22.17,20.96,22.93,22.87,21.71,Gopstopper
4063,20.59,20.49,20.09,20.87,21.61,22.12,Gopstopper
4064,20.49,22.45,23.3,23.11,19.71,20.57,Gopstopper
4065,20.69,20.91,19.29,21.47,20.61,20.52,Gopstopper
4066,18.85,21.54,20.86,21.94,21.07,20.11,Wonkagum
4067,21.02,20.49,19.63,20.15,21.99,19.38,Wonkagum
4068,19.77,21.27,18.97,20.93,20.17,18.11,Wonkagum
4069,19.57,20.53,21.99,22.03,19.87,20.43,Gopstopper
4070,19.15,19.35,20.15,22.45,23.61,20.65,Wonkagum
4071,20.88,19.74,21.63,20.49,20.84,18.81,Gopstopper
4072,20.78,22.35,21.4,22.89,22.61,22.86,Gopstopper
4073,20.5,20.64,20.19,21.04,20.57,19.51,Wonkagum
4074,19.44,21.25,20.94,21.3,22.39,20.67,Wonkagum
4075,20.92,22.53,19.78,22.35,22.38,21.0,Wonkagum
4076,18.52,20.3,20.25,20.88,21.32,19.26,Wonkagum
4077,19.23,21.62,20.34,22.5,22.32,20.97,Wonkagum
4078,20.63,20.92,20.01,21.85,21.99,19.32,Wonkagum
4079,20.32,20.91,19.11,21.3,22.06,19.71,Wonkagum
4080,19.03,22.64,22.39,22.93,21.6,19.87,Wonkagum
4081,19.4,20.96,19.67,21.76,21.66,20.27,Wonkagum
4082,18.83,21.85,19.98,22.1,20.3,20.69,Wonkagum
4083,20.79,20.1,19.77,24.31,23.82,22.12,Gopstopper
4084,20.29,22.27,21.15,22.9,21.11,20.87,Gopstopper
4085,19.8,21.36,19.37,18.29,21.05,19.53,Wonkagum
4086,17.98,20.31,19.71,21.17,21.92,19.86,Wonkagum
4087,17.05,18.99,21.15,20.14,20.92,19.15,Wonkagum
4088,19.82,19.95,19.55,21.96,22.25,21.47,Gopstopper
4089,21.05,22.37,21.24,21.57,20.04,20.54,Gopstopper
4090,19.73,19.26,21.92,21.1,21.08,20.55,Gopstopper
4091,20.02,19.81,19.79,21.14,21.83,20.26,Wonkagum
4092,20.01,21.53,19.95,22.0,21.24,21.31,Gopstopper
4093,19.72,20.55,19.96,21.39,20.88,19.25,Wonkagum
4094,19.28,21.51,18.73,21.18,20.85,19.54,Wonkagum
4095,19.69,20.39,21.81,21.7,21.73,18.87,Wonkagum
4096,20.45,22.03,19.91,20.18,20.39,20.03,Wonkagum
4097,19.64,20.83,19.83,22.22,20.17,19.7,Wonkagum
4098,19.38,20.84,19.69,19.68,20.95,19.29,Wonkagum
4099,20.51,20.32,22.03,22.44,22.27,20.19,Gopstopper
4100,20.35,20.71,20.67,23.34,19.37,20.53,Gopstopper
4101,20.72,21.27,20.97,22.47,20.57,20.1,Gopstopper
4102,20.17,19.03,21.56,19.47,19.36,22.05,Gopstopper
4103,19.32,21.91,20.68,20.56,21.29,19.52,Wonkagum
4104,21.25,22.75,19.93,22.03,21.59,21.1,Gopstopper
4105,19.83,21.09,19.71,20.84,20.15,19.87,Wonkagum
4106,20.15,22.07,22.6,23.08,20.44,20.15,Gopstopper
4107,20.09,19.44,20.26,21.83,22.94,21.15,Gopstopper
4108,19.62,20.41,21.34,21.27,22.69,21.93,Gopstopper
4109,20.01,19.74,20.74,22.68,22.28,20.18,Gopstopper
4110,20.44,20.77,19.68,24.42,22.57,20.3,Gopstopper
4111,19.31,21.53,20.88,21.72,22.47,21.4,Wonkagum
4112,18.57,19.3,20.04,21.1,22.12,19.13,Wonkagum
4113,21.41,19.9,20.74,22.99,21.56,21.1,Gopstopper
4114,19.88,21.46,20.69,21.85,21.47,21.19,Gopstopper
4115,21.16,20.31,21.96,19.9,21.23,18.32,Wonkagum
4116,21.35,20.08,21.14,21.66,22.81,21.43,Gopstopper
4117,18.09,20.78,20.39,21.47,20.34,19.8,Wonkagum
4118,20.09,20.88,21.3,20.22,20.95,19.24,Wonkagum
4119,19.56,21.5,18.79,20.34,22.35,21.05,Wonkagum
4120,19.26,20.65,20.06,23.54,24.87,19.77,Wonkagum
4121,20.2,21.25,21.63,24.31,21.08,19.74,Gopstopper
4122,20.77,20.61,21.45,23.51,21.38,20.41,Gopstopper
4123,20.77,20.92,21.81,23.04,21.39,19.5,Gopstopper
4124,20.03,22.6,21.23,21.79,22.59,19.88,Wonkagum
4125,19.11,20.61,20.92,21.3,22.07,20.86,Wonkagum
4126,19.41,20.23,18.72,21.8,21.56,19.71,Wonkagum
4127,20.25,21.0,20.38,20.36,22.73,20.07,Wonkagum
4128,19.64,22.03,20.91,21.7,21.07,19.21,Wonkagum
4129,19.12,20.72,21.11,22.89,20.79,19.84,Gopstopper
4130,19.66,19.55,20.05,21.95,21.27,19.62,Gopstopper
4131,19.96,20.92,20.27,21.89,21.4,20.16,Wonkagum
4132,20.06,21.73,20.25,23.62,21.85,20.25,Gopstopper
4133,20.4,21.22,20.64,22.93,22.32,20.38,Gopstopper
4134,20.36,22.09,20.86,21.1,21.75,19.28,Wonkagum
4135,19.77,20.74,20.25,24.8,21.63,21.34,Gopstopper
4136,20.83,20.29,19.66,20.31,22.4,20.5,Wonkagum
4137,20.31,18.84,21.76,21.4,22.95,21.17,Gopstopper
4138,19.91,19.2,20.93,22.59,20.68,19.55,Gopstopper
4139,20.8,20.22,19.79,20.38,22.58,20.25,Wonkagum
4140,19.57,20.67,20.14,21.18,22.8,18.87,Wonkagum
4141,21.66,20.46,21.86,21.47,20.77,19.61,Gopstopper
4142,19.5,20.94,20.78,20.1,19.58,19.0,Wonkagum
4143,20.35,22.41,21.0,23.08,21.42,20.02,Gopstopper
4144,21.34,20.55,20.94,19.92,21.68,20.19,Wonkagum
4145,19.17,19.7,19.79,21.83,21.68,20.75,Wonkagum
4146,20.74,21.26,21.23,22.48,22.97,21.7,Gopstopper
4147,20.47,20.17,18.46,23.94,22.65,20.08,Gopstopper
4148,19.19,19.23,19.26,20.61,21.46,20.2,Wonkagum
4149,20.46,18.18,18.78,20.09,20.7,20.15,Gopstopper
4150,20.62,20.26,20.69,20.77,20.35,19.85,Gopstopper
4151,17.88,19.03,20.57,22.74,20.25,20.14,Gopstopper
4152,18.18,22.33,21.24,23.35,22.44,20.08,Wonkagum
4153,18.73,21.8,21.41,21.91,20.59,21.22,Wonkagum
4154,18.59,22.26,21.04,21.83,22.04,21.14,Wonkagum
4155,20.95,20.72,20.25,22.37,21.07,20.1,Gopstopper
4156,20.19,21.92,19.76,22.66,21.03,18.56,Wonkagum
4157,19.18,20.54,18.85,21.53,20.43,19.15,Wonkagum
4158,20.22,21.09,20.64,21.63,20.91,19.99,Wonkagum
4159,19.42,21.15,19.18,19.9,20.57,20.73,Wonkagum
4160,20.15,20.35,21.11,23.05,24.9,20.96,Gopstopper
4161,20.58,19.96,21.49,21.2,22.65,21.09,Gopstopper
4162,20.3,20.19,20.01,19.5,20.02,20.1,Wonkagum
4163,19.8,18.81,19.53,20.54,21.68,19.69,Wonkagum
4164,19.4,22.51,20.13,22.51,20.59,20.47,Wonkagum
4165,20.71,21.16,19.89,20.79,20.72,17.13,Wonkagum
4166,18.77,21.01,20.56,22.42,22.09,20.86,Wonkagum
4167,20.32,22.04,20.85,22.14,20.97,19.69,Wonkagum
4168,19.45,21.41,20.93,22.58,21.02,20.43,Gopstopper
4169,20.17,20.42,20.39,23.16,20.94,21.76,Gopstopper
4170,18.35,21.37,20.23,21.17,21.75,21.41,Wonkagum
4171,19.02,20.33,20.65,22.58,21.55,19.72,Wonkagum
4172,19.69,20.39,21.89,21.01,21.52,20.24,Wonkagum
4173,19.3,20.18,21.53,20.27,22.44,20.31,Wonkagum
4174,18.73,20.65,19.79,21.41,21.13,20.01,Wonkagum
4175,20.36,20.94,20.94,24.59,20.02,19.54,Gopstopper
4176,20.23,21.06,20.32,21.68,20.9,20.37,Gopstopper
4177,19.52,21.29,21.15,23.73,21.51,20.16,Gopstopper
4178,19.35,22.08,20.44,22.8,22.62,21.67,Wonkagum
4179,20.32,23.03,21.27,22.32,20.9,19.71,Wonkagum
4180,20.59,22.09,19.88,22.78,21.94,20.38,Gopstopper
4181,21.14,21.49,20.39,22.18,22.05,21.05,Gopstopper
4182,22.53,22.06,21.23,21.18,21.43,20.28,Gopstopper
4183,20.69,20.87,19.15,21.53,22.17,19.64,Wonkagum
4184,20.0,20.99,20.58,23.25,22.47,19.69,Gopstopper
4185,19.73,23.04,20.04,24.91,24.02,22.51,Gopstopper
4186,17.88,21.63,20.03,20.99,21.09,19.84,Wonkagum
4187,20.71,21.07,21.77,22.13,21.69,19.63,Gopstopper
4188,19.02,20.56,19.56,21.61,21.73,18.16,Wonkagum
4189,19.98,21.99,22.08,22.74,20.14,18.96,Gopstopper
4190,19.59,22.05,19.64,20.85,19.66,18.86,Wonkagum
4191,19.87,22.35,22.31,22.44,21.45,18.59,Wonkagum
4192,18.31,20.14,19.75,21.5,21.14,20.45,Wonkagum
4193,20.45,19.65,21.34,20.43,21.87,20.54,Gopstopper
4194,18.12,20.63,19.03,21.22,24.08,22.45,Wonkagum
4195,20.76,21.91,21.06,22.04,21.29,20.78,Gopstopper
4196,19.48,21.5,21.72,20.84,20.56,21.14,Wonkagum
4197,19.21,19.98,19.85,22.52,21.74,19.49,Wonkagum
4198,20.62,21.41,21.51,22.67,22.17,19.62,Gopstopper
4199,20.22,20.92,19.77,20.79,22.33,20.42,Wonkagum
4200,20.39,20.66,22.14,23.36,22.71,20.75,Gopstopper
4201,18.8,20.64,20.58,22.6,21.76,21.01,Wonkagum
4202,19.74,20.23,20.16,22.14,21.62,21.06,Gopstopper
4203,18.49,19.96,20.76,23.54,20.1,20.42,Gopstopper
4204,21.47,21.18,18.49,22.95,22.95,21.36,Gopstopper
4205,19.19,21.44,22.53,23.05,20.63,20.16,Gopstopper
4206,20.21,20.43,19.52,20.74,21.34,20.48,Wonkagum
4207,21.91,22.11,20.18,22.11,20.39,20.3,Gopstopper
4208,20.33,21.82,21.36,21.29,22.08,19.43,Wonkagum
4209,20.61,21.0,21.0,23.38,21.94,18.78,Gopstopper
4210,21.79,21.77,18.69,20.74,22.55,21.1,Wonkagum
4211,19.22,23.67,21.59,23.17,22.09,18.7,Wonkagum
4212,19.52,20.91,20.59,22.64,22.14,19.31,Wonkagum
4213,20.2,20.5,19.9,19.74,21.57,18.72,Wonkagum
4214,20.24,22.43,20.62,21.47,21.61,20.4,Wonkagum
4215,21.38,23.0,21.29,22.58,20.56,21.68,Gopstopper
4216,21.74,20.43,20.34,23.39,21.96,20.88,Gopstopper
4217,21.55,20.24,19.88,21.7,21.5,19.1,Gopstopper
4218,20.82,22.28,21.33,22.4,22.43,21.72,Gopstopper
4219,19.71,19.67,20.34,22.51,21.91,21.61,Gopstopper
4220,18.75,19.83,19.11,21.06,21.67,20.39,Wonkagum
4221,18.31,19.65,20.61,23.07,21.38,20.19,Gopstopper
4222,20.82,23.56,19.94,21.85,22.84,21.52,Wonkagum
4223,20.81,22.23,20.64,22.13,21.08,19.62,Wonkagum
4224,21.35,22.17,21.47,20.12,21.11,19.6,Wonkagum
4225,20.38,20.44,20.79,19.06,20.62,20.16,Wonkagum
4226,19.88,20.23,20.77,21.64,21.2,21.85,Gopstopper
4227,19.24,22.46,20.87,23.6,23.96,22.13,Wonkagum
4228,20.4,20.68,20.75,21.97,21.73,21.56,Gopstopper
4229,19.6,20.11,20.81,22.84,22.54,20.67,Gopstopper
4230,19.63,21.45,20.41,22.61,20.1,20.19,Gopstopper
4231,19.34,22.29,21.15,22.33,20.97,20.25,Wonkagum
4232,19.62,21.77,18.56,21.5,21.87,21.56,Wonkagum
4233,17.16,19.78,19.16,19.87,22.22,18.63,Wonkagum
4234,18.6,20.14,20.42,21.59,20.99,19.41,Wonkagum
4235,21.13,22.83,21.04,22.97,20.26,21.1,Gopstopper
4236,21.46,20.29,19.64,20.24,22.11,19.63,Wonkagum
4237,18.5,20.92,21.08,20.97,21.42,18.77,Wonkagum
4238,18.28,19.95,18.61,19.35,22.11,21.46,Wonkagum
4239,20.34,21.84,20.53,21.93,21.01,20.63,Gopstopper
4240,20.38,20.36,22.56,21.46,22.41,18.33,Wonkagum
4241,19.63,21.22,19.47,21.12,21.5,19.37,Wonkagum
4242,22.58,22.46,21.06,20.21,22.13,20.33,Gopstopper
4243,19.96,20.16,21.59,23.84,22.55,21.44,Gopstopper
4244,20.56,20.6,20.03,23.13,21.51,18.1,Gopstopper
4245,19.44,19.49,20.88,21.85,20.87,20.42,Gopstopper
4246,20.01,20.21,20.76,22.65,20.75,18.8,Gopstopper
4247,19.32,19.25,19.33,20.95,21.91,20.9,Wonkagum
4248,21.36,20.31,19.78,23.05,22.1,18.85,Gopstopper
4249,21.1,20.46,20.01,20.02,18.7,19.62,Gopstopper
4250,19.65,20.36,20.44,23.14,21.72,20.47,Gopstopper
4251,20.66,22.16,21.31,21.45,19.41,20.4,Gopstopper
4252,21.43,23.83,21.55,22.75,22.39,20.49,Gopstopper
4253,19.41,22.98,20.41,21.03,20.0,18.96,Wonkagum
4254,20.58,19.67,20.28,21.9,23.36,20.99,Gopstopper
4255,19.08,21.69,21.57,22.05,21.82,18.71,Wonkagum
4256,20.3,21.94,20.35,21.64,20.65,19.22,Wonkagum
4257,20.23,20.93,22.4,23.41,21.39,20.84,Gopstopper
4258,21.71,22.95,19.68,21.85,20.52,21.14,Gopstopper
4259,20.15,21.78,21.38,22.2,22.3,19.65,Wonkagum
4260,20.01,20.01,20.03,21.26,20.83,20.25,Gopstopper
4261,18.86,21.48,19.68,24.48,21.19,17.94,Wonkagum
4262,19.65,21.33,21.91,21.24,22.6,19.49,Wonkagum
4263,23.12,21.89,20.28,22.19,21.18,19.4,Gopstopper
4264,20.24,21.73,19.13,21.63,20.68,20.97,Wonkagum
4265,19.59,21.32,19.74,23.63,20.25,19.39,Gopstopper
4266,19.45,22.06,19.76,22.45,20.81,19.45,Wonkagum
4267,21.82,22.77,20.96,24.17,22.34,21.83,Gopstopper
4268,21.41,21.9,18.72,21.52,21.34,19.83,Wonkagum
4269,20.12,22.28,20.92,22.46,22.78,21.09,Wonkagum
4270,19.74,19.77,20.59,20.69,20.99,20.23,Wonkagum
4271,19.99,19.27,20.64,21.32,20.87,18.5,Wonkagum
4272,19.22,22.03,19.59,21.3,21.4,20.4,Wonkagum
4273,20.0,21.9,21.62,22.03,22.37,21.04,Gopstopper
4274,21.08,21.22,22.25,22.49,20.46,21.18,Gopstopper
4275,22.71,21.51,20.09,22.23,19.01,19.85,Gopstopper
4276,20.38,22.37,22.01,23.93,22.34,20.5,Gopstopper
4277,21.76,22.6,20.86,21.21,21.51,19.77,Wonkagum
4278,20.71,20.37,20.19,21.27,22.42,21.66,Gopstopper
4279,21.46,22.72,20.41,23.64,20.38,19.81,Gopstopper
4280,21.46,23.39,20.62,22.27,22.21,20.72,Gopstopper
4281,21.37,19.45,19.7,22.05,20.33,20.96,Gopstopper
4282,20.68,21.71,20.0,22.98,22.3,19.42,Wonkagum
4283,20.53,20.9,21.27,22.26,21.79,20.99,Gopstopper
4284,21.05,21.24,21.02,24.18,20.56,20.79,Gopstopper
4285,20.96,19.9,20.57,24.01,21.75,22.3,Gopstopper
4286,20.28,20.14,21.19,23.34,21.12,21.89,Gopstopper
4287,19.65,18.72,18.6,20.33,20.26,20.74,Wonkagum
4288,19.97,20.73,20.78,23.41,22.61,21.47,Gopstopper
4289,20.09,19.61,20.35,22.88,20.96,20.34,Gopstopper
4290,21.68,21.51,20.02,21.65,20.78,20.98,Gopstopper
4291,19.58,18.98,20.01,21.37,21.28,19.25,Wonkagum
4292,19.08,21.09,20.42,21.97,21.18,19.55,Wonkagum
4293,20.31,21.47,21.95,21.58,23.2,19.41,Wonkagum
4294,19.71,22.71,19.98,23.56,21.71,20.79,Wonkagum
4295,20.04,21.54,18.7,21.51,21.42,19.99,Wonkagum
4296,20.33,19.99,19.8,19.27,21.95,19.62,Wonkagum
4297,17.94,18.8,20.39,24.61,22.49,17.84,Wonkagum
4298,20.13,23.65,20.02,22.73,22.66,20.62,Wonkagum
4299,18.72,21.43,20.67,20.68,20.94,19.79,Wonkagum
4300,19.54,22.03,22.24,23.35,21.07,20.05,Gopstopper
4301,20.4,21.21,21.38,21.86,20.44,19.71,Gopstopper
4302,19.66,21.97,19.66,20.91,20.86,20.44,Wonkagum
4303,20.86,19.97,19.85,21.34,20.62,21.42,Gopstopper
4304,21.51,19.56,20.42,24.4,22.37,20.39,Gopstopper
4305,18.72,20.13,21.37,21.81,22.59,20.82,Wonkagum
4306,20.39,23.42,22.23,23.15,21.64,20.68,Gopstopper
4307,21.73,24.02,24.6,22.74,21.66,20.47,Gopstopper
4308,19.28,22.65,19.02,20.03,20.49,19.03,Wonkagum
4309,20.27,21.25,20.19,20.25,22.9,20.54,Wonkagum
4310,20.23,21.4,21.08,23.71,21.18,21.47,Gopstopper
4311,18.38,19.74,19.52,21.29,21.06,19.02,Wonkagum
4312,20.12,21.39,20.71,21.83,19.97,20.59,Gopstopper
4313,19.9,20.54,19.86,21.58,22.35,20.96,Wonkagum
4314,20.9,21.54,19.77,20.72,20.59,19.2,Wonkagum
4315,17.94,21.64,20.32,22.3,19.6,19.39,Wonkagum
4316,21.27,22.02,19.42,20.16,21.64,21.35,Wonkagum
4317,22.09,19.83,19.91,21.76,20.95,20.88,Gopstopper
4318,17.89,20.27,20.01,23.13,23.12,21.8,Wonkagum
4319,18.91,21.0,19.93,23.1,22.24,20.43,Wonkagum
4320,20.94,21.34,21.96,21.86,21.75,19.88,Gopstopper
4321,21.65,21.33,20.4,21.45,19.42,21.68,Gopstopper
4322,20.08,22.66,21.88,22.59,20.23,19.86,Gopstopper
4323,20.01,19.2,19.06,21.84,20.55,19.06,Wonkagum
4324,19.73,20.14,20.3,19.64,20.66,20.01,Wonkagum
4325,19.17,21.21,20.12,21.41,22.45,19.15,Wonkagum
4326,19.81,22.19,20.62,22.33,23.24,22.11,Wonkagum
4327,18.88,20.84,20.38,19.65,20.72,19.4,Wonkagum
4328,20.83,21.57,21.72,23.04,21.4,19.38,Gopstopper
4329,20.93,23.32,21.62,22.71,23.17,21.29,Gopstopper
4330,18.35,20.15,21.76,22.08,22.41,18.96,Wonkagum
4331,22.42,22.39,19.83,23.21,21.76,21.1,Gopstopper
4332,19.87,20.0,19.96,19.44,21.13,20.69,Wonkagum
4333,20.09,20.97,19.5,21.9,22.34,20.43,Wonkagum
4334,19.58,21.8,21.51,23.39,22.98,20.5,Gopstopper
4335,21.43,20.42,19.0,21.96,20.75,20.93,Gopstopper
4336,19.7,20.84,19.93,21.38,20.63,18.62,Wonkagum
4337,20.73,21.76,19.09,20.36,20.17,18.9,Wonkagum
4338,19.62,20.49,18.9,21.62,20.68,18.42,Wonkagum
4339,21.24,21.18,19.47,21.31,20.28,20.49,Gopstopper
4340,20.54,24.07,18.42,19.87,20.96,20.85,Wonkagum
4341,21.18,19.66,20.65,22.8,19.59,19.43,Gopstopper
4342,21.63,21.61,19.26,23.38,20.9,18.4,Gopstopper
4343,19.47,19.99,21.91,23.09,21.3,19.14,Gopstopper
4344,20.33,19.93,20.49,21.42,22.72,20.4,Gopstopper
4345,19.47,22.39,21.6,24.23,21.17,21.21,Gopstopper
4346,19.02,21.86,19.89,23.6,20.57,20.84,Gopstopper
4347,21.76,22.33,22.8,21.9,21.22,22.25,Gopstopper
4348,20.73,21.94,20.64,21.8,21.0,22.0,Gopstopper
4349,20.17,22.72,21.13,21.74,20.55,19.94,Wonkagum
4350,20.28,20.95,21.3,20.08,20.19,20.11,Wonkagum
4351,20.55,20.9,20.12,23.22,21.13,19.06,Gopstopper
4352,21.16,21.78,21.78,22.36,20.45,22.02,Gopstopper
4353,19.64,21.38,21.15,20.39,20.6,21.11,Wonkagum
4354,22.76,22.98,20.13,24.63,21.9,21.05,Gopstopper
4355,19.85,19.03,22.14,22.22,23.3,21.0,Gopstopper
4356,19.2,20.15,20.35,22.34,22.13,21.74,Gopstopper
4357,20.51,20.7,20.61,21.34,22.69,18.82,Wonkagum
4358,19.61,21.81,20.82,20.77,20.19,20.97,Wonkagum
4359,19.37,21.23,20.77,23.18,22.81,20.88,Gopstopper
4360,21.54,22.44,19.89,19.17,20.79,20.54,Wonkagum
4361,18.95,21.1,21.11,23.34,22.4,20.46,Wonkagum
4362,19.27,20.55,19.72,22.26,22.64,19.45,Wonkagum
4363,18.19,22.41,20.12,21.79,20.78,20.25,Wonkagum
4364,21.64,21.08,18.73,21.09,21.61,19.9,Wonkagum
4365,19.03,21.29,20.86,21.08,22.57,20.4,Wonkagum
4366,18.83,19.72,20.29,22.37,20.67,21.68,Gopstopper
4367,18.03,21.97,19.35,21.06,22.37,20.21,Wonkagum
4368,21.22,21.41,21.51,23.79,21.25,20.33,Gopstopper
4369,19.81,22.01,21.54,21.74,21.92,21.36,Wonkagum
4370,19.79,22.56,20.11,19.03,20.99,20.03,Wonkagum
4371,19.46,19.55,20.09,21.2,21.18,19.32,Wonkagum
4372,19.35,21.52,19.0,21.26,21.75,19.57,Wonkagum
4373,18.48,21.8,20.97,22.72,21.18,19.52,Wonkagum
4374,19.0,20.12,20.75,20.02,20.71,18.47,Wonkagum
4375,20.0,19.72,21.51,21.69,21.96,18.79,Wonkagum
4376,20.84,20.28,21.05,23.99,20.61,19.06,Gopstopper
4377,19.21,21.63,20.72,22.07,23.1,20.52,Wonkagum
4378,19.85,22.6,21.43,21.86,21.21,21.36,Wonkagum
4379,19.58,20.11,19.82,22.0,19.6,19.99,Gopstopper
4380,19.12,20.18,21.56,24.06,21.97,19.76,Gopstopper
4381,20.47,21.07,19.79,20.96,20.4,19.46,Wonkagum
4382,20.3,20.46,20.79,21.96,21.26,19.12,Gopstopper
4383,21.06,21.1,20.08,21.74,21.2,19.86,Gopstopper
4384,19.08,21.95,19.18,23.36,21.42,20.15,Wonkagum
4385,21.34,21.71,19.33,22.08,21.38,20.18,Gopstopper
4386,19.77,20.96,18.44,23.35,23.08,20.27,Wonkagum
4387,20.57,21.49,17.97,22.5,21.43,20.17,Wonkagum
4388,20.23,21.22,20.72,20.43,20.49,18.93,Wonkagum
4389,18.24,20.3,19.65,22.1,21.8,20.85,Wonkagum
4390,17.41,21.15,20.95,22.0,20.97,19.52,Wonkagum
4391,20.01,21.37,21.01,22.55,21.07,20.48,Gopstopper
4392,19.78,21.44,20.14,22.4,21.37,20.22,Wonkagum
4393,20.05,20.99,19.14,22.0,21.93,21.13,Wonkagum
4394,21.37,21.61,21.05,22.53,21.62,20.37,Gopstopper
4395,20.76,20.7,19.92,22.5,22.49,21.56,Gopstopper
4396,20.16,19.61,20.49,22.5,21.01,19.15,Gopstopper
4397,20.03,19.38,21.21,20.85,21.02,20.49,Gopstopper
4398,17.82,20.84,20.62,23.77,23.15,19.31,Wonkagum
4399,18.5,20.95,21.04,22.62,20.31,21.73,Gopstopper
4400,20.81,21.7,20.92,22.98,21.17,20.54,Gopstopper
4401,21.21,23.03,21.06,22.05,20.13,18.58,Wonkagum
4402,22.0,20.45,18.71,21.5,21.36,19.81,Gopstopper
4403,19.08,20.71,20.96,22.36,20.08,19.78,Gopstopper
4404,18.85,20.62,20.39,21.18,21.1,21.26,Wonkagum
4405,21.16,21.52,21.15,21.23,21.81,21.13,Gopstopper
4406,17.98,18.88,20.25,20.87,20.81,19.78,Wonkagum
4407,19.31,20.36,20.92,20.96,20.53,21.23,Gopstopper
4408,20.34,22.09,21.44,21.13,22.54,21.47,Wonkagum
4409,19.77,20.38,19.29,22.65,22.45,20.21,Wonkagum
4410,21.18,23.2,19.58,22.13,20.37,20.67,Gopstopper
4411,19.47,22.53,20.47,23.45,21.5,22.08,Gopstopper
4412,19.87,19.97,19.88,22.22,21.24,20.77,Gopstopper
4413,19.04,22.78,19.63,23.47,21.36,18.79,Wonkagum
4414,19.28,20.84,20.25,20.5,21.28,18.24,Wonkagum
4415,20.97,20.29,20.47,20.56,23.41,21.48,Gopstopper
4416,19.82,20.79,19.18,24.15,20.6,17.61,Wonkagum
4417,20.83,18.75,20.94,20.95,21.78,20.42,Gopstopper
4418,20.76,22.37,20.42,25.01,22.39,19.38,Gopstopper
4419,22.72,22.87,20.75,21.32,21.0,18.84,Gopstopper
4420,19.13,22.42,20.84,19.9,20.45,20.49,Wonkagum
4421,19.45,21.37,21.03,23.18,20.13,18.53,Wonkagum
4422,19.85,21.5,22.4,22.76,22.49,20.26,Gopstopper
4423,20.19,20.65,19.75,22.0,21.93,21.17,Gopstopper
4424,19.63,22.6,20.27,22.23,22.19,20.35,Wonkagum
4425,20.98,18.32,20.88,22.69,21.55,21.01,Gopstopper
4426,21.29,20.43,21.32,21.02,22.5,20.86,Gopstopper
4427,19.27,20.88,20.35,23.43,21.81,19.68,Wonkagum
4428,18.49,19.31,20.43,21.3,20.45,19.81,Wonkagum
4429,20.55,19.72,18.56,22.88,20.67,19.58,Gopstopper
4430,20.18,22.69,20.04,22.33,21.62,21.87,Wonkagum
4431,18.98,22.12,20.19,20.55,20.7,19.01,Wonkagum
4432,19.12,18.24,21.23,21.17,21.29,19.83,Gopstopper
4433,19.52,21.17,21.78,24.35,21.54,20.91,Gopstopper
4434,20.65,19.76,20.27,20.91,20.88,19.65,Gopstopper
4435,19.66,20.18,20.31,22.11,20.87,19.76,Gopstopper
4436,20.21,21.28,20.54,21.42,19.54,21.09,Gopstopper
4437,20.81,22.99,20.74,23.19,21.5,20.89,Gopstopper
4438,19.59,19.8,21.04,22.37,20.96,20.4,Gopstopper
4439,19.74,19.48,19.27,19.17,20.03,20.69,Wonkagum
4440,19.28,19.87,20.39,22.47,20.6,18.92,Wonkagum
4441,19.4,20.66,20.32,22.03,18.91,19.03,Wonkagum
4442,21.41,20.54,21.23,21.71,21.11,21.02,Gopstopper
4443,19.29,22.92,20.59,21.72,22.42,21.13,Wonkagum
4444,18.69,21.09,21.61,23.73,21.42,19.35,Gopstopper
4445,21.69,20.56,19.55,23.71,23.43,20.54,Gopstopper
4446,19.3,20.41,21.06,23.87,20.11,20.09,Gopstopper
4447,20.07,19.73,19.76,20.27,19.97,20.81,Gopstopper
4448,19.88,20.24,20.75,20.78,23.32,22.95,Gopstopper
4449,17.89,20.93,20.25,21.64,21.13,20.51,Wonkagum
4450,22.63,22.6,20.96,24.31,21.81,21.24,Gopstopper
4451,20.31,20.23,20.0,21.22,20.0,20.37,Gopstopper
4452,19.14,19.07,18.51,23.54,20.76,19.24,Gopstopper
4453,21.69,20.05,20.21,22.12,21.55,21.11,Gopstopper
4454,19.95,19.48,20.11,21.6,22.74,21.6,Gopstopper
4455,19.65,20.47,20.64,20.99,20.03,19.78,Wonkagum
4456,19.57,20.93,20.84,21.86,20.95,19.43,Wonkagum
4457,19.01,23.41,21.96,22.37,20.5,20.31,Wonkagum
4458,18.6,20.22,20.73,20.63,22.59,19.0,Wonkagum
4459,19.92,20.23,20.5,24.27,19.47,20.46,Gopstopper
4460,18.74,19.72,17.51,21.35,21.37,20.27,Wonkagum
4461,18.4,20.71,21.27,22.97,21.06,20.34,Wonkagum
4462,21.31,20.97,19.24,21.3,21.45,20.85,Gopstopper
4463,20.43,21.46,20.14,22.48,22.15,19.63,Wonkagum
4464,19.71,19.11,19.53,22.08,20.56,19.19,Gopstopper
4465,20.48,19.59,19.77,21.92,21.9,19.98,Gopstopper
4466,19.64,21.63,20.11,20.89,19.8,18.06,Wonkagum
4467,21.09,20.73,21.6,20.86,22.02,21.6,Gopstopper
4468,18.99,21.1,19.6,21.75,20.68,19.88,Wonkagum
4469,20.33,22.04,22.47,22.45,23.8,22.42,Gopstopper
4470,20.43,19.4,21.49,22.54,21.1,22.68,Gopstopper
4471,19.96,19.69,20.99,22.51,21.64,21.67,Gopstopper
4472,19.16,22.24,21.64,20.28,22.25,18.9,Wonkagum
4473,18.87,22.12,19.31,22.18,22.49,21.4,Wonkagum
4474,19.61,20.27,21.52,20.89,20.84,20.45,Gopstopper
4475,20.71,20.46,20.41,21.97,21.11,18.68,Gopstopper
4476,20.64,20.93,19.62,22.47,18.9,18.32,Gopstopper
4477,20.49,19.43,19.87,20.98,21.64,20.02,Gopstopper
4478,20.29,19.77,19.96,22.6,21.02,20.4,Gopstopper
4479,20.52,20.65,21.31,21.1,21.11,20.47,Gopstopper
4480,20.2,22.03,20.42,22.72,21.63,20.15,Wonkagum
4481,18.6,20.78,20.8,22.0,22.68,21.33,Wonkagum
4482,20.65,20.82,20.29,23.3,21.28,19.01,Gopstopper
4483,21.33,23.06,22.88,23.26,21.34,19.9,Gopstopper
4484,19.84,21.19,21.03,20.92,21.4,19.02,Wonkagum
4485,19.55,20.75,20.04,21.79,20.72,18.54,Wonkagum
4486,18.33,20.71,17.48,21.62,21.35,21.85,Wonkagum
4487,19.41,22.03,20.6,22.39,20.01,20.29,Wonkagum
4488,20.1,22.2,22.55,21.53,22.04,20.12,Wonkagum
4489,21.12,21.07,20.24,21.82,21.97,19.72,Gopstopper
4490,19.51,19.54,18.65,19.92,20.43,19.01,Wonkagum
4491,20.2,20.28,19.55,22.38,21.82,17.86,Wonkagum
4492,19.63,21.49,20.74,22.05,20.98,20.57,Wonkagum
4493,20.19,17.97,20.94,21.67,20.91,22.16,Gopstopper
4494,21.55,22.63,22.43,21.27,23.09,21.29,Gopstopper
4495,18.58,21.28,21.08,22.96,21.64,18.6,Wonkagum
4496,20.19,21.59,21.96,22.51,20.88,21.71,Gopstopper
4497,20.59,23.17,18.53,20.06,21.46,19.07,Wonkagum
4498,19.57,21.4,20.25,21.9,23.35,19.21,Wonkagum
4499,18.5,20.41,21.15,22.44,21.41,20.53,Wonkagum
4500,19.87,22.39,21.55,22.54,21.74,20.5,Wonkagum
4501,20.45,22.42,21.23,22.6,21.04,19.67,Gopstopper
4502,19.28,19.92,20.54,22.11,20.76,19.74,Gopstopper
4503,19.04,20.91,20.12,20.87,20.9,21.49,Wonkagum
4504,20.88,22.41,19.77,22.3,21.43,20.14,Wonkagum
4505,20.27,20.75,20.82,23.04,20.75,19.75,Gopstopper
4506,20.91,21.39,21.52,21.39,20.21,19.06,Gopstopper
4507,21.64,21.58,21.26,21.69,20.57,20.49,Gopstopper
4508,19.78,22.39,21.77,19.7,22.77,19.16,Wonkagum
4509,18.08,21.61,22.26,22.99,23.15,20.85,Wonkagum
4510,20.11,21.22,20.31,23.91,22.2,22.06,Gopstopper
4511,19.52,20.6,22.37,21.5,22.86,21.33,Gopstopper
4512,20.43,19.12,20.01,19.08,23.25,21.65,Wonkagum
4513,20.19,20.59,21.55,21.54,22.0,19.85,Gopstopper
4514,21.13,22.37,19.32,20.36,21.32,19.26,Wonkagum
4515,20.29,22.01,20.65,22.12,20.97,21.78,Gopstopper
4516,20.69,22.03,20.54,22.8,20.25,20.23,Gopstopper
4517,20.93,19.94,18.76,18.55,22.77,21.45,Wonkagum
4518,19.66,22.44,21.64,21.78,21.28,19.95,Wonkagum
4519,20.06,20.34,19.52,22.29,22.69,19.13,Wonkagum
4520,19.56,18.37,21.9,23.24,21.27,19.74,Gopstopper
4521,19.66,20.82,21.98,20.83,20.33,20.96,Gopstopper
4522,18.7,19.76,18.58,20.56,20.83,19.84,Wonkagum
4523,18.82,18.65,19.6,22.95,21.68,21.9,Gopstopper
4524,20.76,22.8,19.34,22.88,24.41,22.43,Wonkagum
4525,20.16,21.08,20.55,20.36,22.36,21.73,Wonkagum
4526,20.1,22.62,21.05,21.56,20.94,21.37,Wonkagum
4527,19.41,20.72,21.37,22.95,21.96,20.67,Gopstopper
4528,21.12,21.25,22.07,22.55,21.54,20.76,Gopstopper
4529,19.37,21.5,20.16,22.64,21.46,19.65,Wonkagum
4530,18.67,20.61,20.67,22.5,21.88,19.68,Wonkagum
4531,18.63,21.88,19.95,21.95,22.43,21.35,Wonkagum
4532,20.63,20.36,20.41,23.11,19.92,19.76,Gopstopper
4533,20.51,19.6,21.53,22.55,24.59,20.89,Gopstopper
4534,18.31,20.68,21.91,21.33,20.72,19.88,Wonkagum
4535,19.64,20.2,18.89,22.17,20.6,20.6,Gopstopper
4536,18.57,20.25,20.54,22.48,20.64,19.13,Wonkagum
4537,20.16,20.5,19.69,21.09,20.86,18.82,Wonkagum
4538,20.16,20.34,18.64,22.18,22.59,20.46,Wonkagum
4539,20.33,22.13,20.62,24.39,21.85,20.24,Gopstopper
4540,19.59,20.25,21.33,23.68,20.78,21.28,Gopstopper
4541,20.11,22.39,20.98,22.83,21.07,21.51,Gopstopper
4542,20.53,19.86,21.52,22.61,21.55,19.82,Gopstopper
4543,17.46,19.19,21.28,21.1,21.39,21.21,Wonkagum
4544,19.91,19.49,20.6,20.15,21.04,20.86,Wonkagum
4545,20.96,21.59,20.13,19.7,19.46,20.94,Wonkagum
4546,23.58,21.59,20.44,22.48,21.79,20.67,Gopstopper
4547,20.7,21.12,21.61,22.58,19.71,19.53,Gopstopper
4548,18.27,20.69,19.99,22.7,21.72,20.68,Wonkagum
4549,21.06,23.39,20.72,23.63,21.81,20.15,Gopstopper
4550,19.41,21.66,20.33,22.39,23.3,21.09,Wonkagum
4551,21.22,20.62,21.8,20.62,20.31,18.95,Gopstopper
4552,19.46,19.61,19.22,21.83,21.21,20.05,Wonkagum
4553,20.26,20.73,20.3,20.86,21.01,22.0,Gopstopper
4554,19.97,20.84,20.31,19.46,21.82,20.88,Wonkagum
4555,19.49,19.99,19.76,22.94,20.43,19.66,Gopstopper
4556,20.33,20.02,19.7,21.24,20.61,21.13,Gopstopper
4557,19.16,20.74,20.53,23.54,21.11,18.53,Wonkagum
4558,22.58,21.63,20.79,23.12,21.55,20.45,Gopstopper
4559,18.71,22.04,21.4,24.59,24.01,20.97,Wonkagum
4560,18.86,21.68,22.47,22.36,22.69,19.41,Wonkagum
4561,19.29,21.08,20.7,22.45,20.04,20.43,Gopstopper
4562,19.84,20.43,20.65,22.45,21.21,18.51,Wonkagum
4563,19.11,20.68,19.13,21.89,21.69,20.62,Wonkagum
4564,20.38,19.67,20.04,21.86,20.64,19.84,Gopstopper
4565,18.73,21.84,20.72,23.56,22.31,21.53,Wonkagum
4566,21.35,19.34,21.41,20.95,20.76,19.65,Gopstopper
4567,20.09,19.45,20.58,23.47,23.63,21.05,Gopstopper
4568,19.76,20.65,21.14,22.02,21.61,20.84,Gopstopper
4569,19.48,20.0,19.86,21.22,20.81,20.91,Wonkagum
4570,19.85,21.13,20.63,20.81,21.18,19.74,Wonkagum
4571,20.89,21.08,21.0,23.85,21.63,19.31,Gopstopper
4572,18.18,20.26,20.59,19.48,21.98,18.59,Wonkagum
4573,21.35,22.8,21.88,22.51,20.07,20.3,Gopstopper
4574,20.69,21.45,20.17,22.57,21.46,21.05,Gopstopper
4575,22.77,22.49,21.1,23.96,20.2,21.18,Gopstopper
4576,20.45,17.35,21.09,22.9,20.38,19.5,Gopstopper
4577,19.46,22.65,19.61,23.1,19.62,18.99,Wonkagum
4578,18.77,21.62,20.59,21.75,20.11,19.86,Wonkagum
4579,18.91,21.16,20.24,22.69,21.28,20.98,Wonkagum
4580,18.48,21.15,21.39,24.49,22.33,20.18,Gopstopper
4581,19.79,19.78,20.58,22.57,18.72,18.26,Gopstopper
4582,18.24,18.72,19.24,19.03,19.85,20.47,Wonkagum
4583,17.24,20.56,21.39,21.75,20.61,20.03,Wonkagum
4584,21.56,20.64,20.67,24.88,22.75,20.93,Gopstopper
4585,20.77,21.17,21.85,21.25,22.8,20.04,Wonkagum
4586,21.79,20.91,19.71,22.19,20.42,19.67,Gopstopper
4587,19.16,20.79,19.95,23.18,21.54,19.88,Wonkagum
4588,20.97,22.5,20.26,22.51,21.18,21.51,Gopstopper
4589,18.65,21.26,20.67,20.59,20.27,19.84,Wonkagum
4590,18.58,19.21,17.96,21.11,22.77,19.45,Wonkagum
4591,21.44,23.25,21.21,19.04,22.03,20.24,Wonkagum
4592,19.0,20.8,22.11,22.91,22.5,19.83,Wonkagum
4593,20.61,22.45,20.12,21.62,22.39,20.5,Wonkagum
4594,20.24,20.47,20.02,20.44,20.39,19.81,Wonkagum
4595,21.96,21.06,23.42,23.02,22.01,19.75,Gopstopper
4596,21.15,22.4,21.47,22.45,21.23,19.45,Gopstopper
4597,21.68,21.09,19.17,23.91,21.16,21.03,Gopstopper
4598,21.36,22.06,21.16,23.64,21.03,20.54,Gopstopper
4599,19.0,19.67,19.31,22.6,21.64,21.6,Gopstopper
4600,19.26,19.62,19.7,23.73,20.69,19.41,Gopstopper
4601,19.57,19.62,19.01,20.85,20.31,21.6,Wonkagum
4602,21.86,21.91,21.56,21.97,21.14,19.25,Gopstopper
4603,19.72,19.33,21.2,24.82,21.32,20.65,Gopstopper
4604,20.47,19.33,19.74,20.61,19.84,20.29,Gopstopper
4605,18.68,20.6,19.92,21.11,22.13,20.06,Wonkagum
4606,20.52,21.18,19.96,20.98,20.68,19.14,Wonkagum
4607,19.34,19.27,20.37,24.81,22.16,19.43,Gopstopper
4608,20.58,19.79,21.87,22.44,22.13,21.17,Gopstopper
4609,17.81,20.87,20.21,21.46,22.78,21.03,Wonkagum
4610,17.44,21.69,20.78,23.32,21.86,22.45,Wonkagum
4611,21.27,20.86,20.47,22.19,22.78,19.97,Gopstopper
4612,19.94,19.24,20.12,23.88,23.43,21.46,Gopstopper
4613,19.23,21.16,18.56,22.03,21.83,20.64,Wonkagum
4614,19.4,21.36,19.65,19.44,21.02,19.62,Wonkagum
4615,20.96,20.25,20.59,21.67,21.39,22.67,Gopstopper
4616,19.45,20.21,19.44,22.54,20.52,20.22,Gopstopper
4617,19.78,20.51,20.96,22.3,21.9,21.3,Gopstopper
4618,20.01,22.16,19.93,23.17,23.38,20.04,Wonkagum
4619,20.92,18.95,19.99,21.52,21.16,19.6,Gopstopper
4620,22.22,22.92,20.18,23.66,20.23,21.43,Gopstopper
4621,20.34,20.91,22.25,22.01,22.16,20.27,Gopstopper
4622,20.25,21.85,21.44,23.43,20.43,20.23,Gopstopper
4623,21.25,21.47,19.81,21.44,22.19,19.65,Wonkagum
4624,20.86,20.93,19.99,20.28,21.75,21.29,Wonkagum
4625,20.46,20.08,21.52,24.16,21.83,20.98,Gopstopper
4626,19.99,19.48,20.05,19.95,21.56,19.26,Wonkagum
4627,21.76,20.04,21.12,23.14,21.2,19.5,Gopstopper
4628,20.53,19.21,20.13,21.87,20.46,19.5,Gopstopper
4629,19.59,21.46,20.55,21.69,20.2,20.03,Wonkagum
4630,19.92,20.77,19.81,21.6,22.6,20.97,Wonkagum
4631,20.02,20.99,19.93,24.46,22.03,19.71,Gopstopper
4632,20.06,20.99,17.92,22.86,20.1,20.72,Gopstopper
4633,20.83,21.39,19.38,21.76,20.41,20.17,Gopstopper
4634,18.93,19.49,21.42,22.97,21.24,20.32,Gopstopper
4635,19.13,19.3,19.54,22.43,20.82,20.47,Gopstopper
4636,20.18,22.53,20.62,23.58,22.08,18.79,Wonkagum
4637,19.5,20.32,21.01,21.73,21.97,18.55,Wonkagum
4638,20.03,21.66,19.02,22.75,22.74,20.32,Wonkagum
4639,19.94,21.66,19.22,19.65,21.98,17.96,Wonkagum
4640,19.52,23.73,20.52,21.39,23.01,19.27,Wonkagum
4641,20.54,22.57,20.36,20.69,22.9,20.98,Wonkagum
4642,19.85,21.04,20.04,19.93,20.34,21.79,Wonkagum
4643,20.8,20.05,20.83,21.87,22.12,20.32,Gopstopper
4644,19.8,22.28,20.38,20.21,22.14,20.8,Wonkagum
4645,20.03,19.72,19.54,18.55,20.82,18.76,Wonkagum
4646,20.8,20.18,21.27,21.87,22.13,19.33,Gopstopper
4647,21.16,19.96,21.98,23.43,20.67,19.2,Gopstopper
4648,18.56,19.68,20.43,22.61,20.91,20.24,Gopstopper
4649,20.2,21.55,20.72,21.04,21.49,19.6,Wonkagum
4650,19.67,22.3,20.73,21.1,21.81,20.61,Wonkagum
4651,18.73,21.13,20.53,21.09,21.04,19.75,Wonkagum
4652,20.47,20.05,21.63,23.49,21.42,21.67,Gopstopper
4653,20.03,21.42,19.46,21.96,21.86,20.45,Wonkagum
4654,18.32,19.72,20.44,23.16,18.97,18.82,Gopstopper
4655,19.06,20.27,20.69,20.45,22.7,19.44,Wonkagum
4656,20.09,21.05,20.34,20.81,20.83,19.1,Wonkagum
4657,19.52,20.39,20.92,21.25,20.88,18.79,Wonkagum
4658,20.83,20.09,20.79,22.39,21.39,18.17,Gopstopper
4659,21.85,24.01,22.33,23.78,22.37,20.58,Gopstopper
4660,20.29,20.37,20.92,22.5,21.11,18.67,Gopstopper
4661,19.19,20.32,20.5,21.83,21.07,19.58,Wonkagum
4662,20.6,21.11,22.3,24.74,22.94,19.52,Gopstopper
4663,17.49,20.95,20.73,23.41,20.85,19.22,Wonkagum
4664,20.52,20.11,19.2,22.2,22.49,20.86,Gopstopper
4665,21.6,22.12,22.06,20.93,20.47,19.71,Gopstopper
4666,19.29,21.07,20.22,21.38,21.67,19.81,Wonkagum
4667,21.07,22.63,19.55,22.94,22.47,21.86,Gopstopper
4668,19.64,19.19,20.78,22.4,19.85,18.98,Gopstopper
4669,19.89,22.18,21.1,18.97,20.75,21.51,Wonkagum
4670,21.92,21.65,20.14,21.07,22.67,20.2,Wonkagum
4671,21.5,22.31,20.81,22.0,21.08,20.82,Gopstopper
4672,19.87,22.46,19.86,22.77,22.22,20.72,Wonkagum
4673,19.7,20.63,19.58,21.53,21.79,19.98,Wonkagum
4674,19.0,19.74,22.31,22.03,20.71,20.41,Gopstopper
4675,18.71,20.53,20.43,21.97,21.61,20.03,Wonkagum
4676,19.5,21.47,19.38,20.47,19.71,18.76,Wonkagum
4677,18.68,21.67,18.44,19.97,22.55,20.87,Wonkagum
4678,21.37,21.98,20.1,20.18,22.27,20.66,Wonkagum
4679,20.64,19.48,20.97,22.89,22.06,21.7,Gopstopper
4680,19.33,20.61,19.77,20.68,23.38,21.01,Wonkagum
4681,19.74,22.88,18.69,21.76,23.13,21.22,Wonkagum
4682,19.36,20.66,18.88,21.78,21.41,20.43,Wonkagum
4683,19.44,20.57,20.55,21.81,20.45,19.89,Wonkagum
4684,20.06,19.1,21.96,21.96,22.25,19.92,Gopstopper
4685,20.07,22.35,20.84,23.3,21.85,19.73,Wonkagum
4686,21.8,21.71,21.09,21.59,20.44,21.14,Gopstopper
4687,17.56,21.41,20.36,22.89,21.66,20.46,Wonkagum
4688,19.34,21.04,19.89,21.16,21.32,19.73,Wonkagum
4689,19.2,21.57,20.34,23.83,22.74,21.34,Gopstopper
4690,19.92,20.53,21.83,22.4,22.23,20.94,Gopstopper
4691,19.94,20.8,20.2,21.05,21.15,20.19,Wonkagum
4692,21.22,20.5,20.74,20.41,22.65,20.51,Wonkagum
4693,18.26,21.34,19.32,21.17,22.63,19.83,Wonkagum
4694,20.66,21.97,19.49,20.22,19.83,21.87,Wonkagum
4695,17.58,22.44,19.92,22.4,22.02,19.86,Wonkagum
4696,18.58,21.28,20.3,20.61,22.56,18.8,Wonkagum
4697,18.28,19.39,21.36,21.8,21.78,20.72,Wonkagum
4698,18.89,22.66,20.13,21.48,20.81,17.86,Wonkagum
4699,20.09,20.71,19.82,22.68,23.37,20.63,Wonkagum
4700,20.14,18.35,19.71,21.46,21.4,20.76,Gopstopper
4701,21.02,23.66,20.12,22.65,24.27,21.07,Wonkagum
4702,19.82,20.86,21.21,22.55,20.88,19.75,Gopstopper
4703,20.18,21.58,22.5,23.01,22.14,20.76,Gopstopper
4704,20.73,21.28,20.49,20.65,22.0,19.44,Wonkagum
4705,19.85,20.93,21.83,21.44,21.17,20.01,Gopstopper
4706,18.91,19.78,20.92,20.31,21.99,20.26,Wonkagum
4707,21.33,20.38,18.95,20.22,21.0,19.52,Wonkagum
4708,19.88,20.66,20.15,19.31,19.13,20.42,Wonkagum
4709,20.8,20.26,19.38,23.68,21.4,21.31,Gopstopper
4710,19.95,17.84,20.75,22.0,21.69,18.87,Gopstopper
4711,18.66,20.1,21.32,24.4,23.04,19.02,Gopstopper
4712,20.34,20.75,20.64,22.37,21.69,20.39,Gopstopper
4713,21.36,20.68,20.95,22.88,20.46,20.26,Gopstopper
4714,21.49,20.57,22.08,20.35,22.06,20.35,Gopstopper
4715,19.55,19.79,20.0,21.02,22.09,19.14,Wonkagum
4716,19.4,22.06,21.63,22.75,21.66,20.58,Wonkagum
4717,18.91,20.21,19.15,22.13,21.8,20.7,Wonkagum
4718,19.32,21.63,19.72,21.09,20.48,19.86,Wonkagum
4719,18.94,21.77,22.84,23.22,22.48,20.49,Gopstopper
4720,21.51,22.11,19.3,20.86,21.12,19.36,Wonkagum
4721,19.54,22.09,19.13,23.3,21.42,21.3,Wonkagum
4722,18.19,21.03,20.96,23.64,21.52,20.01,Wonkagum
4723,21.12,22.08,20.61,23.14,22.05,20.83,Gopstopper
4724,19.15,22.83,20.48,21.19,23.07,20.68,Wonkagum
4725,19.62,20.57,19.18,22.98,22.76,22.63,Gopstopper
4726,19.98,20.59,21.55,23.09,20.35,18.45,Gopstopper
4727,19.02,19.68,21.29,21.77,22.07,19.15,Wonkagum
4728,19.76,21.7,19.6,21.99,22.2,20.81,Wonkagum
4729,19.5,19.38,21.16,23.31,22.64,21.62,Gopstopper
4730,19.71,21.25,21.01,22.89,21.23,19.88,Gopstopper
4731,21.23,21.51,20.6,23.04,19.65,20.28,Gopstopper
4732,21.79,21.54,21.28,22.32,21.9,20.65,Gopstopper
4733,21.33,21.86,21.08,22.38,22.27,21.24,Gopstopper
4734,19.34,20.76,21.61,22.07,22.27,20.03,Wonkagum
4735,18.63,20.37,21.44,22.85,21.11,20.28,Gopstopper
4736,22.45,21.67,18.89,19.07,20.5,19.28,Wonkagum
4737,20.41,21.14,19.93,20.56,23.16,21.83,Wonkagum
4738,19.2,21.51,20.73,23.54,23.12,19.44,Wonkagum
4739,19.6,22.16,19.06,21.0,22.01,22.34,Wonkagum
4740,19.92,19.8,19.31,21.08,21.21,20.09,Wonkagum
4741,19.95,20.46,20.36,22.94,23.37,20.62,Gopstopper
4742,19.56,21.79,20.68,21.46,21.88,19.8,Wonkagum
4743,19.96,19.75,19.32,21.11,22.31,21.94,Gopstopper
4744,20.04,21.82,21.09,21.25,21.07,21.01,Wonkagum
4745,19.48,21.31,20.39,22.8,21.25,18.55,Wonkagum
4746,20.93,22.42,21.22,22.91,21.37,17.91,Wonkagum
4747,20.33,20.19,20.23,21.93,19.94,18.84,Gopstopper
4748,20.35,20.49,20.74,20.39,22.98,20.42,Wonkagum
4749,20.61,20.46,23.03,23.54,20.06,19.38,Gopstopper
4750,20.25,20.57,19.55,23.02,23.25,21.55,Gopstopper
4751,19.69,21.38,20.09,22.94,21.65,20.07,Wonkagum
4752,17.41,20.04,21.28,23.36,20.84,20.34,Wonkagum
4753,22.25,19.75,20.16,22.78,20.34,19.88,Gopstopper
4754,19.55,20.71,18.84,22.42,21.83,18.79,Wonkagum
4755,20.36,19.87,21.09,22.43,20.25,19.56,Gopstopper
4756,20.17,20.63,19.56,21.32,21.2,21.19,Wonkagum
4757,19.27,20.62,20.81,21.53,21.8,21.79,Wonkagum
4758,19.77,20.91,21.9,22.38,21.36,19.11,Gopstopper
4759,17.99,24.21,18.86,22.42,22.4,21.07,Wonkagum
4760,19.77,19.77,19.38,22.21,22.94,21.26,Gopstopper
4761,19.88,19.56,20.58,21.12,22.65,22.71,Gopstopper
4762,18.18,19.94,19.55,21.78,22.42,19.14,Wonkagum
4763,20.64,22.83,20.54,22.59,20.39,18.21,Wonkagum
4764,20.44,21.18,20.33,20.53,23.65,18.68,Wonkagum
4765,18.77,21.24,20.2,22.14,21.09,19.2,Wonkagum
4766,19.78,20.44,20.63,20.92,22.51,20.58,Wonkagum
4767,19.46,20.74,21.06,24.18,22.39,20.71,Gopstopper
4768,19.46,20.41,18.4,19.51,20.39,20.15,Wonkagum
4769,19.91,21.66,19.0,21.49,20.97,20.5,Wonkagum
4770,20.09,21.51,20.32,22.65,22.12,23.14,Gopstopper
4771,21.53,20.59,21.6,21.74,20.57,18.61,Gopstopper
4772,19.08,21.07,21.19,24.37,21.3,20.74,Gopstopper
4773,18.69,21.88,19.51,20.45,20.44,19.37,Wonkagum
4774,19.8,23.01,19.12,23.04,22.05,19.35,Wonkagum
4775,19.06,21.74,20.42,20.92,21.79,19.52,Wonkagum
4776,20.47,21.67,19.18,22.05,24.16,21.48,Wonkagum
4777,19.4,22.08,20.92,23.28,21.36,19.69,Wonkagum
4778,19.59,19.29,19.3,21.05,21.78,21.02,Wonkagum
4779,19.58,19.91,20.19,21.08,22.46,21.22,Wonkagum
4780,19.93,20.86,20.64,20.4,20.12,19.7,Wonkagum
4781,19.08,21.41,21.17,23.21,22.66,20.63,Wonkagum
4782,22.05,21.18,21.99,20.42,23.4,21.27,Gopstopper
4783,18.4,20.11,19.94,20.89,22.93,21.12,Wonkagum
4784,20.43,20.44,20.57,22.36,21.05,21.86,Gopstopper
4785,20.19,20.35,20.21,23.92,21.71,18.63,Gopstopper
4786,20.32,19.93,19.5,20.33,22.37,19.05,Wonkagum
4787,19.26,23.03,20.91,23.09,20.37,20.99,Wonkagum
4788,20.48,19.85,21.14,22.42,21.91,18.54,Gopstopper
4789,18.78,20.31,20.2,21.44,22.56,20.22,Wonkagum
4790,21.12,19.75,21.48,21.61,22.84,21.12,Gopstopper
4791,20.76,22.04,20.46,24.27,22.25,20.4,Gopstopper
4792,19.84,21.35,22.29,24.17,21.19,18.9,Gopstopper
4793,19.8,19.45,21.43,23.0,21.48,19.56,Gopstopper
4794,18.87,20.24,20.67,22.37,23.37,21.71,Wonkagum
4795,19.6,21.4,20.49,23.73,21.1,20.33,Gopstopper
4796,20.31,20.03,20.5,19.72,21.12,19.97,Wonkagum
4797,21.53,20.22,20.72,21.68,19.26,21.44,Gopstopper
4798,20.14,21.37,19.12,20.73,21.6,18.88,Wonkagum
4799,20.87,18.94,20.1,21.11,23.59,22.87,Gopstopper
4800,19.55,21.14,20.0,23.02,22.89,20.95,Wonkagum
4801,19.57,20.66,20.63,24.26,20.87,21.25,Gopstopper
4802,20.43,18.06,19.92,21.52,22.84,18.86,Gopstopper
4803,19.81,21.27,19.7,20.09,20.67,21.27,Wonkagum
4804,21.41,20.9,22.0,20.84,21.87,21.32,Gopstopper
4805,20.71,21.27,21.41,21.87,21.76,20.89,Gopstopper
4806,18.6,19.28,20.58,21.18,20.55,19.91,Wonkagum
4807,20.26,20.51,21.17,23.51,21.88,20.82,Gopstopper
4808,19.68,21.88,20.63,21.78,22.38,18.81,Wonkagum
4809,19.63,22.48,20.28,23.51,22.04,20.97,Wonkagum
4810,19.46,20.37,20.01,20.35,21.28,19.05,Wonkagum
4811,19.78,21.51,20.81,20.96,22.21,18.93,Wonkagum
4812,20.79,21.92,21.53,24.11,21.41,21.27,Gopstopper
4813,17.94,21.78,21.51,22.45,22.39,20.19,Wonkagum
4814,20.6,21.27,20.07,21.09,22.3,21.36,Wonkagum
4815,18.74,20.69,20.03,22.03,22.98,21.26,Wonkagum
4816,19.79,18.57,21.49,22.42,21.86,20.35,Gopstopper
4817,21.03,21.22,20.43,23.78,23.02,20.8,Gopstopper
4818,19.92,22.05,19.61,21.77,22.64,20.07,Wonkagum
4819,21.48,20.62,18.56,21.58,21.86,20.05,Gopstopper
4820,20.07,22.95,20.43,23.29,21.48,20.05,Wonkagum
4821,20.33,21.73,20.04,22.85,22.91,20.82,Gopstopper
4822,20.4,19.21,21.39,21.94,21.54,19.48,Gopstopper
4823,20.83,21.53,21.1,21.93,20.96,19.75,Gopstopper
4824,18.14,21.05,21.11,20.45,20.99,20.62,Wonkagum
4825,19.65,21.86,20.23,22.74,22.37,18.98,Wonkagum
4826,18.99,20.09,20.91,22.98,23.24,19.55,Wonkagum
4827,19.85,19.29,18.71,20.21,22.63,19.3,Wonkagum
4828,19.11,21.17,20.67,23.56,20.08,19.91,Gopstopper
4829,20.04,19.69,21.08,23.4,20.93,20.03,Gopstopper
4830,20.2,19.15,20.65,22.77,22.24,20.84,Gopstopper
4831,19.73,22.19,20.43,23.17,23.17,20.62,Wonkagum
4832,19.76,21.33,21.63,22.4,23.72,19.23,Wonkagum
4833,21.8,22.07,21.29,22.19,21.9,21.41,Gopstopper
4834,17.83,20.37,17.53,21.7,19.35,20.91,Wonkagum
4835,20.02,22.51,20.55,22.31,21.53,20.72,Wonkagum
4836,20.05,21.96,21.88,22.45,21.28,20.35,Gopstopper
4837,18.89,20.97,20.04,20.84,22.07,20.86,Wonkagum
4838,19.67,20.79,21.69,24.34,22.73,21.15,Gopstopper
4839,20.04,20.82,20.63,24.77,21.27,19.81,Gopstopper
4840,18.93,19.63,20.49,21.02,22.43,19.51,Wonkagum
4841,19.08,20.1,21.14,21.4,19.92,19.08,Wonkagum
4842,17.78,21.77,20.53,20.4,21.82,19.39,Wonkagum
4843,20.93,20.86,21.27,24.43,19.96,20.4,Gopstopper
4844,21.39,21.99,20.59,22.31,21.73,21.09,Gopstopper
4845,20.47,21.9,20.03,23.48,23.6,21.33,Gopstopper
4846,19.25,20.26,21.06,22.19,21.62,18.3,Wonkagum
4847,19.94,20.29,19.76,22.02,21.36,19.97,Wonkagum
4848,20.13,21.73,21.16,22.1,21.79,20.17,Wonkagum
4849,20.06,21.35,20.78,23.52,24.08,19.11,Wonkagum
4850,20.39,20.81,21.55,22.78,22.6,21.08,Gopstopper
4851,19.55,22.9,21.15,22.14,21.35,20.73,Wonkagum
4852,19.13,21.88,22.52,23.5,22.69,18.18,Wonkagum
4853,20.0,22.4,20.21,22.46,21.03,21.97,Gopstopper
4854,21.04,20.89,19.63,20.34,21.41,21.04,Wonkagum
4855,19.17,20.76,20.38,21.91,20.48,21.08,Gopstopper
4856,19.39,18.97,20.26,21.18,21.41,18.87,Wonkagum
4857,19.78,23.45,20.29,22.27,22.44,20.96,Wonkagum
4858,21.22,19.21,19.05,21.35,21.73,21.53,Gopstopper
4859,20.88,19.87,19.48,22.08,20.82,19.63,Gopstopper
4860,22.04,22.51,21.22,23.42,22.08,21.98,Gopstopper
4861,19.91,21.8,18.43,22.58,22.23,20.8,Wonkagum
4862,20.61,21.24,21.54,22.57,22.2,19.81,Gopstopper
4863,19.04,19.7,20.14,22.56,18.96,19.53,Gopstopper
4864,21.56,20.48,19.43,22.27,21.12,18.81,Gopstopper
4865,19.54,20.22,20.76,22.64,19.9,18.23,Gopstopper
4866,19.72,20.21,21.29,20.82,22.06,19.37,Wonkagum
4867,20.25,21.46,20.8,20.95,22.95,19.61,Wonkagum
4868,19.53,20.81,21.64,22.33,22.13,20.84,Gopstopper
4869,21.23,19.55,21.21,20.54,20.03,18.2,Gopstopper
4870,20.63,21.93,22.13,21.2,22.51,20.41,Wonkagum
4871,21.76,20.27,18.76,21.39,20.78,20.91,Gopstopper
4872,19.8,18.38,19.8,21.07,21.57,20.84,Gopstopper
4873,20.18,19.93,19.14,23.06,21.94,20.43,Gopstopper
4874,19.87,20.56,20.87,20.7,20.38,20.01,Wonkagum
4875,20.5,20.92,20.38,22.83,22.08,20.88,Gopstopper
4876,21.42,21.73,19.58,21.66,20.89,19.65,Gopstopper
4877,19.96,20.57,20.23,19.98,20.49,19.77,Wonkagum
4878,17.65,21.13,18.56,22.62,19.75,19.92,Wonkagum
4879,20.75,19.7,20.98,21.57,21.31,20.98,Gopstopper
4880,20.8,21.13,20.3,20.7,21.04,21.58,Gopstopper
4881,19.66,18.82,21.16,24.3,21.61,18.76,Gopstopper
4882,20.43,21.99,21.44,21.79,21.68,20.8,Gopstopper
4883,20.8,20.1,21.32,19.95,19.93,19.95,Gopstopper
4884,19.48,21.68,21.22,20.56,22.35,19.05,Wonkagum
4885,19.37,21.08,19.84,19.58,18.7,18.84,Wonkagum
4886,19.43,20.68,19.93,21.35,20.68,19.56,Wonkagum
4887,20.41,22.42,19.7,20.78,23.09,20.2,Wonkagum
4888,18.76,19.55,19.33,20.23,22.78,19.39,Wonkagum
4889,18.71,21.67,19.62,22.53,21.4,20.14,Wonkagum
4890,21.43,21.07,20.44,22.99,20.7,19.1,Gopstopper
4891,19.83,20.51,20.35,21.53,23.25,19.99,Wonkagum
4892,19.25,19.63,20.34,20.68,23.09,21.36,Wonkagum
4893,18.19,20.61,20.17,21.13,21.63,18.01,Wonkagum
4894,20.05,19.84,20.31,21.7,20.62,19.03,Gopstopper
4895,17.97,20.62,20.84,21.77,20.38,19.35,Wonkagum
4896,18.46,20.96,19.75,22.05,22.72,20.39,Wonkagum
4897,19.87,20.38,19.04,21.69,21.48,18.1,Wonkagum
4898,20.25,21.91,22.47,21.53,21.22,19.87,Gopstopper
4899,20.58,22.26,19.68,20.37,20.31,19.78,Wonkagum
4900,18.67,20.59,22.01,20.01,20.1,21.0,Wonkagum
4901,18.55,20.76,20.74,19.88,22.08,20.2,Wonkagum
4902,19.39,21.56,22.62,21.87,22.06,20.39,Wonkagum
4903,19.53,22.22,19.83,18.71,21.82,19.96,Wonkagum
4904,19.7,22.06,20.17,21.37,21.82,19.19,Wonkagum
4905,22.44,20.27,20.93,22.78,21.74,20.1,Gopstopper
4906,21.82,22.39,23.19,22.06,21.88,21.51,Gopstopper
4907,20.23,21.65,19.76,21.11,19.83,20.34,Wonkagum
4908,20.36,21.63,21.06,23.42,21.72,21.52,Gopstopper
4909,19.67,21.77,19.71,21.38,20.94,19.27,Wonkagum
4910,20.95,21.94,20.86,20.42,21.65,18.64,Wonkagum
4911,22.06,21.7,20.46,20.39,21.36,21.66,Gopstopper
4912,19.92,22.61,20.99,22.41,22.09,19.35,Wonkagum
4913,19.32,22.74,20.72,20.69,22.47,19.91,Wonkagum
4914,20.94,21.38,21.35,20.12,21.86,21.8,Gopstopper
4915,20.21,21.84,20.54,21.76,21.97,19.31,Wonkagum
4916,18.29,20.63,21.16,20.55,21.93,21.11,Wonkagum
4917,19.72,18.89,18.99,21.16,19.35,19.28,Wonkagum
4918,20.06,21.13,20.8,24.36,21.72,18.77,Gopstopper
4919,19.31,20.63,20.68,21.04,21.59,19.74,Wonkagum
4920,19.06,19.47,20.74,21.61,21.83,20.09,Wonkagum
4921,20.96,20.44,22.88,23.71,23.9,21.02,Gopstopper
4922,19.67,20.08,21.12,20.75,21.53,19.14,Wonkagum
4923,18.5,20.85,17.88,22.38,21.46,21.17,Wonkagum
4924,20.43,19.0,21.21,25.7,21.11,20.81,Gopstopper
4925,21.53,19.39,19.44,21.3,22.93,21.63,Gopstopper
4926,20.56,21.18,20.71,23.39,20.8,19.81,Gopstopper
4927,20.62,20.66,21.24,19.94,23.24,19.9,Wonkagum
4928,19.66,22.19,21.38,21.84,21.56,19.94,Wonkagum
4929,20.81,21.77,20.79,23.52,20.17,17.8,Gopstopper
4930,18.88,19.39,18.25,21.84,20.31,19.02,Wonkagum
4931,20.94,23.21,20.43,21.6,21.37,19.31,Wonkagum
4932,19.52,21.17,21.76,21.22,21.21,20.45,Wonkagum
4933,20.33,19.97,19.49,19.38,21.63,23.56,Gopstopper
4934,20.6,20.06,20.75,23.23,21.67,21.42,Gopstopper
4935,19.9,21.19,19.95,19.86,21.66,21.66,Wonkagum
4936,18.78,20.98,19.1,19.46,21.16,20.68,Wonkagum
4937,18.72,19.96,20.7,21.78,21.69,20.44,Wonkagum
4938,19.39,20.86,18.4,21.58,21.41,20.09,Wonkagum
4939,20.27,18.38,20.15,21.68,21.66,20.54,Gopstopper
4940,19.53,20.89,20.13,24.6,21.08,19.26,Gopstopper
4941,18.79,21.24,19.82,22.54,21.09,21.73,Wonkagum
4942,20.41,19.98,20.17,23.94,20.58,19.77,Gopstopper
4943,20.32,21.44,19.96,22.31,20.95,19.32,Wonkagum
4944,20.61,21.55,21.53,24.02,21.92,20.34,Gopstopper
4945,17.95,20.19,21.31,23.39,22.07,20.06,Wonkagum
4946,19.76,20.88,17.87,21.09,20.39,20.5,Wonkagum
4947,20.58,22.48,19.23,22.09,21.87,21.85,Wonkagum
4948,20.01,21.15,19.97,21.99,21.18,20.88,Gopstopper
4949,20.37,22.1,23.08,24.68,22.05,18.35,Gopstopper
4950,19.43,20.8,19.58,20.9,19.0,18.89,Wonkagum
4951,19.31,21.01,20.76,21.54,20.94,20.84,Wonkagum
4952,19.25,19.36,21.2,21.09,20.73,21.08,Gopstopper
4953,17.97,21.03,19.77,23.29,21.96,20.19,Wonkagum
4954,19.19,18.8,20.9,22.49,22.33,19.97,Gopstopper
4955,19.58,21.26,20.63,22.43,21.85,20.36,Wonkagum
4956,19.51,21.17,18.72,21.65,22.49,20.8,Wonkagum
4957,20.98,21.48,19.63,20.23,21.02,19.81,Wonkagum
4958,20.26,21.29,20.15,22.6,21.17,20.39,Gopstopper
4959,18.93,21.46,21.36,21.68,21.94,18.07,Wonkagum
4960,20.33,20.84,20.58,21.82,21.26,19.15,Wonkagum
4961,20.4,20.53,19.56,22.83,21.64,19.02,Gopstopper
4962,19.66,21.29,20.36,21.01,19.94,17.19,Wonkagum
4963,21.13,20.23,21.36,21.71,22.06,20.77,Gopstopper
4964,19.71,20.88,20.63,21.0,23.84,20.95,Wonkagum
4965,20.14,19.9,22.29,20.79,21.01,21.57,Gopstopper
4966,18.88,21.32,19.85,23.22,20.55,20.27,Wonkagum
4967,18.57,21.07,20.36,22.11,20.12,19.77,Wonkagum
4968,18.23,21.83,21.64,22.16,22.08,19.16,Wonkagum
4969,19.3,22.14,21.95,23.07,24.36,21.77,Wonkagum
4970,22.01,20.63,19.74,22.48,21.62,20.48,Gopstopper
4971,19.19,20.65,22.89,23.77,21.58,20.8,Gopstopper
4972,20.09,20.97,21.07,20.63,21.38,19.42,Wonkagum
4973,18.61,21.97,20.52,23.92,23.04,18.88,Wonkagum
4974,20.42,20.26,21.56,20.1,22.14,19.62,Wonkagum
4975,20.45,20.32,20.3,22.74,22.68,19.47,Gopstopper
4976,21.13,20.89,20.47,20.83,21.24,19.48,Wonkagum
4977,18.86,21.3,18.77,23.19,21.72,20.76,Wonkagum
4978,20.17,20.71,21.4,19.25,20.77,19.54,Wonkagum
4979,18.58,21.43,19.68,21.25,22.57,19.12,Wonkagum
4980,21.48,21.33,21.55,24.54,20.98,19.25,Gopstopper
4981,19.13,20.97,20.02,20.81,19.83,19.2,Wonkagum
4982,20.86,21.83,19.24,22.11,22.65,19.88,Wonkagum
4983,22.37,23.68,20.46,23.91,21.8,20.28,Gopstopper
4984,19.46,21.79,20.1,23.05,21.74,20.79,Wonkagum
4985,20.03,21.42,20.88,23.43,22.8,22.38,Gopstopper
4986,20.72,21.13,19.15,23.18,22.21,19.4,Gopstopper
4987,20.45,21.49,20.96,20.74,21.87,21.67,Wonkagum
4988,22.32,20.41,19.12,23.5,21.42,20.21,Gopstopper
4989,18.8,19.9,20.12,20.48,20.92,20.27,Wonkagum
4990,20.61,21.41,20.52,22.56,21.66,19.6,Gopstopper
4991,21.51,22.14,20.48,21.28,21.41,22.03,Gopstopper
4992,18.63,22.48,21.01,22.1,21.6,19.69,Wonkagum
4993,16.97,20.02,19.17,22.55,20.45,18.58,Wonkagum
4994,18.82,22.48,20.98,22.82,21.86,19.57,Wonkagum
4995,19.46,21.43,19.53,21.15,22.29,20.21,Wonkagum
4996,20.32,19.8,22.36,21.11,19.29,20.08,Gopstopper
4997,19.45,18.49,20.33,19.91,22.12,20.53,Wonkagum
4998,19.95,21.18,21.23,23.0,22.17,19.98,Gopstopper
4999,21.19,21.58,19.89,20.76,19.08,20.93,Gopstopper
5000,19.55,20.51,22.73,23.39,21.98,19.04,Gopstopper
