SerialNo,MotorVibration,ConveyorSpeed,MixingDrumRate,ChamberTemp,Pressure,Humidity,CoolingSystemLoad,SteamInjectionRate,ThermalIntensity,InternalFrictionCoeff,EnergyConsumption
1,20.65,21.65,21.15,20.14,20.82,19.23,2.26,-6.15,23.52,8.99,1469.81
2,18.36,20.24,19.77,22.82,21.39,19.82,2.89,4.33,20.78,6.11,1231.37
3,19.75,19.96,20.58,21.9,20.98,21.08,0.8,-7.9,17.45,6.8,1419.56
4,20.22,20.9,20.86,22.42,19.82,19.45,3.39,8.1,21.57,6.47,2812.43
5,19.75,20.81,19.83,23.18,20.49,20.59,2.26,-5.23,20.1,8.54,1892.11
6,19.98,21.19,20.41,21.76,23.6,21.54,2.09,5.18,19.53,7.86,1496.36
7,19.82,20.06,19.97,21.57,22.31,20.1,1.24,2.63,21.16,12.72,2378.48
8,18.94,20.25,23.0,22.71,22.95,20.99,1.49,-6.8,18.58,5.85,1588.05
9,21.16,21.14,20.47,22.69,20.34,19.77,1.7,8.47,19.71,12.38,2749.53
10,18.89,21.08,21.19,23.07,19.87,19.37,0.86,13.44,19.07,1.56,2755.68
11,20.23,21.16,20.66,21.79,20.21,19.27,1.75,-5.25,21.5,8.47,1353.69
12,20.73,21.15,19.28,23.17,21.02,18.55,1.29,-4.58,19.44,2.24,1733.09
13,19.58,21.56,23.32,24.31,22.46,21.46,2.55,0.48,20.37,3.93,2174.27
14,20.2,22.32,20.39,22.2,21.9,18.85,-0.44,6.07,20.42,4.08,1074.47
15,19.42,21.85,21.46,23.77,21.14,21.33,1.8,8.57,21.1,3.84,2724.6
16,21.8,21.82,20.18,22.59,22.38,21.52,1.23,-2.51,19.15,5.18,1885.64
17,20.24,21.72,21.08,21.67,21.95,21.55,2.0,0.96,22.66,13.6,2621.13
18,20.61,18.8,20.74,22.52,20.97,20.0,3.88,-2.46,22.28,4.37,2211.3
19,19.3,21.49,20.8,24.36,22.22,20.14,3.34,-2.89,24.24,2.16,2332.24
20,19.48,19.43,21.79,22.33,21.22,19.95,1.6,-3.72,18.35,8.48,1803.23
21,19.98,21.06,21.83,24.98,24.46,20.3,1.85,-9.54,20.46,7.73,1651.78
22,19.8,19.84,19.21,22.03,20.26,19.59,1.33,6.04,17.14,13.65,2368.52
23,21.03,20.98,19.72,20.08,22.2,20.03,1.88,0.71,17.95,6.88,1112.22
24,18.67,21.44,19.83,23.76,20.44,20.66,2.59,10.68,21.64,0.14,2837.82
25,22.48,21.13,21.11,21.76,21.89,20.71,0.95,5.77,19.85,5.72,2459.75
26,22.07,20.59,22.05,23.59,21.78,22.08,3.25,-2.8,18.24,5.66,1806.36
27,19.08,20.23,20.82,21.54,21.63,19.33,2.73,-7.99,21.71,3.3,760.22
28,19.68,21.93,21.74,23.47,20.14,20.95,2.7,13.07,20.77,5.31,3000.0
29,19.37,20.32,22.95,22.21,21.35,19.05,2.31,-11.89,15.81,6.55,1028.45
30,17.21,20.25,21.02,23.48,22.11,20.38,1.28,-2.39,22.43,6.82,1107.43
31,20.48,19.5,19.83,20.37,21.44,19.76,2.81,-2.28,20.21,2.86,718.82
32,19.31,21.02,20.78,22.41,22.65,20.12,1.74,-4.53,19.02,8.83,1393.56
33,20.45,22.79,23.37,23.26,23.42,18.84,0.65,-5.96,17.56,11.91,1647.11
34,22.07,20.15,20.05,20.81,21.08,20.94,2.06,-8.55,21.04,7.84,1771.98
35,20.64,22.04,21.2,21.07,20.16,20.43,1.07,-5.08,19.14,10.32,1830.54
36,21.22,21.87,21.36,24.04,22.95,21.88,1.52,-0.36,19.79,7.54,2129.64
37,19.28,23.63,20.33,22.97,21.44,20.44,2.57,2.14,20.19,3.86,888.44
38,21.19,20.81,19.62,23.92,22.4,21.89,1.9,-3.67,21.17,7.81,2075.97
39,21.06,21.31,20.92,20.72,20.95,19.99,1.97,-3.71,20.67,5.49,1978.46
40,18.44,18.08,19.73,22.62,22.26,21.22,2.93,-7.3,23.37,3.67,2007.35
41,20.18,20.08,19.22,21.81,21.0,21.8,0.2,1.17,16.82,6.77,1893.55
42,20.54,21.75,20.47,21.95,20.75,20.41,2.9,0.34,18.97,9.46,2139.6
43,18.87,19.84,20.85,21.76,20.94,20.41,2.12,2.66,22.38,5.98,1138.68
44,19.68,20.82,21.69,20.69,22.94,20.32,1.94,-3.79,24.68,12.82,2311.26
45,20.43,22.95,20.54,20.52,22.31,19.03,1.97,-6.37,22.57,9.85,1617.78
46,19.98,22.75,20.63,22.72,19.81,21.53,2.51,-0.14,21.13,5.36,2241.85
47,20.04,21.25,18.18,21.35,21.94,20.49,2.82,3.64,21.93,5.27,1110.76
48,19.14,21.22,22.31,24.51,21.34,20.84,1.81,-6.21,21.86,13.43,2105.6
49,19.25,20.14,21.46,22.13,23.54,21.83,1.89,-4.39,18.96,5.99,1776.19
50,22.18,21.46,20.93,22.45,21.56,20.8,2.49,-8.57,21.35,8.09,1811.5
51,19.1,20.36,19.89,21.73,21.86,20.56,0.32,-8.2,18.24,8.27,1275.64
52,21.2,20.79,20.68,23.36,20.62,20.35,1.92,-3.83,20.36,1.83,1869.02
53,19.96,20.51,18.6,21.71,22.96,21.19,2.4,-5.89,19.13,1.87,655.43
54,21.14,22.21,21.71,22.95,22.08,23.27,1.61,5.6,21.07,9.57,2656.0
55,20.09,22.59,19.79,20.49,19.76,20.7,1.36,0.21,19.05,3.86,767.47
56,19.83,20.51,21.43,23.34,22.12,20.57,1.88,8.86,20.24,7.04,2719.76
57,20.11,20.21,22.06,21.77,22.97,20.5,1.53,8.93,18.17,2.47,2424.64
58,20.95,22.32,22.01,23.35,22.37,21.02,1.8,0.11,19.36,6.01,2086.97
59,19.92,18.99,19.38,20.68,22.43,21.04,1.62,-14.03,22.56,7.64,1228.11
60,18.0,20.18,20.61,21.53,21.2,20.21,3.25,2.79,16.68,0.82,748.0
61,19.2,21.67,20.14,21.27,22.36,21.27,1.09,8.01,20.21,7.16,1531.64
62,18.13,21.14,19.17,21.75,20.84,19.2,2.67,4.43,23.12,7.33,1419.72
63,18.96,19.57,21.19,22.15,20.0,20.73,1.53,2.44,21.96,5.59,2476.51
64,19.12,20.53,21.57,23.46,22.11,20.39,2.26,-1.74,20.26,3.7,2022.27
65,18.97,20.62,20.24,20.25,20.72,20.07,2.52,-8.25,21.65,5.87,990.53
66,18.98,20.62,18.9,22.63,22.32,18.92,3.22,4.38,18.66,5.87,1186.22
67,19.71,22.72,20.83,21.38,21.67,19.04,2.31,-1.37,21.62,12.77,2276.02
68,19.48,20.94,20.66,21.26,20.57,20.53,1.68,2.19,22.72,6.64,1197.4
69,18.92,19.77,21.2,22.25,22.25,21.12,2.05,-4.11,20.57,5.61,1949.69
70,19.53,21.0,20.13,21.38,23.0,19.69,3.53,14.0,22.21,6.63,1799.95
71,20.48,20.32,20.34,20.5,20.82,20.13,2.13,1.67,18.15,8.27,1375.86
72,20.02,22.86,19.96,23.11,20.95,19.89,0.95,-2.66,17.89,8.16,1255.14
73,19.98,21.29,20.32,20.84,22.39,20.95,1.69,-7.95,21.72,8.35,1338.02
74,19.52,20.21,19.94,21.76,21.36,20.13,1.67,-9.79,25.72,8.81,1448.22
75,19.38,19.34,21.52,23.64,23.68,21.26,2.58,4.34,20.27,2.62,2370.96
76,20.68,20.42,20.75,20.72,20.12,19.57,1.02,-4.08,21.95,8.55,2135.96
77,21.44,19.71,18.9,22.17,21.4,19.83,1.59,-3.15,14.97,7.55,1480.94
78,20.41,20.37,22.87,23.77,22.47,20.02,2.17,-3.8,21.35,5.13,2036.03
79,18.95,20.53,19.21,19.44,20.44,19.07,1.78,-7.64,19.12,7.32,1149.82
80,20.13,20.71,21.95,19.93,20.12,19.87,2.07,-2.03,24.54,6.67,1113.29
81,20.14,21.48,21.57,21.47,21.73,18.07,2.12,0.39,21.7,6.94,1143.24
82,19.13,20.74,19.41,23.63,22.88,20.86,2.17,-7.05,20.25,7.52,1194.99
83,21.07,22.66,20.32,22.8,20.37,20.69,1.26,2.32,19.02,1.97,2097.82
84,19.63,20.86,18.99,22.33,21.33,18.91,2.64,-8.56,22.83,7.79,1265.92
85,18.57,21.48,20.67,20.56,23.44,19.13,1.57,-3.09,22.89,8.95,1448.91
86,19.77,20.37,18.49,21.74,22.17,19.01,1.99,2.55,18.53,7.73,1334.57
87,20.53,19.02,20.9,21.5,20.77,20.29,1.03,-0.1,22.58,4.82,2364.57
88,19.96,22.27,20.04,20.94,20.92,19.23,2.03,-11.49,22.23,4.41,842.43
89,18.71,22.14,18.77,22.09,21.36,20.54,2.15,-19.5,20.65,7.55,1200.99
90,19.13,20.37,21.62,21.01,21.95,18.85,2.03,3.97,21.82,9.41,1727.55
91,21.13,20.66,19.6,19.14,20.83,19.83,1.38,4.83,21.26,10.93,2066.86
92,19.88,21.89,20.81,20.08,22.06,21.48,2.9,3.06,18.11,9.29,1631.68
93,22.12,20.6,21.13,23.18,21.15,21.42,2.47,-1.59,20.82,8.54,2186.88
94,19.33,19.36,20.17,22.54,21.57,19.76,1.89,-1.74,19.83,-0.63,1890.29
95,19.52,22.01,21.94,21.18,20.51,17.45,1.88,-0.75,18.02,5.16,870.09
96,21.12,22.18,21.85,23.95,22.05,20.38,1.41,4.1,18.57,7.94,2279.27
97,20.19,21.61,18.72,21.52,21.57,21.47,1.5,-0.93,17.02,4.96,832.89
98,22.11,21.69,20.36,21.18,21.52,19.96,3.17,2.62,16.88,4.21,1964.1
99,20.64,19.16,21.15,21.02,21.15,20.12,1.71,9.2,18.96,3.81,2548.19
100,18.87,20.88,20.68,20.84,22.81,19.18,4.21,-6.77,22.44,12.29,2183.33
101,19.71,19.64,21.4,23.57,21.65,19.47,1.07,-1.3,17.65,3.1,1763.07
102,19.68,21.95,20.36,23.27,22.51,20.0,2.3,-6.01,17.81,6.36,1010.26
103,21.23,20.61,20.43,21.31,20.93,21.8,2.18,-2.75,24.33,4.82,2390.44
104,19.32,22.3,20.36,21.59,21.34,19.75,2.03,-0.71,18.26,4.41,802.34
105,18.39,20.57,20.1,22.35,19.97,20.46,0.73,-6.16,20.15,8.23,1292.31
106,21.06,20.39,21.75,24.36,20.56,19.43,0.9,-11.37,21.12,9.47,1633.04
107,18.69,21.98,21.69,21.31,20.46,20.24,2.16,-9.15,19.69,3.47,743.91
108,20.79,20.05,19.42,21.05,22.36,20.3,1.18,3.1,20.0,7.16,1285.67
109,22.7,22.43,21.31,22.56,21.11,18.47,2.97,-4.68,18.53,6.66,1739.92
110,20.67,20.73,21.6,23.73,21.86,18.71,1.82,-1.53,18.83,5.64,1926.39
111,20.62,20.2,19.93,21.41,22.16,21.3,2.2,0.35,20.75,4.2,2206.95
112,21.59,20.6,20.63,24.6,21.7,19.75,1.97,6.35,17.81,10.33,2394.14
113,19.41,21.41,19.9,20.58,21.78,21.05,1.95,-1.99,23.17,3.9,806.36
114,21.03,20.58,20.63,22.87,21.87,20.09,3.22,1.72,16.79,3.09,1881.26
115,17.68,20.02,20.74,21.45,23.43,19.32,2.87,-7.92,20.52,10.3,1697.09
116,18.42,19.85,20.96,21.4,24.47,20.37,2.12,-1.13,18.06,7.6,1181.59
117,19.89,21.79,20.28,22.75,21.33,20.67,2.54,-6.84,21.06,3.46,1794.35
118,17.35,18.59,20.86,21.79,21.87,19.38,2.94,-0.99,18.23,6.77,1074.32
119,19.13,20.22,19.26,20.93,22.44,20.15,1.52,0.89,21.31,5.13,940.2
120,21.87,21.73,20.06,19.46,20.73,17.73,0.76,-1.64,21.79,11.47,1943.41
121,20.07,19.95,21.74,21.34,22.39,18.93,2.44,-2.96,21.98,6.28,1040.83
122,20.03,20.97,19.69,20.44,20.84,19.77,3.0,1.88,19.13,8.59,1459.32
123,19.94,21.01,20.39,22.8,20.74,18.77,0.63,-2.82,23.35,6.93,1124.41
124,20.82,21.33,20.46,20.42,22.12,19.84,1.51,-2.9,20.2,11.31,1900.72
125,20.02,19.05,19.72,22.29,20.87,19.85,1.81,-7.37,20.0,7.61,1733.26
126,20.28,18.89,19.68,22.16,21.35,19.68,1.21,3.54,21.22,10.47,2560.76
127,19.5,20.23,21.09,21.83,22.08,20.19,1.88,-0.3,17.06,8.62,1336.66
128,19.62,20.94,20.49,21.98,20.92,21.14,1.11,-3.36,19.63,5.34,1884.69
129,19.04,19.62,19.76,23.25,22.11,20.76,1.74,-7.27,20.83,7.01,1810.22
130,19.31,21.07,20.75,20.72,21.91,20.75,2.56,16.36,18.95,6.36,1842.67
131,19.67,20.83,20.06,22.65,21.54,19.88,0.34,-21.12,20.01,5.28,887.56
132,21.54,19.7,20.91,22.84,20.32,19.9,1.16,-5.31,23.74,3.77,2146.95
133,20.2,21.55,21.17,22.96,22.13,21.29,3.12,-3.38,18.54,11.08,1908.46
134,21.01,22.68,22.5,23.26,21.65,19.51,1.34,6.44,21.76,0.82,2598.02
135,21.02,20.43,21.69,21.41,20.4,19.17,-0.08,-2.2,18.87,10.99,1979.04
136,19.86,19.72,18.65,22.65,19.85,19.34,2.14,1.27,20.25,2.99,2189.5
137,20.46,21.34,21.12,21.5,22.87,21.0,1.94,-3.09,21.19,8.63,1379.46
138,19.3,21.75,21.12,22.38,21.28,19.74,2.12,12.91,21.81,5.24,1565.07
139,19.83,21.45,20.93,21.95,19.7,20.23,2.05,2.77,20.85,2.0,2316.72
140,18.87,21.4,20.87,23.34,22.68,20.11,3.02,-4.55,21.64,10.44,1739.01
141,19.74,20.33,22.43,24.66,21.39,20.4,1.44,4.93,19.73,-0.2,2281.63
142,22.56,22.52,21.9,24.41,21.2,20.61,1.92,-1.73,19.24,9.39,2031.35
143,20.17,22.02,20.85,20.44,19.96,19.88,1.65,12.79,22.27,7.39,1828.04
144,19.05,21.88,20.39,22.97,20.88,19.48,2.54,9.46,16.71,10.15,2097.81
145,20.61,21.09,18.91,21.24,20.29,19.14,2.62,2.06,19.29,8.88,1516.64
146,19.27,21.77,20.36,19.03,19.28,20.06,2.3,-1.66,19.59,8.84,1404.7
147,20.41,18.49,20.67,22.15,20.18,19.17,3.72,-4.44,20.45,9.69,2014.47
148,19.56,20.07,20.08,24.17,22.04,20.99,2.44,6.17,21.98,9.51,2786.82
149,20.69,21.85,21.61,22.63,24.29,20.81,3.0,10.16,20.5,8.35,2862.68
150,20.94,20.59,20.47,20.72,22.73,19.62,1.29,-2.04,19.65,6.0,972.55
151,19.63,19.95,20.93,19.21,20.18,18.99,1.44,3.14,21.84,6.31,1193.63
152,21.07,20.5,20.19,22.48,23.22,19.57,3.58,3.54,20.66,7.32,2466.94
153,21.05,22.36,20.94,23.21,21.63,20.73,0.92,6.23,20.35,6.2,2545.22
154,20.75,20.77,21.19,23.28,22.68,19.52,2.61,-5.45,23.57,13.56,2334.7
155,20.1,22.13,21.61,24.5,22.08,22.54,3.03,3.11,22.13,6.74,2569.04
156,18.95,20.71,19.12,19.32,21.51,18.63,2.94,15.71,26.19,3.55,1600.36
157,19.96,20.97,21.0,21.11,22.93,19.07,0.72,0.67,16.52,6.64,1049.32
158,19.85,22.0,19.82,20.51,20.56,21.37,1.72,3.18,22.86,4.48,1008.17
159,19.41,19.49,21.12,20.3,21.1,21.3,2.5,2.65,23.3,12.87,2776.05
160,20.13,22.11,18.85,22.91,20.55,19.08,2.59,3.87,18.76,7.29,1343.45
161,17.84,21.72,21.82,20.51,20.88,19.52,1.99,-8.1,19.85,8.9,1417.04
162,17.9,20.48,20.69,22.49,19.97,17.97,1.44,14.33,20.26,8.55,2069.81
163,18.3,21.1,20.45,22.09,23.52,21.57,1.78,0.7,19.2,9.84,1619.18
164,19.09,19.18,18.27,21.82,19.36,19.16,1.51,3.81,19.41,7.72,1401.62
165,20.92,22.05,21.18,21.5,21.15,21.17,1.01,0.62,27.96,5.8,2964.91
166,21.19,20.34,22.13,20.54,21.44,20.74,1.76,6.6,20.09,7.14,2571.5
167,19.82,21.75,20.67,22.76,20.89,19.83,3.48,-3.51,21.31,3.32,763.79
168,20.51,21.51,19.16,21.52,22.35,19.67,1.78,-9.15,20.85,6.55,1059.89
169,19.22,19.71,19.39,20.75,22.21,20.86,0.79,-0.82,20.27,12.38,2148.18
170,20.51,21.88,19.32,20.36,21.12,19.29,1.71,3.36,17.95,9.21,1613.99
171,19.36,20.86,19.77,21.22,22.53,20.2,3.38,-2.43,22.12,6.68,1107.17
172,19.14,22.41,20.34,21.02,20.94,18.43,0.73,-4.7,19.99,13.04,2311.5
173,19.27,19.71,22.11,22.2,21.81,18.57,2.0,2.44,17.19,5.17,984.68
174,20.67,22.72,21.36,21.46,20.92,19.63,2.59,-6.49,20.41,8.03,1276.29
175,19.91,20.62,19.67,18.77,20.82,21.15,1.09,6.86,20.71,6.09,1336.03
176,21.57,21.76,21.49,23.6,21.58,21.57,2.15,-2.19,22.56,6.39,2279.72
177,21.54,22.89,22.12,23.9,23.06,19.34,1.27,3.48,17.55,8.18,2145.82
178,20.51,20.54,21.35,23.7,20.7,20.56,1.02,-8.13,19.85,8.73,1686.8
179,18.77,22.39,21.68,21.59,20.76,19.79,2.5,9.47,18.76,6.39,1499.47
180,21.29,20.52,19.39,21.14,20.75,20.79,3.46,3.28,18.48,4.49,2176.41
181,19.24,21.82,20.07,22.11,21.67,21.01,1.69,4.3,20.54,12.5,2403.57
182,20.71,20.64,20.58,23.42,21.05,18.68,2.46,-9.03,19.21,7.3,1554.89
183,20.08,20.59,18.51,23.02,20.92,21.21,2.39,-5.25,21.12,3.89,1904.15
184,20.11,21.02,21.24,22.02,22.58,20.73,2.14,1.39,18.37,3.93,2025.86
185,20.44,20.44,20.47,22.0,21.19,20.48,1.45,-7.58,19.8,12.97,1805.67
186,21.71,21.83,21.07,21.38,21.39,20.11,1.19,-4.39,20.67,14.39,2110.85
187,20.46,21.76,20.61,20.45,22.34,19.4,1.36,5.29,20.94,8.01,1535.61
188,21.09,20.06,19.91,19.03,20.74,20.56,1.86,-4.24,20.47,5.16,894.68
189,19.32,21.87,20.11,21.72,21.14,20.51,1.66,2.62,20.0,8.0,1393.7
190,18.24,19.42,20.49,20.76,21.88,19.8,1.08,-5.79,18.96,6.08,973.5
191,20.46,21.59,19.4,20.37,20.59,18.39,1.84,4.21,23.54,8.72,1626.92
192,19.61,20.59,20.29,22.0,19.79,19.26,1.49,-7.85,20.52,8.05,1272.42
193,20.01,20.04,22.44,22.51,20.6,20.72,2.45,4.16,17.93,6.9,2209.5
194,19.45,21.34,20.86,23.59,21.64,19.4,1.69,15.14,16.5,6.75,2716.81
195,22.1,22.01,21.24,22.57,20.9,21.09,2.68,-3.74,22.64,6.34,2199.15
196,19.48,21.71,21.61,23.92,20.15,19.15,2.18,-4.63,17.66,9.85,1710.38
197,20.72,19.94,21.32,20.98,21.35,19.72,1.6,7.97,20.46,6.42,2674.01
198,20.84,21.19,21.53,22.59,23.44,20.08,1.87,0.45,17.82,13.17,2096.03
199,20.58,19.81,21.65,23.28,21.91,18.14,1.89,-8.19,20.38,13.45,1839.83
200,19.13,22.0,20.82,19.39,20.02,19.62,2.13,2.38,20.72,5.87,1097.67
201,19.86,20.14,21.12,23.03,22.27,21.2,2.29,1.52,21.76,5.92,2415.45
202,19.45,22.79,21.56,22.25,19.86,18.83,1.64,-4.43,19.9,6.85,1091.61
203,20.6,18.9,21.45,21.11,19.89,21.72,1.81,-4.7,19.91,5.07,1834.88
204,21.32,19.66,19.04,22.11,20.06,21.12,2.09,6.08,18.05,9.55,2385.98
205,20.78,21.76,20.7,21.83,22.9,21.48,-0.37,-6.92,19.58,10.55,1754.76
206,18.23,21.0,21.25,22.17,21.97,19.6,2.44,-9.59,20.16,10.85,1808.63
207,20.05,19.32,21.07,20.93,21.21,19.27,1.24,-5.43,20.17,6.38,1838.8
208,21.32,21.48,21.69,23.59,21.54,21.63,1.77,6.06,19.75,6.34,2488.13
209,18.9,19.46,20.53,21.33,20.08,19.95,1.46,-1.83,18.04,1.03,611.35
210,20.21,21.19,19.04,20.58,20.98,20.65,2.6,-3.95,17.64,5.03,858.52
211,19.8,21.32,22.27,21.32,20.1,19.09,2.82,-0.48,23.35,4.2,841.07
212,21.05,19.95,20.01,23.13,21.6,22.42,1.91,3.41,21.3,3.68,2432.7
213,16.72,20.46,21.1,22.56,21.52,20.36,1.92,10.74,25.43,5.54,1515.77
214,21.24,22.46,20.12,21.52,22.29,21.31,1.97,2.46,20.91,6.08,1126.84
215,22.44,20.0,20.7,21.77,21.51,19.84,1.99,13.72,21.47,6.93,3132.17
216,20.46,20.94,21.22,21.73,20.61,19.45,2.8,5.12,18.35,11.08,2394.61
217,19.71,21.29,21.71,23.79,20.81,21.39,4.41,-2.08,23.26,10.5,2460.05
218,20.19,20.94,19.98,22.35,23.63,20.65,1.86,6.24,16.7,3.63,1031.66
219,19.66,20.81,19.9,23.65,22.02,21.46,2.45,4.46,21.42,8.28,2604.5
220,19.31,20.96,20.28,24.67,20.89,21.76,1.32,8.13,20.31,4.6,2631.68
221,18.95,20.23,20.79,21.54,22.39,21.23,1.4,5.16,23.24,7.44,1461.16
222,18.02,20.79,17.71,20.39,20.17,19.21,1.18,0.8,19.82,10.93,1850.48
223,19.11,19.9,20.73,21.6,20.28,19.79,3.07,-3.37,20.16,5.54,943.31
224,20.13,20.17,21.71,22.2,22.06,18.79,2.56,0.94,16.56,4.04,1824.37
225,18.83,18.35,20.42,22.09,19.48,19.27,1.69,-10.37,16.62,7.15,1205.8
226,18.97,19.87,19.09,21.08,23.15,19.77,2.17,-1.14,20.84,10.96,1836.69
227,20.94,21.13,21.25,20.77,21.42,19.98,2.61,-8.26,22.51,13.02,2047.1
228,19.99,22.19,18.8,23.4,22.43,20.22,2.96,3.21,20.68,5.15,1067.42
229,20.26,21.95,20.3,20.25,19.85,18.35,2.33,5.84,19.82,7.39,1464.27
230,18.07,20.84,21.03,22.25,22.07,20.5,2.07,2.21,20.71,7.83,1357.55
231,19.72,21.29,21.34,21.19,22.96,19.74,3.06,-1.14,20.49,2.74,714.99
232,19.98,21.92,21.02,22.29,21.28,20.65,1.12,-2.0,21.46,2.57,2095.63
233,18.08,20.87,21.17,22.18,20.69,18.12,0.46,8.41,18.24,7.97,1646.05
234,19.0,23.31,21.51,22.38,22.83,20.97,3.0,6.91,20.61,5.87,1332.45
235,18.94,22.72,20.02,21.97,20.25,22.06,1.64,-7.43,18.15,2.8,680.57
236,18.43,21.04,21.46,24.21,21.46,19.51,3.07,1.79,22.43,9.06,2567.05
237,20.2,20.45,20.04,21.85,20.06,20.49,3.54,2.28,18.0,7.18,2120.32
238,21.72,22.32,21.47,20.62,20.93,18.66,3.48,-1.44,19.64,7.03,1131.99
239,21.84,20.25,18.59,22.14,19.91,19.81,-0.41,-9.56,21.32,3.71,1634.3
240,19.77,20.93,20.4,22.2,21.47,19.46,2.64,-14.38,17.6,1.88,643.52
241,20.28,20.77,21.94,22.35,20.35,21.18,1.59,1.21,18.51,5.21,2049.52
242,19.74,22.01,20.2,22.55,21.75,18.98,1.48,-11.85,25.12,7.15,1175.66
243,19.51,20.5,18.68,21.86,21.22,21.12,2.3,-3.66,22.07,4.87,884.81
244,18.5,20.14,20.98,22.27,21.84,21.38,1.5,4.79,20.77,3.71,1005.15
245,18.91,20.42,21.02,22.73,22.12,19.31,2.6,2.91,21.42,5.88,1138.45
246,20.17,23.34,22.16,21.61,19.4,20.51,3.06,-4.18,16.94,7.11,1621.31
247,20.07,20.98,19.55,20.77,20.29,20.33,1.84,6.27,21.39,11.24,2215.9
248,20.54,21.99,19.84,21.48,21.49,18.97,2.29,3.68,24.42,7.45,1407.56
249,18.98,20.04,19.1,22.31,20.76,20.05,1.63,-3.42,19.12,2.6,677.74
250,20.23,19.61,20.04,23.1,21.68,21.27,2.37,10.65,24.1,0.93,3097.11
251,21.89,20.21,20.55,19.93,21.01,19.79,3.13,3.41,19.18,-0.36,2151.38
252,21.19,21.91,19.61,21.48,22.19,18.27,2.33,-5.46,20.33,8.02,1276.29
253,19.87,21.85,20.7,20.7,21.94,22.48,1.9,-14.37,17.57,3.84,747.93
254,19.14,21.01,18.85,21.62,22.22,21.1,3.05,1.57,20.98,8.49,1447.14
255,20.16,22.64,20.33,23.13,21.64,19.38,1.67,-3.53,20.39,10.54,1736.45
256,18.92,20.34,20.51,20.34,22.82,20.8,1.69,0.15,19.64,8.77,1394.59
257,18.62,21.25,21.81,22.58,20.12,19.78,1.47,-1.66,18.43,6.32,1002.35
258,19.98,18.79,17.9,20.47,21.68,19.72,0.75,-15.39,20.54,12.55,2191.64
259,20.62,20.0,20.1,21.91,20.67,18.73,1.31,-2.05,18.86,5.62,1894.28
260,20.14,20.99,20.55,22.22,22.26,19.52,2.04,-7.72,22.44,4.29,831.55
261,19.32,21.23,20.49,24.52,22.03,20.28,2.18,-3.56,20.61,8.0,2034.76
262,20.29,21.36,21.74,23.44,21.58,20.15,1.23,-4.05,19.13,9.32,1871.78
263,20.58,19.55,20.54,22.6,23.09,21.2,1.59,0.45,22.2,-0.76,2254.67
264,21.06,19.33,19.97,23.66,21.54,20.76,0.49,2.1,19.24,10.33,2266.01
265,18.71,19.36,21.47,22.46,21.28,19.12,3.75,3.23,22.14,2.13,2492.06
266,22.72,20.35,20.6,22.22,20.83,20.45,3.17,-16.79,20.32,0.84,1079.4
267,19.28,22.79,20.67,24.32,22.55,20.46,1.43,9.95,16.6,5.97,1436.67
268,21.12,21.44,19.66,22.59,21.1,20.91,2.11,-11.42,21.3,3.81,1545.1
269,18.47,20.05,19.15,22.81,21.09,19.01,1.3,-0.09,19.98,8.25,1297.24
270,20.95,18.17,20.66,21.22,20.57,21.23,2.82,-5.8,21.23,8.07,1971.16
271,20.34,21.14,19.73,22.15,21.23,20.92,2.51,2.07,20.52,7.93,2366.0
272,19.37,21.82,20.3,21.81,23.01,20.15,0.95,-12.81,20.54,10.67,1757.65
273,20.17,18.21,20.51,22.9,22.65,20.4,1.22,10.84,20.17,6.05,2807.28
274,19.54,22.16,19.53,22.37,22.66,20.67,1.94,-2.52,26.8,8.1,1340.44
275,21.37,20.92,20.11,21.37,20.99,18.79,3.11,3.5,21.17,1.99,861.49
276,19.8,21.33,19.13,20.33,22.36,19.13,1.7,-5.6,16.83,9.88,1564.04
277,20.78,21.96,22.41,22.12,22.02,20.73,3.05,11.63,17.27,5.5,2568.68
278,20.2,21.11,21.09,20.68,21.43,19.37,2.25,-9.6,20.98,6.15,1016.08
279,20.2,21.5,20.49,22.18,22.02,20.34,1.33,-18.42,18.97,5.97,966.46
280,20.69,19.83,18.71,21.84,20.3,19.32,1.67,9.54,22.36,6.7,2963.92
281,19.25,21.1,20.3,23.06,21.5,21.21,2.51,-8.23,20.74,5.89,1728.37
282,20.08,22.04,21.13,21.64,20.58,20.52,2.67,-0.49,20.86,0.51,643.33
283,20.04,20.16,19.74,24.49,22.15,20.3,2.75,10.91,18.32,10.72,2733.11
284,20.49,19.65,20.43,20.52,19.8,20.44,2.17,-2.84,21.27,5.05,2082.73
285,19.01,21.21,20.74,22.35,21.85,20.58,2.36,1.82,20.43,5.88,1070.82
286,19.2,19.7,19.05,21.27,21.97,19.73,3.81,5.7,18.29,6.42,1324.29
287,20.19,20.63,19.98,22.36,20.76,19.6,3.93,0.21,18.3,8.57,2058.77
288,19.32,19.06,19.99,21.92,21.64,20.65,2.04,9.11,23.7,5.52,3054.0
289,20.12,20.91,21.14,21.12,22.07,18.83,0.59,4.94,21.26,10.2,1909.87
290,20.79,20.26,20.14,23.21,21.99,21.22,2.1,-6.26,19.33,12.62,1836.64
291,18.66,20.69,21.64,20.92,21.08,19.38,2.09,5.12,19.02,11.91,2289.28
292,19.66,21.82,19.8,21.37,20.98,21.03,0.99,-0.24,20.11,7.76,1217.15
293,19.83,19.54,21.3,22.15,20.88,19.22,2.1,-0.21,20.67,5.27,2185.02
294,19.29,22.95,23.38,23.5,22.5,18.29,1.16,2.33,17.55,5.19,976.84
295,21.3,20.87,18.3,22.24,23.41,20.48,2.3,6.44,19.84,5.89,1295.83
296,19.83,18.86,19.52,21.28,21.56,19.58,2.48,-6.74,16.36,4.45,788.88
297,20.15,21.4,21.41,20.79,19.89,19.73,2.42,9.14,20.04,8.25,1764.75
298,19.76,20.69,19.72,22.36,20.27,21.53,2.79,8.71,23.24,6.32,3005.68
299,18.67,20.95,21.91,21.5,22.98,19.47,2.38,-4.43,17.63,6.95,1088.97
300,19.91,21.25,18.72,21.93,21.1,19.1,2.63,12.31,19.81,6.08,1614.39
301,22.13,20.85,21.38,23.05,20.11,20.03,3.03,-1.21,19.65,8.35,2095.87
302,19.7,20.8,20.35,23.85,21.98,20.21,1.65,3.97,17.95,7.77,2212.38
303,19.92,21.08,20.47,21.83,22.62,20.85,1.88,-3.23,19.2,5.94,970.24
304,18.8,21.54,21.17,21.11,20.42,18.99,1.72,5.74,17.6,6.56,1311.53
305,19.91,19.75,19.27,21.83,19.85,19.2,1.4,-3.11,18.23,6.55,1786.16
306,19.07,21.49,19.63,22.25,21.02,21.53,1.76,1.12,20.42,9.01,1495.44
307,21.52,20.74,20.82,21.28,22.06,19.28,2.67,-18.33,20.88,4.67,1112.95
308,20.48,19.61,20.73,20.4,20.94,20.91,2.58,-3.3,19.43,5.6,1889.54
309,20.66,21.87,22.11,21.03,21.47,18.97,0.64,-3.96,22.97,1.3,656.16
310,19.64,20.02,22.31,21.73,20.88,18.35,3.37,-13.24,21.61,3.77,1480.77
311,20.52,20.42,21.59,20.72,21.95,19.57,2.68,5.38,24.45,6.29,1338.2
312,20.6,20.51,21.8,22.36,20.31,20.41,2.18,-2.7,19.85,5.69,1962.13
313,21.5,20.15,19.38,23.28,22.44,20.33,0.9,-12.73,18.09,1.11,1081.67
314,20.76,19.13,20.46,22.29,22.21,20.55,1.05,4.21,19.71,8.58,2410.06
315,18.91,20.31,21.41,22.85,21.64,19.1,3.2,7.63,24.57,4.36,1250.54
316,20.02,23.12,22.67,21.43,20.04,19.99,2.8,-0.94,18.17,2.14,659.32
317,18.92,21.05,19.88,21.85,23.38,19.12,2.9,-10.57,21.87,8.09,1307.61
318,18.86,21.25,19.05,22.76,21.12,21.03,1.89,-13.19,18.12,9.5,1506.59
319,20.97,21.68,19.82,23.86,22.26,19.65,3.05,-8.57,19.36,-0.31,1449.23
320,21.34,19.98,20.46,22.34,23.12,21.29,0.9,-5.81,19.11,9.05,1757.39
321,22.1,22.6,19.92,21.86,21.44,21.29,1.01,11.97,18.33,6.35,2691.48
322,18.85,23.24,20.68,22.81,22.17,20.65,2.81,-1.43,21.71,6.23,1039.95
323,18.78,20.77,19.76,20.67,20.9,18.96,1.27,-8.91,23.2,3.64,780.65
324,19.55,20.82,20.24,21.46,23.12,23.53,1.97,-4.3,21.98,6.53,2096.03
325,18.78,21.15,19.95,24.04,22.78,20.38,0.58,7.49,20.14,6.73,1439.16
326,20.05,21.72,19.59,21.48,22.37,20.34,-0.28,3.89,17.31,13.76,2661.21
327,18.34,20.91,20.42,21.06,21.02,21.44,1.18,0.33,20.35,8.57,1367.71
328,20.37,19.94,20.75,24.84,22.63,23.64,1.7,-1.18,21.38,6.99,2229.57
329,21.72,21.48,20.98,22.13,19.51,20.18,1.26,0.03,19.9,10.55,2219.1
330,20.46,21.36,20.96,23.49,22.01,19.05,2.5,1.09,22.94,9.66,2582.7
331,19.57,20.92,20.11,21.21,21.41,21.15,2.81,-1.36,19.69,2.64,698.43
332,21.21,20.14,21.53,23.57,21.79,20.37,2.49,0.72,18.92,8.98,2144.79
333,19.96,20.61,21.08,22.79,21.43,18.45,1.07,-2.1,22.17,7.29,2252.46
334,19.83,19.58,19.79,21.24,21.67,21.33,2.42,-5.99,21.9,4.9,1956.89
335,19.51,19.48,20.67,21.34,19.71,20.65,1.02,-1.84,23.33,3.9,2316.97
336,18.64,22.27,20.47,22.81,20.41,20.51,3.49,2.31,21.16,6.56,1196.98
337,18.27,21.51,20.65,22.06,21.37,19.2,2.04,-5.09,18.53,6.97,1094.91
338,18.41,20.05,19.71,20.7,21.16,19.74,1.32,2.95,15.5,10.45,1807.03
339,17.99,19.41,21.92,22.63,22.12,20.6,2.04,5.81,16.91,0.24,2068.92
340,21.06,21.23,21.74,22.97,21.51,19.76,2.13,2.39,18.95,3.22,2129.18
341,19.99,22.77,20.33,22.5,21.58,19.83,2.57,-3.93,22.93,7.59,1235.71
342,21.74,19.12,20.31,24.1,23.4,20.84,0.49,0.67,22.7,6.58,2452.31
343,19.91,20.42,20.23,24.36,21.5,19.88,1.44,1.07,19.29,7.33,2160.08
344,20.63,22.25,20.71,22.59,22.08,19.56,2.39,1.4,21.79,5.62,1032.13
345,19.07,18.61,20.07,22.96,21.22,19.66,2.62,10.43,17.5,7.75,2561.61
346,18.71,19.32,20.34,22.39,22.22,20.93,4.62,-8.11,22.74,2.23,1883.1
347,19.68,20.46,18.42,22.67,21.15,19.02,3.1,1.45,19.53,13.29,2468.0
348,17.79,20.92,17.09,21.52,20.92,20.12,1.45,-2.8,21.43,8.25,1315.36
349,20.47,20.62,20.05,19.04,22.56,21.74,3.42,-8.72,21.2,8.37,1352.55
350,21.58,21.04,19.7,20.51,23.4,21.24,2.46,-8.81,21.04,3.8,782.7
351,18.38,21.49,20.17,21.2,21.76,20.06,3.09,6.14,17.81,5.23,1194.42
352,20.65,22.46,21.6,22.07,21.93,19.59,2.37,-9.83,18.94,8.53,1342.65
353,19.88,20.91,20.85,20.79,22.62,20.83,3.15,2.09,22.32,5.95,1119.63
354,21.26,20.57,19.14,22.94,20.99,20.19,2.87,0.92,21.13,7.8,2357.56
355,19.4,21.12,20.19,21.78,20.37,20.47,2.44,-6.01,18.03,4.66,825.49
356,20.81,20.15,20.86,20.22,22.1,21.33,1.65,5.85,20.86,2.99,2518.65
357,18.94,20.08,19.97,22.94,21.62,20.92,1.65,-8.27,18.09,10.33,1541.35
358,19.31,21.35,20.26,21.21,22.85,19.87,1.24,-3.84,17.7,4.31,777.09
359,20.85,20.83,20.66,23.37,21.51,20.52,1.94,-7.64,18.88,9.73,1648.41
360,19.91,20.8,19.94,21.87,22.34,21.15,2.89,5.35,19.89,4.48,1102.23
361,18.21,22.64,19.26,20.36,20.84,18.77,2.46,8.28,17.81,6.52,1445.52
362,19.12,22.56,20.02,21.19,20.98,20.57,1.38,1.74,21.96,5.84,1066.51
363,20.68,21.18,20.43,23.11,22.76,20.09,2.77,17.77,18.71,6.37,3096.36
364,19.4,20.02,20.46,21.39,22.0,20.87,1.06,3.12,20.02,9.27,1632.75
365,20.12,22.25,20.57,22.81,22.83,20.38,2.27,4.43,21.01,11.9,2272.16
366,20.72,22.35,21.5,22.29,19.91,18.11,3.12,7.05,24.16,6.42,1438.64
367,20.54,20.42,21.33,22.65,23.95,21.23,1.06,-4.71,21.31,7.36,2010.2
368,20.93,21.02,21.03,23.17,20.94,19.67,2.14,2.86,19.48,6.19,2270.8
369,21.33,20.79,21.86,21.24,20.0,19.39,1.44,-6.77,18.2,7.26,1579.54
370,19.01,21.51,20.42,20.49,20.21,21.07,3.3,-9.23,17.72,4.85,850.91
371,20.47,20.37,20.15,21.03,21.26,20.32,3.8,7.65,18.21,3.89,1157.71
372,19.21,21.75,22.34,20.79,22.03,19.92,2.44,-5.95,19.79,7.97,1262.51
373,18.02,22.25,20.78,21.68,19.7,19.88,2.7,1.28,22.66,7.67,1310.75
374,19.42,21.35,21.08,21.76,20.89,20.57,3.09,11.42,19.83,10.41,2288.73
375,19.91,20.84,20.16,21.03,21.35,19.29,2.61,-12.68,18.99,7.15,1131.1
376,19.73,18.84,19.19,20.48,22.01,21.0,1.34,4.56,20.32,6.86,1319.19
377,19.87,21.63,21.35,21.12,22.2,20.07,1.64,-0.15,23.68,8.55,1386.97
378,19.42,21.69,21.81,23.1,21.4,21.27,1.64,-0.49,18.63,9.95,2054.67
379,20.81,19.28,21.27,24.15,20.64,20.09,0.61,0.42,21.03,6.52,2268.32
380,20.08,21.6,20.88,22.52,21.19,21.62,2.78,0.12,19.37,-0.73,1964.0
381,18.83,19.37,20.26,22.22,22.12,20.64,1.0,3.66,20.49,3.85,951.13
382,19.82,20.94,20.89,22.74,21.23,20.52,2.66,-7.36,21.41,10.21,1936.52
383,21.59,21.52,19.86,19.84,21.73,20.16,1.42,3.52,23.04,12.12,2291.28
384,19.4,21.89,19.36,22.55,21.25,19.96,1.82,-7.89,19.97,11.0,1834.2
385,19.63,20.39,19.86,21.36,20.15,20.99,2.45,14.73,22.5,5.68,3275.69
386,19.79,21.13,21.45,21.45,20.22,21.33,3.22,-0.73,20.92,6.01,2205.47
387,20.73,22.28,21.72,22.81,21.4,21.0,2.7,1.26,17.64,9.22,2056.68
388,22.11,20.53,20.17,23.16,21.07,19.26,1.91,12.4,19.7,8.8,2911.56
389,20.1,21.82,21.4,22.63,21.4,20.5,1.97,-5.42,25.34,-0.46,2226.04
390,19.66,20.24,18.46,22.2,20.96,19.82,1.06,-0.08,19.86,7.13,1120.88
391,19.46,20.08,20.87,20.8,22.72,20.3,2.51,-9.87,19.46,6.84,1093.73
392,20.67,22.12,21.8,21.84,21.13,21.29,1.93,-6.79,19.46,3.54,1633.12
393,20.17,20.62,20.88,20.75,20.0,19.44,1.26,-9.97,19.17,5.21,881.43
394,21.68,21.58,20.35,21.27,20.78,19.02,2.62,5.59,17.5,7.79,2273.03
395,20.16,21.39,20.63,22.51,20.48,21.62,3.14,3.99,15.96,6.35,1998.3
396,20.76,22.99,19.37,19.79,20.32,20.08,1.86,-3.06,18.59,9.8,1567.66
397,20.39,22.96,21.19,20.45,21.26,21.78,1.55,-3.55,19.39,12.28,2122.55
398,20.15,19.92,22.07,22.56,20.96,19.6,1.54,6.79,21.22,9.84,2746.53
399,21.07,20.61,20.78,22.45,22.57,20.84,2.32,-0.04,19.36,8.34,2128.88
400,19.68,19.86,20.25,23.32,20.17,19.63,1.05,-6.07,20.34,6.55,1816.55
401,20.34,22.41,21.83,22.56,21.95,19.18,2.06,7.51,17.85,9.39,1859.14
402,20.16,21.0,21.08,22.77,23.74,20.63,1.68,-0.99,16.92,5.13,1755.81
403,20.89,21.87,21.47,23.99,21.2,20.75,2.4,4.74,20.8,5.36,2499.89
404,19.84,22.76,20.93,22.62,21.14,20.27,2.47,0.5,21.44,3.31,777.97
405,18.75,20.74,21.09,22.01,21.69,20.0,1.1,14.54,22.16,2.35,1418.14
406,21.9,20.43,20.19,21.18,22.92,19.53,2.53,-1.45,22.66,10.84,2426.31
407,21.32,21.55,21.39,22.02,21.79,19.34,2.37,-14.06,22.92,7.81,1632.73
408,20.54,20.95,21.17,21.52,21.45,20.05,1.85,-1.59,21.51,8.59,2252.07
409,19.78,20.56,20.44,22.93,21.51,20.46,1.66,1.86,18.97,6.62,2163.39
410,19.41,21.45,20.06,21.71,20.35,20.9,1.66,3.22,20.66,12.67,2395.02
411,21.9,20.96,19.69,22.21,21.99,21.22,1.86,5.66,19.45,12.28,2553.21
412,20.47,20.77,19.87,19.9,21.5,22.19,1.25,-4.07,19.63,6.95,1098.51
413,22.68,21.47,20.33,24.01,22.17,21.2,1.45,10.95,20.89,6.92,2903.74
414,21.81,20.42,21.42,21.53,21.56,19.21,2.16,6.75,22.8,6.34,2839.57
415,20.07,20.81,19.37,21.37,22.12,19.81,1.54,0.92,21.67,3.66,817.16
416,19.2,19.54,20.54,24.33,21.18,18.05,2.7,-4.86,20.07,5.77,1862.69
417,19.8,21.18,19.92,20.93,19.91,21.47,1.89,13.5,20.28,6.05,1667.55
418,19.67,21.64,19.8,22.02,20.82,20.31,1.62,5.1,20.82,0.35,885.97
419,19.42,21.85,20.51,21.51,22.27,20.07,2.27,-3.45,22.6,0.17,652.15
420,21.2,20.79,19.93,21.77,21.91,23.8,1.68,9.81,24.18,6.81,3164.31
421,21.89,22.08,21.04,21.75,21.98,20.79,1.38,1.54,20.35,9.5,2334.99
422,19.56,20.18,22.09,21.51,21.6,19.86,1.73,10.56,19.68,4.69,2719.99
423,19.19,20.33,20.41,23.98,22.41,20.22,0.37,-5.9,20.41,12.25,1938.69
424,21.42,20.89,18.83,21.18,22.21,19.77,0.42,-1.4,22.27,6.16,1007.56
425,20.13,21.28,20.75,21.76,21.22,20.43,1.26,9.67,21.16,4.46,2803.61
426,20.48,21.41,20.24,21.72,20.5,21.11,1.05,-4.68,19.08,2.73,1696.86
427,19.26,22.83,20.5,22.63,21.79,21.62,2.52,-1.77,20.11,7.29,1162.92
428,19.11,21.74,20.34,24.38,21.41,21.38,3.01,-19.16,20.12,0.97,915.03
429,22.27,20.83,20.8,20.99,22.23,19.24,2.26,2.89,18.83,4.75,2178.9
430,20.06,19.02,20.83,21.52,20.22,19.53,0.48,8.08,18.81,7.13,2518.08
431,19.58,20.86,19.04,21.03,20.73,19.5,0.87,-6.45,17.8,2.81,670.52
432,19.0,18.41,21.3,22.76,21.11,20.32,2.28,3.13,19.79,5.43,2304.12
433,20.35,21.28,19.54,20.65,22.91,21.22,1.86,-3.79,22.49,7.07,1147.36
434,20.89,20.66,20.62,22.7,21.21,21.58,0.51,-10.56,22.24,3.35,1665.63
435,18.83,20.41,21.58,24.16,21.46,19.25,1.31,-2.28,20.03,8.95,2063.05
436,20.69,20.66,21.27,22.49,22.41,19.59,1.14,-4.02,24.01,9.83,2371.44
437,19.6,21.15,20.16,22.49,23.14,20.48,3.17,0.89,19.98,3.97,837.27
438,19.38,19.34,21.46,22.68,23.07,21.36,2.56,-2.14,19.41,6.4,1972.73
439,21.01,21.65,18.8,22.82,22.43,21.26,1.77,9.36,16.48,6.63,2366.49
440,20.43,21.94,20.67,22.61,21.54,19.53,2.18,-3.9,20.49,8.04,1277.71
441,20.39,19.77,18.5,22.54,20.63,19.19,2.12,-0.91,18.36,6.11,1931.25
442,21.5,21.76,22.9,24.43,21.69,20.64,2.06,1.68,23.22,4.83,2545.61
443,19.39,19.67,19.71,21.62,21.63,19.6,3.46,-0.36,17.74,3.83,761.72
444,18.55,21.74,20.67,23.32,22.23,21.26,3.13,-3.75,22.84,9.51,1567.42
445,18.15,21.16,18.86,21.84,22.11,19.19,3.22,0.36,20.5,5.26,934.93
446,18.31,21.12,21.27,22.57,22.14,20.32,2.26,3.67,17.91,4.67,1005.55
447,20.33,20.2,20.24,22.77,20.5,22.11,1.73,6.29,17.01,10.14,2304.13
448,19.36,22.94,20.99,22.68,21.78,19.43,1.01,-14.83,20.84,7.43,1177.23
449,20.36,20.89,22.65,23.72,22.36,20.89,1.2,3.55,18.32,3.93,2141.22
450,20.45,20.99,19.72,22.93,22.94,20.03,2.81,-4.72,16.49,6.41,1526.31
451,19.88,22.41,19.84,20.31,21.37,20.26,0.98,8.11,24.48,4.09,1229.09
452,19.04,19.85,20.5,21.64,21.17,19.68,1.86,6.53,21.91,3.46,1088.63
453,20.81,21.46,19.74,21.31,21.35,20.02,0.89,6.48,17.91,5.36,1204.27
454,21.43,21.59,20.4,20.37,19.58,20.8,1.92,-4.09,16.75,6.39,1581.42
455,19.54,21.75,21.96,22.18,21.7,19.68,1.15,-9.75,22.6,5.15,905.52
456,19.88,19.92,19.83,22.97,23.94,22.09,2.53,8.9,17.54,8.63,2491.55
457,19.72,20.85,19.95,24.13,22.78,21.05,1.8,8.18,20.29,8.95,2722.46
458,21.09,21.39,20.07,22.1,22.56,20.2,1.35,-14.03,20.98,4.88,1372.72
459,19.89,19.56,21.08,21.06,22.33,20.44,1.23,9.63,19.08,6.47,2632.63
460,20.15,20.75,22.33,21.64,20.87,19.89,2.11,2.48,18.22,5.59,2108.93
461,20.0,22.94,18.95,23.25,21.53,19.59,2.04,0.92,16.61,4.03,796.97
462,20.32,20.18,21.57,20.12,20.32,19.54,1.56,-5.76,21.03,7.47,1188.22
463,21.04,20.23,21.72,21.74,22.15,19.58,1.75,7.1,25.48,1.36,3024.15
464,19.08,21.15,20.78,22.01,21.77,19.17,1.61,-3.22,17.91,4.12,770.09
465,19.53,19.53,20.55,23.26,23.07,21.52,0.26,-3.25,18.18,3.51,1699.76
466,18.87,20.49,20.56,23.31,21.68,20.95,1.97,-14.95,21.7,4.29,1384.87
467,19.11,19.48,21.4,24.96,22.97,21.61,0.76,-5.21,15.74,3.74,1348.22
468,18.63,20.0,21.99,24.23,21.99,21.21,1.29,-6.94,18.56,2.15,1502.17
469,19.47,22.09,20.49,23.3,21.25,20.83,2.26,-14.54,20.51,6.12,1329.53
470,20.43,20.04,20.24,20.69,20.39,19.88,1.81,10.91,18.49,5.89,2644.06
471,21.6,22.03,20.67,23.45,21.41,19.76,3.22,-0.87,21.15,6.97,2238.26
472,21.4,22.47,19.6,22.66,22.57,19.6,1.36,-9.98,20.93,7.71,1221.22
473,21.1,21.32,19.57,20.76,21.76,19.59,1.67,-6.75,20.32,8.22,1299.84
474,22.56,21.26,20.6,21.42,21.68,20.59,2.13,-4.07,18.62,4.59,1735.51
475,21.07,21.8,20.5,22.73,21.17,21.71,1.97,-4.17,19.28,7.19,1845.11
476,19.98,21.41,21.56,20.0,21.71,20.83,2.84,5.6,20.24,6.21,1302.35
477,19.25,22.65,22.46,22.17,21.84,20.14,2.51,-1.88,20.51,6.68,1081.04
478,19.77,20.35,19.64,20.88,21.45,21.89,3.11,0.69,23.17,5.63,1015.93
479,19.03,20.27,21.23,22.77,21.58,19.22,0.71,-1.85,21.61,4.59,839.9
480,20.91,21.14,20.9,22.6,20.34,19.12,2.63,8.14,19.34,6.26,2580.43
481,21.38,21.59,19.07,19.9,20.95,20.02,1.21,9.64,21.25,5.57,1422.06
482,19.21,19.25,20.18,20.97,20.19,21.81,2.36,-0.94,21.4,7.9,2271.01
483,19.23,23.25,21.3,23.59,21.9,20.09,1.8,-6.62,18.81,9.84,1579.05
484,20.44,20.34,22.07,22.23,23.37,20.96,1.45,-0.77,21.29,4.18,2185.35
485,17.73,20.15,20.57,21.66,20.9,21.44,2.94,-21.77,19.62,5.39,921.52
486,18.12,19.23,20.68,21.51,21.62,21.01,0.66,2.2,20.68,13.96,2674.84
487,19.99,18.61,19.15,20.87,20.3,21.82,3.45,-9.51,22.22,1.54,1720.41
488,20.47,21.05,19.82,21.59,23.44,20.85,2.5,-1.55,22.26,2.17,699.35
489,20.95,20.93,19.36,22.59,21.61,20.87,2.14,3.3,18.41,10.16,2269.44
490,18.99,19.52,20.3,22.92,21.59,19.27,1.88,-3.99,17.97,12.74,2226.1
491,18.76,20.74,19.77,21.76,23.43,19.68,1.7,-3.07,23.99,11.36,1948.79
492,20.52,21.28,22.47,23.93,21.07,20.56,2.37,1.81,24.01,7.94,2694.75
493,20.44,22.4,21.66,20.96,22.56,21.71,0.88,-3.91,21.61,5.71,953.38
494,21.01,22.19,20.77,20.96,21.66,21.08,-0.46,6.47,19.5,6.18,1301.0
495,19.98,21.02,21.44,23.78,21.52,22.12,2.07,5.41,19.5,8.2,2465.59
496,19.31,20.28,21.93,22.99,20.53,19.0,1.4,3.97,18.21,9.81,2273.85
497,20.23,21.33,21.03,22.38,21.18,19.91,1.27,-4.41,20.53,8.61,1979.52
498,19.96,19.11,20.32,22.57,23.81,18.85,0.74,4.01,19.84,0.96,820.03
499,20.72,20.1,21.03,21.43,21.3,20.35,2.96,-5.2,19.9,3.47,1782.92
500,21.83,21.54,20.61,22.76,21.88,20.7,3.46,-0.61,17.9,7.83,1948.23
501,21.87,20.57,21.37,20.61,21.48,20.28,1.96,-18.45,22.1,2.85,1183.23
502,19.17,20.14,20.81,22.57,22.71,21.35,1.88,8.1,21.01,1.29,2636.58
503,19.76,20.44,19.77,22.17,22.43,20.26,2.34,12.09,21.02,9.62,2168.5
504,20.36,20.63,19.92,21.28,21.18,19.14,2.29,1.57,16.8,7.77,1277.11
505,20.47,18.98,20.28,23.81,22.43,21.48,1.58,-11.07,17.26,11.65,1315.51
506,19.98,21.87,20.6,22.15,21.11,20.51,2.97,-1.52,17.99,9.91,1598.42
507,19.25,20.89,20.73,21.32,21.69,20.32,2.91,0.5,21.7,5.13,938.17
508,17.08,19.99,19.95,21.41,21.5,19.8,2.59,0.11,19.13,7.74,1225.54
509,21.11,20.42,18.99,21.62,21.4,21.3,3.42,17.79,18.11,4.63,3009.89
510,19.79,22.03,22.53,20.77,23.26,21.01,2.62,-1.71,21.44,2.16,691.45
511,20.29,20.29,22.14,22.14,22.99,20.03,1.48,-4.04,19.45,10.59,1932.83
512,19.28,20.73,20.41,23.07,21.54,18.88,2.06,1.14,20.85,6.42,1101.88
513,20.14,21.14,22.52,23.4,21.79,19.85,2.75,-1.0,18.14,11.04,2006.12
514,20.86,18.58,18.49,23.08,22.25,21.13,1.16,-5.25,20.03,7.33,1852.77
515,20.27,21.43,18.7,21.4,21.06,20.18,1.78,-12.33,22.95,7.83,1262.48
516,19.01,21.2,20.51,21.97,21.09,20.2,0.73,5.13,22.74,8.73,1656.55
517,18.53,21.2,19.81,22.79,21.75,21.56,3.61,-6.05,18.55,6.45,1042.29
518,19.59,19.14,21.83,21.48,21.24,20.45,2.33,-7.05,19.54,6.29,1685.58
519,19.93,19.78,21.38,23.38,22.36,20.25,2.48,-5.68,21.78,7.73,2022.07
520,20.38,21.58,19.16,22.9,21.75,20.91,0.79,-10.23,20.26,10.74,1638.66
521,19.36,19.62,17.99,21.55,21.38,20.71,2.89,4.59,20.81,8.51,1595.59
522,19.87,20.81,21.71,23.07,21.98,20.18,2.25,3.66,23.07,7.05,2694.54
523,19.16,20.29,20.13,22.78,22.01,19.02,0.56,1.33,20.53,5.77,1015.12
524,20.69,22.0,20.34,21.6,21.03,21.56,2.37,4.97,18.93,6.65,2351.23
525,20.38,20.4,21.14,22.22,21.43,19.96,1.22,3.02,22.77,4.41,2564.64
526,19.62,22.23,18.19,20.78,20.27,19.06,2.05,4.11,18.5,4.05,978.92
527,20.59,21.26,19.71,22.05,21.63,20.37,2.6,12.77,20.04,6.29,2928.71
528,19.81,19.18,20.9,22.83,21.67,20.15,2.16,6.87,18.96,7.02,2472.93
529,19.86,18.92,19.35,21.43,20.44,20.73,0.52,1.23,17.83,9.18,2050.92
530,20.92,21.58,20.26,21.85,21.15,20.22,2.21,-6.54,19.88,3.61,1695.54
531,20.22,20.19,20.11,21.18,21.4,21.05,2.68,-11.17,20.21,7.03,1522.71
532,20.87,21.35,21.29,20.55,21.16,19.81,1.84,-12.32,19.59,8.28,1305.82
533,21.34,20.67,19.07,22.17,22.35,19.26,2.41,6.62,22.2,4.06,1144.99
534,19.18,18.06,20.21,22.5,22.39,21.58,2.43,-3.91,18.62,5.62,1768.6
535,20.69,20.58,21.39,23.48,22.39,19.82,0.38,0.55,20.82,9.28,2309.09
536,20.2,21.8,21.97,22.67,22.54,19.6,3.0,-6.67,17.79,6.82,1551.72
537,20.28,20.56,21.43,22.78,21.35,19.68,1.55,15.44,25.53,0.95,3518.16
538,19.91,22.52,21.23,22.97,21.67,18.56,1.42,-12.57,18.81,9.32,1475.5
539,19.98,21.92,20.22,21.62,22.32,19.42,1.44,0.97,17.08,7.27,1166.21
540,21.56,21.72,21.07,20.24,21.39,21.57,2.98,-2.51,19.62,2.18,1888.44
541,20.93,19.2,20.39,20.33,22.12,19.0,3.18,0.13,20.55,4.37,841.37
542,20.49,20.64,19.9,19.6,21.16,18.39,2.38,-2.24,21.94,6.62,1085.7
543,21.07,20.72,19.37,21.21,21.9,18.33,1.62,-6.24,22.36,7.94,1274.81
544,19.88,20.85,20.19,23.0,21.8,18.76,4.33,-7.83,21.38,10.09,1679.57
545,21.12,20.68,20.79,20.33,21.57,21.04,1.99,14.34,21.85,4.3,3153.93
546,19.51,20.98,20.42,22.33,19.94,20.63,1.48,-2.09,22.43,5.65,2251.18
547,17.14,20.82,20.55,19.07,20.68,19.02,2.82,2.4,20.59,9.65,1689.05
548,20.34,21.63,20.01,23.45,20.51,21.76,1.9,-11.16,18.61,10.13,1418.09
549,19.32,20.36,20.59,23.41,21.44,19.45,3.67,-14.82,20.27,6.03,1301.42
550,18.8,20.63,21.02,22.53,21.19,21.22,1.32,-4.74,18.7,5.4,1711.25
551,20.62,19.81,19.99,22.4,21.73,19.52,1.86,6.11,22.31,8.5,2792.1
552,19.95,23.04,23.34,22.91,21.09,19.86,3.23,0.2,22.65,0.79,2329.0
553,18.31,21.46,19.26,21.09,21.21,21.13,2.39,-3.78,22.79,6.96,1141.27
554,20.17,21.22,20.55,21.56,22.27,20.03,1.76,3.01,17.9,6.92,1229.68
555,21.88,21.46,22.23,21.09,21.22,20.68,1.26,-3.85,22.34,5.6,2132.4
556,20.65,19.55,21.41,23.03,23.41,18.76,1.09,9.64,18.97,8.41,2658.93
557,19.53,20.48,21.5,22.24,19.46,20.14,0.96,9.92,20.84,10.28,2899.58
558,18.13,20.09,21.18,21.77,20.83,19.68,2.78,-4.04,21.82,4.07,814.52
559,19.65,22.47,19.65,23.73,22.19,20.86,2.63,-5.44,17.4,4.82,834.87
560,19.81,17.53,20.09,24.13,20.0,20.66,2.42,-0.51,21.89,9.0,2367.09
561,19.9,18.91,20.67,22.77,20.7,20.33,1.12,2.99,17.21,2.64,1967.5
562,20.66,20.45,20.03,21.69,23.38,20.59,1.77,-1.92,19.69,5.4,911.67
563,21.01,21.32,20.24,20.47,20.91,18.25,2.26,7.32,22.15,13.5,2839.72
564,19.49,19.36,21.23,21.05,23.46,20.12,3.01,1.86,22.94,7.57,1327.14
565,20.4,20.69,20.89,23.55,23.09,19.63,2.29,7.62,21.78,6.15,2787.31
566,18.79,20.35,22.11,23.89,22.27,20.72,2.11,-7.86,18.98,1.83,1489.43
567,19.8,20.95,21.01,21.23,21.64,19.81,1.26,-4.15,18.92,-0.22,606.51
568,19.91,22.18,20.27,20.96,19.12,19.77,2.72,3.73,19.8,10.19,1854.95
569,20.69,22.04,19.96,22.9,21.66,20.28,1.78,0.37,20.19,3.51,2136.84
570,20.58,20.99,22.11,22.18,23.22,20.58,0.87,-1.31,21.92,7.14,2270.31
571,20.9,22.02,21.06,24.45,21.77,18.87,1.29,-3.63,19.96,10.82,2012.42
572,20.44,18.95,21.15,22.18,20.18,20.78,2.55,0.61,19.18,5.51,2095.57
573,19.22,20.14,22.07,20.29,22.03,20.55,2.57,10.0,19.38,5.62,1438.82
574,21.16,20.31,17.76,20.46,21.55,21.17,-0.14,-14.06,22.5,9.09,1454.56
575,20.64,20.21,21.17,22.76,20.74,20.64,1.93,-1.06,20.2,11.06,2200.77
576,20.82,21.52,20.28,20.94,20.43,20.13,0.97,-0.76,23.39,9.54,1555.25
577,19.51,20.84,20.07,23.08,23.44,20.4,2.32,-7.61,22.09,11.41,1949.73
578,19.03,20.27,20.21,22.62,20.76,20.04,2.47,-1.09,19.06,0.08,1871.67
579,20.43,21.65,19.44,20.71,20.02,20.5,1.14,-11.48,19.2,8.26,1291.38
580,20.41,21.31,19.71,22.04,21.56,21.44,2.01,-4.09,19.87,10.85,1983.41
581,21.0,21.64,21.09,20.81,20.85,20.42,2.67,-1.88,19.81,8.35,2066.67
582,20.33,21.28,19.44,22.06,21.6,18.96,2.82,-0.04,22.55,6.57,1087.94
583,19.8,20.91,20.0,20.87,21.14,19.18,1.32,13.13,19.03,3.32,1375.33
584,21.08,20.93,21.28,21.7,21.97,17.56,2.86,-5.71,20.31,4.8,865.08
585,20.24,21.71,19.82,23.63,20.05,20.59,2.21,-9.27,20.77,11.5,1777.77
586,19.32,20.32,20.64,21.78,18.7,18.23,1.61,6.94,21.55,6.89,1459.85
587,21.19,21.46,24.22,24.23,21.38,20.08,1.93,-31.24,21.06,5.11,358.04
588,21.88,21.48,20.99,20.79,20.58,19.64,2.64,-4.33,20.9,2.35,1908.7
589,21.63,21.33,21.2,21.86,20.28,21.17,2.63,-2.28,19.15,8.4,1978.68
590,19.88,20.83,21.26,23.18,22.77,19.54,2.73,-6.59,19.34,4.58,1663.03
591,20.26,22.34,22.04,24.83,23.86,22.15,1.46,-0.66,20.59,6.9,2176.23
592,21.29,21.75,20.59,22.36,19.77,20.99,2.18,-4.54,19.71,12.18,1968.43
593,18.99,20.73,19.48,20.57,19.98,18.06,1.81,-12.19,18.3,9.39,1487.34
594,18.14,23.4,21.39,21.75,20.82,18.94,2.17,4.33,19.22,10.93,2028.19
595,21.22,22.49,21.44,25.0,22.04,20.12,1.59,4.6,20.43,7.43,2491.22
596,20.75,21.04,20.87,23.1,20.5,20.06,3.27,-6.91,22.62,9.14,2067.69
597,18.14,20.75,20.36,22.53,22.17,19.67,1.99,-3.79,18.28,10.99,1816.58
598,19.19,21.09,20.07,24.21,22.77,21.85,1.89,12.99,17.99,4.51,2692.71
599,20.53,21.61,20.88,21.14,20.75,18.63,2.36,3.14,21.67,6.89,1276.47
600,20.86,23.01,20.97,22.43,20.66,19.51,2.89,0.0,19.28,4.93,870.02
601,21.95,20.58,20.7,22.5,21.0,20.22,2.04,11.32,18.45,5.17,2654.85
602,21.12,20.21,20.29,22.65,23.32,21.27,1.75,-11.35,20.05,6.56,1479.85
603,20.56,20.36,20.99,20.87,21.24,21.77,2.71,-14.23,18.36,4.14,1095.44
604,20.34,18.91,20.54,21.41,21.45,22.75,3.39,1.17,25.04,5.89,2730.42
605,19.07,20.92,21.79,23.0,23.07,18.63,3.14,5.88,18.59,9.06,1736.9
606,22.04,20.09,21.12,22.47,21.22,20.44,1.21,-11.97,20.47,6.71,1478.25
607,19.7,20.13,19.03,20.74,20.45,21.2,2.62,-9.1,21.15,4.67,860.13
608,20.24,20.23,19.06,21.25,19.72,19.81,1.94,5.55,22.08,9.36,1798.38
609,22.12,23.63,20.68,21.55,21.36,20.49,3.02,-8.07,18.03,4.25,1438.98
610,20.88,19.53,18.78,20.25,20.32,19.46,3.47,-1.79,21.02,3.69,785.68
611,19.88,21.08,22.66,20.89,20.66,19.76,0.1,1.47,17.04,10.6,1772.44
612,21.33,21.71,20.68,23.23,23.88,22.08,2.01,6.68,20.72,9.54,2687.96
613,19.79,21.63,20.95,21.03,20.65,19.98,1.63,-2.15,19.97,5.98,977.6
614,18.21,20.04,20.15,22.61,21.92,19.31,1.43,3.45,21.65,12.69,2416.01
615,18.84,19.6,18.26,22.0,21.02,20.94,1.26,-8.68,20.62,5.3,902.42
616,22.24,22.01,21.74,22.15,20.52,19.04,1.64,4.12,19.86,9.05,2436.54
617,20.3,19.98,20.55,24.08,22.39,19.46,1.77,-6.36,20.02,2.26,1687.56
618,19.12,21.53,20.31,22.62,21.13,21.17,1.72,-9.66,17.37,3.95,751.94
619,18.75,20.21,21.67,23.6,21.37,19.0,0.38,14.46,18.51,10.09,2930.06
620,20.57,20.71,20.99,20.19,21.86,19.85,2.1,12.81,23.39,11.26,2566.36
621,19.35,19.77,20.27,20.79,21.68,18.78,2.84,1.04,20.5,6.55,1119.78
622,19.35,21.37,17.92,19.63,20.55,20.16,1.55,10.83,21.5,13.84,3089.76
623,20.35,21.76,19.38,23.54,21.69,20.05,0.69,-2.28,18.88,10.93,1982.26
624,19.11,21.53,20.0,22.0,21.24,20.13,2.08,-0.95,21.91,4.91,885.11
625,20.87,21.97,21.0,20.88,20.5,19.34,2.85,-1.24,19.53,5.87,972.07
626,21.71,21.77,20.22,22.69,22.27,22.32,2.13,-6.39,17.4,2.84,1438.77
627,21.78,20.78,19.82,22.32,22.9,21.02,1.42,-16.41,19.92,5.67,1140.83
628,19.47,21.22,20.78,21.27,21.74,19.46,1.16,-2.17,22.86,7.72,1238.45
629,19.17,21.57,19.15,23.02,21.26,21.34,2.56,9.12,16.34,7.12,1552.95
630,19.98,21.48,19.6,24.19,19.83,19.89,1.81,1.93,21.62,7.09,2443.33
631,18.65,20.43,19.71,21.48,22.22,20.43,1.58,5.7,20.4,9.99,1908.18
632,17.77,21.0,20.92,21.67,22.47,19.3,1.51,2.75,26.03,7.5,1373.28
633,20.61,22.81,20.18,24.55,21.68,21.21,2.18,-5.93,25.27,9.06,2378.84
634,20.39,21.42,21.34,19.97,21.44,18.67,2.09,1.74,16.84,8.34,1375.42
635,21.13,21.74,21.79,21.37,21.64,20.35,2.04,-2.33,23.06,7.86,2349.35
636,18.98,22.01,18.9,23.9,22.25,20.79,1.23,-7.44,19.32,9.76,1562.04
637,18.7,21.7,18.32,21.49,20.66,20.54,1.18,6.44,19.7,9.41,1821.47
638,19.92,20.56,20.15,23.63,20.48,21.02,1.48,-9.14,18.96,3.62,1439.5
639,19.19,23.03,21.43,23.07,19.54,19.61,2.23,-4.61,18.73,12.46,2165.42
640,19.71,20.71,20.2,23.58,22.48,19.68,2.44,15.52,22.91,7.36,3398.99
641,21.2,21.33,19.62,22.82,21.73,21.63,3.17,4.91,15.87,4.15,2003.76
642,20.85,20.68,18.7,22.13,22.88,20.56,1.33,1.72,18.79,6.81,1155.49
643,20.59,20.77,21.32,22.79,20.43,19.52,2.58,-15.21,21.49,7.78,1424.61
644,19.23,20.49,20.8,23.44,21.3,19.19,0.62,-0.83,16.38,8.76,1775.14
645,20.93,19.93,20.81,21.97,20.84,21.31,2.28,-8.15,19.63,9.88,1699.88
646,22.05,22.45,20.79,21.05,21.13,20.45,0.79,-0.55,17.8,9.3,1947.95
647,19.8,18.83,19.19,21.78,21.7,20.94,1.02,-1.33,20.56,12.51,2242.48
648,19.58,19.81,19.63,22.34,20.67,19.27,2.6,-6.0,20.19,7.32,1168.93
649,20.01,19.67,19.26,21.89,19.74,19.97,2.12,8.21,22.05,6.52,2852.76
650,18.43,20.88,19.1,20.08,19.57,19.0,1.75,6.68,15.93,2.6,977.55
651,19.11,20.07,21.23,22.24,20.97,18.38,0.88,-7.88,20.97,9.91,1605.89
652,19.93,20.83,19.79,21.6,20.19,21.96,2.3,11.02,18.63,8.83,2730.08
653,20.0,21.78,19.77,23.35,21.32,21.58,2.07,-8.05,23.22,5.3,1970.91
654,17.66,19.5,19.92,20.92,20.51,20.57,2.58,11.65,19.22,7.73,1803.53
655,20.12,22.8,20.02,23.29,22.01,21.31,0.61,-1.48,18.51,6.97,1912.01
656,20.0,19.3,20.87,20.47,22.11,21.07,2.5,-2.8,19.01,7.53,1912.7
657,20.14,20.09,21.48,21.68,20.8,20.13,1.57,10.42,21.26,6.18,2895.63
658,21.28,21.21,20.85,25.26,21.86,19.78,2.23,-1.15,21.53,7.34,2258.64
659,18.42,22.27,19.8,21.0,22.58,20.61,1.95,7.68,20.03,2.44,1068.39
660,18.29,19.54,20.52,21.53,20.17,18.01,1.32,-9.11,18.21,5.78,933.39
661,19.59,21.18,20.63,21.1,23.29,19.61,1.67,0.2,17.84,7.92,1235.08
662,19.69,19.58,21.08,23.03,22.96,21.41,1.3,3.32,21.49,4.88,2464.31
663,21.87,21.25,21.27,23.04,20.08,20.19,1.58,8.37,21.17,8.17,2801.75
664,19.95,20.71,20.17,20.35,20.25,21.63,1.27,4.99,20.93,13.2,2617.18
665,20.05,21.01,21.71,23.04,20.41,19.51,2.32,0.31,23.53,3.54,2470.67
666,19.35,18.17,19.33,22.32,21.18,21.59,1.31,3.32,18.55,1.5,2103.91
667,20.5,22.46,21.08,22.96,21.79,20.31,2.45,-5.09,24.48,10.62,2382.89
668,20.07,19.76,19.37,22.52,22.03,21.21,4.61,4.23,20.77,13.28,2648.36
669,21.47,21.08,21.43,22.27,20.96,20.75,1.79,3.34,19.1,8.11,2295.65
670,20.71,21.6,20.88,21.73,21.52,19.92,0.73,-5.44,19.98,7.02,1822.75
671,18.82,21.29,19.13,23.01,20.83,21.15,3.68,0.86,17.83,5.06,918.53
672,20.16,21.32,22.26,21.67,22.78,21.02,2.28,5.4,18.14,8.62,2336.37
673,17.82,21.28,20.89,22.64,23.16,20.87,1.9,17.11,19.86,6.95,1961.67
674,20.28,22.13,20.06,22.41,22.21,19.21,1.7,8.3,21.71,9.55,1964.88
675,21.66,21.27,21.62,22.41,21.47,21.53,1.16,1.58,18.72,1.86,2021.17
676,20.14,20.72,20.99,19.96,20.59,20.95,1.73,1.99,24.9,7.98,1402.02
677,21.18,19.72,20.48,21.79,21.6,20.79,1.38,-1.02,20.0,4.5,2045.47
678,20.25,20.38,19.0,21.05,21.66,20.26,1.38,0.78,18.91,9.84,1614.73
679,18.42,20.57,19.08,20.18,21.4,19.57,2.47,5.43,17.67,3.56,1004.55
680,20.12,20.04,21.13,22.12,21.88,20.53,2.78,5.26,19.07,8.89,2433.09
681,18.47,20.52,19.44,22.4,22.11,21.95,1.82,-0.6,23.2,5.25,928.36
682,18.25,20.88,20.53,21.86,22.23,21.61,2.4,-7.7,23.86,5.7,990.35
683,20.01,21.97,17.74,21.93,20.11,20.65,3.68,-1.5,21.36,9.55,1566.54
684,22.79,21.79,20.93,23.18,21.0,19.63,1.33,-5.85,20.2,4.61,1780.13
685,23.5,22.33,19.9,21.81,19.61,20.11,0.69,-8.51,17.4,2.5,1291.35
686,18.69,19.84,19.47,20.88,20.72,19.1,2.67,4.26,15.53,7.22,1315.99
687,21.38,20.17,21.24,20.56,22.3,19.36,1.41,2.42,20.47,5.02,2312.15
688,21.04,19.77,19.61,19.67,21.48,20.8,1.58,-6.43,19.3,2.89,698.86
689,20.05,21.26,19.97,21.59,20.73,18.82,2.1,-2.27,19.02,8.05,1263.16
690,18.37,20.83,21.28,22.03,21.49,20.48,2.99,2.15,20.9,7.87,1371.26
691,21.02,20.8,19.16,23.16,22.15,20.92,2.1,1.8,17.57,7.35,2037.07
692,18.73,20.72,21.64,22.43,20.08,20.98,0.3,3.08,23.25,8.52,2688.21
693,20.29,21.15,19.99,21.25,20.18,20.52,2.29,-5.34,24.2,1.01,674.39
694,19.98,19.64,20.79,23.28,21.07,18.87,2.19,2.51,21.52,4.71,2425.4
695,20.56,20.43,18.51,22.78,21.9,19.34,1.31,-0.33,19.49,7.83,1226.99
696,19.39,20.6,21.29,21.89,21.06,20.06,0.64,5.4,18.91,10.11,1892.47
697,20.98,23.42,22.37,24.45,23.71,22.34,1.69,7.52,19.48,7.72,2573.68
698,19.01,18.84,17.98,21.95,19.67,17.84,0.16,21.2,20.74,10.5,2778.94
699,18.03,19.73,20.61,21.93,22.41,19.66,0.57,9.17,22.22,4.97,1338.59
700,21.06,22.02,21.06,22.59,21.54,20.44,0.92,0.88,21.01,5.16,2271.08
701,18.21,21.29,20.57,23.29,21.85,21.62,1.0,-0.26,22.78,5.88,987.0
702,19.09,20.73,19.01,19.49,20.52,19.72,2.7,-6.55,21.23,6.75,1099.51
703,20.45,21.38,20.49,21.93,19.63,20.25,1.88,-6.38,22.27,1.67,1903.51
704,21.77,21.33,21.38,24.67,21.32,20.54,2.28,1.9,20.03,6.94,2283.08
705,19.48,21.03,21.18,20.76,21.13,19.07,2.17,2.12,17.91,6.9,1186.48
706,20.6,21.61,22.15,23.94,22.14,21.73,0.77,18.73,22.84,5.16,3525.3
707,19.01,20.66,20.18,20.92,19.73,20.0,1.55,-5.09,24.99,4.69,882.57
708,20.01,21.51,19.43,20.59,20.24,20.25,1.82,-5.82,20.69,7.81,1240.65
709,19.4,21.93,20.91,24.04,21.45,21.33,1.89,1.75,19.02,8.77,2205.96
710,18.03,21.33,20.98,23.11,22.12,20.69,2.38,-3.53,21.06,7.43,1192.01
711,21.74,22.33,21.48,22.39,21.77,17.88,2.74,2.72,19.39,7.43,2284.25
712,18.81,21.79,21.56,21.69,22.16,19.14,2.3,-3.32,20.15,6.89,1105.53
713,19.07,20.56,18.72,23.07,21.71,20.04,3.41,-2.0,20.26,7.05,1137.95
714,20.8,20.36,20.74,22.67,22.21,18.17,2.35,3.01,18.62,9.04,2251.69
715,21.87,22.79,22.92,21.43,22.14,18.7,1.57,-3.97,18.69,11.86,1889.17
716,18.67,22.77,21.83,23.87,21.08,19.49,3.03,-2.52,19.94,11.48,1953.26
717,20.11,20.38,19.63,21.2,19.94,20.63,1.02,3.7,19.69,3.75,2282.58
718,18.23,18.62,20.79,20.18,21.35,19.83,2.43,0.33,21.26,0.67,660.73
719,20.49,20.94,20.57,22.68,19.86,19.81,1.88,-4.48,20.64,8.59,1990.96
720,19.98,20.15,18.87,21.16,20.96,22.12,1.31,-3.37,21.34,7.06,2090.87
721,18.68,21.27,19.66,19.82,19.73,20.24,2.17,7.3,19.8,6.82,1457.22
722,20.84,20.3,19.62,22.64,22.35,21.2,1.77,2.17,18.53,8.14,2167.68
723,19.79,21.82,22.19,21.38,20.8,20.82,0.52,-2.53,18.1,6.27,1792.15
724,18.69,21.36,21.77,20.89,18.82,18.12,2.15,6.06,22.17,2.14,995.46
725,18.73,21.91,20.28,21.09,20.21,18.99,1.17,3.05,19.13,3.57,889.18
726,20.62,20.02,21.34,19.22,21.61,21.04,2.1,9.48,18.85,3.76,1230.48
727,20.04,20.9,20.85,23.39,22.12,20.83,1.9,6.2,22.83,9.0,2858.13
728,20.3,19.23,19.75,22.62,21.2,20.13,2.34,8.17,19.31,12.66,2703.58
729,20.87,21.49,19.77,21.75,20.69,19.67,0.18,-2.38,16.15,5.59,876.25
730,19.12,20.67,18.97,21.85,21.99,21.58,1.21,-6.22,20.53,14.8,2815.02
731,19.65,18.08,21.54,21.97,22.5,19.43,2.09,5.4,19.01,1.31,2276.08
732,19.63,20.89,21.94,24.21,21.62,20.11,4.31,5.47,18.69,5.48,2353.31
733,21.02,20.33,21.85,21.79,21.14,21.9,2.11,-0.73,19.81,7.55,2113.53
734,20.16,19.68,20.17,21.21,21.08,19.79,1.65,-7.3,16.37,-0.66,1206.71
735,20.58,22.49,20.0,20.5,21.25,20.19,2.7,2.15,16.68,11.57,2040.03
736,21.46,22.15,21.38,20.22,23.58,20.12,1.53,2.72,19.18,4.92,989.49
737,19.82,18.71,21.25,21.47,22.33,19.7,2.35,-9.5,21.24,7.1,1725.16
738,21.15,22.51,19.83,23.02,22.38,21.16,2.04,2.62,19.56,8.34,2306.72
739,20.09,20.7,20.27,20.8,22.24,21.28,2.86,8.05,19.48,2.23,1079.83
740,22.19,21.47,20.5,23.57,22.18,21.18,2.53,-9.2,20.08,14.3,1771.27
741,21.21,22.37,20.08,20.16,21.38,18.65,1.62,3.7,21.96,7.4,1373.05
742,18.93,21.27,21.07,23.86,21.42,21.36,0.8,9.17,20.16,5.98,2699.79
743,20.81,20.45,20.29,21.99,21.64,21.22,1.14,9.61,19.98,3.67,2663.71
744,21.14,21.13,19.21,23.35,22.52,20.8,2.24,-13.12,19.0,7.61,1293.94
745,20.08,20.41,19.98,21.71,21.3,20.7,1.96,7.61,19.32,2.27,2457.8
746,21.48,21.66,20.65,22.0,20.59,20.83,2.02,-2.19,20.45,7.42,2086.47
747,19.31,21.71,20.69,23.1,21.41,20.41,2.2,-3.01,22.91,11.19,1906.2
748,18.79,20.76,19.14,23.26,21.73,20.01,1.34,17.59,20.57,10.5,2604.15
749,21.48,21.3,20.98,21.64,20.78,19.37,1.92,1.54,18.52,5.33,2076.51
750,17.23,19.4,22.38,21.68,20.6,20.05,1.99,-2.68,19.49,6.16,998.86
751,19.46,19.15,19.82,22.25,21.3,21.17,0.85,5.59,22.44,8.62,2767.24
752,19.7,22.11,20.55,24.53,20.67,20.82,1.51,11.8,20.24,10.55,2963.0
753,19.69,21.48,22.94,22.81,20.81,21.43,2.31,1.21,17.49,11.6,2081.69
754,21.14,21.72,20.55,23.33,21.33,20.0,2.56,-3.74,20.98,11.89,2141.18
755,18.06,21.47,21.2,20.18,22.56,19.76,1.35,0.64,18.83,4.2,815.91
756,18.05,21.07,20.37,22.75,21.12,20.28,2.4,7.64,17.91,9.26,1848.56
757,20.63,20.09,20.77,22.95,21.51,21.04,1.51,-2.18,20.26,2.85,1971.56
758,20.18,21.14,20.6,22.96,22.34,19.69,1.3,7.64,18.46,5.61,2434.92
759,18.93,20.32,19.8,22.17,21.98,20.38,3.53,-0.98,21.79,3.48,780.2
760,18.3,20.23,20.52,20.61,21.26,20.78,1.67,-12.98,20.27,3.54,748.47
761,19.85,20.61,20.61,21.88,20.3,20.79,0.82,10.64,22.97,7.73,3102.76
762,19.68,21.9,19.69,22.85,21.71,20.95,1.65,2.35,20.79,4.92,990.93
763,19.8,18.7,18.9,23.79,19.59,20.72,1.79,7.38,19.11,7.86,2534.27
764,18.61,20.01,20.46,19.35,19.67,20.38,2.73,2.12,19.09,3.37,841.69
765,20.1,20.14,20.08,21.26,21.44,19.99,1.71,0.26,19.37,8.45,1344.05
766,19.63,20.94,20.12,20.46,20.65,20.41,2.3,5.16,21.1,5.71,1220.94
767,20.33,21.54,20.51,21.41,21.75,19.54,2.85,-1.08,17.39,6.12,982.11
768,20.6,21.06,19.55,23.31,23.36,21.4,1.53,12.69,20.64,3.1,2906.14
769,18.97,20.63,17.99,21.23,21.39,19.45,2.23,-0.21,18.32,10.06,1620.13
770,20.02,19.95,21.69,19.91,23.89,22.97,1.95,12.73,25.13,7.42,3450.04
771,18.05,20.47,17.5,20.65,21.57,21.32,2.18,4.23,21.23,8.62,1591.9
772,21.38,20.23,19.19,20.75,21.15,21.81,2.08,-16.67,21.44,3.17,1232.8
773,19.28,20.54,18.43,20.56,21.29,19.76,2.12,-6.93,20.23,9.03,1444.2
774,18.06,20.81,20.15,21.86,21.48,21.51,1.77,5.95,17.12,7.12,1395.74
775,20.77,21.22,20.04,19.26,21.54,19.89,2.02,-6.43,20.12,5.51,930.24
776,20.89,21.41,19.01,20.52,19.85,20.56,1.78,-9.49,20.89,11.13,1871.56
777,20.69,23.0,18.93,22.75,19.57,19.71,3.86,8.99,18.97,8.23,1759.96
778,19.3,22.23,21.6,21.42,19.88,18.76,2.48,-11.12,19.93,8.36,1329.64
779,21.38,20.94,20.67,21.09,20.88,21.01,2.0,5.45,21.39,1.11,2512.46
780,20.81,19.61,18.96,20.94,22.13,20.56,1.73,-2.54,20.31,10.24,1673.67
781,19.64,19.0,18.5,23.23,20.27,19.19,2.78,4.92,20.64,8.34,2559.88
782,19.9,20.75,20.05,22.96,20.76,20.72,1.35,1.87,21.17,10.71,2461.92
783,19.49,20.05,20.13,23.42,22.83,19.07,0.97,-14.51,22.73,5.22,912.82
784,20.84,19.86,21.44,21.45,20.12,19.4,0.91,-2.2,18.48,4.86,1826.4
785,18.27,21.2,20.25,22.31,22.38,20.9,3.04,-1.71,24.38,11.84,2079.13
786,18.09,22.06,20.69,21.36,22.17,19.66,3.0,2.86,24.38,9.88,1792.62
787,19.63,19.45,20.09,22.55,20.44,20.5,2.13,2.23,19.0,2.71,2115.51
788,20.53,21.66,20.98,22.75,21.22,19.78,1.55,-1.72,21.48,7.05,2208.02
789,19.75,21.19,19.25,23.02,21.29,19.51,1.56,-7.94,24.1,10.07,1671.79
790,19.95,21.48,20.76,21.03,20.99,21.64,3.63,3.37,23.2,7.53,1405.47
791,18.96,20.12,20.58,21.38,21.74,21.46,1.93,6.1,16.92,5.35,1182.79
792,18.98,21.0,20.34,21.82,19.48,19.08,2.27,2.32,19.78,4.99,992.16
793,21.22,22.46,19.51,23.29,22.06,21.31,1.65,-1.54,19.1,7.19,1984.36
794,19.81,20.75,21.1,20.85,21.0,20.8,2.07,-2.59,21.88,10.06,1656.83
795,21.71,21.86,19.32,21.79,21.02,21.32,2.3,-6.42,22.08,4.01,1928.91
796,19.56,20.86,20.23,21.57,21.67,19.98,3.45,1.74,17.85,0.6,706.78
797,19.94,20.4,20.23,19.49,20.68,19.89,1.93,1.34,18.71,5.78,1012.12
798,19.97,20.09,19.86,20.85,22.56,19.71,2.41,5.85,17.16,8.35,1589.64
799,19.68,20.29,21.4,21.7,20.95,20.7,1.71,-4.36,19.91,9.02,1932.12
800,20.0,21.74,18.88,21.0,19.38,20.3,2.15,0.83,19.52,3.96,821.25
801,21.44,21.83,20.91,22.39,22.84,21.12,2.27,-9.21,21.04,7.81,1734.57
802,21.79,21.65,20.97,21.82,21.75,20.37,1.84,-2.38,24.06,5.08,2388.47
803,19.47,21.93,20.53,23.82,20.89,19.77,2.19,-3.93,20.63,9.21,2035.84
804,18.38,22.29,21.28,22.15,21.79,20.19,1.43,7.4,19.49,6.6,1420.2
805,20.32,21.37,22.63,23.09,21.01,19.39,2.4,11.94,21.77,9.52,3111.22
806,20.37,21.58,19.9,22.75,21.32,20.48,2.04,-8.23,19.39,7.2,1616.4
807,19.21,20.68,19.25,22.82,19.87,16.85,1.56,6.35,19.73,8.5,1658.76
808,20.52,20.09,19.5,23.24,21.01,18.6,1.91,4.76,20.44,5.67,2467.55
809,20.25,22.07,20.26,22.45,20.79,18.55,3.05,-3.84,17.83,4.87,848.33
810,19.51,20.22,21.01,23.14,21.18,19.24,1.92,-5.26,19.48,6.15,1778.78
811,18.54,20.04,18.99,22.89,20.72,20.32,2.34,-5.35,18.54,8.85,1397.44
812,18.86,21.14,18.88,21.11,19.77,20.94,2.34,-2.64,21.77,14.57,2768.01
813,20.17,21.08,19.2,21.96,21.0,20.19,2.46,-2.51,18.12,10.78,1771.68
814,18.45,21.45,18.71,21.02,21.12,20.44,1.12,-1.07,18.28,11.56,1936.02
815,19.16,22.44,20.46,22.49,20.84,19.7,1.17,-3.57,18.71,6.69,1049.26
816,19.01,19.47,21.03,20.58,20.32,19.76,1.4,5.64,18.57,5.39,1176.41
817,20.97,22.0,21.28,21.65,21.54,22.67,2.49,3.56,23.74,0.39,2624.98
818,20.2,20.58,20.04,23.81,20.86,21.1,2.21,-1.21,22.39,5.21,2297.44
819,18.94,20.33,20.74,23.13,22.93,20.8,2.17,-3.78,21.09,2.86,1967.53
820,19.59,21.57,19.49,22.73,22.35,20.97,1.9,-3.96,19.29,9.31,1484.82
821,20.87,21.41,19.89,21.9,19.76,19.44,0.94,3.07,19.96,6.41,2323.06
822,18.96,20.04,22.59,22.65,20.95,20.44,1.52,0.39,23.52,3.04,2458.06
823,20.5,18.28,19.34,20.08,21.16,19.91,2.17,1.39,19.47,8.64,2230.65
824,21.01,21.83,20.09,18.97,20.51,19.7,1.86,6.01,18.04,7.95,1534.1
825,18.7,19.97,18.2,21.92,21.45,19.26,2.14,-0.38,21.79,3.6,773.33
826,21.23,19.75,21.92,22.52,21.65,18.68,0.75,9.59,19.62,11.54,2780.69
827,20.44,20.21,19.11,21.02,19.95,18.83,1.99,-14.02,19.74,4.74,848.58
828,19.52,21.62,19.51,22.2,20.96,21.66,0.33,-9.21,19.64,8.79,1377.28
829,20.57,20.09,21.06,21.89,19.5,19.11,0.96,12.67,19.78,6.63,2884.65
830,20.19,20.3,21.42,22.41,21.74,20.88,1.22,-2.78,21.11,11.94,2199.06
831,20.0,21.46,22.29,22.12,21.3,20.92,0.53,2.07,19.48,9.76,2277.96
832,18.85,20.71,18.29,22.14,19.2,17.82,1.36,8.77,20.71,3.71,1201.55
833,20.81,20.09,19.52,22.21,21.75,20.9,2.22,2.4,22.3,12.46,2650.72
834,20.89,20.48,19.97,21.09,20.89,20.34,2.93,6.39,23.28,3.2,2809.42
835,20.18,20.66,19.58,21.07,20.56,22.78,1.57,4.31,18.35,3.82,2193.26
836,21.0,22.97,22.25,22.07,20.85,20.39,1.47,6.88,22.24,11.87,2893.49
837,20.29,22.41,19.83,22.32,20.35,20.94,1.9,3.45,22.5,6.92,2617.73
838,20.32,22.38,19.29,21.43,20.93,21.37,1.79,5.12,22.79,7.94,1535.47
839,17.56,21.12,21.02,20.96,20.39,19.1,1.19,-4.06,20.18,8.27,1301.13
840,19.31,21.1,20.73,22.64,22.94,20.29,2.43,3.66,19.61,3.77,950.78
841,19.27,20.35,23.38,24.17,20.58,18.97,1.76,-0.28,17.21,12.64,1978.85
842,20.77,21.25,18.39,22.76,19.87,21.65,1.47,-0.61,20.29,13.58,2284.08
843,19.02,22.5,19.27,21.36,20.24,19.49,1.54,-11.75,24.0,1.39,676.73
844,19.8,20.19,21.79,21.08,20.66,20.9,3.88,-2.95,20.73,5.65,2053.57
845,20.12,20.25,19.84,23.07,21.98,19.29,2.62,-0.94,19.66,9.04,2121.66
846,20.46,18.55,21.24,22.39,21.8,20.28,1.73,10.89,21.29,6.66,2937.54
847,20.2,23.2,21.38,20.64,18.89,19.83,0.05,-1.96,17.84,5.37,871.4
848,20.67,21.91,21.19,22.94,21.48,20.29,0.64,1.98,19.54,8.69,2257.39
849,19.3,20.27,20.26,21.9,23.18,19.6,2.07,9.63,21.79,8.98,1929.77
850,20.22,21.3,21.62,21.57,21.58,19.96,1.77,-8.66,21.24,12.08,2093.43
851,21.3,20.56,21.05,21.5,21.57,19.24,1.08,-2.68,19.11,1.8,1802.02
852,19.59,23.34,20.81,22.69,22.64,19.43,1.89,6.16,24.01,3.97,1126.07
853,19.62,19.89,18.92,21.52,20.8,19.93,1.4,17.29,17.36,4.74,1679.34
854,20.13,21.78,21.95,22.03,20.8,19.54,1.49,-13.9,20.72,14.19,1542.03
855,20.55,20.56,21.12,19.68,21.16,19.3,1.86,-0.82,21.86,11.53,1971.38
856,19.58,22.17,20.98,23.45,22.2,19.01,1.19,4.4,22.73,7.83,1474.8
857,20.18,20.23,19.96,22.33,21.01,20.4,0.89,5.89,20.33,6.75,2535.93
858,20.2,21.03,19.56,20.46,20.45,21.7,0.92,15.72,21.68,8.32,2108.53
859,20.97,20.35,21.73,24.86,22.64,20.61,1.68,-4.52,20.09,10.52,1970.63
860,22.59,20.81,22.99,24.86,22.1,20.99,0.73,-1.65,23.73,6.24,2413.2
861,22.12,20.26,21.13,24.14,22.06,22.36,3.75,-11.4,20.74,7.82,1591.65
862,18.77,20.25,20.31,23.15,20.24,20.47,2.75,0.9,22.56,5.99,2461.42
863,20.35,21.13,20.39,20.46,19.67,20.91,2.58,3.58,17.89,2.81,2092.39
864,20.65,19.61,21.6,22.24,21.3,20.17,1.29,14.64,19.86,1.63,2916.28
865,20.07,20.85,20.17,23.09,22.47,21.12,1.32,11.93,21.2,4.93,2953.13
866,19.57,21.97,19.86,22.74,20.16,18.03,0.87,10.61,21.18,5.88,1499.86
867,20.62,20.68,18.92,19.89,21.23,20.03,3.47,-4.87,18.98,8.31,1318.19
868,21.32,22.27,20.87,22.68,21.03,20.36,3.07,2.98,16.68,7.81,2037.92
869,18.27,22.53,20.79,21.71,21.15,18.4,2.54,2.72,16.84,2.83,811.69
870,18.71,18.81,20.75,23.14,22.21,19.88,1.9,3.27,18.27,7.03,2186.87
871,19.67,19.22,20.48,23.12,22.0,20.25,1.69,-0.3,26.54,5.36,2766.04
872,21.79,21.44,19.88,21.77,21.73,19.16,2.4,7.92,14.83,6.25,2112.36
873,19.88,20.36,21.19,22.28,22.88,19.72,3.28,-2.49,19.75,7.24,1161.88
874,21.56,20.67,22.99,24.56,24.22,21.29,2.51,2.31,19.5,10.84,2335.13
875,18.5,19.53,19.77,22.3,20.5,21.14,1.11,10.17,20.17,5.62,2755.23
876,20.57,23.34,21.74,22.62,21.74,21.7,1.39,15.08,19.92,12.03,3156.32
877,20.79,21.49,21.71,20.91,22.24,21.27,2.37,-5.8,18.21,3.1,1562.38
878,20.39,21.7,20.05,20.47,19.83,20.03,1.31,3.85,22.24,4.37,1025.18
879,19.41,19.32,21.17,21.55,21.99,21.4,1.62,3.18,17.06,6.71,2052.12
880,19.85,22.6,21.28,22.84,20.29,19.43,3.21,8.54,24.22,3.49,1224.33
881,20.08,21.01,21.59,24.38,22.54,21.21,1.75,11.44,21.01,3.04,2870.93
882,22.11,20.96,20.03,22.29,22.94,20.28,0.74,-2.33,18.34,7.22,1850.18
883,19.55,21.12,20.18,22.36,22.14,20.9,4.31,-0.53,18.75,3.03,726.53
884,20.16,21.35,18.95,21.27,20.81,19.9,2.87,0.51,22.52,4.12,855.88
885,22.2,20.47,19.23,22.06,20.7,21.1,1.95,3.35,17.56,6.75,2116.94
886,18.85,18.67,20.87,22.64,22.08,20.94,1.99,5.79,20.19,12.11,2633.42
887,20.17,21.56,21.56,22.31,20.64,19.26,0.3,-2.63,20.02,6.42,1980.67
888,19.68,21.55,20.1,22.01,21.49,19.67,1.69,13.0,19.97,7.39,1818.71
889,21.29,18.42,20.51,23.0,22.73,20.34,1.4,-12.8,21.21,3.55,1442.93
890,21.07,20.42,21.05,24.45,21.56,21.36,2.08,-8.36,21.42,3.85,1743.86
891,20.85,21.76,21.0,22.5,22.49,20.28,3.3,4.25,20.93,0.12,2389.46
892,19.4,20.25,19.39,21.33,22.51,20.13,2.35,-1.15,22.47,4.05,816.95
893,17.95,19.3,20.65,22.46,22.6,19.43,3.62,-3.96,20.61,9.29,1512.17
894,20.52,21.98,20.55,21.28,22.59,19.89,0.88,6.72,19.1,5.28,1218.86
895,19.54,20.77,20.22,22.14,19.27,19.93,0.77,5.69,17.94,7.45,2296.72
896,19.3,20.64,20.43,20.85,21.57,20.52,2.99,8.74,20.21,7.67,1661.28
897,19.96,20.46,20.83,21.97,20.83,20.36,2.08,-7.25,20.88,9.21,1863.28
898,19.97,23.04,21.62,23.86,21.29,21.44,2.37,5.69,16.83,11.98,2292.89
899,17.93,21.35,19.88,22.25,22.73,19.38,1.98,5.61,21.0,8.82,1694.64
900,20.27,21.57,20.71,22.83,21.46,21.87,2.16,-7.05,18.41,6.29,1567.63
901,20.2,22.63,21.49,23.76,20.17,19.24,2.55,0.28,18.35,9.39,2070.63
902,21.08,20.8,19.99,22.06,20.82,20.31,2.2,6.78,20.39,7.91,2630.42
903,19.67,21.1,20.58,22.7,20.92,19.28,1.54,9.4,16.28,0.29,1050.95
904,18.72,20.16,20.19,23.99,19.94,20.25,3.86,-1.03,23.21,3.4,2372.63
905,20.89,21.82,19.87,20.59,18.45,19.58,2.08,-7.69,22.0,6.33,1045.01
906,19.86,19.86,19.54,21.9,21.9,20.54,1.84,10.73,17.83,5.24,1413.67
907,20.41,21.73,20.83,24.53,21.5,20.42,1.72,0.28,19.71,6.63,2143.47
908,20.87,21.42,20.38,22.42,21.07,20.71,2.27,-13.22,20.39,-0.28,1268.35
909,21.89,21.77,20.35,23.28,20.26,19.9,1.81,-1.68,18.64,9.52,1974.95
910,21.32,21.72,20.58,23.69,22.07,20.47,0.38,7.93,19.11,6.85,2533.07
911,18.92,20.06,17.64,21.23,19.94,19.3,1.8,-8.54,19.84,10.65,1754.48
912,20.96,20.64,20.97,21.48,19.81,19.38,1.13,0.82,20.06,7.08,2210.53
913,19.27,18.51,18.53,21.2,22.09,19.31,2.21,-2.29,19.82,7.6,1202.26
914,19.83,20.82,19.19,21.85,21.41,20.89,1.98,-0.26,20.2,3.89,780.02
915,20.24,20.09,20.48,22.58,22.0,19.39,1.47,-3.05,20.85,3.38,1989.54
916,18.86,21.05,19.1,20.26,21.28,19.36,2.75,3.52,19.42,7.4,1351.72
917,19.75,20.1,21.02,23.24,21.27,18.35,1.94,-1.56,20.97,7.01,2170.14
918,18.98,21.22,21.52,21.05,23.24,17.92,1.7,4.6,22.58,2.07,919.66
919,20.78,20.71,19.41,22.16,22.82,20.73,1.71,-2.57,21.01,9.82,2164.99
920,20.25,20.59,19.3,22.48,20.74,19.9,1.69,7.83,23.91,7.15,3024.26
921,19.34,20.94,19.76,21.45,22.84,20.72,2.41,0.09,17.46,5.48,906.95
922,19.09,21.42,20.13,21.03,19.84,19.71,1.38,-8.45,18.95,4.39,799.86
923,19.97,19.08,19.63,23.29,21.7,20.26,2.06,-5.99,20.83,9.27,1933.24
924,20.03,20.25,19.82,22.33,20.62,20.99,1.6,-8.11,20.58,4.91,1690.12
925,21.22,21.21,21.74,22.85,23.14,20.06,1.49,-7.71,19.32,7.71,1643.81
926,19.95,21.18,20.64,21.68,21.8,21.16,2.38,-9.19,21.35,6.5,1063.62
927,22.17,21.8,20.51,21.05,22.75,20.58,1.25,-7.6,20.51,5.41,1720.3
928,18.35,21.18,19.41,23.11,20.27,22.35,2.42,-0.04,22.59,3.11,2348.65
929,21.41,22.31,21.75,21.98,22.19,21.67,2.25,5.17,18.07,10.9,2362.08
930,20.09,20.54,20.34,23.12,20.24,19.86,3.06,-9.47,20.2,3.98,1567.72
931,19.64,22.12,19.92,22.14,19.86,19.99,0.59,-5.63,19.21,4.42,798.83
932,20.38,21.12,19.73,20.45,20.92,20.46,2.82,5.62,21.88,11.02,2147.15
933,19.19,19.57,20.92,22.27,22.22,21.23,1.76,-1.11,21.21,6.69,2211.31
934,18.74,20.93,19.65,21.98,19.58,18.67,0.57,-11.98,19.14,7.96,1234.16
935,19.73,21.79,20.77,23.12,21.08,19.31,1.47,0.26,22.2,11.54,1985.92
936,20.27,21.23,19.83,21.98,22.06,21.02,2.41,2.53,20.04,11.47,2070.62
937,20.14,21.85,20.05,21.77,21.02,20.03,1.93,2.2,17.74,5.35,997.99
938,20.16,21.66,20.59,22.01,21.66,20.14,3.08,15.72,19.58,10.46,2509.27
939,20.19,22.04,20.8,23.53,22.72,17.39,1.73,-5.27,25.33,2.19,718.02
940,21.15,22.35,21.08,22.25,21.75,20.17,1.97,7.7,19.71,1.73,2492.28
941,18.47,22.91,21.81,22.94,22.06,21.97,1.85,-0.17,20.57,7.13,1139.0
942,21.15,19.73,19.76,19.18,20.35,20.94,1.18,3.28,20.67,6.75,2415.97
943,19.96,21.16,20.86,24.35,21.61,22.36,1.98,-4.56,20.0,8.94,1929.87
944,20.29,17.8,21.26,22.63,20.61,20.48,1.82,-4.71,23.41,8.63,2253.24
945,22.29,20.51,19.69,20.97,21.61,19.78,2.07,-8.76,21.61,9.07,1844.88
946,21.04,21.97,19.52,21.59,20.77,19.32,2.05,-10.28,21.44,11.81,2033.51
947,19.85,20.27,20.11,22.24,23.01,19.35,2.0,4.7,19.55,12.89,2516.28
948,19.0,21.8,20.05,21.88,18.9,20.72,2.08,-3.75,21.53,9.63,1568.72
949,21.0,20.82,19.72,23.16,23.57,20.7,2.88,17.82,19.48,6.93,3190.18
950,18.25,20.94,20.12,20.99,21.99,19.43,1.22,-3.32,20.96,6.38,1033.9
951,19.93,21.81,20.12,22.81,23.05,20.54,1.42,4.71,24.69,6.96,1382.27
952,19.42,20.42,20.58,21.17,21.64,20.97,3.13,0.39,23.48,5.28,966.67
953,19.02,20.66,20.29,20.8,22.0,18.61,3.02,-12.78,19.85,9.77,1589.42
954,19.56,19.22,20.07,21.67,21.49,19.6,2.21,-9.42,20.54,10.12,1657.43
955,19.55,20.94,21.32,24.23,21.96,20.37,3.62,-10.57,18.0,5.1,1309.07
956,19.91,21.09,20.92,21.34,20.49,19.56,2.39,10.28,19.6,6.5,1563.22
957,21.8,20.08,20.9,23.35,22.19,20.41,3.5,9.09,16.08,1.69,2227.72
958,18.75,21.12,21.93,21.77,21.82,20.21,3.17,13.49,22.01,6.73,1785.23
959,19.27,19.68,22.51,22.43,21.9,18.89,3.3,-15.54,18.64,7.12,1111.35
960,20.62,22.21,20.25,20.3,21.29,19.68,1.08,-9.59,19.89,3.68,751.6
961,19.88,21.18,21.56,23.12,21.63,20.98,2.53,4.23,19.2,5.42,2311.59
962,18.79,21.46,20.45,21.41,21.41,20.65,1.93,-5.37,22.26,3.54,771.78
963,18.02,19.1,21.45,19.94,22.05,18.83,0.93,4.86,23.03,2.28,936.5
964,21.83,22.0,21.71,24.38,21.6,20.69,3.07,-3.12,23.13,11.45,2389.75
965,18.8,20.95,20.46,22.24,22.46,20.81,2.96,-3.83,17.68,2.28,663.76
966,22.27,23.29,20.56,20.97,21.3,19.6,1.88,-12.71,21.44,7.34,1179.52
967,18.81,21.04,20.58,22.46,21.2,17.8,1.51,-4.04,18.41,9.93,1589.04
968,21.07,22.01,20.29,22.86,21.08,21.08,2.05,2.59,20.39,11.27,2444.08
969,20.63,20.91,20.41,23.58,21.71,20.44,0.55,-6.92,22.12,3.82,1883.53
970,20.4,21.5,20.58,21.22,20.94,20.39,0.92,0.48,19.57,10.83,1806.85
971,19.7,21.91,19.77,20.94,21.0,18.34,1.76,-7.33,20.53,7.48,1189.68
972,17.63,19.78,19.29,21.19,20.14,21.51,2.49,-5.42,18.88,8.72,1379.48
973,19.51,23.71,21.13,22.17,21.45,21.55,1.85,-4.93,22.4,12.28,2154.69
974,19.9,18.75,19.75,21.0,22.49,20.95,1.56,3.25,19.65,8.83,2357.71
975,18.14,20.43,20.08,20.82,18.61,19.95,1.34,6.01,19.04,4.21,1085.84
976,21.0,20.2,20.89,21.24,19.72,21.14,3.95,12.87,20.78,0.83,2912.34
977,19.64,19.19,19.37,22.29,20.66,20.56,1.14,5.45,22.02,8.92,2724.15
978,21.27,22.79,18.99,22.24,21.26,21.44,0.54,2.55,17.47,8.22,2073.6
979,19.94,21.24,20.25,22.08,22.49,20.27,1.54,12.42,21.03,4.62,1466.71
980,20.5,17.97,18.44,20.84,21.88,22.12,2.41,1.92,19.11,7.55,2208.84
981,19.38,20.36,20.89,22.21,20.03,18.7,2.09,4.3,21.47,2.93,941.49
982,19.52,19.97,21.28,22.83,21.28,18.56,1.4,6.7,19.07,8.08,2489.77
983,18.98,22.21,19.71,19.68,20.58,21.31,2.15,1.22,18.42,2.98,762.04
984,18.92,20.49,20.81,21.88,21.83,18.54,2.89,-0.48,18.71,10.63,1750.06
985,19.89,22.12,20.27,20.97,19.55,20.43,2.16,-1.17,20.42,13.3,2401.83
986,20.77,20.44,18.98,23.2,23.09,22.87,2.12,-4.01,21.19,7.87,2061.48
987,20.37,20.93,19.31,22.38,19.83,20.94,2.13,-3.47,18.87,8.16,1868.55
988,19.86,21.58,20.58,20.58,19.46,20.11,1.4,7.43,20.2,8.76,1759.58
989,20.69,21.9,23.09,21.96,23.41,20.86,2.36,-7.68,18.83,7.83,1607.38
990,19.87,21.47,20.16,21.72,21.34,18.95,2.83,0.96,19.35,3.71,810.77
991,18.08,21.04,20.73,21.26,22.09,20.0,3.08,-0.17,19.12,11.24,1890.66
992,19.13,19.47,19.73,20.68,21.64,19.49,2.34,-9.98,18.71,8.35,1313.08
993,22.18,22.37,20.75,21.13,21.82,21.65,2.01,5.87,17.78,8.68,2327.64
994,20.63,21.37,20.84,21.53,19.98,20.42,3.5,-9.35,19.94,10.03,1675.24
995,20.08,22.65,20.34,21.36,21.99,20.24,2.1,-5.22,22.49,9.9,1628.85
996,19.8,21.38,20.61,22.95,21.64,20.93,1.61,-0.6,20.26,10.7,2224.82
997,19.81,19.35,21.1,22.18,19.3,19.4,1.45,10.43,19.5,8.36,2761.15
998,19.27,21.01,20.43,20.82,20.98,19.55,1.36,3.65,21.77,4.42,1014.45
999,18.65,20.05,20.62,21.7,22.51,20.14,1.6,2.18,19.12,8.25,1400.58
1000,18.5,22.38,20.16,21.32,20.95,19.86,3.54,9.46,20.48,6.92,1598.75
1001,20.21,21.53,20.73,22.51,21.18,21.12,1.39,-1.85,17.19,4.38,1713.78
1002,19.13,20.94,21.57,22.21,21.03,19.84,3.22,13.99,20.08,11.35,2627.32
1003,20.91,19.94,19.39,24.03,22.19,20.91,1.84,3.53,19.43,6.55,2308.43
1004,20.31,18.9,20.68,24.31,21.46,20.52,2.83,0.93,16.67,7.68,1911.16
1005,19.03,21.99,22.82,22.6,22.98,20.71,1.14,-12.58,19.21,4.82,838.71
1006,18.95,21.79,20.84,24.17,21.98,20.7,1.99,6.83,15.88,6.84,2159.99
1007,18.79,21.79,20.91,21.77,20.3,19.35,0.71,3.76,18.93,9.79,1747.0
1008,20.39,18.36,19.67,21.0,20.65,19.21,2.02,-1.56,21.1,13.14,2304.03
1009,21.16,23.35,22.61,20.57,22.74,21.64,2.63,-3.53,18.34,2.62,683.46
1010,20.38,22.27,20.99,21.08,19.8,19.25,2.77,14.09,18.71,7.07,1823.66
1011,19.61,20.44,21.14,21.25,21.96,19.57,2.0,-5.58,17.25,-2.39,653.2
1012,20.79,20.47,19.07,22.47,22.5,20.14,1.71,2.44,20.67,5.71,2351.0
1013,19.52,19.16,19.9,20.44,23.47,18.46,2.07,0.24,19.22,7.35,1170.66
1014,20.53,18.62,20.42,21.16,20.54,18.22,1.54,4.82,20.0,7.49,2459.61
1015,20.68,21.09,20.62,23.92,19.87,17.41,1.54,-13.46,22.53,11.91,1703.43
1016,21.16,21.81,21.83,24.05,21.74,19.97,1.67,4.71,18.17,6.32,2250.19
1017,18.42,19.29,18.62,22.07,22.92,19.94,2.18,11.2,22.79,11.69,2579.23
1018,18.75,20.67,21.1,22.72,22.49,20.38,3.15,-13.32,19.58,7.74,1231.59
1019,20.77,20.54,20.02,21.8,20.02,20.36,3.04,-6.64,22.31,5.47,1977.33
1020,18.65,21.39,20.12,22.11,22.51,21.64,1.75,3.96,19.86,7.57,1392.65
1021,20.13,20.25,20.36,22.05,20.44,20.82,1.35,-0.94,17.06,7.39,1815.67
1022,20.57,21.53,21.68,22.41,20.19,20.58,1.41,4.76,17.74,7.6,2231.1
1023,18.96,21.23,21.33,20.82,21.53,19.95,0.82,5.21,19.57,4.91,1109.62
1024,20.48,21.47,19.11,22.07,20.58,20.4,2.58,1.58,17.01,4.87,916.66
1025,20.9,19.5,20.0,21.44,21.74,20.23,0.89,12.34,21.18,10.41,3080.91
1026,19.51,21.39,19.32,19.71,21.79,19.13,0.19,5.27,21.8,10.16,1918.74
1027,20.24,21.69,21.65,21.71,20.37,20.49,2.58,-9.28,17.32,4.51,1296.31
1028,19.45,21.31,19.94,23.11,21.39,20.06,2.55,4.91,19.52,6.6,1307.07
1029,19.72,20.26,21.18,22.49,21.76,21.36,1.14,-0.23,19.9,8.15,2154.27
1030,19.5,20.58,20.87,20.49,21.5,19.43,2.24,3.83,21.52,9.44,1727.04
1031,20.74,22.75,21.54,23.52,22.37,21.33,0.95,8.18,20.93,7.56,2749.6
1032,19.55,23.84,21.59,21.48,22.63,22.13,1.92,11.31,19.27,10.46,2275.32
1033,19.59,20.66,20.7,20.24,21.07,19.52,2.29,0.59,17.44,6.77,1087.68
1034,20.85,22.57,20.76,22.43,21.01,21.57,2.55,5.87,20.09,11.64,2623.19
1035,19.46,19.96,20.52,21.65,22.15,20.05,2.32,-7.56,19.83,14.66,2775.46
1036,20.32,22.59,21.69,22.03,22.8,21.17,0.48,-3.25,18.5,7.22,1114.19
1037,21.3,20.36,19.96,21.28,21.83,21.29,2.24,-3.94,24.82,8.13,2435.0
1038,20.07,21.12,20.15,18.67,21.68,18.22,3.74,7.24,20.44,4.18,1183.58
1039,20.87,21.31,19.05,22.68,22.48,20.81,2.31,12.09,18.82,6.49,2767.54
1040,20.74,21.39,21.09,22.3,20.72,20.8,0.89,22.32,18.99,7.54,3404.55
1041,20.34,20.14,19.99,20.4,21.39,19.76,1.43,6.03,21.83,9.1,1764.51
1042,18.08,21.05,20.77,23.15,21.05,18.46,1.59,7.87,22.62,6.39,1445.49
1043,21.77,20.21,20.71,23.23,21.59,21.81,0.13,-12.11,21.36,9.24,1600.14
1044,19.44,18.5,20.8,20.41,20.28,18.58,2.08,-12.52,22.23,5.87,990.53
1045,19.63,20.77,20.95,21.17,21.63,19.95,1.72,-6.08,17.75,10.03,1604.72
1046,19.82,18.76,19.88,19.9,21.74,19.63,1.76,-8.78,19.99,8.24,1303.18
1047,18.94,21.7,20.02,23.33,23.69,21.42,1.9,3.58,17.9,8.11,1439.8
1048,20.57,21.76,18.78,21.07,21.51,19.44,1.42,12.15,21.77,5.62,1559.7
1049,21.85,23.79,21.44,21.69,22.24,21.06,2.68,0.08,21.97,6.75,2369.06
1050,20.3,20.8,19.58,19.99,19.33,19.8,2.15,-4.59,18.19,5.88,951.93
1051,20.65,20.31,20.41,21.4,20.59,21.41,1.57,2.14,18.92,9.61,2233.07
1052,20.01,21.93,21.29,23.28,20.47,20.13,2.36,-5.03,18.24,2.93,1610.5
1053,20.22,20.45,20.47,21.87,22.19,19.82,2.28,-3.8,20.54,4.88,871.05
1054,19.65,20.08,21.07,23.45,21.35,22.31,1.24,-1.36,19.88,10.62,2136.69
1055,20.26,20.22,20.9,20.89,21.99,19.92,1.86,2.72,20.16,7.56,1333.22
1056,20.88,20.97,20.64,23.64,22.17,20.59,1.86,-11.67,19.44,10.67,1480.42
1057,20.77,20.5,22.14,23.42,20.96,20.37,1.53,-14.21,24.13,9.49,1770.77
1058,20.32,22.11,21.4,20.33,21.57,19.14,0.91,-6.02,22.11,9.8,1596.49
1059,21.12,20.07,19.9,21.64,21.72,20.76,1.51,3.66,19.8,8.26,2385.98
1060,21.44,22.47,21.63,23.44,20.74,22.02,3.01,-8.86,17.24,5.03,1327.05
1061,22.39,21.84,19.53,21.55,20.89,20.01,1.48,12.84,16.95,7.23,2630.27
1062,19.87,20.57,20.57,22.69,20.39,18.58,2.72,5.96,17.08,3.26,2164.39
1063,19.56,21.07,22.04,22.56,20.92,19.63,1.97,4.69,20.99,6.5,2534.49
1064,18.99,21.13,19.53,21.73,22.74,21.63,2.13,5.99,19.76,5.36,1209.64
1065,18.84,20.21,21.14,21.73,21.7,21.44,1.02,2.99,22.72,1.42,2493.79
1066,19.84,20.54,19.49,21.35,20.07,20.38,2.93,3.55,21.58,8.28,1513.27
1067,20.75,21.22,19.36,21.81,20.53,19.7,3.65,8.69,16.07,7.98,1672.3
1068,20.41,20.09,19.54,20.84,20.76,19.63,1.44,7.0,18.5,10.79,2116.71
1069,18.19,19.63,20.79,23.24,23.37,19.43,3.04,2.1,16.98,3.33,817.71
1070,21.76,21.33,19.62,20.1,22.22,20.87,0.98,13.46,19.29,10.24,2331.54
1071,20.15,18.86,18.76,21.39,21.7,19.16,1.96,0.54,20.72,0.04,659.19
1072,21.11,19.54,22.49,21.44,22.76,20.54,1.06,-3.19,20.24,6.56,1979.03
1073,19.47,19.29,18.82,21.22,20.8,22.45,2.3,-10.38,20.05,12.93,1668.48
1074,18.54,21.59,19.08,20.51,20.14,19.31,1.84,-5.06,17.86,6.91,1078.74
1075,19.41,22.12,20.98,21.56,22.3,20.52,1.96,8.42,25.31,4.8,1323.49
1076,19.23,22.91,21.78,22.81,20.47,18.5,3.05,-0.24,20.39,6.75,1095.43
1077,20.08,20.12,19.29,20.09,19.28,19.11,2.99,3.36,23.5,9.55,1744.48
1078,20.45,21.09,19.52,19.66,22.09,19.61,1.86,0.57,21.8,6.15,1047.8
1079,21.24,21.93,20.3,19.25,20.61,20.08,2.89,-8.42,21.35,8.18,1317.87
1080,18.66,21.13,19.99,21.5,20.39,19.3,2.92,-2.02,21.35,8.14,1311.75
1081,21.01,20.03,21.42,24.76,21.47,20.91,2.89,-5.84,19.0,8.65,1757.85
1082,19.32,20.02,21.04,21.3,21.01,21.31,2.12,-3.05,18.93,10.11,1938.26
1083,20.42,21.85,20.48,23.2,19.89,20.7,2.26,-6.21,19.89,12.94,1902.5
1084,19.22,20.85,21.32,22.7,22.04,20.91,1.77,3.37,19.76,7.26,2347.49
1085,19.74,19.92,19.25,21.56,21.46,21.27,3.87,5.69,15.72,7.97,2116.1
1086,19.58,21.85,19.28,22.04,19.24,18.9,2.32,0.25,20.05,3.44,760.8
1087,20.38,21.64,20.23,19.64,21.27,19.34,1.93,-13.93,21.27,9.83,1602.91
1088,20.14,19.92,23.23,23.22,21.04,19.75,2.4,-9.47,17.63,11.08,1446.02
1089,19.99,21.08,20.23,18.42,21.89,19.19,2.22,4.52,18.05,9.07,1653.9
1090,21.28,21.45,20.04,18.35,21.4,20.33,3.65,-5.29,20.22,2.84,726.31
1091,20.62,20.65,21.39,23.28,22.3,21.39,1.98,-5.28,20.93,5.79,1916.45
1092,20.75,22.1,20.35,21.74,20.11,17.59,2.61,0.48,19.75,7.15,1164.4
1093,21.15,20.86,19.71,20.22,20.52,21.68,1.9,-5.51,20.79,4.43,1860.14
1094,21.2,21.4,21.31,21.32,22.76,22.41,0.65,-14.85,20.35,13.43,1425.45
1095,17.32,20.83,21.21,22.81,22.25,19.91,2.0,-6.47,19.33,8.23,1295.97
1096,21.31,19.43,19.22,19.23,22.2,20.65,2.68,-2.83,20.01,9.79,1591.47
1097,20.89,21.7,20.58,20.97,20.05,20.09,2.11,-3.88,20.02,9.84,1992.8
1098,18.26,20.05,19.59,21.36,21.15,20.75,1.08,4.91,20.13,7.34,1402.03
1099,18.91,21.29,21.91,22.5,20.65,19.64,3.27,0.62,19.79,3.4,782.43
1100,19.44,22.45,20.73,23.1,20.61,21.64,1.05,0.13,20.78,9.37,2288.98
1101,20.79,20.57,19.62,18.98,20.52,19.42,1.38,8.1,22.08,13.03,2743.22
1102,18.86,19.55,19.79,19.59,21.31,19.89,1.1,-10.92,20.98,5.87,967.62
1103,20.37,20.43,22.67,22.55,22.61,19.9,1.17,10.95,15.94,5.3,2374.81
1104,22.12,22.13,20.5,21.55,21.14,19.29,2.04,11.56,17.48,9.52,2656.13
1105,19.83,22.51,20.04,23.7,20.21,20.64,2.49,-0.81,21.31,9.77,2307.84
1106,21.47,20.65,19.76,20.55,19.69,19.82,1.53,-2.75,18.51,10.43,1915.98
1107,20.01,19.74,19.61,23.14,21.96,18.98,2.45,9.4,22.59,6.58,2981.92
1108,18.81,19.72,20.32,24.22,20.38,19.53,2.62,-1.85,17.33,6.57,1784.35
1109,19.02,20.23,19.59,22.03,22.66,19.97,1.74,2.47,21.81,-0.88,770.95
1110,21.24,21.73,21.03,23.04,21.6,19.88,0.79,1.95,18.4,7.15,2112.86
1111,20.39,19.33,20.75,22.58,24.28,20.5,3.21,3.42,22.47,5.31,2596.69
1112,20.27,23.37,17.37,23.17,21.38,18.96,1.46,-7.7,18.66,0.38,609.58
1113,16.46,20.9,20.24,21.01,19.96,20.27,0.23,3.08,18.23,12.68,2352.04
1114,19.77,22.79,20.94,21.62,21.98,19.49,1.69,-6.17,20.25,7.72,1221.24
1115,20.66,20.16,19.74,22.7,21.21,18.9,2.47,-4.19,17.34,1.65,1544.22
1116,19.99,19.97,21.25,22.95,20.12,19.64,2.59,6.5,18.27,8.13,2411.71
1117,19.78,20.84,17.77,20.73,21.63,19.03,1.09,-3.52,21.91,12.58,2217.12
1118,20.87,23.35,20.81,20.71,20.71,20.81,0.52,-4.47,23.22,10.61,1764.14
1119,19.31,20.71,20.05,20.51,23.34,20.8,2.24,1.43,19.63,9.9,1673.94
1120,20.53,21.42,21.85,23.13,22.27,20.0,2.41,9.43,19.11,3.3,2570.97
1121,21.35,21.24,21.45,20.98,22.05,20.9,2.89,16.83,17.25,5.37,2874.97
1122,19.4,21.53,19.57,23.86,22.68,20.34,2.8,8.0,21.4,4.39,1240.88
1123,21.77,20.77,19.33,21.41,21.22,18.83,2.12,7.9,19.22,7.05,2563.42
1124,19.85,20.14,21.69,22.26,23.98,21.0,1.27,-0.17,17.8,9.33,1974.25
1125,19.73,21.11,19.46,20.69,21.78,21.38,1.61,17.92,20.65,8.31,2211.08
1126,19.26,20.27,20.53,23.16,23.05,20.6,1.81,1.39,17.6,4.28,1953.16
1127,18.51,22.52,20.07,22.42,21.22,20.58,1.27,-0.25,20.39,6.45,1038.25
1128,18.82,20.46,19.01,22.42,21.03,20.71,2.86,2.68,19.31,10.13,1784.84
1129,17.15,21.6,21.24,20.49,19.61,19.62,2.82,1.85,20.47,8.53,1457.08
1130,20.74,21.58,20.84,22.3,20.41,18.7,0.88,-9.2,17.37,8.2,1364.09
1131,18.93,20.67,18.27,19.96,20.4,18.6,1.74,-4.88,20.49,4.37,817.34
1132,21.11,21.69,20.54,22.91,21.26,19.08,3.65,2.66,16.82,7.48,2033.52
1133,21.19,20.59,21.39,23.1,21.51,20.12,2.93,-5.53,20.64,3.6,1838.46
1134,19.06,22.32,20.07,22.6,22.03,19.96,2.15,4.53,19.91,4.52,1056.33
1135,19.7,20.59,22.06,23.31,20.81,19.49,2.88,0.25,16.65,2.56,1765.41
1136,19.65,21.82,20.02,21.25,20.7,19.98,3.32,6.56,20.06,12.19,2449.27
1137,20.35,23.07,21.41,22.19,21.51,19.74,2.08,-0.87,21.54,12.31,2155.69
1138,20.53,20.95,21.13,22.01,20.89,21.87,0.91,3.37,19.21,3.99,2216.36
1139,20.39,20.9,19.38,21.7,23.11,22.95,2.69,-12.68,17.64,4.67,1126.09
1140,20.22,20.43,20.56,20.7,22.52,19.5,2.73,-11.27,19.24,6.05,988.6
1141,21.0,19.8,20.13,20.61,22.35,21.38,1.2,-5.62,16.01,10.66,1492.92
1142,18.43,23.27,20.83,23.2,22.89,20.95,2.21,2.18,20.73,8.82,1522.42
1143,20.83,20.95,21.48,21.82,21.47,20.05,1.37,-5.47,21.65,11.14,2078.06
1144,18.23,22.05,23.13,23.8,21.49,20.36,0.68,5.1,19.16,12.06,2476.05
1145,19.9,20.71,22.65,21.08,21.4,19.82,2.18,2.71,19.57,8.45,2316.44
1146,21.04,20.74,20.04,20.24,21.51,18.96,3.16,-3.21,22.45,7.89,1284.33
1147,20.12,22.17,20.39,22.26,21.74,22.11,2.26,1.57,23.43,11.09,2687.67
1148,19.23,20.13,19.21,21.59,21.65,21.26,2.14,-3.11,21.61,10.24,1691.51
1149,20.36,22.09,20.17,20.25,22.75,19.58,0.93,2.21,18.15,10.22,1751.37
1150,21.62,22.5,18.98,23.48,20.72,20.75,2.5,-3.57,22.73,8.43,2256.48
1151,19.2,19.54,20.79,25.03,21.9,21.5,1.56,2.78,21.36,10.13,2523.65
1152,20.37,23.14,20.32,24.07,22.16,17.86,1.38,9.52,20.57,6.1,1473.15
1153,19.09,21.62,20.03,22.67,21.01,20.35,2.71,-8.65,20.72,5.3,918.28
1154,18.07,20.27,20.82,22.19,21.76,21.37,1.03,-4.86,22.35,5.98,993.92
1155,18.87,19.64,20.19,22.3,18.96,19.76,1.83,-4.57,16.68,13.82,1691.84
1156,20.7,19.82,20.67,23.09,21.33,21.55,1.08,2.18,19.78,3.87,2202.83
1157,18.81,21.54,20.91,22.8,22.67,19.67,1.76,5.86,17.92,9.83,1861.0
1158,19.97,20.5,20.45,25.0,21.33,21.65,0.25,-12.18,20.93,12.94,1628.57
1159,19.29,20.42,19.29,20.75,20.72,20.67,2.43,-1.28,18.51,8.19,1283.65
1160,19.14,20.19,20.33,23.41,20.53,21.24,2.31,0.2,27.35,6.05,2895.36
1161,20.86,22.23,20.77,22.01,21.39,19.68,3.74,6.17,21.65,8.67,1720.1
1162,17.95,21.41,20.09,22.14,21.04,20.16,2.19,-6.27,17.88,5.52,909.03
1163,20.58,20.42,19.42,21.9,20.69,20.84,1.28,5.11,22.11,4.27,2619.81
1164,19.52,21.93,19.26,19.08,22.71,19.32,2.79,2.05,19.28,11.04,1948.24
1165,20.97,22.05,20.35,20.47,21.31,20.13,2.78,12.42,20.27,10.85,2435.52
1166,20.77,21.82,20.19,21.72,18.64,18.9,3.05,15.36,19.8,6.04,3057.72
1167,20.11,21.62,20.6,21.26,22.11,19.29,0.43,5.57,16.73,5.54,1156.86
1168,19.45,21.37,21.07,21.88,21.93,20.39,1.44,-1.82,18.91,7.65,1193.45
1169,19.23,20.61,20.43,23.42,20.95,21.65,1.27,3.43,17.94,6.71,2152.16
1170,19.95,19.84,21.41,19.08,21.28,20.89,3.22,4.07,15.78,4.55,1001.93
1171,19.12,19.76,19.33,20.72,20.97,19.27,2.64,3.69,19.05,2.43,863.62
1172,20.51,23.36,22.0,23.44,21.82,21.02,2.9,2.94,19.57,2.62,2218.93
1173,19.87,20.46,21.01,21.82,21.59,19.15,1.13,3.74,17.34,3.4,889.87
1174,18.31,19.91,20.54,22.96,21.85,20.81,2.11,7.35,22.37,3.88,1167.41
1175,20.73,22.75,20.94,23.22,21.46,19.4,0.7,15.39,20.85,7.64,3171.51
1176,19.71,19.89,19.76,23.06,21.08,20.39,1.12,-12.67,20.29,4.59,1378.36
1177,20.9,19.62,20.47,22.04,20.88,18.57,2.1,9.1,21.15,4.67,2779.33
1178,19.14,20.57,20.03,19.48,20.33,18.7,2.18,0.99,21.21,3.24,791.36
1179,20.34,19.21,21.06,22.84,22.05,20.3,2.31,-5.53,20.63,3.29,1824.42
1180,20.32,20.43,20.17,22.28,21.61,19.26,1.48,-9.46,23.44,3.21,1859.47
1181,21.0,22.14,20.18,20.72,21.6,19.22,2.34,2.14,16.29,6.76,1149.96
1182,18.35,21.73,20.91,22.56,21.16,18.69,2.0,0.25,21.18,10.13,1677.01
1183,19.68,20.64,19.71,22.55,22.69,20.57,3.26,-7.55,19.35,11.51,1955.3
1184,20.57,19.94,21.82,24.43,22.62,19.66,1.66,-0.21,23.1,7.16,2463.33
1185,19.87,21.96,21.03,20.92,22.4,20.64,0.53,7.26,20.84,10.18,2018.25
1186,18.31,21.15,21.87,22.34,21.74,18.81,2.49,10.86,19.86,4.65,1388.82
1187,20.02,21.42,21.05,22.19,19.43,20.53,2.27,0.89,23.2,8.71,2574.56
1188,21.06,22.15,22.42,23.52,20.97,19.64,1.29,0.87,19.72,4.39,2131.7
1189,21.29,19.35,20.0,23.55,21.38,19.74,1.74,4.36,20.94,8.3,2544.32
1190,19.02,20.77,19.45,24.32,22.26,19.45,2.16,8.16,18.86,4.54,1227.9
1191,19.77,22.95,20.88,21.27,21.22,21.68,1.7,1.28,20.35,4.78,917.02
1192,19.31,22.68,20.88,21.92,19.98,19.76,1.11,2.45,24.69,6.84,1247.64
1193,18.39,22.62,20.75,22.68,20.81,21.31,1.84,-2.79,21.89,11.86,2045.85
1194,21.75,20.26,20.44,21.47,21.84,21.43,2.71,-1.1,20.96,9.56,2254.81
1195,19.61,18.94,20.78,22.03,20.36,22.65,1.71,-4.45,17.51,4.81,1601.76
1196,18.5,21.81,21.37,21.75,22.19,20.27,2.17,-7.24,25.43,3.84,821.74
1197,19.99,21.74,19.41,22.5,19.37,21.06,1.85,-8.43,17.78,4.55,1389.42
1198,19.34,22.71,20.85,21.37,23.49,19.3,1.01,-6.03,20.23,8.93,1417.08
1199,21.37,21.45,20.95,22.94,22.21,22.44,1.91,-6.52,21.03,7.65,1888.42
1200,17.99,20.45,20.81,23.2,21.45,20.24,1.64,2.09,21.39,8.96,1543.42
1201,20.84,20.42,20.4,20.12,17.76,18.37,2.61,3.14,18.72,5.46,2199.65
1202,19.26,20.05,19.61,20.03,21.14,18.43,2.99,-2.94,21.48,8.01,1290.18
1203,20.37,22.73,21.85,23.75,22.12,20.03,2.71,-5.87,17.77,7.81,1611.83
1204,22.25,20.37,20.15,21.87,20.23,21.01,1.41,15.06,23.71,10.8,3509.41
1205,17.75,18.46,20.17,21.2,19.85,18.9,1.07,-3.09,17.66,11.74,1968.42
1206,20.12,21.14,21.14,23.72,21.34,20.74,0.79,-4.15,19.07,9.71,1864.62
1207,20.46,23.12,20.05,20.08,19.78,18.14,2.14,-11.01,21.27,10.79,1802.89
1208,20.05,19.72,19.4,20.46,20.31,21.38,1.43,3.62,19.75,6.94,2350.32
1209,20.77,22.56,20.18,20.1,21.81,19.87,1.11,12.73,23.37,4.9,1525.05
1210,20.93,21.31,21.65,21.64,20.17,20.4,3.57,-1.31,22.78,6.91,2378.55
1211,18.01,20.57,21.2,22.36,22.82,19.94,2.39,-2.43,21.1,6.6,1077.58
1212,21.2,20.3,21.35,23.34,21.72,20.21,2.27,1.94,18.69,6.4,2142.22
1213,18.9,21.93,19.02,21.44,21.75,20.76,2.23,2.15,19.84,6.97,1220.67
1214,22.95,21.42,21.77,21.82,19.79,19.87,3.3,-17.47,17.36,6.49,854.41
1215,19.84,21.65,21.43,23.26,22.18,20.82,1.87,4.53,18.46,5.63,2253.4
1216,17.98,20.96,21.2,22.53,21.02,19.72,2.49,13.13,19.6,6.61,1719.31
1217,20.09,20.2,21.65,22.85,22.07,20.55,2.72,0.39,21.93,9.41,2437.38
1218,18.94,21.17,20.49,23.66,23.04,18.73,3.49,-0.76,20.96,4.4,842.18
1219,20.8,20.76,18.96,21.03,21.08,19.34,2.0,5.56,19.55,11.04,2117.0
1220,21.34,21.1,21.23,21.9,19.78,21.33,2.99,4.73,18.62,10.25,2383.79
1221,19.83,21.34,21.95,21.49,21.52,18.0,0.54,1.21,21.68,7.26,1213.88
1222,18.74,20.03,19.58,22.09,21.68,20.92,3.69,5.41,18.96,-0.15,900.6
1223,21.32,20.9,19.94,22.62,20.85,22.17,2.34,5.74,21.5,0.47,2532.74
1224,18.36,20.86,22.05,23.26,21.76,20.81,2.6,-8.21,21.15,7.33,1801.04
1225,20.23,21.51,19.67,21.41,21.02,20.27,0.97,-8.04,22.35,9.04,1450.92
1226,18.89,20.14,19.08,22.18,20.99,20.2,0.92,-9.04,18.44,12.32,2111.69
1227,17.62,21.72,20.74,22.31,22.03,19.0,1.48,-10.6,19.21,5.78,948.42
1228,20.42,20.29,20.91,22.26,21.68,20.12,2.02,5.67,20.08,5.46,2481.66
1229,19.27,19.59,21.16,21.98,20.85,20.28,1.8,5.69,19.48,3.35,2378.41
1230,20.91,20.78,21.37,22.94,20.79,20.95,1.67,3.13,18.78,8.8,2262.36
1231,20.12,18.9,21.59,20.58,23.23,19.64,1.84,11.63,18.76,7.02,1686.79
1232,20.98,20.81,20.01,21.73,19.69,17.93,0.13,-2.16,17.67,5.57,892.99
1233,20.33,20.9,19.5,22.21,22.81,20.15,2.34,-4.83,18.59,7.07,1113.35
1234,20.32,20.18,18.57,21.75,22.02,20.63,1.86,0.86,21.54,6.72,1133.55
1235,19.41,22.18,20.54,22.16,22.06,19.0,2.76,7.99,21.96,9.9,2032.23
1236,20.01,20.15,20.44,22.9,18.9,18.4,1.62,-4.14,20.69,5.72,1956.31
1237,18.89,21.09,20.37,21.4,21.6,18.5,1.7,13.59,19.6,6.99,1787.27
1238,18.14,19.5,20.82,20.45,22.52,21.09,2.13,-0.5,19.87,9.55,1536.81
1239,19.43,21.43,19.89,21.49,20.58,20.97,2.55,3.59,23.13,6.21,1223.83
1240,19.52,22.96,22.29,23.19,21.79,21.87,2.92,1.14,21.88,4.78,2386.67
1241,19.64,18.54,21.01,24.19,21.35,20.98,1.97,-2.78,15.47,3.16,1467.98
1242,19.62,20.96,19.26,20.96,19.91,17.2,2.34,6.37,18.44,3.88,1081.28
1243,21.95,20.67,19.74,21.8,21.7,22.44,2.03,-24.33,19.07,5.07,574.18
1244,19.84,19.41,19.35,21.6,21.67,20.43,1.76,-2.37,23.41,9.88,1630.31
1245,21.68,20.69,20.35,21.27,21.37,21.07,0.46,5.57,21.4,4.79,2577.74
1246,20.24,21.14,19.95,23.29,21.31,20.32,2.16,-10.16,17.39,6.36,1282.69
1247,19.71,21.76,21.14,22.54,20.8,20.88,1.27,-4.91,21.53,3.91,1954.9
1248,22.0,22.36,21.82,23.57,22.54,19.85,2.7,-3.45,26.77,7.16,2644.88
1249,19.07,21.53,19.71,21.59,22.74,19.07,1.31,-2.31,21.81,7.86,1252.12
1250,20.34,21.12,19.54,22.05,20.47,21.0,1.55,-4.22,18.41,8.06,1768.67
1251,19.33,21.83,19.56,21.8,21.49,19.69,1.34,-7.13,23.34,12.27,2153.19
1252,20.21,19.21,18.71,21.65,20.23,21.82,2.43,-0.5,20.77,6.96,2215.41
1253,19.43,20.93,19.29,20.33,23.94,20.33,1.76,5.64,18.78,7.88,1514.78
1254,19.3,21.79,20.11,20.33,18.83,20.32,2.45,2.68,20.18,5.31,1045.64
1255,19.5,19.71,19.11,21.51,21.08,21.44,-0.14,7.19,19.61,13.52,2666.47
1256,19.74,21.99,18.96,21.52,20.6,20.89,3.6,-1.4,18.73,9.54,1536.75
1257,20.21,21.54,19.68,22.69,20.81,20.98,1.19,8.81,17.78,9.65,2517.9
1258,20.05,24.45,19.99,22.2,22.18,19.76,2.61,-8.93,18.91,10.27,1673.51
1259,18.91,21.71,21.23,20.09,19.6,17.46,2.4,9.18,19.98,9.25,1942.75
1260,19.76,21.36,21.6,21.74,22.59,20.46,2.57,7.65,21.75,10.41,2114.55
1261,19.16,19.22,22.19,20.16,22.12,18.45,1.35,-11.04,17.68,6.44,1008.49
1262,19.55,20.29,21.61,22.12,22.69,21.35,1.73,3.28,17.5,13.8,2244.81
1263,21.93,18.77,19.47,24.4,23.18,22.08,2.32,-0.88,20.3,2.36,2052.27
1264,20.44,20.21,21.49,22.17,21.23,19.97,2.0,-0.74,19.44,6.18,2049.31
1265,19.33,18.03,21.72,22.61,20.79,19.41,1.27,0.46,19.31,12.19,2219.07
1266,18.87,22.95,19.5,22.45,20.24,19.42,2.46,-4.34,18.32,6.49,1032.94
1267,19.95,22.33,19.37,22.69,20.81,20.36,3.83,6.57,18.41,8.99,1763.32
1268,19.51,19.86,22.71,23.48,20.65,19.9,1.66,0.03,17.95,5.58,1929.45
1269,20.39,21.64,20.77,20.93,23.49,19.33,2.39,-7.87,16.79,8.34,1290.31
1270,19.68,21.76,21.03,21.17,20.75,18.94,2.18,-0.26,20.77,5.92,984.47
1271,20.73,21.92,19.35,22.38,20.31,17.87,1.7,-3.32,21.1,10.51,1737.65
1272,20.44,21.78,21.59,21.86,20.06,20.34,2.65,4.31,23.72,7.87,2819.74
1273,20.21,20.77,21.23,20.96,21.42,20.7,2.63,-9.21,21.31,1.75,1644.15
1274,20.32,20.43,18.48,23.66,22.59,20.4,1.56,14.02,20.01,4.56,2956.15
1275,20.72,22.47,20.34,22.17,21.66,19.41,3.15,0.84,21.06,4.08,853.0
1276,19.03,21.46,20.25,22.64,21.78,21.32,2.01,-8.65,19.35,11.22,1877.88
1277,19.31,22.36,20.18,22.78,21.09,20.82,2.86,-1.41,18.44,3.28,726.53
1278,17.91,19.5,21.76,22.08,22.3,21.31,2.28,-3.38,21.43,6.2,1023.78
1279,19.9,21.31,21.43,22.61,22.06,20.73,2.03,-5.57,20.73,13.33,2030.69
1280,20.1,20.84,20.52,22.1,21.94,19.49,1.99,2.98,17.68,10.74,1903.82
1281,19.5,20.68,20.48,21.77,20.62,19.13,2.54,15.61,20.01,4.44,1607.07
1282,19.77,20.28,19.74,21.77,21.9,22.47,1.12,13.09,18.48,4.35,2737.05
1283,19.93,18.65,19.11,21.94,20.75,21.04,2.3,1.41,22.02,4.06,2397.24
1284,22.27,21.15,20.16,21.07,21.54,20.77,3.05,-5.46,19.25,7.62,1785.28
1285,20.55,23.38,20.53,21.8,22.43,19.46,2.41,1.96,23.83,5.51,1068.37
1286,19.22,21.02,19.53,21.08,20.84,19.19,0.6,5.17,22.6,7.69,1484.17
1287,20.12,21.32,21.92,25.52,22.76,20.87,0.89,1.43,18.01,7.93,2058.71
1288,22.77,19.18,20.01,20.0,21.96,20.93,2.02,5.22,18.79,7.14,2358.39
1289,22.18,21.89,22.53,22.6,22.39,19.78,1.37,3.11,21.48,7.44,2501.68
1290,19.8,21.23,21.01,21.53,20.27,19.64,2.71,1.99,20.2,7.26,1261.3
1291,20.39,22.43,21.5,20.97,23.19,20.01,1.62,-8.51,19.53,4.68,836.36
1292,19.57,22.74,20.3,20.74,24.39,20.95,2.44,-0.91,20.2,2.66,701.71
1293,20.03,22.61,21.12,24.18,21.29,19.77,3.55,13.38,19.84,7.16,2969.86
1294,19.17,22.06,21.71,22.27,20.26,19.07,2.02,3.43,22.21,4.66,1032.06
1295,20.46,20.69,19.42,23.0,20.45,19.15,1.19,8.18,19.52,9.93,2658.36
1296,18.34,21.31,20.31,23.57,20.54,21.63,2.32,14.08,21.05,3.25,3044.39
1297,19.44,21.39,21.2,20.31,21.33,21.15,2.23,-8.25,21.04,5.93,987.28
1298,20.87,22.31,21.57,18.61,20.47,19.84,2.2,18.19,22.74,7.46,2119.76
1299,19.04,22.31,22.82,22.61,19.8,17.96,3.09,6.81,19.94,10.78,2140.27
1300,19.68,21.85,19.21,21.73,21.45,19.88,1.05,8.13,20.4,5.82,1364.11
1301,19.69,21.48,19.73,21.02,21.65,19.95,2.8,-4.69,20.85,7.55,1211.62
1302,19.2,19.22,20.22,21.97,22.22,19.4,1.52,5.07,18.82,8.85,1646.39
1303,20.52,22.98,21.58,20.74,20.17,19.96,3.1,-5.61,19.77,9.29,1499.84
1304,18.65,21.46,19.99,20.51,20.73,20.12,0.3,1.05,18.34,8.1,1299.72
1305,20.26,21.59,20.46,22.2,22.84,20.16,3.78,2.36,21.51,12.42,2319.66
1306,18.87,21.85,20.32,20.9,19.94,20.58,1.78,-1.67,23.49,5.81,991.19
1307,19.72,21.76,20.87,20.87,21.19,20.32,1.03,8.05,16.59,12.19,2467.88
1308,20.56,21.8,19.57,21.61,20.82,19.41,2.73,-3.64,22.19,9.07,1475.3
1309,20.23,19.05,21.52,23.41,21.99,20.07,2.41,-14.09,20.0,7.74,1338.75
1310,19.89,19.94,20.18,21.68,19.51,19.06,2.36,-1.71,22.79,7.97,2364.95
1311,20.33,20.75,22.19,20.96,23.38,20.43,2.74,8.77,20.62,9.81,2039.98
1312,18.9,18.48,18.51,20.74,22.07,19.43,2.03,17.19,22.13,4.84,1741.36
1313,19.59,19.02,21.93,22.85,23.61,20.33,1.77,9.21,19.88,7.44,2712.16
1314,19.36,22.17,20.8,23.03,22.41,21.02,1.07,7.47,20.18,6.27,1383.68
1315,20.14,21.07,21.62,21.5,20.78,20.23,1.91,-2.65,22.12,11.81,2311.6
1316,18.59,20.46,20.38,22.53,20.8,20.32,1.59,16.12,25.67,5.05,1733.84
1317,22.02,21.97,22.34,22.28,21.25,20.25,1.99,4.79,19.05,12.99,2478.69
1318,18.52,18.84,20.19,21.98,20.5,17.98,2.09,5.06,20.32,5.66,1202.74
1319,19.54,19.9,19.34,21.15,21.34,20.81,3.39,4.4,18.68,2.83,924.07
1320,20.48,21.83,19.85,21.28,22.14,18.9,1.4,-8.11,19.61,4.39,807.46
1321,21.22,22.14,19.29,21.4,21.63,19.84,1.89,2.69,19.08,4.45,947.65
1322,19.6,18.73,20.28,21.82,19.62,19.66,1.65,-10.18,18.18,11.97,1466.96
1323,18.85,22.17,20.09,21.77,21.55,21.11,0.88,5.79,21.13,2.97,1004.63
1324,20.14,21.62,20.71,21.54,23.68,20.74,4.33,2.35,20.5,7.97,1404.69
1325,18.84,19.05,19.91,23.44,20.92,19.44,1.25,-4.42,18.37,11.4,1815.59
1326,21.35,22.11,21.42,20.41,20.31,18.66,2.3,7.88,17.88,15.31,3344.9
1327,20.84,19.95,20.13,21.08,21.81,19.82,3.36,-2.51,21.91,6.67,2213.34
1328,19.08,19.63,19.7,23.37,22.61,20.88,1.01,-2.34,19.12,7.34,1930.54
1329,20.55,21.34,21.87,22.74,22.62,20.64,2.7,3.74,25.14,3.5,2839.09
1330,20.88,21.03,19.07,17.61,20.37,19.79,0.77,-0.11,19.92,5.86,951.84
1331,21.08,19.53,20.37,20.91,21.3,20.27,1.36,1.63,20.17,13.56,2406.43
1332,19.33,20.26,22.87,23.48,22.43,19.93,2.45,7.23,19.64,9.61,2618.04
1333,18.56,20.63,21.36,23.02,22.88,19.75,1.78,-5.17,17.44,10.64,1730.67
1334,19.76,20.95,20.8,21.86,23.17,20.27,3.16,-5.76,17.44,8.94,1407.19
1335,20.62,20.64,21.51,22.65,21.21,18.95,2.1,-1.63,23.07,10.2,2438.73
1336,19.92,20.23,19.21,20.63,22.52,20.95,2.42,-0.44,22.96,12.82,2298.92
1337,19.16,20.13,18.83,23.57,22.31,22.17,1.45,4.49,18.2,5.63,2222.5
1338,17.59,20.51,19.93,20.23,22.36,20.77,1.17,13.59,21.11,9.21,2156.13
1339,20.75,18.83,21.37,22.26,20.21,17.9,1.08,-0.3,22.95,4.93,2390.5
1340,21.12,21.67,20.53,22.53,20.71,22.47,1.25,0.25,17.59,0.89,1807.34
1341,19.63,21.58,20.29,22.54,20.96,19.9,1.44,-4.56,20.06,7.79,1227.45
1342,19.53,19.76,18.72,22.63,20.84,20.68,2.93,-5.41,19.06,7.37,1762.71
1343,21.52,21.73,20.7,21.78,20.65,20.2,2.32,4.74,20.42,6.77,2489.68
1344,20.16,19.88,20.78,24.48,20.8,20.22,0.98,0.27,22.72,5.08,2406.2
1345,21.78,19.81,20.28,19.94,22.01,21.53,1.67,8.73,20.9,7.41,2783.53
1346,20.72,20.36,19.87,23.16,21.98,19.79,1.98,7.97,21.31,8.27,2800.22
1347,20.61,21.81,19.56,19.74,21.25,19.03,4.35,6.09,16.09,12.89,2570.37
1348,16.68,19.22,20.02,21.39,22.67,20.03,2.01,-10.23,21.54,8.61,1381.29
1349,21.12,21.65,21.6,22.05,22.15,20.51,2.36,4.78,20.01,8.76,2493.06
1350,19.01,19.88,20.0,21.59,20.86,19.78,1.21,-6.54,24.93,4.75,887.55
1351,20.36,21.48,19.44,21.18,21.05,19.97,2.58,-13.19,21.33,4.14,814.34
1352,22.29,20.75,21.45,22.38,20.4,18.95,3.1,1.55,19.44,4.06,2154.48
1353,19.01,22.47,19.44,20.26,21.06,20.43,1.88,9.51,24.26,6.11,1512.36
1354,22.07,22.18,21.55,20.95,21.08,21.25,2.49,4.98,19.94,7.18,2467.15
1355,20.45,20.84,21.48,21.85,19.85,19.84,2.46,-6.17,20.65,7.65,1875.37
1356,18.54,21.98,22.55,20.65,23.8,19.6,2.06,19.58,17.49,4.55,1785.31
1357,18.19,20.57,19.91,21.43,21.88,19.3,3.03,5.72,18.86,0.28,911.2
1358,20.5,18.96,20.95,21.16,22.02,21.49,1.36,-5.89,18.69,5.74,1650.0
1359,19.89,20.59,19.36,20.94,20.26,19.78,1.3,-14.32,19.72,9.81,1577.75
1360,21.65,23.69,21.4,21.83,20.73,20.69,2.0,-1.43,17.78,5.87,1833.82
1361,21.1,22.62,20.37,21.87,21.12,21.05,1.7,-13.75,16.91,6.78,1023.7
1362,18.62,23.2,20.49,21.34,21.65,20.81,-0.33,-7.21,20.3,2.22,655.16
1363,18.84,19.99,20.35,21.99,21.86,21.15,1.41,-11.89,17.34,7.37,1132.68
1364,18.33,20.61,19.8,20.26,19.14,20.31,0.3,-5.28,21.6,8.23,1300.6
1365,20.19,20.89,20.27,23.05,21.77,21.11,1.74,-3.73,24.46,5.29,2348.17
1366,19.85,24.24,20.69,20.76,21.88,19.27,2.57,-6.12,20.55,9.89,1613.31
1367,21.26,20.7,19.17,20.64,21.32,20.15,2.04,16.1,20.62,10.6,2560.94
1368,20.52,20.01,18.67,21.3,20.78,18.36,2.11,-1.31,16.09,13.35,2364.53
1369,19.6,20.58,18.22,22.05,20.54,20.12,1.88,9.3,21.38,4.22,1278.78
1370,19.8,22.58,20.41,20.95,21.33,20.36,2.17,3.98,19.93,7.86,1443.83
1371,18.6,20.86,18.45,19.48,20.05,19.2,4.26,-1.45,21.07,3.44,775.58
1372,19.64,21.19,20.66,21.63,21.57,22.11,1.72,-3.35,17.87,8.81,1784.68
1373,17.81,21.24,20.55,20.47,21.7,20.09,1.99,9.46,19.55,8.45,1808.38
1374,19.81,19.74,20.05,22.72,23.07,20.67,1.31,-7.25,22.72,1.22,1879.61
1375,20.72,21.55,21.71,23.68,23.21,19.92,0.48,-4.39,18.61,7.82,1764.89
1376,18.87,18.91,18.64,20.11,22.8,19.83,2.21,-4.49,19.45,6.4,1031.33
1377,19.7,21.09,19.39,21.72,21.71,19.81,2.91,0.52,21.98,3.44,797.65
1378,18.4,19.38,19.01,22.55,21.88,20.47,3.86,-6.36,21.53,6.12,1035.12
1379,20.02,19.25,21.66,21.74,20.09,19.77,1.85,6.56,22.32,13.19,2912.2
1380,19.1,20.77,20.05,21.79,20.12,19.81,1.79,7.52,18.7,8.72,1746.83
1381,21.53,19.96,21.23,21.1,21.61,20.13,2.75,-5.02,19.77,4.52,1798.19
1382,19.19,20.67,21.84,23.57,22.86,19.19,3.37,3.69,18.36,6.01,2216.43
1383,19.19,23.02,21.75,22.74,20.65,20.94,1.01,-5.88,18.25,1.19,613.32
1384,18.65,20.41,19.35,22.01,21.68,21.18,2.53,1.25,18.26,3.76,814.65
1385,19.42,21.11,20.25,21.73,22.61,21.01,3.46,8.19,20.0,12.05,2500.25
1386,19.88,20.0,20.72,21.21,20.44,20.91,1.8,0.72,23.54,9.75,2616.82
1387,18.69,19.86,21.42,20.81,21.03,20.64,1.07,-0.74,22.8,8.35,1340.17
1388,19.02,17.34,19.6,23.77,22.03,18.71,2.63,16.01,21.2,8.17,3274.75
1389,18.51,20.48,18.96,20.4,19.56,20.5,0.92,2.52,18.33,11.25,1988.64
1390,19.94,22.52,19.97,22.48,20.73,19.74,2.95,-5.9,18.14,7.96,1248.66
1391,21.57,21.24,19.82,21.71,22.72,18.49,3.59,-6.45,19.51,6.15,1014.04
1392,18.84,22.66,21.05,22.6,21.07,18.72,1.6,15.96,20.92,6.73,1881.87
1393,19.36,19.24,19.69,20.1,21.38,20.55,3.33,-5.18,21.24,6.21,1035.57
1394,19.7,20.52,18.91,19.63,21.34,20.17,2.51,-4.91,20.57,6.18,1016.93
1395,19.8,19.65,20.37,23.23,22.96,19.81,3.11,0.19,19.9,12.09,2277.99
1396,21.27,19.73,20.83,21.37,20.56,20.47,1.48,5.12,20.52,3.83,2455.54
1397,19.54,21.69,21.38,22.07,22.28,19.2,2.5,-8.68,19.01,5.48,920.02
1398,19.4,21.43,20.53,22.78,22.5,19.94,2.19,-1.95,17.39,1.53,622.74
1399,21.13,22.14,20.37,21.7,21.57,18.48,1.37,-9.39,19.51,10.03,1620.33
1400,19.87,21.83,19.14,23.36,21.46,21.23,1.72,-1.07,20.46,8.03,2164.78
1401,20.3,22.02,19.15,22.26,22.26,21.36,2.46,5.75,19.83,12.22,2409.33
1402,22.27,19.87,20.6,20.19,20.64,19.91,1.1,-1.76,17.25,5.08,1735.51
1403,17.71,21.21,21.7,25.03,21.44,21.53,1.04,13.79,19.66,4.62,2901.32
1404,20.12,20.19,18.65,23.43,21.09,21.05,0.98,-5.93,18.89,3.51,1616.78
1405,19.51,21.26,20.17,24.34,23.39,19.89,1.38,1.52,22.96,8.37,2573.36
1406,19.99,20.71,20.66,22.94,22.87,21.45,2.23,9.15,21.25,5.95,2820.55
1407,20.03,20.97,20.03,20.92,21.01,20.02,1.59,7.06,14.86,7.9,1538.58
1408,19.03,20.68,20.37,23.26,22.21,20.47,3.02,18.5,20.19,5.73,3278.81
1409,23.14,20.22,20.96,21.2,22.13,20.09,0.84,2.27,17.93,11.32,2168.82
1410,19.95,20.55,20.13,21.34,22.76,21.15,2.41,-6.26,17.37,10.79,1767.07
1411,19.86,20.2,20.0,20.58,20.56,19.63,1.71,0.59,15.98,7.26,1132.0
1412,19.94,21.84,20.83,21.37,21.54,21.4,1.92,-5.87,21.93,10.16,1676.21
1413,20.72,19.81,20.23,22.61,21.09,19.51,2.55,0.84,22.23,6.6,2435.55
1414,21.01,20.07,19.67,22.42,21.47,19.67,-0.11,8.63,17.29,6.86,2386.4
1415,18.39,20.25,20.83,22.14,22.71,20.45,0.29,4.88,22.46,0.51,876.58
1416,20.83,20.96,20.5,19.55,19.13,20.2,1.95,-0.73,24.79,8.52,1392.11
1417,19.09,21.72,20.36,20.79,21.19,21.7,1.82,-4.81,19.67,7.07,1119.1
1418,19.97,19.79,21.11,21.67,20.27,20.13,0.86,2.28,18.35,9.64,2177.14
1419,20.64,19.63,19.82,20.74,20.91,19.01,3.6,3.71,19.94,9.14,1660.05
1420,19.99,22.34,20.18,21.41,19.91,18.89,1.07,-8.78,22.58,4.75,864.08
1421,18.83,20.59,19.95,21.88,23.42,19.59,1.57,-7.13,22.91,6.42,1060.65
1422,20.15,20.58,20.37,20.8,22.11,19.44,2.92,-2.03,20.01,5.57,946.0
1423,19.33,20.33,21.06,24.63,22.05,20.04,1.46,-9.32,18.32,10.13,1495.38
1424,21.33,19.47,18.43,20.76,20.26,18.85,1.31,-12.68,20.58,11.72,1996.84
1425,19.75,21.39,20.36,24.97,22.05,22.22,2.31,-7.21,19.89,9.4,1771.16
1426,20.08,23.07,20.04,20.71,19.85,18.44,1.41,2.68,20.33,12.96,2433.59
1427,20.39,20.97,22.48,21.83,21.34,21.19,2.32,0.71,19.32,8.57,2174.49
1428,21.16,21.17,20.15,22.01,22.1,20.85,2.41,-3.11,20.47,4.08,1971.04
1429,20.85,21.99,19.29,20.89,21.57,18.18,2.3,-6.55,16.67,2.84,672.91
1430,20.4,20.39,20.06,20.64,22.49,18.85,2.94,2.58,20.82,4.24,951.06
1431,19.88,19.06,20.39,22.15,20.83,20.8,1.69,2.21,22.5,5.64,2519.26
1432,19.59,21.77,20.63,21.03,21.12,20.96,1.6,8.7,19.71,4.97,1298.4
1433,19.76,21.58,20.12,23.01,21.97,19.3,1.93,-17.58,20.34,7.16,1139.57
1434,21.36,23.83,22.0,21.59,19.7,19.03,-0.26,-12.22,17.11,6.46,988.81
1435,19.27,21.07,19.49,19.29,22.45,20.62,2.17,6.57,21.16,7.22,1487.74
1436,19.94,20.14,20.42,22.71,24.07,21.63,1.74,3.31,22.04,14.32,2710.82
1437,19.98,22.18,20.78,22.11,19.85,20.61,2.31,6.54,23.67,9.63,2978.89
1438,21.17,23.43,21.49,20.72,21.23,22.47,1.28,-6.24,15.84,7.81,1381.91
1439,20.58,23.3,21.56,21.81,21.13,20.24,3.08,-2.72,21.18,10.19,1682.27
1440,18.42,19.83,19.73,19.98,22.15,20.14,1.83,-8.94,16.88,4.58,798.46
1441,19.34,18.83,21.21,20.84,21.13,19.55,2.67,-16.35,20.89,4.45,837.3
1442,21.45,20.9,24.91,21.0,21.05,19.58,1.59,0.98,19.0,9.75,2175.07
1443,20.62,21.29,20.07,20.69,21.45,20.39,2.37,9.91,21.12,7.0,1624.98
1444,19.59,21.74,22.32,21.75,21.25,19.29,0.76,-1.17,20.97,7.37,1164.28
1445,20.46,21.12,20.21,22.45,20.5,19.63,0.24,-5.01,20.25,3.57,1802.79
1446,19.63,20.15,19.81,20.53,20.36,19.41,1.83,-7.84,19.19,5.58,927.71
1447,19.08,20.78,19.73,20.41,21.26,20.43,1.98,7.8,20.41,5.77,1351.04
1448,19.32,21.05,21.51,20.7,22.1,20.41,1.92,0.57,22.06,5.56,982.32
1449,19.29,21.94,22.1,23.25,20.76,18.87,1.77,0.85,20.63,13.43,2478.08
1450,19.64,21.04,20.83,20.38,21.97,19.46,1.68,-10.11,21.74,13.36,2424.56
1451,18.97,21.5,20.37,21.77,21.75,19.44,2.54,-6.42,17.48,10.41,1687.87
1452,18.48,22.38,19.39,23.84,21.98,20.21,3.43,5.14,20.21,7.29,1429.9
1453,19.92,20.87,20.3,22.39,22.12,18.78,4.07,-3.68,19.14,5.24,912.33
1454,21.0,21.45,19.54,22.58,22.51,20.24,2.88,-4.56,21.71,3.9,2008.64
1455,19.31,20.39,20.57,23.37,22.96,20.51,0.17,17.57,21.18,8.02,3341.68
1456,19.53,19.76,18.97,19.04,21.51,21.94,2.84,0.49,19.08,10.82,1818.54
1457,20.61,20.72,20.14,22.05,21.09,19.73,2.83,-1.21,20.4,9.33,2187.96
1458,19.26,21.29,21.55,23.83,23.01,21.1,1.92,-0.95,19.81,7.31,2094.76
1459,20.29,22.1,21.18,21.75,22.4,19.47,2.74,-4.75,20.89,9.0,1449.98
1460,20.18,22.73,19.28,21.99,21.2,18.91,2.29,-0.51,20.8,6.94,1118.18
1461,20.33,21.49,22.37,23.25,22.36,21.28,1.99,13.58,20.22,6.17,2985.09
1462,18.02,20.66,19.15,21.55,21.87,20.21,2.2,2.89,17.57,3.96,902.2
1463,19.4,21.42,19.48,21.36,20.53,21.02,1.56,-11.17,23.3,6.01,1013.91
1464,21.44,20.94,21.18,24.86,23.23,21.55,0.53,-3.06,22.32,7.91,2216.77
1465,21.15,20.56,19.7,22.6,21.08,19.75,0.5,0.73,20.27,5.75,2196.8
1466,18.85,21.07,19.5,21.08,20.68,20.76,2.73,-10.54,21.15,3.57,769.67
1467,19.97,21.71,19.73,22.67,22.79,21.21,1.18,-3.28,21.33,7.34,1167.74
1468,19.87,22.46,19.95,23.33,20.27,18.57,0.78,-6.73,18.75,7.91,1225.42
1469,19.94,20.49,22.93,21.44,21.87,19.49,0.76,-2.77,22.74,5.89,2237.63
1470,21.67,20.39,21.65,23.97,23.47,21.7,1.62,0.49,16.39,6.93,1827.68
1471,21.72,20.95,19.11,20.79,21.64,21.2,3.21,4.89,16.94,-0.59,2010.25
1472,21.24,19.97,20.32,19.18,21.13,20.27,1.88,-8.08,18.7,9.23,1462.85
1473,19.86,21.46,21.11,21.48,23.19,21.31,0.86,-0.6,20.77,7.86,1240.26
1474,20.6,22.1,21.88,21.82,20.3,20.41,3.19,-2.29,20.35,11.25,2160.31
1475,21.42,22.66,19.71,21.99,20.27,19.95,2.26,-1.54,20.23,6.36,2084.79
1476,18.73,20.31,20.58,21.95,21.3,21.18,1.72,-5.74,19.94,9.2,1469.15
1477,20.15,21.53,21.52,21.66,22.48,20.64,2.39,-0.33,19.45,10.54,1736.01
1478,19.23,21.46,22.31,25.07,21.09,21.21,2.01,3.46,17.68,7.07,2142.55
1479,20.08,21.09,20.26,23.11,20.42,20.63,1.43,-9.74,17.5,8.03,1345.58
1480,20.85,22.74,20.77,21.66,22.69,19.57,1.56,12.1,17.66,7.43,1752.75
1481,21.07,20.76,20.05,23.26,22.27,20.89,1.01,6.59,18.01,2.2,2256.46
1482,19.02,19.22,18.99,20.74,22.15,20.33,1.62,-11.02,17.44,8.16,1258.59
1483,18.93,20.57,21.43,23.11,20.11,20.88,2.74,10.13,17.4,4.18,2463.4
1484,19.29,20.65,20.74,20.14,21.23,20.17,2.72,10.6,19.54,4.42,1353.69
1485,21.05,20.63,21.61,23.64,23.93,21.39,1.86,-3.52,22.32,8.57,2216.47
1486,19.79,23.09,22.41,23.07,21.57,20.06,1.87,1.44,20.99,10.88,2425.88
1487,20.48,22.66,20.13,21.05,21.15,18.09,1.17,0.63,18.31,9.34,1501.29
1488,19.87,21.59,21.07,21.12,20.12,20.01,2.32,-9.64,18.75,8.75,1380.41
1489,19.96,20.47,20.65,23.08,22.3,20.67,0.89,7.19,24.28,8.01,3035.98
1490,19.77,20.16,19.96,22.1,20.07,20.04,2.67,-13.17,19.11,9.61,1345.02
1491,21.1,20.8,18.82,21.81,20.42,19.02,2.33,2.03,18.02,12.05,2160.13
1492,18.72,21.93,19.09,23.07,21.76,19.14,1.79,10.98,19.51,5.27,1443.99
1493,19.92,22.14,21.41,21.09,21.75,18.99,2.35,-11.82,18.97,5.37,905.93
1494,20.18,22.3,20.96,20.98,22.01,19.08,1.73,-2.05,18.44,9.19,1453.22
1495,20.52,20.14,20.98,24.6,22.57,20.97,2.15,7.98,20.16,1.88,2558.34
1496,20.92,20.01,21.13,21.73,21.61,20.62,2.17,2.82,22.8,6.7,2610.65
1497,18.7,20.84,19.01,20.29,23.34,20.78,2.93,5.83,17.6,7.78,1506.67
1498,20.83,19.13,20.6,22.97,22.2,19.88,2.39,-4.81,20.88,5.37,1935.83
1499,20.21,21.05,19.73,25.0,22.05,20.71,2.84,-6.59,22.17,1.25,1879.35
1500,20.66,20.62,18.11,20.89,20.67,20.31,2.31,-1.4,21.01,11.16,1883.72
1501,20.45,22.25,19.84,21.12,20.75,19.54,1.95,1.86,22.28,5.2,1008.97
1502,19.63,20.33,20.19,21.66,19.91,19.82,2.41,4.2,21.19,5.33,1136.78
1503,20.7,18.32,20.32,20.51,22.99,19.42,2.28,3.11,18.73,10.98,1977.15
1504,19.38,22.99,20.73,22.11,19.45,19.43,1.71,6.85,24.04,-1.86,1036.07
1505,20.16,20.08,20.02,22.25,20.93,19.42,0.87,0.81,21.16,11.53,2408.08
1506,18.85,21.65,18.93,22.31,19.99,17.82,1.58,-7.33,25.24,13.68,2537.95
1507,20.93,23.23,21.58,23.81,21.32,19.49,1.58,-9.49,16.67,4.33,1205.18
1508,18.92,19.82,20.96,20.62,21.47,17.81,2.44,5.31,25.51,5.53,1249.76
1509,19.44,20.92,19.31,19.72,22.9,21.6,1.95,7.04,21.9,8.46,1713.21
1510,20.4,20.81,18.39,20.89,21.58,20.08,1.35,13.8,21.05,7.75,1918.06
1511,19.06,21.72,20.45,22.3,21.25,19.83,1.87,16.96,18.32,9.95,2445.49
1512,21.11,20.14,20.75,22.48,20.39,20.44,1.74,6.81,21.63,8.49,2765.6
1513,19.24,21.29,19.57,20.45,21.25,18.72,1.26,2.57,22.64,9.49,1670.33
1514,20.27,22.48,19.94,22.56,22.3,20.06,3.17,-2.94,16.85,17.32,3600.58
1515,19.28,21.68,20.75,22.05,20.6,19.31,1.85,-6.12,21.26,2.22,686.12
1516,20.4,20.54,21.82,22.6,21.92,21.92,1.37,0.47,18.83,11.03,2148.92
1517,20.84,20.64,20.73,20.79,20.84,20.24,0.67,-0.73,21.28,11.44,2325.91
1518,20.19,22.32,19.62,21.16,21.61,20.13,2.07,13.34,18.12,3.71,1411.77
1519,20.44,21.67,21.11,22.01,20.26,18.14,2.41,4.1,22.81,4.6,1072.94
1520,21.25,22.08,21.58,21.84,22.18,20.44,1.48,-1.61,19.93,8.51,2082.99
1521,20.4,21.28,21.03,21.34,21.12,19.95,2.11,-6.17,21.65,3.25,747.21
1522,21.47,22.08,22.19,23.01,20.04,21.52,1.13,3.74,22.12,5.16,2557.09
1523,20.32,21.01,20.69,22.68,21.11,20.55,1.82,0.97,20.7,7.72,2304.65
1524,20.77,20.5,20.91,23.5,21.8,19.46,2.87,-3.16,18.41,4.95,1784.44
1525,19.37,19.42,21.24,21.56,20.85,20.43,1.81,-4.81,21.4,6.32,2002.99
1526,20.34,20.08,19.44,22.91,20.1,18.84,1.48,3.84,19.89,4.4,2328.19
1527,18.43,20.88,21.11,23.2,22.6,21.06,3.07,-2.85,20.47,4.17,814.96
1528,19.49,20.5,21.26,21.93,20.47,20.29,2.16,-2.26,19.37,8.41,1995.23
1529,18.36,19.67,20.06,23.24,20.41,20.2,1.6,-3.39,16.79,6.7,1632.33
1530,18.48,20.6,20.98,21.52,21.4,20.62,1.31,19.84,20.2,7.37,2156.71
1531,18.84,19.73,20.25,23.57,21.35,18.81,1.08,1.1,18.92,9.11,2155.79
1532,20.15,20.57,21.33,23.78,22.31,19.74,2.34,-5.76,20.7,7.55,1902.71
1533,19.07,21.5,21.44,21.19,20.59,20.56,2.61,-18.01,20.01,5.99,989.79
1534,20.0,20.53,21.58,22.71,21.01,20.13,2.0,-11.48,19.06,4.36,1328.21
1535,19.98,19.88,19.72,21.0,20.57,19.98,1.84,-2.05,24.86,8.35,1362.87
1536,18.91,21.23,20.88,22.06,22.95,19.66,2.47,11.87,19.47,12.98,2903.48
1537,20.46,21.91,20.81,21.31,20.09,19.53,0.87,16.01,20.25,9.64,2347.24
1538,20.07,21.35,19.89,21.1,22.37,19.63,2.06,-1.67,24.24,2.48,724.97
1539,20.05,20.93,20.3,22.21,20.91,19.99,2.01,2.55,18.16,0.93,2011.8
1540,21.72,21.53,20.56,22.43,20.81,20.72,2.33,-1.16,21.85,4.79,2238.69
1541,19.02,20.28,20.05,21.75,20.65,20.11,2.38,3.19,18.64,2.39,831.68
1542,19.15,19.63,20.99,23.02,22.88,20.81,1.67,-1.68,19.63,3.15,1945.33
1543,20.35,21.48,20.01,22.29,20.68,19.8,3.48,-3.9,20.9,-0.13,1891.55
1544,18.8,22.23,21.88,21.13,20.87,20.18,1.13,-4.6,22.53,7.7,1232.76
1545,20.61,20.76,22.27,23.57,23.36,19.94,1.62,4.97,18.13,3.53,2203.29
1546,20.13,22.03,20.82,22.22,21.99,21.05,2.69,9.12,20.61,3.5,1215.99
1547,20.8,20.5,21.21,21.0,21.56,21.58,1.49,-3.15,18.65,5.01,1796.05
1548,21.49,21.82,20.45,22.14,21.99,21.63,2.09,5.09,21.42,5.07,2576.07
1549,19.69,20.16,21.56,21.57,21.68,19.22,1.57,1.1,22.13,6.21,1083.38
1550,19.26,21.19,20.71,21.44,20.18,18.57,1.69,-2.68,21.47,2.8,714.46
1551,19.06,21.47,21.36,21.88,23.79,20.82,0.96,4.75,18.53,9.95,1828.06
1552,20.68,19.29,20.7,21.34,21.4,20.42,2.61,9.44,17.99,7.84,2554.62
1553,21.07,19.64,18.43,21.57,21.43,21.25,2.63,-5.77,19.74,8.24,1824.03
1554,20.29,21.98,20.29,20.94,22.04,22.93,2.62,-2.26,17.77,5.68,929.83
1555,20.53,21.53,20.24,22.08,21.99,20.8,1.66,10.27,21.15,10.22,2955.22
1556,19.66,20.49,20.34,23.08,21.5,20.17,2.27,-0.3,23.13,8.47,2493.22
1557,20.94,21.38,20.28,21.43,21.63,18.95,3.6,-5.56,18.56,7.57,1197.72
1558,19.05,22.08,21.13,22.63,23.03,20.87,2.23,1.19,21.16,9.99,1696.4
1559,21.02,20.13,20.4,22.46,21.71,18.59,1.08,0.06,18.56,1.99,1913.66
1560,20.65,21.82,19.86,22.37,21.74,19.55,1.32,7.39,22.77,7.58,1587.08
1561,19.41,20.97,19.38,21.37,21.71,19.93,1.28,-0.31,22.22,4.99,890.03
1562,21.67,21.33,21.42,22.44,19.89,19.34,3.06,-0.07,19.93,4.82,2120.41
1563,21.9,23.25,20.33,21.7,19.91,20.34,2.32,-0.36,21.68,9.4,2360.99
1564,20.15,21.35,20.75,22.07,21.29,18.53,0.74,1.17,21.84,11.12,1924.72
1565,20.07,21.35,22.1,23.29,20.79,20.03,3.04,10.62,17.83,10.82,2672.56
1566,20.12,20.2,19.4,20.95,20.33,21.49,2.45,5.07,21.1,7.02,2585.31
1567,19.96,19.17,18.14,20.71,19.18,19.39,2.14,-7.3,18.87,6.03,979.76
1568,19.85,24.53,21.07,22.9,21.45,19.8,3.21,1.97,20.34,10.72,1889.59
1569,20.35,20.15,20.71,22.7,21.43,20.13,1.82,2.42,19.41,4.05,2190.86
1570,19.47,19.83,19.26,18.21,20.99,17.36,3.09,2.64,20.14,12.09,2231.12
1571,22.31,20.43,21.39,19.8,20.74,18.96,0.23,-10.36,22.02,5.84,1706.34
1572,18.86,20.07,20.15,21.49,20.75,19.31,1.41,1.02,17.92,6.85,1118.8
1573,19.28,20.08,19.7,20.07,21.92,20.02,2.63,-3.98,16.86,5.4,889.33
1574,19.96,19.5,20.53,21.73,21.19,19.66,3.34,-10.48,19.21,7.1,1471.43
1575,20.77,21.16,19.68,22.06,22.66,19.7,1.03,8.46,22.43,4.27,1245.01
1576,19.95,22.57,20.78,21.58,21.74,17.98,1.67,-1.98,18.36,5.88,952.16
1577,20.19,20.46,20.48,22.37,20.41,19.85,2.13,-1.87,19.08,7.46,1973.02
1578,19.96,22.29,22.23,23.9,22.98,21.11,1.25,6.17,22.57,6.68,2778.72
1579,19.25,21.18,19.81,22.4,20.69,20.46,1.79,7.17,23.07,-0.47,1012.68
1580,19.72,21.01,20.35,20.15,19.44,18.68,3.27,-1.74,21.53,14.42,2732.91
1581,21.5,20.44,19.81,19.5,20.84,20.14,1.17,0.21,20.92,11.74,2013.26
1582,20.79,21.98,19.92,20.71,21.17,19.08,1.81,-7.07,22.2,3.5,767.97
1583,18.59,21.51,20.45,19.82,22.85,21.78,2.22,-6.6,19.27,5.14,884.17
1584,19.29,21.41,20.42,23.61,20.71,18.71,2.37,9.08,21.53,6.49,1517.85
1585,22.1,20.23,22.65,24.22,22.5,21.75,1.31,0.32,18.55,8.99,2070.85
1586,19.58,20.38,20.15,22.81,22.04,20.12,1.86,6.79,23.61,8.42,2959.56
1587,18.24,22.15,20.88,21.57,20.97,19.72,1.77,-1.16,22.29,3.7,782.47
1588,21.15,20.84,20.79,22.84,22.15,19.05,2.24,2.94,21.45,14.03,2629.02
1589,19.8,20.42,21.33,21.62,23.67,20.71,1.06,-12.21,19.41,5.81,947.96
1590,19.75,20.08,19.64,21.36,22.3,20.92,3.02,6.02,21.53,12.41,2492.47
1591,19.0,21.78,21.27,23.31,21.96,18.85,2.21,-0.2,20.05,5.19,897.16
1592,20.92,21.62,21.41,22.31,21.43,22.17,2.85,-3.29,19.0,10.17,1940.77
1593,19.89,19.3,20.65,21.5,21.22,20.36,1.54,4.4,21.3,8.13,2577.05
1594,17.54,19.1,20.24,21.65,21.96,18.62,1.02,6.96,16.61,4.43,1123.06
1595,19.6,21.82,18.97,21.63,21.38,19.94,1.24,-2.84,21.95,8.76,1403.36
1596,20.95,19.8,18.89,20.58,21.84,21.89,2.56,-8.37,18.12,7.55,1491.71
1597,20.72,20.44,21.04,22.34,22.68,20.19,1.65,11.66,21.61,9.77,3077.6
1598,19.84,19.72,18.58,19.73,21.88,20.85,0.7,-1.51,17.3,4.67,800.04
1599,19.76,21.52,19.57,19.11,21.93,21.26,2.14,-13.43,19.27,6.75,1074.39
1600,18.11,19.95,19.91,20.96,20.6,19.61,1.74,-2.95,21.02,9.43,1522.58
1601,21.74,20.69,20.58,21.41,20.06,19.71,1.76,3.15,21.91,1.52,2432.2
1602,19.82,20.01,18.66,22.1,21.37,19.84,0.63,-0.57,18.74,3.54,724.04
1603,20.79,21.75,20.55,22.21,23.34,20.7,0.79,-0.9,18.31,7.12,1102.37
1604,19.78,20.79,20.22,21.76,20.45,20.16,1.56,-2.46,22.25,7.54,1210.61
1605,20.52,21.6,19.54,23.43,21.94,21.28,1.26,-2.95,24.29,6.71,2403.98
1606,19.31,21.78,21.39,23.8,23.31,20.33,1.54,-8.95,18.34,9.39,1486.24
1607,20.84,21.86,20.26,19.24,20.82,20.82,2.67,-9.08,15.46,6.7,1027.95
1608,20.34,20.48,20.45,22.49,20.23,20.15,1.15,2.55,23.38,10.07,2709.73
1609,21.8,23.02,21.02,22.74,21.38,18.68,1.28,8.61,19.79,7.97,2672.71
1610,18.65,20.22,19.73,22.86,23.08,19.54,1.58,-1.93,18.35,3.65,736.85
1611,19.28,21.36,21.04,24.4,22.31,19.92,1.23,9.7,20.2,7.49,2769.55
1612,21.34,19.16,19.97,20.33,23.2,21.23,1.83,7.69,24.4,6.76,3060.07
1613,18.75,21.36,20.79,21.92,22.38,19.23,2.82,-0.92,21.45,4.99,895.77
1614,20.33,20.26,19.64,22.37,20.5,21.32,1.77,4.47,21.72,2.45,2509.96
1615,21.06,20.45,20.0,20.49,21.15,18.41,2.21,3.43,20.41,3.46,921.67
1616,20.12,20.62,20.21,20.89,21.34,19.32,0.14,-3.53,21.07,4.46,815.14
1617,20.33,21.73,20.16,23.17,21.49,20.39,2.07,-15.1,23.8,10.18,1701.31
1618,18.42,19.21,19.77,22.32,21.2,20.31,3.18,0.97,18.35,6.03,1030.74
1619,19.56,21.26,19.32,20.52,21.43,20.66,2.08,4.91,21.67,10.67,2026.55
1620,19.81,20.2,21.74,22.15,20.62,19.68,2.1,-3.87,20.02,3.93,1872.79
1621,19.92,20.49,20.45,21.22,23.06,21.99,2.23,14.05,19.96,4.88,1568.77
1622,19.19,18.18,20.32,21.87,21.46,21.45,3.25,7.23,17.91,5.31,2368.25
1623,20.03,22.12,20.57,22.39,22.2,20.35,3.08,-10.31,20.95,6.13,1019.83
1624,21.07,21.63,20.16,23.42,21.63,22.11,1.18,-1.36,21.29,7.72,2218.29
1625,19.1,20.11,19.8,21.02,21.71,20.04,2.96,-5.88,19.71,8.88,1420.84
1626,21.82,19.67,20.79,22.14,22.09,18.81,3.1,-2.57,23.21,10.77,2417.93
1627,20.19,21.18,19.95,23.28,21.09,18.87,0.63,4.58,20.25,0.4,2318.97
1628,21.46,21.88,19.65,21.74,22.11,20.72,2.02,-1.76,16.24,13.07,1806.6
1629,19.54,20.82,20.89,20.76,21.0,20.75,2.42,-3.99,21.22,3.82,787.07
1630,20.06,21.12,19.58,20.17,19.39,20.21,-0.24,0.66,17.88,7.3,1144.6
1631,20.14,21.84,21.3,19.85,22.24,19.95,1.46,5.32,23.17,9.88,1889.08
1632,20.52,21.12,21.38,22.98,22.45,20.92,1.43,5.25,24.23,8.93,2937.22
1633,18.72,20.26,20.18,21.64,21.8,19.9,1.48,4.31,22.21,10.36,1931.05
1634,20.03,20.83,20.57,21.91,21.23,18.51,2.84,9.59,20.08,10.05,2124.86
1635,18.88,23.0,19.49,21.38,21.11,20.8,1.95,-0.63,21.33,8.25,1318.55
1636,20.65,22.24,21.17,22.48,22.34,21.17,2.34,-2.53,18.64,9.25,1925.5
1637,19.94,23.21,20.82,21.57,21.18,20.65,2.07,-1.09,21.35,3.29,747.08
1638,19.54,20.27,20.36,22.59,21.74,20.12,3.97,-5.67,18.55,4.87,1657.47
1639,19.68,21.81,19.84,20.47,21.32,21.24,2.8,-5.83,24.24,4.08,839.16
1640,20.44,21.9,19.71,20.66,21.88,21.46,1.99,5.17,18.2,-0.11,865.99
1641,18.68,22.88,20.82,22.48,20.04,20.58,1.79,5.81,17.05,4.18,1057.02
1642,19.91,21.11,21.89,23.33,22.33,21.08,1.44,-18.52,19.76,3.9,962.04
1643,19.54,20.53,20.79,22.65,21.4,19.79,1.22,6.58,21.31,4.21,2628.2
1644,19.6,20.32,19.64,20.36,22.63,20.56,1.04,-2.88,25.32,9.0,1473.99
1645,19.25,22.26,21.65,20.1,19.86,20.08,2.79,-4.43,18.68,4.7,840.21
1646,21.25,19.54,20.96,22.05,21.05,23.34,1.28,-2.29,20.21,9.53,2089.57
1647,20.67,22.65,20.74,22.4,20.64,17.99,2.51,-8.84,20.08,2.3,684.76
1648,18.64,22.51,20.38,22.23,20.83,20.22,1.6,-1.18,18.08,5.04,856.24
1649,20.36,21.14,20.85,23.13,21.02,19.55,1.4,13.4,18.17,5.83,2756.78
1650,19.21,21.09,19.61,20.59,21.26,21.12,1.74,-10.83,16.63,10.56,1699.12
1651,21.2,20.49,21.96,23.63,22.26,20.25,3.43,4.33,23.4,7.18,2783.68
1652,18.03,20.98,19.13,20.91,22.51,19.54,4.43,6.82,18.55,7.87,1596.78
1653,19.88,18.87,21.85,22.13,22.61,18.75,1.71,4.07,16.3,3.71,1970.23
1654,20.06,22.1,20.23,19.23,22.63,20.11,1.63,10.74,19.32,9.55,2064.85
1655,18.71,20.48,20.48,23.95,22.0,20.21,2.76,6.87,22.69,6.82,2849.78
1656,20.3,20.71,21.09,21.73,22.45,19.95,2.12,4.7,21.15,1.74,903.04
1657,19.18,20.13,19.53,21.8,20.24,18.31,1.48,7.27,21.14,9.1,1824.4
1658,20.09,19.69,20.04,21.57,20.51,19.62,2.39,6.94,23.61,7.88,2964.98
1659,19.6,21.2,20.81,22.65,22.74,20.44,2.61,-2.44,22.29,5.97,1008.41
1660,20.64,19.56,19.9,21.88,21.93,20.22,1.81,4.42,15.46,5.96,1953.01
1661,18.69,23.01,20.41,22.48,23.04,19.01,1.83,-1.91,19.15,3.79,760.68
1662,19.41,22.23,19.9,22.36,20.27,22.63,3.37,-9.34,20.98,10.48,1786.96
1663,19.22,22.18,22.03,21.99,21.42,19.19,1.34,12.86,20.47,9.18,2108.47
1664,20.65,20.8,21.26,21.93,22.82,21.24,1.57,-3.87,21.23,3.82,1987.98
1665,21.09,20.62,20.74,22.63,21.94,21.23,1.63,7.67,26.27,7.15,3250.87
1666,20.36,20.64,20.95,22.22,20.88,20.61,3.36,3.74,18.23,4.87,2183.74
1667,18.53,21.27,20.16,22.08,21.67,20.86,0.42,-6.27,16.04,3.17,666.87
1668,18.92,19.92,22.04,20.19,20.71,19.46,2.66,-5.43,15.75,11.67,1945.56
1669,18.05,20.05,19.1,19.78,20.92,18.53,1.98,2.78,22.02,5.94,1136.8
1670,20.09,18.99,19.08,18.89,21.06,19.69,3.45,2.8,19.77,4.48,976.69
1671,19.84,20.72,19.26,22.95,21.99,19.34,2.28,-2.63,17.31,3.43,716.81
1672,20.96,20.34,20.65,22.26,22.52,21.15,0.28,-11.07,19.62,6.28,1431.67
1673,20.19,19.84,18.76,21.46,21.08,20.38,3.29,5.62,19.14,0.64,916.32
1674,18.9,20.53,19.96,22.67,22.95,20.94,1.81,-20.48,19.39,6.54,1042.6
1675,20.33,20.83,20.42,22.95,22.77,18.88,0.37,2.44,16.59,10.63,1824.33
1676,19.86,22.1,21.33,21.91,22.61,19.18,1.68,7.93,21.31,9.78,1989.41
1677,19.51,20.28,19.02,23.14,23.15,18.86,2.03,-12.94,21.58,8.45,1351.5
1678,19.2,22.16,20.13,21.14,21.4,20.64,1.16,1.12,20.35,14.22,2698.51
1679,21.58,22.3,20.74,21.73,20.3,20.78,0.77,-2.69,19.93,7.77,2002.43
1680,20.4,19.89,19.53,22.76,21.04,19.02,2.24,1.36,20.45,4.27,2239.58
1681,21.03,20.89,20.73,23.11,18.55,17.86,1.0,6.85,20.18,9.5,2634.85
1682,19.64,22.91,20.79,22.93,21.51,20.39,1.18,-9.42,16.82,7.4,1129.34
1683,19.81,22.26,19.94,22.57,21.2,21.38,3.09,-1.56,18.47,7.12,1129.47
1684,19.4,21.33,17.79,21.96,21.71,21.16,1.74,-1.15,20.52,7.89,1250.05
1685,18.49,21.63,19.03,21.69,22.16,20.6,1.03,-13.64,18.66,5.81,936.23
1686,20.14,21.05,20.12,22.66,20.97,17.62,1.28,4.02,21.94,12.61,2427.89
1687,19.74,19.75,19.45,22.45,23.21,21.3,2.31,11.4,17.55,2.12,2508.13
1688,21.34,21.32,19.01,23.62,22.34,20.59,2.34,4.69,25.4,9.45,3038.75
1689,21.77,21.88,20.97,20.47,21.56,19.86,2.53,0.91,24.71,7.4,1266.08
1690,18.97,18.33,20.14,23.25,21.32,19.44,2.64,6.2,19.52,8.37,2523.32
1691,18.14,21.47,22.23,23.95,21.42,19.94,2.27,-4.16,17.29,5.86,1624.58
1692,19.7,21.79,19.8,22.08,20.04,20.17,2.49,-6.17,19.04,11.54,1952.82
1693,20.63,20.8,20.61,22.93,22.97,21.33,1.62,3.6,22.68,9.65,2699.09
1694,20.72,20.74,22.75,23.76,21.62,19.25,1.11,1.6,19.42,4.69,2146.24
1695,21.42,20.71,20.4,23.16,21.2,20.75,3.09,2.2,20.89,10.36,2464.69
1696,21.36,20.99,20.14,22.04,21.78,19.63,2.7,-6.01,20.19,7.9,1848.39
1697,19.62,20.87,19.7,22.19,20.52,19.68,1.77,-10.53,21.27,5.25,910.46
1698,20.7,21.46,19.24,22.72,21.24,20.84,1.47,-7.27,21.12,1.92,1732.13
1699,21.31,20.5,20.5,19.9,20.7,19.58,3.83,-5.97,19.5,9.31,1504.91
1700,21.76,20.79,20.59,23.08,22.65,21.21,1.28,-14.29,23.23,4.83,1578.8
1701,19.38,19.66,19.53,22.72,23.24,20.05,2.18,3.33,21.13,8.58,1538.45
1702,19.38,20.5,19.14,19.86,21.8,20.87,1.46,-9.03,22.6,11.39,1940.31
1703,19.62,21.22,21.6,24.32,21.25,19.89,1.67,-9.41,19.6,4.57,1508.87
1704,20.66,21.61,20.42,22.64,20.94,20.35,1.4,-1.83,19.76,11.03,2104.48
1705,20.35,19.85,20.04,22.19,20.76,20.5,0.27,-6.34,26.26,3.55,2322.38
1706,20.57,18.99,20.33,22.65,21.06,20.01,2.31,-11.04,20.01,11.45,1595.5
1707,20.94,20.26,20.8,22.02,21.73,19.73,2.53,-10.27,22.77,12.46,1941.22
1708,19.25,19.1,20.64,22.64,21.98,19.85,1.47,3.75,17.36,9.7,2174.28
1709,18.85,21.1,22.52,22.79,22.87,20.58,4.09,-2.35,20.82,8.32,2151.18
1710,19.97,21.7,20.4,21.22,22.31,20.67,2.23,-10.6,19.28,9.67,1553.55
1711,21.39,22.77,21.14,21.97,21.77,19.36,2.13,10.19,23.43,5.99,1525.62
1712,19.14,19.43,19.53,21.89,22.65,20.48,2.31,-4.98,18.77,3.02,706.62
1713,19.33,21.15,22.39,23.39,20.61,19.64,1.53,3.71,19.24,4.78,2262.18
1714,19.82,20.09,20.58,22.93,21.7,21.09,1.22,-0.76,21.28,13.87,2377.76
1715,21.11,22.02,22.35,23.12,22.1,20.78,1.39,0.69,18.08,3.51,1938.38
1716,19.42,20.19,20.5,22.85,22.21,21.64,1.56,0.15,20.34,9.88,2262.19
1717,18.99,21.59,21.65,23.32,21.86,20.16,2.45,-9.65,18.91,6.67,1474.82
1718,19.02,20.38,19.31,21.79,19.42,20.66,1.7,15.71,20.37,5.93,1763.43
1719,21.05,21.51,23.83,22.31,22.25,18.66,2.49,-5.32,19.9,12.07,1942.2
1720,19.46,21.49,20.31,24.41,21.56,21.18,0.99,5.78,24.13,7.28,2920.59
1721,20.21,22.35,21.5,22.6,21.44,20.17,1.48,-5.54,21.04,9.8,1987.54
1722,21.33,21.28,21.7,19.94,20.77,20.53,1.43,-7.74,17.63,14.2,1600.54
1723,19.55,20.98,20.02,21.14,21.04,21.86,-1.05,9.58,18.32,6.37,1462.35
1724,19.59,21.52,18.21,20.71,20.4,19.2,1.63,10.9,19.23,8.42,1866.75
1725,20.32,22.48,19.67,22.14,21.8,20.9,1.17,3.18,18.73,9.11,1592.06
1726,19.54,22.73,19.3,21.26,20.91,19.52,2.37,5.65,23.15,6.03,1304.98
1727,21.11,20.02,19.88,22.3,20.25,18.8,2.59,-8.78,19.0,8.48,1573.67
1728,19.62,19.5,18.86,22.78,22.61,21.57,0.88,4.62,20.01,10.38,2498.89
1729,21.45,22.96,20.12,20.36,21.07,18.37,1.8,4.54,21.33,9.35,1737.84
1730,21.28,22.31,21.9,22.36,23.02,19.13,0.98,3.07,26.55,7.35,3000.61
1731,21.28,20.67,21.03,22.94,20.69,22.08,2.26,11.53,19.79,-1.65,2666.49
1732,20.77,22.94,20.0,21.76,21.85,20.96,1.45,-15.96,23.72,2.66,727.21
1733,20.29,22.08,20.49,23.38,21.86,20.72,1.57,-1.25,19.24,12.5,2119.79
1734,19.61,20.33,22.3,21.75,21.77,18.88,1.83,10.37,22.15,4.14,1333.44
1735,19.25,20.56,20.73,21.36,21.37,21.16,2.23,-7.79,18.47,10.5,1713.93
1736,17.67,18.56,20.13,22.63,20.61,21.1,2.04,4.55,21.76,3.32,2540.94
1737,19.04,19.85,21.92,22.08,20.05,19.54,2.31,-3.4,19.35,4.11,1840.52
1738,20.13,21.97,21.27,22.71,20.66,19.55,2.58,0.62,22.0,9.04,2448.88
1739,21.65,21.57,20.51,21.55,21.56,19.75,1.89,-7.4,21.77,11.66,1989.39
1740,18.13,22.93,20.41,21.15,21.41,18.11,1.17,15.84,21.38,8.95,2224.68
1741,20.19,21.3,19.36,21.93,21.13,19.74,0.72,-8.03,20.96,8.07,1272.32
1742,18.77,21.72,19.94,22.3,20.82,21.25,1.39,-0.91,19.15,2.92,695.47
1743,20.18,21.69,19.42,21.1,20.7,20.84,2.18,-1.82,21.6,0.62,644.02
1744,19.47,21.8,20.45,19.53,21.03,20.78,0.89,7.52,17.11,5.7,1283.72
1745,19.41,22.27,21.94,25.97,22.1,19.01,2.86,0.49,25.93,7.46,2804.64
1746,19.7,20.76,20.39,22.67,21.33,18.9,1.16,-11.04,21.42,6.84,1097.86
1747,20.77,20.02,20.21,23.26,23.2,21.51,1.91,-4.5,21.2,13.63,2146.7
1748,20.38,19.39,19.66,22.73,22.17,20.12,3.18,-15.14,21.06,2.37,1279.36
1749,20.63,21.6,21.46,21.25,21.97,22.15,1.85,0.51,18.65,6.09,2039.28
1750,20.69,19.56,18.98,21.37,21.27,20.41,1.13,12.47,18.92,12.01,2895.1
1751,20.04,20.41,22.12,24.78,21.21,18.84,-0.01,-1.39,20.58,8.95,2158.55
1752,21.51,22.47,21.21,21.68,21.97,22.65,2.32,2.38,19.13,3.72,2158.51
1753,19.9,21.72,21.06,21.04,22.74,21.8,2.25,7.72,17.84,0.35,988.72
1754,20.57,21.28,20.08,22.33,22.44,20.71,2.46,-4.84,19.92,5.82,1849.39
1755,18.79,21.61,21.32,23.37,22.61,19.98,2.09,7.7,20.8,3.96,1176.55
1756,20.2,21.58,22.18,24.82,22.75,20.43,1.57,13.39,20.06,5.67,2943.23
1757,18.96,21.72,20.31,20.1,21.48,20.99,1.37,-12.42,22.31,13.86,2562.73
1758,20.4,21.0,21.02,23.15,20.16,19.84,2.03,7.96,20.42,3.96,2623.62
1759,21.6,22.97,21.5,22.48,20.94,20.82,2.79,-10.38,23.54,5.06,1864.71
1760,18.37,20.75,20.01,23.79,21.08,20.24,-0.37,-5.42,25.3,9.74,1597.36
1761,18.75,20.77,20.27,22.45,22.7,20.57,2.75,7.92,19.82,7.88,1648.34
1762,17.42,19.69,20.0,21.2,20.65,19.63,1.77,2.26,17.97,11.5,2034.82
1763,17.76,19.42,19.52,22.86,21.12,22.53,1.87,-3.21,17.92,9.46,1812.33
1764,20.01,20.68,20.33,21.21,23.52,21.27,2.56,15.64,19.99,4.93,1654.41
1765,20.77,19.55,19.24,22.1,23.32,20.99,1.86,-2.31,21.76,8.54,2231.99
1766,21.02,22.03,20.43,22.44,20.71,19.7,2.18,7.67,19.4,7.35,2574.96
1767,21.52,20.85,22.19,24.3,22.23,21.35,0.69,-2.14,20.14,1.72,1932.95
1768,20.36,20.62,20.04,21.41,20.15,20.3,1.78,3.2,19.07,13.49,2392.52
1769,20.31,22.45,20.63,23.04,22.05,21.41,2.41,3.44,19.46,3.82,2256.23
1770,18.82,21.99,19.96,22.57,21.79,21.12,1.69,0.56,20.31,6.68,1098.8
1771,19.25,19.79,19.83,21.88,21.19,19.66,1.73,-9.93,22.14,5.58,953.3
1772,20.08,19.92,21.38,21.34,20.88,20.68,2.13,1.94,22.05,7.35,2493.6
1773,19.99,19.12,18.67,22.93,21.35,22.64,2.34,-4.06,16.06,7.58,1542.16
1774,20.23,21.78,19.5,20.92,20.83,19.2,3.22,-3.21,21.5,8.74,1414.55
1775,20.42,17.87,20.82,22.92,20.05,18.24,2.35,4.15,21.43,5.57,2531.7
1776,18.76,21.89,19.34,19.64,20.58,18.68,3.08,3.67,19.91,10.25,1865.38
1777,19.63,19.63,19.99,21.13,22.13,20.94,1.92,-5.29,19.42,4.96,865.12
1778,20.74,20.43,21.31,22.04,22.64,20.24,0.11,1.52,21.34,5.4,2339.26
1779,18.09,20.7,19.55,22.82,21.39,19.33,1.66,0.14,20.35,1.84,667.66
1780,20.14,21.21,18.25,21.96,20.32,19.57,1.35,-6.03,19.63,7.69,1206.17
1781,19.94,19.28,20.31,21.01,22.88,22.28,1.95,-5.6,24.96,11.56,2413.42
1782,21.14,21.25,20.4,21.85,21.21,20.71,1.74,-5.49,21.14,6.26,1930.64
1783,19.56,20.91,18.26,20.57,20.07,20.3,2.21,-0.08,19.05,12.29,2127.09
1784,20.29,20.69,19.93,21.48,22.53,19.15,1.46,-2.13,21.64,3.73,774.33
1785,19.14,20.07,20.08,23.72,20.77,21.49,2.17,1.47,20.98,2.93,2273.21
1786,21.95,21.81,20.2,19.6,22.0,18.91,2.3,-6.16,20.86,11.17,1883.87
1787,19.64,21.17,22.15,23.52,22.33,19.71,2.03,-1.21,21.91,6.49,2273.5
1788,18.96,20.34,18.62,19.47,21.63,19.33,0.83,-0.68,19.16,4.08,769.78
1789,20.05,22.59,19.96,22.02,23.68,19.61,2.72,2.28,20.62,7.79,1359.76
1790,20.2,21.17,22.35,23.21,21.62,19.06,2.5,10.29,18.46,8.0,2652.45
1791,18.85,20.3,19.66,20.49,21.68,19.38,1.85,7.52,21.77,9.84,1984.31
1792,19.7,20.66,19.97,22.54,20.71,20.3,0.55,-0.52,20.12,6.01,2111.95
1793,21.06,22.39,22.65,21.3,21.15,20.02,2.24,-11.16,18.52,2.93,1267.82
1794,21.34,21.04,21.21,22.16,22.72,19.52,1.58,-3.59,19.99,6.18,1927.85
1795,20.58,21.27,21.3,22.23,22.46,20.37,1.56,6.45,20.56,6.94,2604.31
1796,20.5,21.74,20.67,23.15,21.23,20.91,1.94,-0.39,21.98,10.38,2408.33
1797,18.89,20.58,20.82,22.05,20.83,19.29,3.16,-8.8,22.69,2.47,724.38
1798,21.6,22.85,21.24,22.08,21.51,19.06,2.12,-1.44,22.05,5.87,2264.76
1799,18.76,22.03,20.89,23.15,21.05,18.5,1.91,-3.3,21.2,7.88,1259.19
1800,19.44,20.19,21.29,21.07,20.64,21.62,1.58,8.83,21.63,11.64,2947.4
1801,20.66,20.65,21.19,22.47,22.53,21.13,2.02,-4.08,19.56,4.99,1835.75
1802,21.09,20.46,19.44,19.92,19.06,19.26,2.0,2.9,18.01,4.56,955.64
1803,19.48,22.85,21.81,23.49,18.56,20.59,2.48,4.82,18.79,9.0,2376.81
1804,19.34,19.73,18.97,21.06,18.2,18.39,1.57,-8.67,20.18,0.17,624.03
1805,17.65,20.2,20.11,22.36,23.57,18.57,1.35,-5.21,19.68,5.3,897.26
1806,19.42,19.6,19.22,21.41,23.02,20.79,1.65,-2.99,19.6,8.77,1387.58
1807,20.2,19.87,18.58,22.64,21.86,18.72,1.93,0.96,20.64,8.06,1327.02
1808,20.76,21.09,20.32,21.71,20.2,17.79,1.98,-4.16,22.18,7.61,1225.42
1809,20.8,20.12,19.34,23.14,22.09,20.92,1.99,-9.63,20.66,2.08,1554.57
1810,19.95,20.42,21.09,21.25,20.3,20.32,1.21,-7.05,19.14,3.17,1570.88
1811,21.83,21.04,20.12,22.76,20.72,21.06,1.93,6.58,17.79,11.03,2419.24
1812,21.4,21.67,20.99,21.82,22.08,21.03,2.55,14.5,19.78,6.72,3012.43
1813,19.22,20.45,19.12,21.43,22.95,21.46,3.02,2.14,16.37,6.34,1104.61
1814,21.83,22.24,21.22,22.23,20.51,18.47,2.79,7.55,22.4,4.63,2817.0
1815,18.76,20.3,21.24,21.33,21.82,20.55,1.95,2.48,20.28,7.06,1247.33
1816,20.76,20.32,19.26,20.99,21.83,20.25,1.87,4.89,23.97,5.53,1212.16
1817,18.89,20.38,19.4,22.25,23.06,20.23,2.99,5.18,22.96,9.57,1838.35
1818,19.01,22.0,22.06,23.49,22.44,19.41,1.91,4.74,21.22,3.84,1019.61
1819,20.8,20.7,19.6,21.18,21.04,18.45,2.69,2.49,19.11,9.5,1651.1
1820,19.13,18.74,20.45,23.09,23.37,22.31,1.98,1.0,19.35,11.93,2258.8
1821,20.95,21.28,21.55,21.34,20.54,19.7,0.08,-2.84,23.47,8.85,2358.52
1822,20.59,20.69,19.34,21.78,21.29,18.98,2.53,3.68,21.08,3.3,933.53
1823,21.32,19.95,20.04,22.51,23.14,21.14,2.77,2.17,17.61,9.46,2113.93
1824,20.76,20.23,19.9,21.79,21.73,20.96,1.74,-6.35,19.43,5.53,1692.99
1825,20.54,21.08,19.31,21.37,21.34,20.77,1.07,8.32,23.13,5.43,1356.9
1826,19.99,22.43,18.3,21.5,21.57,20.12,3.22,6.94,22.43,7.41,1555.95
1827,20.77,21.25,21.27,21.0,22.51,20.31,1.88,1.35,20.92,6.26,1094.34
1828,21.88,21.7,18.9,21.9,21.57,19.23,1.72,8.24,23.02,5.61,1378.78
1829,20.28,22.08,19.01,20.01,21.38,17.79,2.36,5.09,17.74,9.06,1681.73
1830,19.09,20.12,20.63,21.5,22.24,19.39,4.19,-3.08,18.93,7.35,1174.9
1831,18.16,20.41,20.95,20.75,21.64,21.31,2.39,-12.71,19.87,1.26,644.4
1832,20.08,21.44,20.65,21.37,22.94,21.58,2.14,-12.94,19.1,10.07,1631.37
1833,21.1,20.82,20.7,21.52,21.78,21.78,2.06,8.84,21.65,10.6,2934.15
1834,19.99,21.61,21.6,24.24,21.78,20.53,3.32,-0.2,21.76,8.8,2379.87
1835,19.66,19.81,20.78,22.2,22.67,19.66,2.42,-2.59,21.13,8.98,1449.08
1836,19.63,22.75,21.25,23.64,21.47,20.53,2.69,-4.62,18.14,6.33,1695.09
1837,19.09,20.26,21.28,22.67,22.72,20.24,2.24,0.45,23.97,3.41,800.96
1838,20.58,21.85,21.11,21.87,20.24,19.54,2.43,6.4,20.78,7.53,2641.03
1839,19.87,20.15,21.2,21.7,21.9,20.99,1.78,-5.69,17.13,11.64,1627.71
1840,20.76,18.77,18.98,21.67,22.09,20.34,2.14,0.66,17.81,7.82,2002.01
1841,18.89,22.62,20.54,23.55,21.47,20.4,1.45,18.61,18.62,11.98,2972.19
1842,19.01,21.08,18.45,23.01,20.64,19.02,1.59,12.7,23.69,12.13,2761.34
1843,19.13,19.97,19.82,21.51,21.63,19.96,2.39,-15.62,18.41,6.89,1084.72
1844,19.39,21.95,20.5,22.91,22.39,20.49,1.44,-12.7,18.07,5.61,914.07
1845,20.03,21.98,18.58,20.65,22.34,21.19,2.1,12.64,22.41,5.71,1608.18
1846,19.22,23.49,20.58,23.03,23.18,21.31,1.71,6.27,21.97,6.62,1394.33
1847,17.83,20.93,19.95,21.66,22.16,22.19,1.1,0.36,18.99,4.08,789.49
1848,19.76,19.15,19.58,20.17,22.01,20.65,2.18,3.7,21.13,8.67,1573.47
1849,20.75,20.97,20.23,23.17,21.87,21.16,2.62,-2.21,19.58,9.87,2053.79
1850,19.74,20.52,20.77,20.57,20.83,19.91,0.95,-4.66,21.37,1.45,647.4
1851,21.11,21.17,21.13,21.55,21.04,19.11,2.49,5.11,19.48,12.35,2532.38
1852,19.32,21.84,20.83,22.27,21.99,19.63,1.11,-0.68,21.18,5.42,921.11
1853,19.6,19.85,20.35,21.03,21.08,20.22,3.08,6.05,20.13,6.11,1312.28
1854,19.25,21.47,20.79,23.33,20.82,19.11,2.45,-3.84,18.93,7.92,1246.03
1855,19.71,21.1,21.01,22.5,21.19,19.75,0.95,4.99,22.05,4.48,2609.69
1856,22.21,21.87,20.22,23.05,21.62,20.2,2.68,2.18,20.23,5.23,2290.08
1857,18.79,21.27,19.66,23.1,21.52,19.53,1.51,-9.34,22.16,4.51,843.04
1858,19.3,18.89,20.91,20.53,22.02,18.09,1.23,10.32,21.14,7.0,1633.22
1859,20.15,22.44,19.7,22.02,20.9,20.32,2.58,-9.85,20.0,5.26,907.4
1860,18.6,22.4,20.32,22.07,23.58,19.32,2.97,9.32,22.6,8.13,1788.39
1861,20.64,20.25,19.86,22.98,20.53,20.2,2.38,3.18,20.61,3.05,2340.67
1862,19.79,19.43,22.04,22.31,22.02,20.29,1.7,4.48,21.05,8.33,2564.09
1863,21.55,19.2,19.89,20.26,21.55,22.04,2.14,-3.45,19.5,3.62,1841.7
1864,19.86,20.06,19.06,20.77,21.82,22.02,1.53,-2.58,19.19,10.03,1620.28
1865,19.42,20.39,19.75,22.38,22.46,21.25,1.86,0.03,20.47,9.44,1519.13
1866,19.76,22.48,20.47,20.14,21.44,18.33,2.33,-9.02,18.37,0.58,616.65
1867,17.83,20.35,20.95,21.85,23.22,20.87,0.86,4.03,20.4,9.53,1728.88
1868,21.4,21.88,21.1,21.06,23.07,20.25,2.36,-2.51,20.5,-0.83,642.84
1869,18.71,21.34,20.52,20.38,20.89,20.08,0.87,-14.84,18.13,3.48,715.59
1870,20.44,20.96,19.11,22.28,22.5,20.01,0.98,13.21,22.85,10.1,2322.15
1871,22.08,22.24,20.04,21.16,19.62,19.8,2.52,1.86,23.23,5.38,2571.84
1872,18.52,22.13,21.12,21.81,21.19,20.6,1.32,2.28,23.03,11.68,2124.1
1873,19.77,21.2,20.77,21.14,21.47,17.94,1.21,-4.84,19.75,9.12,1448.15
1874,19.62,20.57,20.58,23.76,22.37,20.24,1.76,2.33,20.45,5.71,2321.4
1875,19.33,20.72,20.76,21.33,20.71,20.72,1.53,5.15,19.42,5.28,1151.34
1876,20.31,20.96,21.55,20.74,19.89,19.88,2.19,-10.18,21.64,11.51,1810.37
1877,20.06,20.72,19.6,21.39,21.2,19.63,2.14,4.23,19.75,5.56,1143.24
1878,19.05,18.7,21.52,22.84,21.2,20.27,1.21,-7.42,20.53,1.42,1652.81
1879,21.73,21.18,19.81,19.8,22.06,21.84,0.63,-9.0,20.84,4.22,1640.59
1880,19.04,20.91,19.6,22.51,21.95,19.4,1.84,-6.16,18.01,7.37,1146.27
1881,20.61,19.86,21.16,23.52,21.2,20.68,2.88,14.7,20.03,4.64,3011.33
1882,20.31,21.31,20.6,21.54,21.11,19.38,1.95,5.48,22.03,14.17,2926.88
1883,21.05,24.72,21.59,24.92,21.43,21.8,1.72,-0.12,29.46,5.06,3063.27
1884,19.82,20.05,20.56,19.22,19.28,19.84,3.38,11.92,16.84,5.13,1464.45
1885,20.38,22.94,21.28,22.03,23.25,20.56,2.6,-6.46,18.86,4.04,783.27
1886,20.11,21.28,21.05,22.15,20.22,19.51,0.62,-7.19,18.92,9.64,1665.74
1887,21.23,20.51,19.33,21.3,21.12,20.54,1.78,-6.42,17.74,6.16,1536.97
1888,22.33,20.6,22.24,21.21,21.1,21.74,2.18,13.15,24.44,9.44,3448.17
1889,19.77,20.3,20.64,21.55,22.31,20.04,1.15,6.08,20.02,10.46,2016.11
1890,19.4,22.21,21.06,21.57,20.47,21.07,1.77,-5.71,19.76,8.09,1274.9
1891,20.73,19.48,23.22,24.65,23.5,20.7,2.02,-4.84,21.4,7.93,2032.33
1892,22.0,20.21,20.49,22.26,20.69,22.67,1.82,1.98,18.95,3.4,2104.82
1893,20.36,22.63,20.82,20.35,22.47,20.75,1.03,-7.94,21.63,2.46,690.22
1894,19.55,22.03,21.77,20.16,21.0,19.16,3.17,-1.25,18.96,2.51,690.6
1895,20.15,20.78,20.81,21.34,20.14,18.95,2.21,-6.95,23.08,7.22,1176.34
1896,22.08,21.95,19.95,23.73,22.3,20.31,1.31,-0.48,20.37,13.91,2304.57
1897,20.36,21.2,20.11,21.28,22.01,19.58,2.7,5.71,23.08,5.3,1228.4
1898,21.42,21.22,21.0,22.84,22.99,21.5,1.94,12.2,21.37,10.07,3096.18
1899,19.3,21.72,20.17,23.45,20.93,20.58,2.79,-10.96,15.91,8.58,1137.81
1900,20.51,22.57,20.89,21.9,21.61,20.58,1.92,4.2,17.79,7.1,1315.12
1901,19.16,20.44,21.28,22.86,21.19,19.31,0.82,4.74,23.68,6.27,2792.45
1902,19.8,23.19,19.41,21.21,21.12,20.36,1.15,-1.62,19.47,5.71,937.75
1903,20.68,21.39,19.36,21.98,22.55,20.77,2.91,-4.15,16.83,5.65,918.11
1904,19.7,21.67,20.31,22.94,20.96,19.29,2.83,-4.16,19.13,8.82,1403.7
1905,17.37,21.23,22.29,22.37,22.39,19.86,0.94,-12.97,19.39,9.58,1526.69
1906,22.15,21.24,18.67,21.22,19.43,20.9,3.11,5.45,22.83,5.73,2761.3
1907,19.48,19.33,20.4,20.45,20.59,20.64,2.82,-5.35,18.5,5.69,941.58
1908,20.3,20.7,21.97,22.75,22.41,19.41,1.49,-11.68,19.88,5.25,1412.37
1909,19.37,19.23,20.76,21.43,19.84,18.84,1.94,2.26,22.44,10.0,2603.63
1910,21.15,20.92,19.88,21.45,24.26,21.03,0.24,2.19,19.19,9.64,1638.63
1911,19.85,19.89,20.56,21.92,21.47,20.84,1.44,5.93,18.47,11.43,2451.71
1912,20.1,21.55,21.89,21.25,22.56,21.51,1.83,12.72,20.87,4.56,2965.43
1913,20.17,22.14,21.43,22.86,20.55,19.9,2.25,0.28,21.75,5.15,2320.66
1914,19.86,21.79,23.08,23.58,22.13,20.73,1.91,-2.1,19.97,11.96,2133.38
1915,19.17,21.23,20.93,21.9,21.28,19.04,2.11,-2.73,21.4,10.97,1843.76
1916,20.01,22.24,21.1,22.35,22.09,18.36,1.23,-2.06,19.06,4.03,769.48
1917,20.24,20.91,19.96,22.03,20.84,19.91,2.26,-5.16,16.5,4.32,1455.6
1918,20.52,22.77,19.59,21.75,21.05,20.45,3.35,-3.04,21.94,7.76,1258.19
1919,19.5,21.93,21.0,21.64,21.2,20.32,2.35,-5.05,18.17,10.73,1760.91
1920,19.3,20.82,19.39,19.67,20.77,21.12,2.03,-7.27,18.92,4.29,796.1
1921,18.42,18.52,19.2,19.86,21.05,18.48,1.41,12.16,20.56,7.26,1757.97
1922,21.96,22.15,20.8,21.44,21.84,21.02,1.71,9.7,22.14,10.27,3023.18
1923,19.29,19.13,19.59,22.66,20.85,20.57,0.95,-13.04,19.93,6.39,1353.24
1924,20.29,22.39,20.49,24.44,20.76,18.95,0.84,2.22,19.11,6.77,2193.58
1925,19.11,22.16,20.18,22.53,22.41,18.97,1.94,-0.45,23.31,11.26,1925.15
1926,20.89,21.56,20.57,21.51,21.81,20.24,2.44,1.01,19.48,5.75,1005.73
1927,19.71,19.09,20.32,23.02,20.34,22.43,1.32,-10.16,19.58,10.8,1583.01
1928,19.24,19.12,19.91,21.82,19.78,20.04,2.96,-12.93,17.16,6.55,1105.05
1929,20.2,22.19,20.87,21.98,22.08,21.55,1.55,-0.39,20.32,3.74,2102.6
1930,20.07,19.77,18.47,19.84,23.65,22.09,1.93,-2.59,23.22,8.67,1406.78
1931,20.74,20.45,20.37,23.05,20.56,20.92,2.76,-3.85,17.37,5.15,1640.79
1932,18.77,20.74,19.59,18.75,21.58,22.13,1.75,-1.45,18.71,3.49,731.1
1933,19.88,19.47,20.9,21.96,21.59,18.43,2.5,4.2,20.01,12.89,2503.84
1934,20.22,19.44,17.82,21.45,22.37,19.74,2.46,6.17,21.2,8.26,1635.4
1935,21.31,22.26,21.02,19.97,20.16,19.78,1.46,-6.87,20.7,6.04,991.75
1936,19.92,21.0,19.23,21.33,23.07,22.39,1.48,-6.21,20.17,6.1,992.11
1937,20.21,20.33,19.06,23.2,20.52,20.41,2.98,1.05,18.8,11.59,2209.86
1938,19.84,22.69,23.48,21.47,21.3,19.41,3.06,8.56,23.03,11.82,2485.75
1939,21.29,21.87,20.15,22.74,21.88,18.36,2.5,-1.5,16.27,5.37,876.51
1940,20.94,20.37,20.02,22.51,20.02,21.56,1.31,1.01,22.5,7.79,2485.27
1941,19.12,20.14,21.31,23.28,23.97,19.79,2.69,-9.54,24.59,5.9,1021.53
1942,21.24,21.93,19.9,19.71,22.86,19.82,1.78,-15.37,21.63,9.3,1505.63
1943,19.96,22.79,21.33,21.29,19.81,20.42,0.99,16.19,18.93,5.94,1767.21
1944,22.2,20.82,22.14,24.24,21.68,20.36,1.49,1.94,20.67,1.2,2227.04
1945,19.23,21.64,19.7,21.61,20.96,18.99,1.82,-7.13,17.88,3.91,755.18
1946,19.63,19.79,20.55,20.12,22.11,20.82,2.87,-15.0,18.25,10.13,1642.35
1947,18.72,20.76,20.94,22.33,22.29,20.49,1.36,10.12,21.2,4.84,1369.66
1948,20.42,21.39,20.68,21.55,22.64,19.73,1.23,-6.61,21.29,9.36,1503.33
1949,18.06,20.53,20.64,20.18,21.51,20.53,1.61,-6.62,20.84,8.11,1285.28
1950,20.37,21.96,22.15,20.88,22.08,21.81,1.9,-5.02,17.83,4.86,1603.37
1951,19.49,20.6,21.28,20.99,21.47,17.51,2.54,0.96,25.41,6.54,1154.78
1952,18.95,21.14,20.53,23.27,20.46,19.77,2.46,4.47,21.27,5.12,2526.52
1953,18.77,21.17,21.75,22.96,20.27,21.32,0.2,-2.1,19.85,5.86,1983.39
1954,18.08,21.17,20.19,24.76,23.38,21.54,1.72,-7.34,20.25,1.64,1640.53
1955,20.38,20.12,18.41,22.79,21.3,21.61,2.1,16.08,18.9,6.66,3014.14
1956,21.1,20.75,22.22,23.99,23.63,19.05,1.3,-3.44,18.43,5.26,1760.06
1957,19.61,19.98,20.74,23.73,20.92,21.54,1.38,0.07,25.72,7.23,2741.83
1958,18.59,20.14,20.87,24.28,22.68,21.51,2.5,-10.51,18.45,8.58,1416.33
1959,19.99,21.5,19.46,20.81,20.4,21.29,2.55,4.05,18.8,8.86,1606.52
1960,20.43,20.96,19.65,22.69,21.41,20.69,1.86,7.64,19.43,5.3,2530.78
1961,18.53,21.91,18.28,22.4,22.07,19.75,2.32,-6.02,18.71,5.07,873.08
1962,18.81,21.03,21.66,20.07,21.45,19.61,2.37,-12.88,20.11,6.55,1060.17
1963,18.43,21.55,20.39,22.23,21.06,20.15,1.12,-2.67,19.25,10.28,1666.1
1964,19.38,22.86,20.48,22.15,21.6,19.87,1.13,13.27,19.83,5.46,1576.76
1965,18.96,22.15,20.93,24.39,22.93,21.56,1.69,-4.48,19.45,4.95,1798.04
1966,21.16,20.72,18.99,22.5,20.65,19.04,1.45,17.73,19.62,3.7,3119.23
1967,18.3,21.59,20.94,20.48,22.42,19.39,1.52,-3.92,17.22,8.52,1317.21
1968,19.0,20.61,22.02,20.78,21.67,19.85,1.92,-12.77,19.47,6.13,992.36
1969,19.47,18.51,20.59,20.19,21.57,20.63,1.93,-3.57,19.84,3.98,781.64
1970,17.94,20.9,20.99,21.45,21.26,18.71,-0.05,-13.1,19.54,4.61,812.28
1971,19.75,19.52,20.66,22.37,21.33,21.37,2.08,-5.03,19.57,9.01,1861.97
1972,19.6,19.87,19.71,20.15,19.64,19.66,1.8,2.68,22.02,7.43,1328.28
1973,18.71,20.81,20.16,22.3,20.79,20.77,2.18,-3.25,19.08,4.99,866.42
1974,20.82,21.12,19.52,21.3,20.99,19.99,1.49,7.71,22.23,8.72,1789.35
1975,20.08,20.9,19.94,21.03,22.29,19.96,1.49,-3.75,24.56,10.1,1682.02
1976,19.34,22.53,19.36,21.71,20.04,19.58,1.69,-10.44,18.82,8.97,1414.99
1977,19.56,21.71,21.33,22.23,21.57,19.99,2.85,1.03,20.85,7.62,1276.18
1978,21.49,20.83,20.96,21.34,21.75,19.53,1.67,-1.04,20.58,12.03,2257.19
1979,19.71,20.59,21.11,22.8,21.01,20.53,2.89,-0.17,20.19,10.97,2263.39
1980,19.73,21.35,21.3,22.26,22.09,19.53,2.78,-8.91,17.09,7.19,1117.22
1981,20.44,21.47,19.88,21.21,22.53,22.71,1.73,1.87,21.95,10.03,2531.01
1982,19.97,19.51,19.82,21.55,22.11,21.66,1.59,9.72,19.35,8.95,2718.75
1983,19.84,20.22,20.37,20.66,22.38,19.96,1.62,-9.2,22.56,5.4,936.27
1984,22.17,21.75,20.06,21.18,22.22,22.65,1.88,-13.37,20.05,11.8,1460.74
1985,19.16,20.19,20.88,24.4,21.87,20.31,1.55,-10.81,22.5,12.06,1862.15
1986,20.02,20.13,19.44,21.31,22.23,19.6,2.59,-0.2,21.14,10.59,1764.56
1987,19.65,19.49,21.19,23.62,22.26,22.75,1.48,-11.25,21.68,8.89,1689.34
1988,19.04,21.46,19.24,22.94,19.79,21.11,2.69,2.29,21.38,9.84,2503.71
1989,20.02,22.28,22.7,23.36,22.63,19.17,1.25,2.5,19.81,6.0,2268.75
1990,18.01,20.14,19.83,20.05,22.01,19.6,0.67,2.57,19.37,10.29,1791.84
1991,19.26,20.17,18.83,21.07,22.07,18.31,0.56,18.12,21.01,3.13,1624.87
1992,20.49,22.12,19.61,19.52,20.29,18.99,1.57,-13.06,21.54,6.02,997.48
1993,19.55,20.88,18.91,21.89,22.53,20.41,1.35,-11.95,20.07,-0.52,624.41
1994,20.1,20.1,18.2,18.28,21.49,19.12,1.32,8.95,21.71,8.2,1753.87
1995,17.87,20.32,19.95,21.46,21.95,20.57,2.79,3.73,18.66,10.09,1823.34
1996,19.7,18.98,20.92,23.82,21.34,20.08,1.41,8.03,20.6,11.95,2801.1
1997,18.39,21.9,20.99,22.05,21.28,22.49,0.43,-14.29,22.52,6.35,1035.75
1998,19.14,21.03,21.18,21.67,20.22,19.03,2.45,-9.52,20.6,7.7,1227.79
1999,19.43,20.05,21.1,21.0,22.29,21.24,3.07,6.85,19.86,6.96,1460.72
2000,19.39,20.24,22.16,21.68,20.49,20.53,2.36,-1.17,22.0,12.43,2407.33
2001,21.09,22.14,20.23,23.61,21.1,19.59,1.46,9.2,23.52,8.0,3083.2
2002,21.94,21.37,21.07,21.24,19.5,20.02,2.14,-2.92,21.32,12.56,2233.89
2003,20.29,20.78,20.79,22.16,21.23,20.84,1.36,-1.48,17.15,10.73,1859.45
2004,19.36,23.46,20.13,21.96,21.87,19.85,1.22,16.03,18.6,9.26,2263.1
2005,20.52,21.49,20.31,21.03,22.24,17.59,1.84,-7.28,22.24,5.33,928.56
2006,19.89,21.73,21.16,23.0,21.54,18.46,1.95,5.18,19.15,3.75,1015.92
2007,20.41,21.4,20.25,21.45,22.18,19.4,1.84,-10.97,20.26,7.27,1154.2
2008,21.9,20.83,19.93,22.48,21.02,21.13,3.34,-6.06,19.08,7.29,1729.03
2009,18.1,20.55,21.05,20.99,21.23,19.16,2.03,5.16,21.91,3.51,1024.03
2010,19.8,21.23,22.38,23.54,23.25,20.31,2.77,-9.9,21.18,10.25,1763.2
2011,20.29,20.61,20.72,21.51,22.64,20.97,3.79,6.14,18.85,7.55,2448.63
2012,19.83,21.89,20.11,21.99,23.34,20.96,1.62,-1.54,21.89,8.76,1406.74
2013,20.81,20.67,20.82,22.44,21.13,20.97,2.12,-6.83,22.01,12.1,2061.51
2014,18.79,20.62,19.21,21.36,22.02,19.59,2.65,-0.75,21.33,4.67,859.83
2015,20.25,20.0,20.21,24.77,20.98,21.07,2.1,-4.1,20.58,0.75,1853.78
2016,19.9,19.77,21.23,23.7,21.36,20.1,1.78,-4.98,29.09,5.24,2741.86
2017,20.35,22.37,22.13,20.54,21.29,19.91,3.87,-3.46,17.44,12.19,2102.19
2018,18.71,21.59,20.67,19.39,22.89,19.33,2.96,-9.75,19.52,7.03,1124.52
2019,20.96,20.6,20.73,20.85,22.08,20.87,0.32,-12.34,20.1,6.43,1407.73
2020,20.04,22.87,20.5,22.71,20.93,20.5,3.09,-14.89,22.81,5.45,959.06
2021,20.91,22.36,21.8,22.9,22.14,19.75,3.28,3.52,19.58,6.98,2346.93
2022,19.59,19.6,20.48,21.54,21.17,19.48,2.96,3.03,22.53,5.29,1091.57
2023,21.32,21.72,21.37,22.07,20.12,21.74,2.6,-5.56,18.99,5.52,1706.16
2024,20.31,21.43,21.93,25.07,20.72,20.3,3.24,-0.91,21.06,10.14,2292.38
2025,20.11,21.62,19.99,23.18,20.82,19.44,2.71,9.7,21.95,14.77,3104.8
2026,18.56,18.55,20.29,21.09,23.07,20.53,2.46,-4.38,18.92,4.47,817.92
2027,19.2,21.2,21.39,23.36,23.59,20.14,2.11,-1.87,21.74,5.39,933.78
2028,21.57,21.6,21.68,22.5,22.46,20.54,1.14,13.57,23.24,5.33,3261.37
2029,20.66,21.65,19.99,22.31,21.35,20.86,0.9,2.72,19.94,11.77,2405.35
2030,20.9,21.15,19.41,22.56,22.85,20.75,2.62,6.34,18.25,9.28,2423.25
2031,18.5,20.18,19.14,21.33,20.66,20.49,2.6,4.97,19.52,6.23,1263.21
2032,19.01,19.28,21.56,20.65,21.98,20.03,1.97,3.54,19.96,5.49,1102.18
2033,21.6,21.89,21.27,20.9,22.88,19.89,1.31,-5.08,22.17,11.69,2003.55
2034,18.93,20.97,22.26,21.49,22.86,20.48,1.1,-6.81,18.41,7.12,1106.71
2035,18.91,17.77,20.98,22.22,21.77,19.71,1.71,4.72,21.48,6.88,2590.32
2036,20.88,18.7,19.02,21.89,20.03,21.03,2.56,3.66,21.3,0.52,2391.21
2037,19.01,21.39,23.14,21.3,22.38,19.39,3.79,1.62,21.12,9.39,1615.03
2038,20.3,21.07,20.74,21.38,22.16,21.92,1.98,2.04,22.73,6.98,2558.87
2039,20.17,20.18,21.06,22.84,22.34,19.32,2.23,-5.41,20.68,7.32,1918.99
2040,18.89,20.22,21.37,23.87,22.24,21.54,2.9,-8.24,19.04,7.31,1588.45
2041,21.35,21.06,21.84,19.86,20.78,19.46,1.95,-5.13,20.02,9.82,1588.5
2042,19.8,20.12,21.82,22.29,22.74,20.8,2.29,-1.76,20.23,0.3,1950.28
2043,20.19,22.4,20.98,23.09,20.76,20.79,2.66,-4.16,19.15,3.41,1765.3
2044,20.11,22.21,20.75,20.34,23.17,19.78,2.88,10.98,17.4,12.88,2813.82
2045,19.9,20.58,22.13,22.43,22.08,21.54,2.04,10.33,20.35,3.32,2750.55
2046,19.65,20.49,21.94,22.59,21.07,19.55,1.62,5.97,20.61,4.71,2535.36
2047,20.43,19.93,20.11,20.96,22.24,20.5,2.16,8.54,20.01,10.75,2208.91
2048,19.41,18.91,21.94,22.06,21.58,18.01,0.64,-9.06,20.19,7.15,1631.01
2049,21.17,23.01,22.05,24.24,22.49,20.37,2.23,5.02,18.37,7.18,2309.33
2050,18.35,22.46,20.64,22.02,23.45,19.76,2.69,-0.25,15.81,11.77,1970.2
2051,19.25,21.17,21.01,21.86,20.26,19.22,3.36,-3.22,19.58,5.28,912.85
2052,19.61,22.79,22.07,23.07,23.48,20.94,2.74,-1.98,17.57,5.39,898.35
2053,21.52,20.92,19.55,22.22,22.42,21.18,-0.05,-1.89,20.84,9.28,2160.93
2054,20.9,21.19,21.58,21.26,23.52,21.25,3.11,-2.65,18.05,7.48,1830.07
2055,20.58,20.68,21.36,23.1,23.4,19.45,3.17,-4.31,20.0,10.08,1979.87
2056,21.44,22.44,20.06,20.96,22.48,20.07,1.26,-9.38,19.5,5.07,868.21
2057,19.36,20.35,18.65,20.6,21.29,20.76,1.68,-11.01,18.66,7.6,1185.46
2058,21.08,21.81,19.64,22.19,20.56,18.87,3.15,2.81,22.2,6.78,1257.43
2059,20.58,23.98,21.29,22.84,20.47,19.8,2.04,-19.67,17.93,5.83,944.17
2060,19.26,21.87,20.2,21.59,20.56,19.72,1.53,13.62,15.87,3.15,1354.22
2061,19.73,21.19,19.46,20.62,22.22,21.71,1.4,-4.35,17.78,5.74,923.98
2062,18.5,19.39,20.36,21.3,20.58,20.04,4.11,-12.6,23.4,5.38,967.51
2063,19.99,19.94,19.89,21.99,22.64,20.17,2.63,3.66,19.55,10.76,1967.22
2064,21.04,21.72,21.77,24.59,23.31,20.51,1.78,-0.95,22.39,8.7,2378.58
2065,20.03,20.71,21.81,22.16,21.16,19.45,3.14,-6.63,20.06,8.33,1810.11
2066,18.95,20.49,18.67,23.12,22.15,21.34,1.93,-4.02,22.65,6.45,1062.92
2067,20.8,21.94,21.55,21.27,19.81,20.07,2.97,-0.62,18.5,4.32,1935.7
2068,20.45,21.96,21.99,21.3,19.23,19.37,2.46,7.59,20.67,7.67,2703.59
2069,21.41,20.52,21.78,22.48,21.75,20.54,1.73,-18.51,21.75,11.25,1311.81
2070,19.24,22.82,21.49,22.35,20.77,20.75,2.4,2.23,17.7,4.42,912.35
2071,20.43,20.9,21.22,23.45,23.36,22.47,2.43,11.52,18.12,8.36,2702.0
2072,19.6,19.86,20.98,20.73,22.57,21.06,2.64,-5.7,19.59,5.64,948.29
2073,19.13,19.33,19.21,22.48,20.92,21.29,3.3,5.24,21.07,6.98,2599.02
2074,19.16,19.82,17.72,20.2,22.8,18.57,3.77,4.7,18.55,6.53,1288.38
2075,20.15,21.44,18.52,19.86,21.03,19.99,2.33,13.17,22.51,8.35,2006.47
2076,20.93,20.05,21.34,22.22,20.64,19.01,0.47,1.64,22.09,6.53,2447.71
2077,18.5,21.02,19.65,22.27,20.48,19.62,2.7,4.92,19.96,5.49,1179.43
2078,19.95,20.71,20.99,22.25,20.08,18.92,1.79,7.46,21.0,2.27,2615.53
2079,20.43,21.7,19.07,22.43,22.41,20.69,0.65,4.32,21.61,7.66,1428.76
2080,18.98,20.3,21.85,23.38,24.25,20.58,2.55,-6.25,21.87,8.83,2019.43
2081,18.87,19.58,20.34,23.03,22.18,18.87,2.35,-5.1,21.12,7.19,1155.16
2082,20.45,20.37,20.46,21.45,21.31,20.56,1.36,1.87,18.95,6.78,2162.74
2083,20.86,22.28,21.55,23.29,21.24,18.58,1.05,6.07,17.03,11.46,2311.72
2084,19.28,20.05,21.2,21.52,21.28,18.88,3.12,2.37,20.41,11.86,2165.15
2085,19.79,21.21,18.88,20.67,21.72,20.95,2.4,-7.25,22.75,10.21,1698.52
2086,20.83,20.02,21.02,22.47,21.18,18.69,1.37,-1.72,22.94,8.0,2368.8
2087,20.97,21.89,20.52,21.07,19.71,20.71,2.53,-9.71,20.74,7.29,1666.8
2088,19.93,21.98,18.79,20.94,20.39,21.15,1.66,4.12,19.19,3.84,964.9
2089,19.82,19.55,19.57,21.79,21.26,20.88,2.44,13.86,22.03,1.28,3089.01
2090,19.9,18.96,19.6,20.57,21.34,19.6,2.25,3.69,18.0,11.11,2024.83
2091,20.8,19.43,21.09,20.07,22.65,19.26,-0.05,-13.69,18.88,7.34,1131.63
2092,21.42,20.07,19.9,21.5,22.07,21.19,2.09,0.74,17.41,17.18,2154.3
2093,19.23,19.64,19.61,23.65,20.73,19.62,1.87,-0.1,22.19,5.25,2341.43
2094,19.59,22.35,22.1,23.54,20.01,19.26,1.41,-3.71,17.05,8.28,1668.0
2095,20.67,21.15,21.51,25.18,21.15,19.56,0.99,-14.31,20.92,10.07,1448.64
2096,20.51,21.44,21.41,22.94,22.11,20.97,1.83,3.35,25.35,5.04,2859.13
2097,22.06,21.19,20.93,20.15,20.14,19.7,1.72,6.63,20.91,6.19,2634.49
2098,20.87,20.6,21.43,23.87,21.52,19.73,2.52,-6.19,18.23,6.42,1611.14
2099,19.79,21.32,20.96,19.93,20.66,19.7,1.88,-6.26,19.26,5.78,951.75
2100,18.81,20.32,21.1,22.51,20.44,20.78,2.07,-2.22,17.27,8.2,1782.46
2101,18.37,21.1,20.93,22.53,21.38,18.19,2.26,12.2,18.37,7.16,1733.5
2102,20.88,23.24,21.38,22.69,21.84,17.36,1.63,-1.98,18.7,0.89,613.6
2103,17.97,21.54,18.49,21.04,21.12,19.93,1.2,-5.36,18.48,7.33,1138.76
2104,19.38,20.53,18.71,21.96,21.24,21.88,3.77,-2.8,20.36,8.12,1306.1
2105,19.73,21.9,21.3,23.28,21.7,18.58,1.94,4.05,15.21,6.88,1247.17
2106,19.87,20.25,19.63,21.77,20.77,18.78,1.83,-14.16,17.74,11.94,2025.05
2107,18.61,20.32,19.16,22.6,20.29,19.38,3.13,-1.62,21.27,8.04,1295.68
2108,20.76,20.9,20.02,22.29,20.11,19.98,3.51,-2.43,24.78,7.07,2512.72
2109,19.1,21.52,19.33,22.26,19.44,17.53,3.16,-0.76,20.97,9.73,1593.23
2110,18.93,21.58,22.48,23.61,22.99,21.54,1.69,-4.87,18.47,13.8,1852.98
2111,18.99,21.76,22.72,22.94,21.61,18.74,2.28,-9.32,21.87,6.57,1077.94
2112,19.03,20.15,19.88,22.48,22.88,20.77,2.47,6.53,22.41,10.16,2013.9
2113,20.88,20.31,20.35,22.02,22.89,19.84,3.79,-12.87,18.63,12.52,1382.63
2114,19.79,21.58,20.26,24.36,22.63,19.28,2.34,10.95,18.43,6.31,2652.02
2115,19.76,19.84,18.82,21.46,22.64,20.55,2.37,2.43,23.6,3.48,905.83
2116,19.4,21.63,19.93,23.22,21.84,21.06,1.19,4.77,18.03,8.31,1526.05
2117,20.13,22.36,19.3,22.5,20.91,18.23,1.0,0.44,23.93,11.04,1891.68
2118,19.82,20.3,20.38,23.47,20.28,18.44,3.08,8.25,21.25,6.14,2779.32
2119,21.75,21.57,22.0,21.93,21.39,22.45,2.28,3.75,22.84,10.29,2742.73
2120,19.22,21.47,22.86,23.75,22.81,19.97,2.36,9.13,22.23,4.42,2887.45
2121,20.56,21.37,19.85,21.22,20.01,20.26,2.86,5.92,22.3,6.26,1344.43
2122,18.61,20.06,19.38,21.63,22.37,19.08,2.68,7.82,17.91,6.72,1454.03
2123,19.92,21.57,18.67,22.65,20.79,20.28,2.58,-5.0,21.59,6.58,1080.32
2124,20.05,20.42,22.52,21.3,23.18,20.5,2.51,-2.66,22.8,4.42,2237.78
2125,20.31,21.16,22.88,22.37,23.14,20.43,2.11,0.11,19.61,5.99,2112.84
2126,20.14,23.04,20.77,23.89,21.65,20.68,2.17,0.02,16.46,1.1,1696.81
2127,19.72,21.57,20.95,20.86,21.08,21.01,2.73,4.03,17.62,9.08,1633.29
2128,21.84,19.18,19.24,20.5,20.7,19.11,1.25,-5.25,17.16,7.11,1561.73
2129,20.95,21.44,20.03,20.67,21.44,19.41,1.16,-0.04,19.33,10.45,1701.15
2130,20.35,20.23,19.68,21.74,22.48,19.78,2.07,4.39,17.46,6.73,1271.25
2131,18.82,21.9,20.82,20.61,20.19,20.81,2.12,-13.41,18.86,1.6,641.8
2132,19.58,20.33,20.21,21.72,22.37,20.89,2.58,7.4,24.59,7.96,1675.12
2133,19.36,20.5,20.9,20.56,22.42,19.47,1.82,14.31,21.85,5.01,1608.36
2134,18.16,21.23,20.57,21.39,21.12,19.71,1.38,-6.41,21.37,10.21,1673.93
2135,19.88,20.73,20.68,23.43,21.69,20.89,2.48,10.36,22.5,6.36,3028.81
2136,20.91,21.85,21.01,20.42,20.75,19.94,3.08,1.59,17.66,13.05,2392.86
2137,20.4,21.72,19.55,20.43,20.11,20.38,2.29,-6.2,18.28,4.32,794.54
2138,21.36,21.78,21.01,23.63,21.71,18.99,0.84,5.79,20.29,7.74,2545.85
2139,19.57,20.02,19.85,21.6,22.52,21.69,2.22,13.58,18.79,8.8,2069.42
2140,19.05,21.38,19.06,19.0,22.67,19.7,0.45,-2.82,19.35,6.01,962.54
2141,17.83,20.46,20.57,20.17,20.28,18.68,1.97,-7.46,21.37,3.0,728.56
2142,17.66,20.76,19.08,21.93,21.45,20.36,0.39,-15.64,22.07,6.4,1039.0
2143,19.03,19.9,18.95,21.95,23.14,21.31,1.66,-1.01,21.19,1.54,655.52
2144,18.48,19.15,20.5,21.28,21.48,19.74,2.41,1.14,22.53,4.9,949.85
2145,20.72,21.77,19.64,22.72,21.17,18.6,1.77,12.7,15.39,6.47,1622.69
2146,20.65,19.57,20.65,21.77,20.11,19.8,2.92,13.02,24.57,10.0,3473.09
2147,20.24,19.18,20.54,20.89,20.06,19.32,2.18,-4.64,21.8,7.84,2083.17
2148,20.31,20.81,18.47,20.34,22.76,20.99,1.1,5.65,19.38,5.79,1226.72
2149,20.81,21.65,19.13,22.31,21.09,20.5,2.72,-8.06,17.33,5.6,1394.07
2150,19.84,21.8,20.15,22.51,20.91,19.46,2.55,0.51,19.74,5.35,940.5
2151,20.94,20.64,19.31,20.56,20.12,20.49,3.02,-0.91,18.55,9.76,2030.55
2152,19.05,21.75,23.44,22.57,23.34,17.69,2.57,-6.13,22.67,2.55,719.47
2153,19.94,21.9,20.61,20.67,23.46,19.21,2.38,-0.84,21.5,4.46,841.88
2154,19.34,21.79,19.87,21.52,23.73,22.6,1.21,5.9,18.83,2.53,964.58
2155,19.64,19.71,20.29,20.5,21.98,21.42,2.65,7.67,17.46,8.76,1756.9
2156,19.39,22.3,19.63,22.97,22.39,20.93,1.88,-1.01,19.59,11.54,1952.74
2157,19.78,20.26,21.75,21.8,20.39,20.21,2.64,-0.61,22.21,8.72,2392.0
2158,22.2,23.34,21.46,23.74,22.15,20.54,3.78,-12.88,21.21,8.94,1571.15
2159,19.59,19.3,21.51,21.69,22.59,21.17,2.97,1.92,17.46,5.42,2004.98
2160,20.02,21.51,20.56,23.42,21.96,21.28,2.23,-1.86,19.06,8.46,1990.14
2161,18.9,20.1,21.02,24.28,23.1,20.45,2.06,-0.63,22.15,4.75,2298.69
2162,18.89,18.39,20.53,20.45,21.6,21.29,1.67,-3.37,19.82,5.27,898.49
2163,18.43,20.35,19.09,20.54,22.02,21.51,0.14,-6.64,19.98,6.89,1083.64
2164,19.92,20.88,20.78,24.12,21.33,21.4,2.04,-6.11,24.26,7.13,2227.04
2165,21.18,22.18,23.1,21.29,21.02,18.87,1.59,-4.74,18.05,12.38,1791.13
2166,19.76,20.88,21.2,23.28,22.54,21.75,2.26,-9.29,22.47,9.6,1911.49
2167,18.81,22.29,21.3,22.77,22.83,21.21,1.59,2.04,19.25,7.35,1254.54
2168,20.47,20.34,21.29,22.11,22.02,19.84,2.18,3.92,19.36,12.13,2441.22
2169,21.82,21.25,20.91,22.44,20.99,18.79,3.0,-0.96,20.46,14.21,2306.03
2170,20.98,20.97,20.93,21.8,21.34,18.87,2.13,1.24,20.73,7.06,2316.67
2171,19.23,19.44,20.65,21.51,23.34,19.76,1.13,-1.61,21.35,8.15,1291.0
2172,18.81,21.07,20.58,24.91,22.02,18.79,1.34,8.0,19.77,3.28,2539.08
2173,20.54,20.52,19.86,21.3,21.25,19.68,2.55,0.38,21.49,7.5,1225.63
2174,19.14,21.28,20.82,22.88,21.11,18.57,2.6,1.94,20.36,4.97,977.38
2175,20.91,21.03,19.4,21.18,22.23,20.53,1.3,5.63,19.01,1.34,906.09
2176,20.54,22.17,19.61,20.33,22.32,20.03,1.98,-0.17,17.74,9.97,1594.29
2177,20.33,20.19,20.38,22.01,22.26,21.82,2.72,9.75,21.4,7.32,2904.61
2178,19.59,21.12,18.62,21.85,20.04,20.88,3.38,-4.65,20.71,4.39,840.03
2179,18.82,20.8,21.4,23.05,22.4,20.1,2.14,12.08,18.8,1.52,1241.85
2180,22.2,20.19,20.07,19.53,20.86,20.63,1.84,-1.38,17.43,5.17,1787.97
2181,21.44,20.31,20.46,23.15,21.7,21.28,1.7,-4.57,18.94,4.98,1741.74
2182,20.28,20.01,20.32,23.78,22.73,20.57,2.11,-10.98,16.52,6.67,1153.48
2183,19.78,21.35,19.67,22.38,21.16,19.74,3.11,6.1,22.14,1.77,993.15
2184,19.57,21.71,19.36,21.82,19.2,19.64,2.12,-2.56,19.87,8.29,1311.0
2185,19.08,19.93,18.6,22.49,21.59,18.88,2.4,1.01,20.62,8.92,1481.61
2186,20.62,19.95,19.6,21.14,21.94,20.57,0.86,1.83,19.29,3.09,2114.39
2187,19.7,20.27,20.74,22.91,21.44,21.14,3.28,-3.41,23.98,1.92,2269.69
2188,20.88,19.65,19.0,19.69,21.45,21.71,3.07,7.51,21.54,10.04,2035.51
2189,19.46,20.95,20.74,23.0,20.36,19.24,1.76,3.18,19.35,6.55,2279.0
2190,19.78,21.35,19.03,20.57,19.89,18.98,1.92,-5.96,19.41,8.92,1414.8
2191,19.7,22.06,19.8,23.44,20.6,18.39,2.94,-9.41,18.87,7.33,1159.99
2192,19.79,23.42,19.58,19.84,22.21,22.04,4.36,5.47,19.79,6.74,1374.31
2193,22.17,21.68,20.56,21.65,20.34,19.58,0.65,-1.69,20.87,10.1,2198.19
2194,20.29,22.37,21.35,20.79,21.6,20.15,1.59,4.89,20.8,9.52,1780.4
2195,19.89,20.39,20.73,23.75,20.28,20.18,1.68,-1.75,19.55,8.15,2036.16
2196,17.62,20.36,20.22,23.63,21.55,21.31,2.83,1.49,23.22,8.36,1435.83
2197,21.25,19.96,21.63,22.93,20.75,20.02,2.28,5.64,16.43,5.7,2123.32
2198,20.97,22.2,21.43,22.86,22.3,20.83,1.59,-10.51,18.94,8.66,1457.97
2199,18.81,20.88,19.98,22.59,22.05,20.39,0.87,11.8,21.52,11.66,2577.4
2200,22.2,22.52,22.07,23.09,18.81,19.46,2.81,2.63,23.12,10.07,2705.43
2201,19.49,21.97,21.07,19.99,22.25,18.97,1.84,-14.31,20.48,1.38,647.22
2202,17.56,21.03,21.6,22.08,23.9,20.41,1.07,9.44,23.33,8.36,1816.19
2203,20.2,20.93,21.09,21.62,19.97,20.53,1.45,6.92,23.83,8.6,2990.9
2204,20.95,19.38,20.59,21.76,22.74,20.73,1.66,-1.33,19.38,10.4,2088.19
2205,20.57,21.09,20.86,23.63,21.3,21.69,1.76,9.77,18.46,10.71,2669.92
2206,19.45,23.33,19.96,22.19,21.38,18.46,1.16,-4.47,18.42,8.49,1320.83
2207,19.21,21.41,20.33,21.39,22.24,20.61,1.17,-0.91,17.42,3.28,697.57
2208,19.13,21.09,21.16,22.43,18.24,19.42,3.9,16.41,17.76,6.66,2938.12
2209,22.2,21.58,19.72,21.55,20.0,20.47,2.26,3.65,18.27,4.62,2165.12
2210,21.76,22.08,22.13,21.57,22.97,19.88,1.67,7.59,17.87,3.5,2333.72
2211,19.85,20.4,20.77,21.64,20.29,19.85,2.3,5.72,22.25,11.19,2819.69
2212,20.74,21.37,21.45,23.36,22.66,21.84,2.13,-9.7,19.21,5.61,1476.79
2213,20.02,19.4,19.84,20.49,22.66,21.23,1.27,2.09,17.48,12.97,2381.04
2214,20.0,22.3,20.7,22.31,22.59,21.18,0.47,1.45,19.32,5.85,1017.83
2215,19.17,20.97,21.37,23.08,22.96,20.83,1.58,8.3,20.59,4.86,2674.71
2216,21.5,21.33,21.2,22.54,21.31,21.54,1.85,10.51,19.57,8.81,2787.84
2217,18.12,21.77,20.53,21.2,21.58,19.62,1.91,9.03,19.65,6.76,1532.02
2218,18.15,22.34,19.64,22.42,21.74,19.0,0.53,-3.31,16.73,7.83,1187.73
2219,19.29,20.1,19.51,21.9,22.86,21.75,3.98,-10.06,22.0,5.38,953.2
2220,18.95,19.71,19.32,22.57,20.24,21.35,3.92,3.5,19.39,5.38,2299.1
2221,19.55,21.68,19.01,23.14,20.48,22.22,2.36,-0.62,17.64,5.53,1865.26
2222,19.96,20.72,20.84,21.76,19.38,21.11,2.02,-7.36,19.87,3.87,1648.94
2223,19.37,20.6,21.89,23.38,22.06,22.11,1.55,-4.87,19.11,9.9,1837.04
2224,20.11,19.32,21.13,24.13,22.66,22.62,2.46,-0.41,20.33,7.62,2189.47
2225,19.9,20.71,21.68,24.64,21.91,20.48,1.91,1.81,25.93,7.46,2873.64
2226,19.31,22.07,19.99,24.69,22.65,20.07,3.0,-3.89,18.64,9.0,1431.15
2227,19.7,20.81,20.84,23.6,20.24,18.66,2.73,-0.11,21.64,8.07,2350.44
2228,20.72,20.43,20.9,21.11,22.83,20.22,1.32,-0.51,19.44,13.79,2517.34
2229,20.91,21.64,20.13,21.92,20.28,22.39,1.45,1.92,19.32,8.28,2232.38
2230,19.95,21.12,20.33,22.22,22.36,21.83,2.78,-6.83,22.77,0.85,1916.32
2231,20.33,23.29,20.34,23.44,22.51,21.28,2.56,-4.89,20.45,5.52,1893.99
2232,19.44,19.83,21.6,23.64,20.75,20.42,1.11,9.44,23.6,4.2,3028.59
2233,19.85,21.74,20.29,20.98,22.14,19.95,1.63,-1.81,19.98,8.4,1329.56
2234,20.54,20.84,21.47,22.59,20.43,20.6,1.88,3.34,23.02,5.76,2640.6
2235,20.07,23.15,21.15,20.05,23.0,21.22,1.97,-8.53,19.42,8.5,1340.55
2236,18.5,21.25,21.27,22.57,19.89,20.93,1.94,8.31,18.76,4.95,2496.49
2237,20.43,20.33,20.48,22.08,22.87,22.43,2.72,8.06,20.98,7.58,2766.62
2238,20.77,21.14,19.49,22.94,21.61,18.47,2.12,2.09,20.32,5.42,1027.46
2239,20.73,19.3,20.37,24.21,21.34,19.05,2.06,-4.3,17.57,5.98,1643.79
2240,19.97,22.79,19.11,23.02,22.0,19.19,1.39,-10.05,20.49,7.68,1214.3
2241,18.31,22.32,22.24,22.57,21.61,20.31,2.13,15.92,18.61,8.35,2104.93
2242,19.42,21.1,20.48,20.63,22.57,19.71,1.98,-2.84,21.8,11.29,1917.05
2243,21.13,21.47,21.02,22.11,20.28,19.02,1.62,-10.04,18.8,10.39,1505.43
2244,18.75,20.3,21.96,23.29,22.56,19.18,1.08,-4.18,19.37,9.83,1575.32
2245,18.43,21.65,20.82,22.99,20.92,18.48,3.02,2.8,18.13,8.3,1445.25
2246,19.3,19.23,21.4,20.69,20.91,20.76,3.42,-8.73,22.21,5.54,1846.94
2247,20.37,22.67,20.08,21.55,21.1,20.63,2.2,-4.13,20.96,8.87,1421.36
2248,21.76,23.14,19.65,20.09,21.39,19.43,3.15,-10.09,25.22,10.58,1804.61
2249,20.16,21.52,21.31,21.73,21.02,20.04,2.18,10.1,22.78,10.58,3124.12
2250,19.29,18.33,17.86,19.19,21.51,20.64,0.89,-0.58,19.22,7.05,1104.62
2251,20.59,19.74,21.18,23.25,22.1,20.56,2.24,-10.17,17.2,5.97,1255.12
2252,20.86,19.3,19.98,22.99,23.0,20.88,1.73,-6.3,18.86,9.38,1718.44
2253,19.09,20.04,20.21,22.59,22.65,19.28,2.38,-4.52,19.77,-0.31,626.75
2254,19.54,21.33,21.79,22.61,23.02,21.57,3.26,0.16,16.77,11.79,1959.75
2255,19.37,22.4,20.78,21.43,22.1,21.12,1.59,-6.38,18.45,10.68,1747.19
2256,17.62,20.19,21.42,19.07,21.42,20.44,2.31,-2.56,22.23,6.16,1026.67
2257,19.83,20.94,19.79,22.38,20.36,20.11,2.69,-4.46,18.43,6.01,1727.73
2258,19.02,22.36,20.35,21.32,21.07,21.88,3.08,-10.06,18.4,13.23,2371.02
2259,20.25,21.11,20.33,20.72,22.3,20.62,2.79,-6.41,21.15,3.9,796.24
2260,20.58,20.88,19.19,22.22,21.48,19.46,1.11,-5.4,19.03,6.21,993.71
2261,19.49,20.51,20.23,21.2,20.13,19.96,1.11,-8.54,20.11,12.26,2119.66
2262,18.58,19.05,20.4,23.08,21.15,19.83,2.61,-10.1,20.89,3.78,1588.54
2263,21.4,21.92,20.12,21.3,19.03,20.32,1.69,-4.17,18.88,7.49,1811.67
2264,20.3,21.05,20.46,20.85,21.96,20.44,1.21,6.05,21.7,6.28,1330.75
2265,20.44,21.13,20.54,22.73,20.23,20.54,2.95,-1.04,21.52,13.18,2386.97
2266,19.07,20.49,16.99,20.93,20.32,20.69,1.7,-22.28,20.75,5.37,916.33
2267,19.26,20.0,20.48,22.76,22.35,22.75,3.3,7.07,23.36,2.93,2856.94
2268,20.59,19.23,19.77,22.16,22.67,20.29,1.65,-4.85,21.93,7.73,2078.95
2269,18.81,23.6,19.98,23.3,20.1,18.98,1.4,10.07,19.55,5.37,1406.32
2270,21.04,21.06,19.12,23.5,21.6,20.58,1.95,5.65,18.61,8.79,2398.79
2271,21.83,21.07,20.94,22.95,22.55,21.45,2.61,-2.15,20.4,8.3,2108.3
2272,18.69,19.45,21.24,23.62,20.29,21.08,2.23,-1.37,19.95,3.49,2011.04
2273,19.23,20.11,20.13,21.54,21.71,19.31,3.51,-7.99,19.97,12.52,2207.21
2274,21.5,20.43,20.38,23.76,20.87,19.87,2.14,4.56,18.99,5.17,2304.11
2275,20.98,23.13,21.38,22.22,21.5,21.37,1.86,11.32,20.17,5.49,2828.29
2276,19.85,19.89,19.07,21.97,20.48,19.31,3.21,-5.09,23.48,8.73,1433.07
2277,20.3,20.73,17.33,19.93,20.92,18.65,2.48,-4.22,21.52,11.9,2060.91
2278,18.34,20.97,20.52,22.67,22.01,19.22,1.67,13.82,20.36,3.14,1415.54
2279,19.16,21.59,20.66,21.34,21.75,22.65,2.19,0.6,22.73,5.61,998.47
2280,22.04,19.63,20.31,21.82,22.24,21.48,2.17,-10.67,21.6,9.87,1743.77
2281,19.3,20.51,21.06,22.53,21.92,20.91,1.84,-9.55,19.44,5.28,1500.39
2282,21.46,21.95,21.19,22.55,22.52,19.3,2.15,11.93,19.98,7.47,2889.18
2283,18.54,20.13,19.3,23.12,22.59,19.91,0.97,3.32,21.98,5.76,1131.48
2284,19.18,20.48,19.7,21.39,20.56,20.89,1.72,-7.35,20.57,8.48,1348.14
2285,20.4,23.6,19.17,21.55,20.55,21.11,2.35,2.36,20.96,3.26,861.78
2286,20.71,20.91,21.94,24.26,21.1,18.97,1.58,-5.83,17.72,7.95,1602.05
2287,19.64,22.3,20.46,21.95,19.84,22.44,1.29,-13.44,19.06,8.46,1284.7
2288,20.58,21.86,20.83,19.93,21.83,21.24,1.97,-2.42,19.97,9.04,1442.37
2289,20.54,21.09,19.55,24.12,20.87,19.83,1.62,-0.06,22.49,5.43,2375.91
2290,21.34,21.6,19.52,19.79,19.2,19.72,0.94,-10.97,24.27,11.34,1940.32
2291,20.32,21.57,21.36,22.12,20.05,19.15,0.96,-8.8,18.36,0.7,1336.5
2292,19.87,22.69,21.33,23.73,22.6,20.16,2.33,-7.01,18.88,5.01,1593.92
2293,19.29,21.67,21.53,23.98,21.84,19.38,2.07,-1.43,21.0,14.33,2327.33
2294,21.05,21.06,20.61,22.38,20.48,19.2,2.25,0.9,24.85,7.09,2706.64
2295,20.04,20.19,20.54,20.76,21.33,20.77,1.76,-10.1,18.18,10.37,1679.09
2296,18.16,21.21,21.67,21.19,21.23,20.91,0.79,-4.07,16.51,7.57,1146.12
2297,19.91,21.27,21.3,23.65,20.85,19.81,1.3,-3.29,20.42,12.21,2105.37
2298,20.32,22.85,20.28,21.36,21.78,21.29,1.74,-12.16,17.55,6.42,1009.22
2299,18.02,21.84,19.68,19.82,20.2,19.22,2.35,1.57,21.26,7.67,1306.37
2300,19.41,20.09,21.27,20.78,22.22,19.25,0.6,4.18,21.72,9.62,1761.18
2301,18.35,21.47,20.36,21.48,23.89,21.63,0.15,2.18,19.65,11.6,2059.47
2302,20.85,21.24,20.4,23.07,22.04,18.41,3.16,-9.25,19.2,1.46,1432.9
2303,18.76,20.56,20.24,23.39,21.79,20.95,2.48,4.19,18.7,8.55,2323.46
2304,19.39,20.21,20.78,22.76,21.32,19.76,1.3,-0.71,20.22,4.44,2085.64
2305,19.45,19.47,20.26,23.33,20.71,19.69,1.81,6.88,17.6,6.83,2334.09
2306,21.03,23.18,20.57,23.24,20.79,18.71,1.66,3.35,19.18,5.39,1072.26
2307,19.92,19.75,19.17,21.47,21.55,20.05,2.23,2.18,18.67,0.28,721.38
2308,22.1,20.76,18.14,21.13,22.64,21.36,1.59,-1.97,20.65,10.17,2171.93
2309,20.01,19.31,19.99,23.38,22.77,19.99,1.08,6.69,20.8,3.06,2557.2
2310,22.27,19.81,20.72,23.24,20.93,20.39,2.39,-8.0,23.13,6.79,1996.64
2311,21.29,21.73,20.22,23.33,21.71,21.42,3.45,-8.85,18.21,6.68,1463.65
2312,21.48,20.87,21.18,23.48,22.48,20.09,2.42,19.19,19.4,4.61,3213.78
2313,18.62,19.84,19.29,21.68,21.14,20.91,2.06,-13.6,22.06,8.92,1440.79
2314,19.76,22.34,20.87,20.87,22.44,19.0,1.83,-8.34,21.06,5.9,983.73
2315,19.2,18.67,18.87,22.69,21.42,20.1,1.37,5.63,18.8,4.85,2333.78
2316,18.93,20.18,20.07,19.55,21.03,19.34,1.67,-11.39,17.6,2.63,665.85
2317,18.33,20.75,19.61,21.78,21.42,18.9,2.31,5.16,24.17,4.22,1104.23
2318,20.72,21.45,21.11,20.7,21.95,20.26,2.95,8.59,17.13,8.27,1716.5
2319,20.95,21.47,20.66,22.08,20.97,19.65,2.99,9.42,17.73,1.0,2393.09
2320,19.72,18.39,19.92,19.9,21.38,21.89,2.14,0.47,20.46,12.03,2342.0
2321,18.67,19.85,20.72,22.29,20.39,19.39,2.15,-8.21,22.11,6.54,1077.33
2322,18.45,20.46,19.52,21.38,23.29,22.83,2.04,-6.4,18.4,4.4,801.39
2323,20.05,20.91,22.37,24.27,20.19,19.18,2.46,8.86,21.5,8.79,2885.28
2324,19.13,20.23,22.19,22.87,21.62,20.43,2.04,-13.06,18.16,5.75,1172.33
2325,21.22,19.68,19.82,19.07,20.4,20.1,2.05,5.76,21.76,9.67,1867.5
2326,20.9,20.43,21.77,21.42,22.17,20.71,1.31,-11.26,21.79,3.81,1598.32
2327,20.38,20.92,21.2,19.06,22.58,19.21,1.29,-0.67,18.4,4.03,763.16
2328,19.12,21.31,21.14,22.06,19.67,19.53,1.45,-4.36,21.93,8.79,1410.22
2329,20.17,20.92,17.19,20.93,21.73,19.94,2.19,-3.1,18.21,10.59,1729.56
2330,21.44,22.19,20.76,23.02,21.07,19.91,1.75,9.39,15.67,7.59,2303.21
2331,18.07,19.21,19.94,21.07,22.01,19.58,4.07,-3.77,19.79,7.69,1235.07
2332,20.19,21.31,20.1,22.87,23.35,21.25,2.31,7.3,20.88,4.5,2642.58
2333,22.09,21.22,22.09,22.41,20.9,19.33,3.26,-5.04,21.67,5.45,2010.96
2334,17.86,19.89,19.59,22.98,21.13,18.03,3.19,1.83,22.36,5.03,1002.16
2335,19.61,22.7,20.78,21.8,20.99,17.88,2.34,-0.89,18.1,10.89,1795.74
2336,21.46,22.42,20.81,24.43,20.87,18.65,1.97,-9.61,20.06,11.17,1678.75
2337,19.24,19.77,20.06,21.92,22.11,20.7,1.28,-9.45,19.22,8.56,1342.29
2338,18.89,21.56,21.49,22.73,19.59,20.35,1.52,-1.84,20.06,13.03,2176.58
2339,20.86,21.65,20.33,22.26,20.03,19.07,2.67,-2.76,25.28,8.85,2572.69
2340,21.24,21.73,20.8,22.31,21.51,20.85,2.22,4.74,19.7,10.55,2493.05
2341,19.38,21.92,19.01,21.13,20.86,19.84,1.49,-12.99,18.21,6.34,1003.21
2342,20.65,20.34,20.12,20.96,21.68,20.21,1.83,-5.8,19.58,6.53,1045.9
2343,19.65,22.54,22.34,25.3,23.11,21.27,2.26,3.01,21.86,6.53,2524.56
2344,19.63,20.52,20.26,22.8,20.84,19.64,2.02,-1.74,21.08,4.19,2112.53
2345,19.24,20.59,17.83,19.32,22.05,19.42,1.81,-10.18,22.29,5.68,969.33
2346,20.8,20.42,21.66,22.49,22.89,19.86,1.96,2.52,24.16,7.99,2752.31
2347,19.16,17.08,22.39,21.61,19.56,19.29,0.07,5.94,24.06,5.2,2872.19
2348,20.23,22.4,20.87,21.73,20.54,20.37,2.01,-6.98,18.54,8.67,1360.42
2349,19.6,20.72,19.48,20.02,22.08,21.3,1.15,6.77,21.65,4.78,1199.86
2350,18.96,22.31,20.28,22.39,21.72,20.22,2.29,-4.17,16.86,4.64,810.46
2351,20.67,20.59,19.99,21.67,21.06,20.49,2.11,-2.49,22.4,7.04,2258.61
2352,21.31,23.16,20.52,24.86,21.93,20.95,2.6,-3.73,17.2,0.87,1547.72
2353,19.1,20.78,20.72,23.08,19.89,18.48,2.61,7.1,17.21,10.24,2003.03
2354,18.13,20.02,21.16,23.99,22.02,19.43,3.38,-1.14,19.71,9.12,2121.45
2355,19.39,18.97,21.02,20.57,20.42,20.18,0.41,5.41,22.05,9.45,2728.37
2356,19.71,21.82,20.93,22.7,21.19,20.83,1.9,-3.4,18.29,9.23,1832.03
2357,22.63,19.22,20.94,22.18,21.85,20.02,0.37,2.51,19.05,6.66,2196.51
2358,21.28,20.68,20.15,21.17,20.49,19.67,2.39,-7.61,18.48,7.73,1575.06
2359,19.93,20.87,20.33,21.82,22.8,19.06,1.87,7.01,20.38,8.17,1645.78
2360,19.6,20.37,18.57,19.34,19.82,18.65,1.62,-2.15,22.02,2.65,709.94
2361,22.65,20.84,19.5,20.82,19.69,20.72,2.21,8.74,20.12,7.6,2715.11
2362,19.73,20.86,20.49,23.07,20.81,20.33,1.16,-0.37,18.88,5.87,1999.69
2363,19.67,20.32,22.17,25.45,22.67,21.39,3.48,0.67,23.42,12.54,2671.84
2364,19.6,21.01,20.62,21.03,23.09,19.64,1.8,16.01,22.24,6.42,1857.63
2365,20.02,22.16,21.41,22.95,21.91,18.58,2.06,5.22,18.57,6.62,1309.25
2366,20.72,19.64,18.66,21.0,21.44,21.34,1.9,1.36,18.37,3.34,2008.45
2367,18.97,20.0,19.13,21.86,21.65,19.57,2.74,-8.53,19.29,5.83,962.89
2368,19.9,21.14,20.1,20.93,20.32,20.11,1.04,-5.29,22.15,0.66,640.75
2369,19.4,21.29,22.4,21.79,21.03,20.2,2.66,5.5,15.5,12.58,2162.48
2370,19.68,20.63,22.6,22.79,21.98,21.48,1.59,-2.33,22.9,8.75,2346.54
2371,20.24,20.96,20.14,22.36,20.64,19.81,1.59,-1.45,19.38,5.9,1987.64
2372,21.53,21.26,20.37,20.35,20.94,20.13,2.7,-7.57,17.77,8.51,1523.51
2373,19.6,20.02,20.81,20.21,21.63,20.93,1.79,2.84,20.37,4.12,937.82
2374,19.71,20.86,20.84,19.71,21.64,20.38,2.49,0.73,20.66,6.46,1088.9
2375,19.37,20.32,20.19,21.53,20.54,17.67,2.51,4.99,21.91,3.67,1031.73
2376,19.87,22.56,21.31,22.69,24.23,20.82,1.72,8.67,22.53,2.41,1137.05
2377,21.09,20.86,19.8,20.86,23.11,21.78,2.19,3.14,20.79,9.29,2480.14
2378,20.14,22.43,21.38,22.48,21.45,21.42,1.61,-8.21,21.13,6.68,1775.86
2379,17.76,19.51,21.31,21.5,20.04,21.11,1.98,-10.58,20.22,1.81,660.3
2380,19.87,20.91,21.13,23.14,21.52,18.6,2.38,5.12,21.47,4.52,2573.85
2381,19.97,22.83,20.32,22.22,21.79,19.82,1.23,0.84,18.9,10.92,1841.59
2382,20.48,19.87,19.83,21.89,19.69,20.01,2.35,12.26,19.31,4.83,2791.36
2383,21.74,19.76,19.97,20.22,20.54,19.71,2.25,0.17,17.17,8.87,1933.64
2384,20.09,21.93,19.66,19.86,22.11,20.02,0.81,-12.09,23.69,4.79,877.75
2385,21.64,21.01,21.19,22.62,22.08,21.62,1.4,-8.86,18.86,7.73,1527.64
2386,21.05,21.13,19.23,21.49,20.72,19.03,1.45,-5.25,22.37,8.57,1377.66
2387,20.17,21.96,21.05,23.84,22.33,20.71,1.64,12.19,22.78,5.02,3131.3
2388,17.99,20.03,20.16,22.37,20.39,18.52,1.24,8.18,17.21,6.6,1431.88
2389,20.49,19.31,21.97,21.74,21.59,19.71,2.75,-3.75,20.36,7.92,2002.27
2390,21.8,22.85,20.71,22.24,19.68,19.59,2.85,-1.36,21.45,5.3,2203.22
2391,20.55,21.53,20.79,21.77,20.52,18.02,1.37,-9.54,19.01,6.37,1015.92
2392,20.16,21.38,21.97,22.63,21.42,19.81,1.08,-9.78,17.52,4.17,1263.25
2393,18.72,21.0,20.09,22.43,22.89,20.54,1.99,7.83,23.3,7.31,1583.02
2394,18.75,21.04,20.6,21.55,21.36,21.08,3.06,6.59,21.43,10.23,2023.73
2395,18.96,20.31,21.02,22.79,19.99,19.52,3.72,-1.93,20.17,3.51,2013.28
2396,20.16,22.02,21.43,23.97,20.8,19.08,1.46,12.9,18.09,4.88,2700.68
2397,20.21,21.52,19.81,21.51,22.89,19.85,0.18,3.04,18.15,0.87,744.06
2398,19.9,20.01,17.93,22.42,21.76,19.98,0.81,1.48,20.42,8.54,1419.76
2399,20.33,21.87,20.78,21.94,21.3,19.91,0.57,1.52,19.17,2.2,727.62
2400,19.57,19.39,18.25,22.39,20.35,20.02,2.33,-7.43,20.53,8.51,1805.48
2401,19.63,22.38,21.25,22.82,20.99,19.39,2.08,6.61,20.85,8.71,1722.55
2402,19.35,20.87,22.01,22.18,22.08,20.34,2.17,6.66,19.2,9.73,2541.8
2403,20.97,18.58,20.15,21.65,22.36,22.04,2.9,1.68,23.79,8.11,2675.62
2404,18.92,19.95,18.92,21.25,22.4,21.47,3.3,-7.83,18.62,2.47,685.31
2405,19.68,21.51,18.48,23.45,19.85,20.82,2.67,7.62,18.27,6.6,2447.87
2406,18.78,21.85,20.61,19.35,21.56,19.27,2.59,-12.6,20.95,7.59,1215.9
2407,20.24,20.43,19.87,22.19,19.49,22.15,0.82,-5.42,21.08,8.6,1967.97
2408,19.75,21.79,21.18,22.31,21.05,19.0,1.59,4.06,18.17,8.71,1563.26
2409,21.47,18.48,19.01,21.64,23.21,20.67,3.11,-2.86,19.41,5.72,1920.65
2410,17.78,23.19,19.67,23.17,22.0,20.83,1.56,-6.93,17.22,6.67,1035.34
2411,19.44,19.79,22.06,23.12,21.47,20.71,2.88,9.69,18.98,6.7,2648.31
2412,20.7,19.83,18.93,20.7,23.18,20.28,2.1,7.93,21.76,3.2,1141.79
2413,19.07,21.35,21.0,22.58,21.43,20.75,2.63,7.47,17.65,4.1,1145.34
2414,20.17,21.5,20.74,22.32,22.0,18.34,1.3,2.32,18.01,6.78,1172.69
2415,19.52,21.15,21.32,23.1,20.79,19.05,2.61,0.24,18.49,4.49,1985.52
2416,21.27,21.37,20.62,22.5,21.83,21.02,1.49,12.17,22.51,2.61,3054.48
2417,19.71,18.57,19.13,20.98,21.45,19.41,2.18,10.05,22.2,2.44,1207.51
2418,20.38,21.44,20.79,22.45,21.58,20.44,1.98,-0.59,16.29,9.09,1798.84
2419,19.95,20.35,20.98,22.76,21.98,19.83,2.95,18.98,16.8,8.06,3012.5
2420,20.79,22.71,20.11,23.46,19.31,18.29,2.67,-0.88,20.26,7.44,2154.48
2421,18.75,20.19,19.27,22.82,22.85,21.41,0.59,2.7,17.1,6.02,1076.07
2422,18.22,20.02,20.47,24.55,20.39,19.4,1.35,9.73,22.66,5.25,2974.21
2423,21.23,19.6,21.03,22.51,20.91,20.17,1.49,2.6,16.12,0.95,1807.67
2424,17.52,22.19,20.08,21.85,20.77,20.3,2.55,-1.85,18.63,8.78,1389.44
2425,20.44,21.04,20.62,23.34,22.16,21.12,1.6,2.67,20.51,5.78,2349.4
2426,21.03,21.13,20.8,23.96,21.57,20.57,1.13,-0.04,23.27,8.86,2520.72
2427,18.56,20.28,17.53,20.62,22.24,19.63,0.91,-14.91,20.08,4.19,791.39
2428,18.95,21.3,19.94,20.25,20.06,20.22,2.58,7.02,20.73,11.94,2415.42
2429,19.24,21.32,21.67,23.93,21.62,18.82,0.34,-4.36,20.45,7.56,1940.95
2430,20.88,21.75,19.79,20.23,21.51,20.55,2.84,-8.05,22.07,6.64,1092.83
2431,20.99,21.33,19.02,21.43,20.5,19.8,0.97,8.43,20.71,3.94,1197.34
2432,20.23,22.16,20.48,22.71,21.81,18.51,1.64,2.65,21.62,7.5,1331.95
2433,19.25,20.29,22.0,21.48,20.89,18.87,1.07,4.76,21.67,8.85,1655.31
2434,20.54,20.64,19.81,20.94,20.2,20.07,1.26,-0.88,22.4,0.28,640.13
2435,18.96,20.18,21.2,20.89,21.29,19.72,1.82,1.57,16.16,6.6,1092.47
2436,19.3,20.43,21.0,21.86,21.43,21.5,1.89,-2.11,17.25,6.64,1754.56
2437,19.89,23.1,21.77,24.25,23.09,20.4,0.76,-6.03,21.49,8.35,1968.86
2438,20.04,22.81,22.21,21.53,20.05,19.59,1.68,4.8,24.44,1.97,942.13
2439,17.93,21.82,20.05,20.46,21.24,19.41,2.08,1.67,20.75,9.4,1601.56
2440,19.37,21.6,20.48,20.98,21.04,20.42,2.37,12.05,19.57,9.21,2073.83
2441,18.56,20.27,20.21,20.95,21.19,20.48,0.37,-15.65,22.17,9.32,1499.95
2442,21.29,23.41,21.06,22.4,20.56,19.45,1.62,8.25,22.92,5.02,2908.94
2443,21.92,21.12,19.9,22.05,21.25,20.59,0.36,-2.72,21.48,10.37,2202.34
2444,19.89,20.94,19.13,20.44,19.32,21.9,1.59,-3.38,20.01,4.56,828.0
2445,19.15,21.33,22.11,21.12,21.62,20.91,1.66,4.09,20.19,0.66,832.43
2446,20.31,21.97,19.86,21.07,20.47,18.26,2.5,-6.22,20.62,7.93,1264.84
2447,20.19,19.91,20.57,22.38,22.43,20.44,2.78,-3.15,22.93,6.82,2274.18
2448,20.51,21.05,21.42,23.57,22.3,19.73,1.18,4.16,20.95,10.66,2576.8
2449,18.27,19.07,20.76,22.43,21.73,20.3,2.24,-3.75,20.98,3.9,787.34
2450,20.16,21.98,20.32,23.47,21.52,19.98,2.52,-4.94,22.1,5.96,2062.9
2451,20.04,20.49,22.82,24.02,23.98,18.16,1.4,-4.96,19.99,5.69,1835.25
2452,20.24,20.23,19.51,22.03,21.73,20.92,2.62,2.46,20.61,9.41,2427.33
2453,20.34,19.4,20.27,22.95,21.79,20.15,2.11,-8.43,24.45,3.75,2038.86
2454,20.54,21.97,20.71,21.79,21.53,21.39,1.78,5.29,18.85,10.82,2441.52
2455,18.95,21.46,20.15,21.58,21.11,20.78,2.11,14.81,18.97,4.79,1585.5
2456,18.97,19.76,21.55,21.81,20.05,21.81,0.74,0.02,18.43,5.67,1972.14
2457,18.98,19.6,21.32,24.16,22.41,21.0,2.11,3.05,20.73,7.13,2424.74
2458,18.99,19.31,21.02,22.45,21.32,19.58,1.32,1.85,20.85,3.96,2294.46
2459,19.9,19.64,19.79,23.35,21.49,19.6,2.02,-6.54,16.58,8.17,1453.88
2460,17.29,19.44,17.74,20.14,21.45,19.88,1.68,2.21,22.12,7.79,1359.54
2461,20.13,21.25,20.0,23.71,21.45,18.85,2.23,1.56,18.03,5.14,2026.02
2462,18.85,22.39,20.73,19.83,21.72,19.98,2.95,12.4,21.01,7.86,1882.63
2463,18.81,19.31,19.32,22.43,21.37,19.42,2.1,1.74,20.34,7.94,1347.41
2464,19.57,20.86,20.15,22.88,20.53,19.67,2.8,8.69,15.13,8.71,2241.26
2465,19.18,21.27,21.21,20.69,22.27,22.24,1.18,3.0,15.85,10.3,1782.51
2466,20.26,19.46,21.39,22.09,22.29,19.8,3.15,-3.56,17.95,8.25,1784.11
2467,19.19,18.89,20.6,23.25,22.26,21.17,1.19,-8.3,22.6,8.45,1947.23
2468,19.76,20.81,20.0,21.67,23.34,19.22,1.0,2.16,16.65,3.69,824.8
2469,20.45,21.18,20.18,21.42,22.32,20.08,1.78,5.32,22.45,2.4,968.3
2470,19.33,20.52,19.08,21.13,21.34,19.92,1.64,-0.62,16.83,5.34,872.12
2471,19.85,22.2,21.03,21.61,21.3,19.67,0.73,-4.43,16.14,7.98,1205.71
2472,20.35,21.29,20.13,24.11,20.94,19.59,1.1,9.85,20.69,8.25,2841.35
2473,18.97,20.77,20.57,21.73,22.78,18.88,-0.88,-3.09,20.02,-0.58,599.89
2474,21.73,20.91,21.21,22.02,22.3,19.56,0.92,-8.06,16.84,7.4,1361.43
2475,19.65,20.29,20.6,24.23,22.45,18.88,1.47,-0.45,17.81,10.38,1983.13
2476,21.03,19.54,19.82,21.61,21.7,19.36,3.19,0.54,20.71,13.78,2415.31
2477,20.1,19.5,21.83,22.94,21.32,19.28,2.57,-5.15,19.35,11.32,1881.71
2478,20.85,21.74,21.61,23.43,21.09,18.47,2.26,-0.64,21.37,5.44,2235.3
2479,19.44,20.82,21.48,21.66,20.7,21.77,3.73,-11.87,19.42,5.26,1377.81
2480,18.46,21.83,20.48,21.73,22.29,19.82,0.57,2.97,22.17,8.48,1497.29
2481,18.18,20.09,20.01,21.25,23.19,21.24,1.95,-7.35,17.91,9.43,1490.16
2482,18.35,20.16,21.6,21.24,23.87,21.03,3.63,-2.67,21.3,10.37,1729.4
2483,19.52,21.7,20.42,22.92,21.95,19.43,1.59,-4.74,17.69,8.79,1368.42
2484,19.15,21.43,20.11,20.36,21.21,19.91,1.34,9.81,20.71,3.32,1227.64
2485,20.8,19.77,19.81,20.76,20.4,20.02,2.65,-2.12,21.41,2.82,2102.59
2486,20.67,19.67,19.37,20.58,19.81,18.39,1.55,-5.9,18.06,11.38,1894.77
2487,20.59,23.09,20.87,22.35,19.39,19.58,3.01,14.63,20.86,6.5,3127.91
2488,18.93,20.18,18.24,20.97,21.83,18.86,2.67,12.56,21.25,4.09,1438.3
2489,20.8,20.92,19.8,21.49,22.03,19.26,1.85,5.85,21.11,3.6,1057.44
2490,21.79,19.45,18.77,22.39,20.33,19.72,2.78,3.93,18.64,5.37,2240.84
2491,19.78,22.12,20.76,22.13,21.62,21.34,1.81,-6.06,19.37,11.78,2004.94
2492,20.68,21.39,22.96,22.1,21.99,20.9,2.11,7.61,23.83,6.27,2991.53
2493,19.02,21.02,20.71,21.89,21.53,19.3,2.47,2.55,18.38,9.17,1582.03
2494,20.5,21.81,20.09,21.92,21.09,21.76,1.69,-4.46,20.37,8.05,1952.33
2495,20.22,21.79,18.65,22.23,21.56,18.93,3.21,0.99,19.67,6.83,1149.21
2496,19.24,20.86,21.82,20.38,21.64,20.03,2.06,-3.25,20.78,1.08,642.97
2497,17.91,21.74,20.75,21.69,22.14,18.47,2.23,-10.66,23.11,9.51,1560.97
2498,19.75,20.88,19.79,21.3,20.73,19.82,0.95,9.56,18.93,4.77,1308.93
2499,19.94,20.75,19.15,19.53,21.53,18.52,1.48,-12.7,20.83,2.03,668.46
2500,21.28,22.05,21.02,24.9,22.81,20.22,2.13,15.1,21.56,1.46,3117.97
2501,20.68,20.7,19.5,22.95,20.5,19.32,2.69,-1.5,19.43,8.77,2060.44
2502,19.97,20.99,20.97,22.76,20.58,19.07,3.13,3.16,18.45,9.42,2259.95
2503,20.89,21.33,19.98,20.26,21.0,20.51,1.15,3.74,20.29,0.14,804.37
2504,19.12,20.42,20.15,20.19,21.48,20.56,1.34,-6.93,20.13,5.43,914.84
2505,18.79,20.98,21.35,22.66,21.96,22.15,1.02,-1.47,17.05,8.09,1794.35
2506,19.54,21.3,21.25,23.03,21.33,19.48,2.39,-0.71,18.57,7.46,1991.89
2507,19.92,23.09,20.59,24.5,20.17,21.47,3.13,-4.23,21.6,5.46,2051.58
2508,20.09,22.44,22.01,22.7,22.35,20.84,1.87,7.26,19.2,6.75,2514.66
2509,20.53,22.3,20.71,18.04,21.65,20.68,2.05,-8.47,21.03,9.84,1603.99
2510,20.17,21.23,21.02,22.27,23.68,19.58,2.11,1.39,18.08,8.31,1367.93
2511,20.07,21.3,19.55,22.21,22.83,21.42,1.62,-11.97,20.34,8.94,1424.87
2512,20.01,19.5,18.99,21.76,21.28,21.59,1.02,1.67,20.34,5.69,2263.51
2513,18.63,20.3,19.48,20.89,23.0,20.91,2.85,1.19,20.7,3.18,801.54
2514,18.25,21.36,20.27,23.94,20.45,18.97,2.12,13.35,19.34,7.73,1886.21
2515,21.1,22.97,19.42,22.74,21.76,18.57,1.56,-4.3,20.41,9.4,1509.08
2516,20.76,21.65,21.02,22.1,23.25,19.49,4.4,-1.19,24.28,4.97,933.34
2517,21.97,21.39,21.55,23.76,21.47,21.55,2.0,-1.68,20.95,7.7,2173.83
2518,20.96,20.37,20.15,20.24,20.5,18.71,0.63,11.77,23.27,6.99,1718.07
2519,19.18,22.06,20.64,22.03,21.59,19.93,2.52,-4.03,19.74,2.01,668.97
2520,21.28,20.2,22.45,22.95,22.39,19.78,0.53,1.58,15.5,6.53,1784.42
2521,20.5,21.95,20.98,22.08,21.82,19.97,2.37,-2.05,21.65,7.52,1208.66
2522,20.56,19.17,19.6,21.69,21.06,20.27,2.35,-1.06,24.45,5.61,2521.39
2523,19.4,20.72,19.61,23.85,23.64,21.17,3.1,0.08,20.36,10.28,2284.42
2524,19.62,22.07,20.36,24.86,22.07,20.26,1.2,7.69,18.97,3.26,2439.55
2525,19.47,21.67,19.82,22.42,22.24,20.11,1.77,10.18,20.26,13.45,2942.97
2526,21.33,20.86,19.11,21.49,22.37,19.95,1.94,-9.72,22.57,6.99,1136.35
2527,21.16,20.23,21.45,22.74,24.03,20.79,2.69,5.47,20.36,6.42,2522.74
2528,19.52,20.62,20.09,20.08,22.86,20.06,2.35,8.78,18.77,9.75,2006.54
2529,20.59,22.82,22.13,22.32,20.34,19.14,2.42,2.38,18.2,2.51,2043.83
2530,18.54,20.09,19.52,21.04,20.06,19.76,2.98,8.29,21.57,13.83,2977.18
2531,21.05,20.31,21.12,22.23,21.23,21.01,1.82,-8.74,27.47,4.95,2344.16
2532,18.6,22.27,20.37,20.17,20.81,18.24,3.17,3.56,17.87,9.66,1724.93
2533,19.72,22.86,18.49,23.26,21.11,21.28,1.93,8.74,21.38,7.01,1564.57
2534,20.06,21.26,21.73,20.62,21.94,19.31,2.72,-4.41,21.52,3.95,802.75
2535,17.37,20.07,20.54,23.8,19.98,20.76,1.6,-9.02,17.96,10.06,1477.53
2536,19.15,20.16,19.29,21.35,20.42,18.85,2.48,7.99,21.77,8.59,1785.99
2537,18.88,20.94,21.37,21.99,22.59,20.71,2.93,-2.96,24.62,16.15,3283.72
2538,20.44,22.22,21.05,23.56,21.56,20.83,1.13,-4.05,22.1,8.16,2145.66
2539,21.49,21.87,19.66,22.13,23.63,22.32,2.76,-13.16,19.36,5.1,1281.65
2540,20.99,18.85,19.16,22.93,24.33,21.68,2.14,-3.59,17.53,1.43,1592.07
2541,21.32,21.28,21.47,23.83,22.55,17.48,3.63,-4.89,21.01,4.77,1943.77
2542,19.14,20.13,19.76,20.98,19.36,20.15,1.79,-12.62,19.8,7.77,1224.19
2543,20.62,21.74,21.37,21.09,20.21,19.88,2.23,-4.1,21.45,5.88,2044.5
2544,19.56,23.18,21.32,23.03,22.23,21.03,1.88,8.3,19.49,9.29,1897.18
2545,20.81,20.42,20.91,23.05,22.47,19.97,2.53,2.4,18.33,8.09,2168.75
2546,19.91,20.56,19.47,21.74,22.41,19.5,0.25,-11.46,20.23,3.26,715.29
2547,21.13,21.25,19.84,22.5,22.22,20.31,0.87,2.73,22.57,5.77,2550.65
2548,19.92,22.11,21.39,22.85,21.31,19.15,2.53,5.09,21.79,4.4,1095.67
2549,19.95,21.28,20.77,22.36,21.4,19.54,2.02,0.73,19.53,8.03,1304.18
2550,19.99,21.02,20.33,22.33,22.02,21.29,0.4,-0.25,17.85,8.29,1944.15
2551,19.25,22.14,19.82,23.49,20.79,21.01,1.49,-5.55,19.51,5.2,1741.4
2552,22.05,21.0,20.09,22.19,20.94,20.63,1.69,2.93,19.46,2.08,2183.82
2553,22.03,21.33,19.85,21.76,21.18,20.8,1.61,4.1,19.98,15.44,2574.74
2554,21.78,20.58,21.4,22.31,21.93,20.82,2.75,1.96,24.48,7.97,2758.31
2555,19.86,19.25,21.03,22.58,22.25,21.39,3.01,12.22,19.47,7.96,2875.08
2556,20.13,21.76,20.41,21.5,20.78,19.46,0.21,-1.44,20.35,1.38,629.26
2557,20.37,21.42,21.69,22.55,21.06,22.4,1.9,-9.12,21.71,9.17,1831.72
2558,20.55,19.71,19.45,21.3,21.38,20.28,2.09,11.72,21.13,10.19,3046.52
2559,21.32,21.77,20.43,22.65,21.97,19.3,0.81,-13.23,23.26,8.01,1704.91
2560,16.73,18.97,19.75,20.96,20.6,20.2,3.0,-2.79,19.02,7.4,1175.37
2561,19.33,19.94,20.86,21.41,21.89,20.68,2.3,-6.45,18.8,7.41,1164.61
2562,21.29,19.99,21.02,22.87,20.83,19.99,2.68,-0.71,19.36,4.34,2011.92
2563,20.2,19.75,20.58,19.84,24.7,20.29,1.64,-0.95,18.3,4.91,845.98
2564,19.09,22.6,18.95,21.83,20.49,19.54,1.38,-6.69,20.19,6.31,1018.08
2565,20.7,22.09,19.94,22.5,19.72,20.24,1.54,7.47,20.4,10.3,2714.91
2566,19.66,20.13,20.02,21.9,21.02,22.86,1.91,-0.94,19.43,7.8,2065.68
2567,21.46,20.35,21.11,23.15,20.69,20.43,1.66,8.53,21.21,4.78,2749.31
2568,19.39,20.71,19.99,21.19,21.78,20.55,2.72,-8.18,21.28,5.06,901.37
2569,20.5,21.3,19.85,19.67,24.07,21.41,4.13,-7.56,18.67,0.51,632.23
2570,20.21,21.18,21.8,22.59,20.67,20.33,2.47,-7.75,21.27,8.35,1857.74
2571,23.44,23.09,21.65,22.68,20.7,19.16,0.44,3.63,17.9,6.37,2145.27
2572,19.87,21.12,21.41,21.94,22.46,20.23,2.12,12.23,18.31,7.56,1790.1
2573,21.57,20.89,20.2,22.53,22.57,20.14,1.05,-2.13,23.18,16.09,2526.65
2574,18.96,21.02,21.42,22.32,20.76,19.17,1.67,-16.2,19.63,5.66,938.65
2575,19.27,20.71,19.53,22.64,21.39,19.51,1.97,3.32,19.68,7.64,1372.56
2576,19.89,20.72,20.18,22.87,22.2,20.55,1.79,4.65,23.73,5.11,2777.63
2577,20.52,19.96,20.38,22.17,22.13,20.38,1.17,-7.24,20.44,6.5,1757.15
2578,20.97,21.16,22.32,19.8,21.33,20.03,2.42,3.96,19.57,4.08,988.09
2579,19.68,22.12,21.04,23.7,19.97,19.65,0.4,5.68,18.36,3.7,2259.94
2580,19.38,21.65,21.51,22.81,22.23,21.55,2.31,-14.34,21.04,1.59,1302.88
2581,20.23,20.1,19.69,21.36,21.92,19.36,1.28,7.81,23.22,3.75,1175.87
2582,21.93,22.51,20.98,23.39,21.79,20.44,2.22,8.25,19.95,7.7,2673.07
2583,19.58,21.84,19.79,22.79,20.73,19.53,0.92,-2.16,22.85,6.06,1007.75
2584,18.57,21.83,20.83,23.02,21.74,19.98,2.19,4.52,19.8,6.34,1252.75
2585,20.49,21.63,21.58,22.7,22.78,20.75,3.1,13.84,18.62,5.65,2840.74
2586,20.45,22.14,18.87,23.41,21.25,18.99,1.52,-4.6,19.13,7.46,1169.0
2587,18.91,21.01,19.09,23.24,21.38,21.43,1.51,8.12,18.64,7.28,1541.62
2588,19.8,20.14,20.69,21.34,23.3,19.3,2.35,1.72,23.05,7.09,1245.02
2589,18.51,20.7,20.25,21.03,21.43,18.88,2.17,-7.98,22.49,6.02,1016.06
2590,19.71,20.96,19.29,20.88,21.41,18.83,0.89,-12.74,20.88,9.19,1463.68
2591,20.66,23.05,21.44,22.8,23.26,19.73,2.89,5.05,15.85,0.98,849.08
2592,20.35,21.6,21.08,21.17,24.05,20.53,2.65,-9.14,23.28,4.71,883.94
2593,19.14,22.93,20.3,22.09,20.42,19.74,3.03,6.78,19.33,4.61,1178.13
2594,20.28,21.5,19.88,20.7,20.75,19.8,2.44,-15.29,18.87,8.94,1415.89
2595,20.95,19.63,21.6,22.36,21.48,20.64,3.51,1.04,19.43,5.38,2153.37
2596,19.05,21.89,19.86,22.52,22.4,19.75,0.5,-2.24,20.17,4.08,775.24
2597,20.02,20.65,19.68,21.15,22.12,20.28,3.22,11.74,20.97,7.52,1800.84
2598,20.69,21.11,20.55,21.83,21.68,20.34,1.69,1.58,22.39,9.4,2544.2
2599,20.78,21.57,22.54,23.61,21.4,20.31,1.56,4.29,21.18,9.22,2579.99
2600,19.78,22.5,19.88,23.26,22.05,19.48,1.43,-3.02,20.14,9.79,1578.63
2601,20.49,20.82,21.47,20.58,22.35,21.47,2.41,-1.25,19.35,7.36,2035.86
2602,19.5,21.57,20.81,21.44,19.74,20.29,2.64,7.37,18.4,7.84,1597.79
2603,19.8,20.99,22.52,23.07,21.97,20.02,1.63,0.11,20.86,6.22,2239.02
2604,19.09,18.76,22.96,24.07,20.16,19.54,2.22,-6.43,21.18,6.02,1878.88
2605,17.76,20.65,21.17,24.07,21.13,19.01,4.21,7.98,18.61,4.08,1197.83
2606,19.99,23.43,19.87,23.58,20.93,20.33,1.46,11.8,18.08,9.08,2014.48
2607,20.98,22.17,22.27,21.89,18.77,21.4,1.68,10.52,21.72,1.61,2856.08
2608,21.03,22.93,20.65,23.32,21.8,21.13,3.14,9.03,19.26,3.08,2565.96
2609,20.13,20.93,22.1,22.42,22.14,20.1,0.74,-1.98,17.87,12.6,1935.2
2610,19.67,19.26,21.34,21.75,23.25,20.51,2.2,-6.87,18.27,6.65,1576.99
2611,20.29,20.45,19.56,21.79,21.98,21.42,0.07,-8.3,21.15,7.42,1771.04
2612,19.68,21.78,20.93,21.36,21.68,20.24,0.9,-9.15,23.5,3.36,758.03
2613,21.06,21.11,21.67,20.93,21.67,21.17,1.05,-0.65,22.23,8.46,2369.97
2614,18.25,21.2,21.02,19.49,20.68,20.37,1.3,12.4,16.65,11.12,2438.42
2615,19.66,19.4,20.92,22.46,21.9,19.46,1.0,-11.58,19.89,11.35,1538.11
2616,17.57,20.94,19.7,19.7,21.03,19.17,2.16,0.12,21.79,2.45,708.93
2617,18.62,22.8,20.61,21.71,21.43,21.28,3.12,-2.24,17.33,10.51,1710.65
2618,20.79,21.39,20.39,23.13,21.97,19.81,3.63,-8.23,23.62,7.03,2050.14
2619,19.5,20.19,19.1,21.4,22.04,23.26,1.18,-1.77,16.77,-0.58,1575.47
2620,20.56,22.05,19.93,23.84,20.73,20.48,2.58,9.03,21.34,2.38,2755.78
2621,20.97,20.04,20.5,23.42,22.39,20.5,2.97,1.59,19.39,1.36,2097.23
2622,21.38,21.57,21.03,23.36,22.53,20.73,2.1,4.39,20.53,8.81,2520.15
2623,19.96,21.28,20.54,22.8,21.63,19.32,2.57,7.48,20.26,6.44,1420.87
2624,18.43,20.27,20.37,22.02,23.53,20.35,2.37,2.71,18.4,5.05,1001.18
2625,21.26,21.11,22.15,21.26,21.07,18.07,2.37,-2.58,21.19,6.72,2130.13
2626,21.57,22.1,19.74,23.1,21.99,19.07,1.41,0.7,19.64,12.27,2268.57
2627,18.71,20.5,18.68,22.76,21.72,18.96,0.4,-7.51,21.29,6.12,997.43
2628,19.66,19.98,18.3,22.63,20.76,21.23,1.72,0.4,18.82,7.99,2088.24
2629,19.31,20.24,20.35,22.46,21.62,22.27,1.39,0.85,19.6,8.89,2207.61
2630,21.36,21.39,19.79,21.36,19.69,19.43,1.78,9.22,21.24,3.36,2767.65
2631,20.18,22.41,20.3,21.25,21.07,19.34,2.77,-2.27,18.68,8.69,1377.02
2632,20.62,21.9,20.72,22.05,20.45,20.61,3.15,-2.27,22.58,9.76,2353.71
2633,20.94,20.22,20.52,23.75,21.48,20.61,2.12,-10.61,20.69,10.0,1658.67
2634,20.08,20.15,19.58,21.49,20.56,20.9,1.05,4.54,24.49,6.56,2868.35
2635,20.3,21.02,20.7,22.86,20.28,20.81,1.69,-10.28,19.76,9.81,1576.79
2636,18.76,22.31,21.43,22.5,20.86,21.51,1.38,-3.48,20.64,8.47,1341.2
2637,18.3,20.0,19.88,22.68,21.16,20.01,2.1,-4.97,19.64,7.2,1140.36
2638,18.08,19.29,19.2,21.7,21.48,19.27,1.63,6.23,20.1,9.75,1885.71
2639,20.69,22.57,21.24,23.28,21.46,20.15,2.72,3.42,21.23,12.23,2604.59
2640,20.27,20.05,19.32,21.95,21.43,18.53,1.32,4.95,23.61,9.77,1852.58
2641,19.42,21.54,19.64,21.91,20.76,19.92,3.75,6.62,23.18,6.78,1461.9
2642,20.18,19.35,19.77,21.0,22.2,21.58,0.82,-4.48,21.72,5.54,2026.82
2643,22.56,22.37,22.83,23.75,21.52,20.22,2.24,-6.07,18.05,8.58,1638.42
2644,18.71,21.58,20.7,21.2,21.46,20.22,0.71,-11.79,19.36,7.46,1162.49
2645,19.74,21.83,20.18,22.69,21.76,20.95,2.84,0.89,21.29,10.37,1765.75
2646,20.43,21.25,19.88,22.35,22.16,21.23,2.04,-5.48,18.55,4.15,1633.86
2647,20.08,22.03,19.73,21.85,21.15,21.04,2.16,3.16,20.05,10.11,1807.97
2648,21.2,20.74,20.26,20.94,21.44,20.26,1.28,8.12,20.41,2.81,2605.29
2649,20.06,21.57,20.96,22.6,21.25,20.56,2.87,6.51,24.1,6.47,2963.12
2650,19.95,21.59,21.21,23.75,20.74,20.06,2.51,0.85,19.77,8.75,2231.9
2651,20.92,19.34,20.53,21.86,22.85,19.33,1.56,0.55,17.16,6.66,1903.86
2652,21.04,23.25,22.06,21.9,22.24,20.92,1.99,-0.06,21.69,8.32,2357.75
2653,19.59,21.65,19.78,22.93,22.69,19.75,1.29,14.87,22.3,11.16,2629.64
2654,21.48,23.1,22.36,23.41,21.39,19.63,1.22,-4.08,25.23,5.3,2401.54
2655,19.59,23.41,21.24,20.24,20.15,17.64,1.51,0.55,19.22,2.79,717.04
2656,20.41,20.16,19.42,20.43,21.88,19.88,1.78,-1.27,17.51,3.6,725.79
2657,20.15,20.54,19.2,19.89,18.92,19.2,2.0,-5.48,20.81,6.73,1085.82
2658,19.36,22.96,20.58,21.91,21.04,20.49,1.96,-2.66,21.17,10.74,1790.72
2659,19.99,20.5,20.93,23.9,21.23,20.83,1.31,0.2,21.28,6.06,2280.13
2660,20.95,21.81,21.01,22.56,21.63,20.22,2.61,-8.29,19.29,13.47,1730.37
2661,20.49,23.1,21.19,20.53,20.2,19.91,2.87,11.54,20.96,3.19,1321.26
2662,21.54,21.38,22.63,22.35,20.71,20.22,2.73,5.08,20.3,1.75,2403.33
2663,19.58,20.37,20.11,21.24,23.16,20.93,2.56,7.64,18.99,7.7,1594.47
2664,18.46,20.1,18.94,20.11,22.33,20.6,-0.0,-1.13,18.0,5.3,864.95
2665,20.09,20.3,21.45,23.04,22.51,20.29,1.2,-2.19,19.45,4.74,1923.23
2666,20.18,21.97,20.57,23.7,21.48,21.22,0.81,-1.5,19.95,7.06,2059.17
2667,16.29,20.03,21.85,22.68,20.91,19.96,0.58,-4.87,21.51,3.3,734.64
2668,21.88,22.47,20.79,22.9,20.99,18.54,2.92,9.1,20.02,8.64,2753.87
2669,20.21,21.2,20.62,22.67,19.52,17.86,3.36,9.78,19.08,7.59,2685.33
2670,19.57,21.54,18.56,21.44,18.75,20.42,2.01,3.85,21.19,5.93,1180.99
2671,19.09,21.98,19.6,21.07,20.82,21.1,2.38,11.89,19.94,7.63,1804.13
2672,20.42,20.9,21.63,22.6,23.82,21.59,1.71,16.77,18.74,12.74,3157.79
2673,19.93,18.73,21.26,20.65,20.52,19.05,2.94,12.93,20.78,6.26,3014.46
2674,20.3,21.01,21.68,22.21,20.99,19.92,2.22,-3.28,21.47,5.53,2087.89
2675,20.51,21.76,20.91,23.68,21.68,21.26,1.58,-16.93,19.91,9.02,1174.15
2676,20.21,19.98,21.84,20.6,22.75,20.53,2.45,5.2,23.69,5.01,1173.7
2677,19.64,20.42,20.03,23.71,21.53,19.74,1.85,2.99,22.73,8.44,2644.69
2678,19.81,21.22,19.9,22.72,20.49,19.93,2.16,0.76,21.16,9.46,2376.49
2679,20.87,21.47,20.7,22.98,21.73,20.99,2.55,-1.62,19.37,11.2,2093.53
2680,20.33,21.75,21.88,21.85,21.53,18.97,5.01,9.45,16.74,6.04,1455.9
2681,18.98,19.35,20.04,21.1,22.21,18.9,3.43,-10.82,17.78,3.04,708.35
2682,20.33,19.77,21.06,21.49,20.89,19.11,2.12,10.72,21.96,6.23,2989.55
2683,19.82,21.46,19.1,19.36,22.25,22.2,1.25,12.14,18.31,7.53,1773.78
2684,21.09,22.06,20.66,19.56,21.47,19.11,0.2,1.05,20.93,5.15,934.27
2685,19.58,20.69,21.92,21.9,21.92,22.0,3.03,1.99,18.37,7.4,2139.09
2686,20.11,22.11,21.23,23.01,21.09,19.12,2.9,-8.3,19.73,12.23,1754.74
2687,19.36,19.43,18.74,20.07,21.6,20.94,1.5,7.03,19.14,5.29,1244.21
2688,20.26,22.74,20.96,23.35,20.58,21.71,1.93,8.9,21.84,4.57,2833.93
2689,21.42,22.01,21.5,22.63,23.54,21.75,2.17,5.35,21.99,9.82,2743.61
2690,20.07,22.1,20.92,21.79,22.85,20.92,2.48,-8.68,17.09,3.28,705.52
2691,20.42,22.37,20.16,21.85,20.01,19.06,3.32,-11.27,22.99,7.04,1162.11
2692,19.34,21.53,19.27,20.51,21.28,20.58,0.96,-1.68,19.57,5.43,905.7
2693,17.77,19.63,19.77,20.76,19.99,19.6,2.54,0.55,22.39,2.04,723.11
2694,22.42,22.39,21.61,23.33,22.08,20.26,2.18,7.11,22.91,6.57,2876.53
2695,19.56,20.12,20.12,23.58,20.99,20.33,1.59,-1.68,18.98,5.12,1921.1
2696,19.55,21.36,20.51,24.21,22.68,21.65,2.65,7.44,23.62,8.52,3010.26
2697,18.41,19.98,21.5,24.82,22.96,22.37,1.91,7.9,16.8,7.6,2331.25
2698,19.43,22.45,21.92,23.07,22.89,18.47,1.94,3.31,18.11,7.53,1336.95
2699,18.52,20.13,19.86,21.92,20.33,19.72,2.25,6.08,19.26,4.15,1096.18
2700,20.08,20.07,18.94,22.24,23.18,19.54,1.63,-2.91,18.11,5.3,883.61
2701,17.73,20.22,19.44,19.75,20.05,18.78,2.52,-7.99,17.38,7.75,1204.32
2702,21.28,23.22,22.29,20.69,21.33,20.28,1.68,-3.98,22.26,4.33,830.64
2703,20.36,21.66,21.58,23.46,21.46,20.68,3.35,-5.83,19.21,6.88,1746.77
2704,20.43,21.55,20.52,22.52,22.8,19.48,2.18,8.47,20.24,8.05,1701.23
2705,19.4,20.43,18.52,20.09,20.93,20.61,1.46,6.04,21.49,9.25,1792.64
2706,20.62,20.05,19.44,21.86,22.0,20.93,2.25,-14.21,22.4,5.38,1521.73
2707,19.78,24.35,21.68,22.77,22.06,20.39,2.79,1.25,23.46,5.82,1065.07
2708,20.46,19.91,21.08,21.81,22.44,19.48,0.74,-12.5,18.41,7.59,1253.34
2709,19.43,21.44,21.06,21.92,20.13,20.3,3.01,-7.59,23.45,4.8,896.13
2710,19.99,21.87,20.1,23.33,21.15,20.71,2.27,5.82,20.41,2.85,2474.29
2711,20.09,20.63,20.85,21.25,21.7,20.12,1.98,-12.07,20.43,8.06,1278.19
2712,20.74,20.54,20.89,21.45,22.74,21.41,1.45,-9.55,19.53,6.22,1523.7
2713,20.03,21.84,20.82,22.95,22.49,20.51,2.28,-7.17,20.72,8.61,1841.85
2714,20.39,21.3,20.96,21.66,20.93,20.98,1.29,-11.09,23.44,5.28,1803.0
2715,21.27,21.93,21.13,23.07,21.05,18.26,0.41,-9.94,21.45,7.26,1703.76
2716,18.4,21.74,20.53,21.71,20.14,19.07,1.43,-0.39,22.42,1.59,666.63
2717,22.45,23.04,20.66,22.38,19.84,19.77,1.78,-11.79,18.41,8.82,1332.27
2718,20.73,21.95,21.25,22.18,21.42,20.19,2.49,-1.74,19.24,5.39,1959.21
2719,18.96,21.88,20.44,21.6,22.11,20.23,1.82,0.06,20.25,6.58,1060.54
2720,20.39,20.82,21.67,26.35,22.39,22.27,1.08,5.26,21.12,6.54,2575.84
2721,20.34,22.76,19.85,21.57,22.43,20.12,1.47,6.51,20.79,5.96,1306.74
2722,19.52,22.36,20.55,22.45,21.38,20.87,2.02,-9.63,24.04,7.19,1180.53
2723,19.78,20.51,20.88,20.71,21.67,19.94,2.52,-9.27,18.79,7.04,1114.95
2724,20.17,21.44,20.64,22.07,21.98,21.66,2.65,-9.66,21.04,7.66,1709.88
2725,20.77,21.06,20.84,19.98,22.46,20.18,0.91,5.54,21.14,3.23,1007.41
2726,19.9,19.52,19.36,22.58,22.59,20.37,2.04,2.42,19.3,9.31,2289.8
2727,20.8,21.32,20.95,22.87,22.56,21.1,2.62,-2.47,19.96,6.63,2009.6
2728,20.69,22.27,19.98,21.84,23.09,19.77,1.3,-8.34,18.8,8.02,1250.48
2729,20.02,20.4,21.05,24.45,21.38,21.08,3.44,1.09,20.69,6.61,2306.84
2730,20.37,20.88,20.89,21.14,20.35,21.5,1.6,9.58,17.6,3.8,2431.03
2731,18.66,20.93,21.09,22.36,21.95,18.89,2.82,9.13,23.79,14.59,3254.59
2732,20.29,21.73,19.52,18.8,19.27,20.05,2.55,-10.31,19.6,7.38,1170.81
2733,21.94,21.25,20.82,21.88,20.09,20.06,1.45,7.5,18.7,2.27,2385.58
2734,18.45,20.21,20.61,22.91,21.19,19.87,2.01,-10.4,16.88,6.72,1043.78
2735,19.71,22.08,19.04,19.69,21.4,19.06,3.09,-2.82,19.39,5.82,969.94
2736,21.1,20.83,20.53,23.41,21.75,20.01,1.57,-3.64,19.62,6.51,1893.2
2737,18.59,20.71,21.39,23.4,22.34,18.39,2.14,1.86,20.71,2.09,773.09
2738,18.35,22.0,20.18,22.42,22.91,20.5,0.8,-7.02,19.67,7.09,1112.69
2739,18.79,20.5,20.36,22.75,23.88,21.45,2.29,0.72,26.83,4.38,916.82
2740,20.97,21.35,19.01,22.1,20.1,19.48,1.68,-7.57,17.69,11.43,1565.75
2741,19.72,22.27,19.61,21.62,20.91,21.05,2.42,1.2,21.36,6.68,1150.42
2742,19.88,21.21,20.48,22.58,22.44,20.7,1.32,-9.22,20.92,9.16,1739.93
2743,21.14,21.68,22.1,19.39,20.58,20.1,2.26,-2.78,17.55,9.65,1534.77
2744,20.7,21.81,19.14,22.79,21.33,19.35,1.72,0.03,19.44,8.34,1312.23
2745,19.85,20.18,20.44,23.08,20.9,20.1,-0.11,-1.75,25.4,7.49,2590.0
2746,19.83,21.13,21.26,22.45,22.13,19.22,2.07,5.91,19.06,10.29,1970.63
2747,20.96,21.25,20.7,22.87,22.63,19.3,3.01,-15.81,24.58,5.13,1647.2
2748,21.1,19.81,19.25,22.62,21.03,19.41,1.12,1.22,19.86,9.25,2259.85
2749,22.24,19.23,21.31,22.96,22.71,21.98,1.48,-5.81,20.15,5.75,1800.65
2750,21.15,20.37,19.8,20.17,20.07,19.07,3.06,4.14,19.35,7.27,1364.61
2751,20.1,21.17,19.5,22.92,20.42,20.78,2.45,0.21,18.19,3.37,1929.05
2752,20.8,19.91,21.06,24.44,21.36,18.17,1.74,7.62,17.79,3.09,2320.4
2753,21.87,20.78,21.39,22.55,20.5,21.47,2.24,-1.63,18.9,6.77,1954.98
2754,20.43,23.44,22.74,20.76,20.73,20.27,1.5,8.64,21.66,10.22,2112.27
2755,19.72,19.47,19.56,22.68,21.24,18.85,3.98,1.1,21.2,6.39,2359.14
2756,20.47,20.73,19.35,21.0,21.41,20.46,2.71,-9.05,19.35,12.07,2082.0
2757,20.88,20.22,21.61,21.83,20.36,20.23,3.37,-5.69,24.24,8.19,2284.32
2758,19.75,20.38,20.25,22.0,23.26,18.73,2.07,-4.11,18.46,6.5,1031.34
2759,19.29,20.2,20.06,23.12,20.55,21.66,0.98,0.8,21.03,11.44,2396.51
2760,19.35,21.47,22.58,21.76,22.42,20.34,2.4,6.3,17.62,10.93,2112.0
2761,19.01,22.12,21.01,24.5,21.83,19.97,3.0,4.28,20.7,2.91,2421.1
2762,19.33,19.03,21.31,22.96,21.9,18.99,3.04,4.65,21.15,6.89,2566.2
2763,21.28,20.41,21.18,22.78,21.45,19.73,0.65,-5.22,19.69,8.54,1837.82
2764,21.36,22.63,19.56,20.26,20.16,18.06,2.17,6.18,20.18,9.16,1777.43
2765,19.87,21.1,22.88,22.06,20.37,18.35,0.72,0.73,19.15,8.83,2148.14
2766,18.98,20.48,20.19,21.89,21.42,21.08,1.53,5.56,22.04,6.51,1341.67
2767,21.48,22.15,20.92,22.04,21.18,20.62,2.47,-10.34,21.92,6.07,1723.45
2768,18.68,19.29,19.32,22.51,20.89,20.41,3.07,3.17,20.99,6.68,1251.39
2769,19.25,19.48,18.13,23.44,22.94,20.56,2.18,-4.28,21.54,4.75,868.27
2770,20.06,22.74,19.93,21.84,22.96,19.34,1.08,-8.86,21.23,2.91,711.75
2771,19.14,21.55,18.46,23.53,21.81,20.53,2.48,4.53,19.28,8.55,1579.91
2772,19.83,17.87,19.13,23.67,21.74,20.53,1.32,-3.0,20.81,8.73,2093.9
2773,19.35,20.15,20.89,22.25,20.68,18.69,1.77,3.71,21.66,12.27,2330.94
2774,19.51,18.51,20.09,20.98,21.86,19.08,2.07,-6.85,19.68,5.23,896.8
2775,19.66,21.46,21.7,21.43,20.09,19.68,1.46,14.22,21.26,8.1,1998.89
2776,20.5,20.61,21.93,22.07,21.36,21.81,2.51,-0.83,17.6,6.24,1864.93
2777,20.14,21.38,21.39,21.63,22.69,21.26,2.6,-3.28,17.84,6.56,1748.21
2778,19.96,21.83,20.23,21.07,22.18,20.06,2.82,6.93,20.25,5.11,1242.75
2779,20.26,21.44,19.7,19.41,20.8,21.13,3.14,-0.6,19.47,7.14,1140.97
2780,20.04,21.43,21.91,21.83,20.82,20.54,1.89,22.16,22.42,11.15,3819.63
2781,20.24,21.11,20.43,21.9,21.99,21.87,1.02,8.16,19.72,5.71,2590.72
2782,19.73,21.04,20.91,21.07,21.33,20.58,1.1,-3.31,22.53,8.22,1316.35
2783,20.14,19.82,20.05,21.83,21.83,20.8,3.39,0.52,20.03,5.21,2179.94
2784,18.02,22.75,20.69,24.52,22.1,19.51,3.29,0.46,20.8,2.61,738.29
2785,17.9,22.54,20.3,22.8,22.12,19.37,3.07,-7.39,19.26,6.53,1053.86
2786,16.9,20.41,19.53,21.17,22.24,20.87,1.53,8.98,19.85,12.74,2691.54
2787,19.33,19.48,21.1,23.86,22.45,20.07,3.35,-3.01,18.67,4.55,1814.6
2788,20.23,19.64,19.45,24.18,21.63,21.15,1.86,-1.73,18.07,4.1,1810.07
2789,19.92,20.39,20.3,22.31,20.95,19.57,2.27,1.53,22.04,4.37,2413.65
2790,19.24,21.83,21.51,23.09,22.84,22.18,2.66,-6.41,22.37,12.42,2131.05
2791,19.97,22.2,19.47,20.9,21.27,19.83,3.01,1.48,22.05,10.32,1792.4
2792,19.28,19.74,19.2,21.21,21.82,19.98,2.43,-3.52,22.44,8.9,1444.13
2793,20.11,22.14,21.55,20.62,21.6,20.35,3.1,-3.34,20.52,11.06,1864.19
2794,20.63,20.7,20.48,22.57,22.31,19.92,2.01,-1.13,19.22,9.72,2072.12
2795,19.28,20.19,20.11,25.91,21.91,20.34,1.84,-5.14,18.73,6.68,1722.01
2796,21.71,20.08,20.02,21.53,23.71,19.91,1.74,-10.95,16.85,5.65,1162.38
2797,18.66,21.39,22.71,23.12,20.28,20.43,1.08,1.22,21.19,10.09,2409.59
2798,20.27,22.57,20.51,23.78,22.59,17.77,-0.24,-16.03,20.34,7.33,1143.18
2799,21.52,20.68,20.82,20.9,20.36,20.95,2.83,-15.77,20.86,4.25,1255.94
2800,20.5,18.86,19.98,20.94,20.37,20.0,1.81,0.31,21.33,8.57,2345.96
2801,20.37,21.18,19.46,23.58,20.83,20.88,2.59,-1.27,23.07,6.04,2381.44
2802,20.28,21.41,22.39,22.03,21.08,20.81,2.48,1.82,19.44,10.33,2289.01
2803,20.89,19.53,19.55,22.81,21.82,20.39,2.13,4.65,21.07,4.1,2494.65
2804,20.98,21.04,20.1,21.63,20.72,20.82,2.76,-13.84,19.11,8.7,1287.93
2805,20.27,20.08,19.81,21.92,22.56,19.54,2.86,-4.3,16.94,7.48,1160.35
2806,21.31,22.82,21.35,21.42,21.45,19.59,1.24,-3.13,19.73,7.55,1185.38
2807,17.32,19.63,18.73,21.97,23.13,19.85,3.23,2.19,23.24,7.83,1389.38
2808,20.3,21.02,20.93,21.04,22.38,21.26,2.69,1.6,19.72,6.42,1121.37
2809,20.32,21.55,20.87,20.5,20.85,19.05,1.3,-2.84,18.38,8.5,1324.04
2810,19.81,20.7,20.18,21.77,20.74,21.57,1.48,0.31,20.87,7.84,2281.13
2811,20.17,22.0,20.7,22.53,20.92,19.4,1.01,-1.92,21.96,7.35,1172.47
2812,17.94,20.43,19.67,21.49,21.07,20.6,2.5,-6.39,21.14,10.62,1767.61
2813,20.01,20.1,19.17,22.61,21.79,18.8,1.86,0.38,23.0,2.97,758.62
2814,20.88,21.52,21.68,22.78,20.47,19.39,0.01,-15.01,18.29,8.76,1109.44
2815,19.56,21.7,19.88,22.7,21.98,21.53,1.56,1.72,23.08,7.66,1321.94
2816,20.43,20.27,19.25,22.71,21.76,19.82,1.7,9.89,16.36,8.51,2420.07
2817,20.37,20.4,21.13,23.76,20.92,21.88,2.08,-2.43,16.39,8.81,1695.84
2818,21.24,19.72,19.78,21.5,20.68,18.39,0.77,14.43,17.35,8.98,2793.08
2819,18.94,21.11,20.78,21.94,22.08,20.13,2.09,4.22,21.07,5.84,1188.4
2820,19.73,20.58,21.56,23.38,21.96,19.15,3.2,10.21,17.27,5.04,2479.25
2821,19.33,21.17,20.37,19.99,23.81,19.9,2.15,2.7,18.84,8.42,1459.18
2822,20.22,19.61,19.34,21.53,21.56,19.85,2.47,3.86,19.25,11.43,2121.13
2823,19.13,22.18,20.6,21.69,21.06,21.35,3.25,1.0,21.64,6.38,1109.94
2824,18.75,21.57,21.61,22.58,21.14,20.3,1.92,-10.97,22.82,3.96,807.27
2825,21.9,22.91,18.61,20.45,23.3,20.03,1.9,-13.76,21.98,9.37,1520.33
2826,18.93,20.93,19.22,21.64,22.47,19.82,2.28,-1.69,17.41,4.5,801.66
2827,20.04,20.1,18.81,21.07,19.96,21.54,1.29,-4.22,20.45,7.94,1968.22
2828,20.63,21.17,22.24,21.48,21.36,20.55,1.44,-3.99,19.36,3.99,1792.71
2829,20.11,20.14,20.8,21.7,22.69,20.93,0.37,-8.85,19.76,6.14,1577.77
2830,20.5,20.23,18.84,21.54,21.06,20.25,3.83,7.76,19.95,6.96,1516.38
2831,19.53,22.39,21.4,24.56,22.86,21.77,2.66,-7.22,19.17,6.11,1637.38
2832,19.77,22.56,20.59,23.38,22.46,20.41,1.24,-7.67,18.68,7.7,1198.55
2833,19.92,20.78,21.4,21.24,20.86,18.92,2.82,0.27,19.2,7.96,1273.04
2834,19.05,20.81,22.13,24.17,22.73,18.75,1.35,7.58,18.74,5.47,2458.09
2835,18.32,19.57,19.72,21.8,21.59,20.19,2.05,5.94,22.23,5.35,1229.53
2836,20.74,20.66,20.9,24.41,20.59,20.65,2.05,-4.55,19.96,10.79,1964.73
2837,20.65,21.22,20.85,23.28,22.26,20.6,1.64,-1.49,22.22,6.29,2278.4
2838,19.72,23.28,21.11,21.76,20.49,20.34,1.35,11.48,22.41,7.89,1838.13
2839,19.38,20.56,21.41,23.48,21.68,19.24,2.97,7.74,23.07,2.88,2863.64
2840,22.88,20.73,21.01,20.2,21.8,20.18,2.07,6.14,17.71,12.39,2413.77
2841,19.02,22.24,20.33,20.25,20.33,19.88,3.35,2.7,20.62,8.37,1479.67
2842,20.51,20.62,21.14,22.97,22.35,20.47,1.17,0.7,17.74,0.93,1850.89
2843,20.67,21.69,20.44,23.84,21.32,21.24,1.62,14.06,24.14,3.97,3358.89
2844,18.96,21.44,20.02,25.52,22.19,20.02,1.96,7.9,21.3,4.84,2726.96
2845,19.83,21.34,20.16,21.19,22.04,21.2,2.88,0.85,19.16,12.13,2140.55
2846,20.77,21.46,20.7,20.77,21.9,19.38,1.37,5.06,19.46,14.57,2990.81
2847,20.68,22.76,20.39,20.41,20.32,19.82,2.46,-1.74,21.84,8.59,1386.89
2848,20.61,21.49,20.28,23.4,21.68,19.71,2.27,-11.23,19.36,10.29,1495.32
2849,20.32,20.76,20.59,20.82,21.29,21.55,3.14,-7.16,17.54,10.75,1574.71
2850,20.24,21.09,20.34,21.56,20.52,19.89,2.4,-3.23,21.01,3.7,776.01
2851,18.25,21.59,19.46,18.69,22.27,22.61,0.56,-3.68,22.72,6.78,1094.15
2852,19.71,19.76,21.22,22.82,21.8,21.02,1.19,-5.06,19.94,6.74,1843.19
2853,20.86,23.66,19.56,20.47,21.24,18.49,1.23,-4.74,21.65,11.15,1875.7
2854,18.35,19.46,19.87,21.59,21.32,19.88,1.64,9.14,18.93,13.29,2833.7
2855,19.39,20.38,20.16,21.87,20.89,18.63,3.06,12.83,20.34,13.65,3142.55
2856,20.84,21.28,19.57,21.95,20.35,20.55,1.79,9.19,20.29,8.5,2774.02
2857,19.65,20.25,20.15,21.66,20.12,20.16,2.03,-15.1,19.39,8.16,1222.48
2858,22.12,20.73,21.35,22.92,22.61,20.11,1.82,7.55,18.28,5.67,2417.08
2859,19.04,20.49,20.46,22.09,21.42,21.36,2.43,5.16,18.67,7.18,2350.0
2860,20.27,20.98,20.85,23.33,21.38,20.86,1.42,-0.26,18.76,10.2,2083.2
2861,21.07,20.1,21.32,21.2,22.31,19.32,1.86,-3.48,19.18,9.86,1931.27
2862,21.25,20.96,22.24,20.01,20.62,20.92,1.85,-2.13,19.81,8.65,2049.47
2863,19.93,20.79,19.45,23.55,20.6,19.71,1.94,6.93,20.38,4.47,2567.38
2864,19.94,18.7,20.62,22.41,20.76,18.71,1.55,2.7,20.37,12.81,2476.63
2865,21.45,22.78,20.9,21.51,21.57,20.91,0.93,8.54,19.88,8.42,2681.55
2866,21.63,21.26,18.93,18.75,21.14,20.34,2.75,5.7,20.12,7.6,1495.41
2867,19.75,20.27,20.09,21.66,22.5,20.89,1.91,10.08,18.44,9.7,2054.5
2868,21.07,22.32,21.66,22.13,20.08,20.27,2.9,4.44,20.47,5.09,2448.5
2869,20.44,19.15,19.99,20.77,22.21,21.72,2.38,-7.96,17.17,4.8,1366.14
2870,21.1,19.39,18.96,21.61,22.25,20.91,2.41,-11.2,18.15,5.9,1290.03
2871,20.23,21.72,19.21,21.55,21.01,19.74,2.9,4.52,18.1,3.97,996.84
2872,20.07,21.97,20.77,22.17,21.67,21.17,4.08,4.2,18.97,7.35,2343.32
2873,21.15,20.81,20.21,21.77,21.65,19.88,3.04,-4.32,20.67,0.9,1862.25
2874,20.53,21.23,19.78,21.59,22.39,20.36,2.71,1.73,20.44,5.57,1033.85
2875,21.73,21.65,20.38,21.78,22.34,19.87,2.23,-3.18,20.64,1.1,1921.4
2876,19.12,21.35,19.6,20.0,21.96,20.04,3.01,-3.45,21.78,6.23,1040.49
2877,19.52,18.88,20.21,21.7,21.54,19.85,1.4,-10.03,20.45,6.36,1586.33
2878,19.31,21.19,20.03,23.12,22.02,21.35,2.47,0.31,18.16,10.52,2075.37
2879,20.44,22.38,20.24,23.46,20.43,19.86,3.02,-3.62,20.15,7.86,1988.98
2880,18.98,20.32,20.89,22.46,20.86,19.28,2.76,2.65,18.3,4.67,967.03
2881,19.65,20.84,20.43,21.22,21.28,19.86,1.94,-12.27,19.42,5.84,960.68
2882,19.69,17.74,20.46,21.29,21.04,19.45,2.36,4.21,20.9,11.3,2597.64
2883,19.14,20.34,19.42,21.3,22.23,19.12,1.74,-3.61,19.75,3.73,760.49
2884,20.44,19.78,20.71,19.15,21.85,20.37,1.39,-7.47,21.42,13.41,2434.62
2885,18.31,20.48,18.45,21.79,21.83,20.48,3.16,-3.08,20.1,8.26,1320.22
2886,20.18,20.54,20.25,21.5,19.9,19.76,1.65,-11.19,17.26,3.11,1139.18
2887,19.7,23.64,21.84,21.86,22.32,19.01,1.65,-2.04,19.31,3.89,764.49
2888,19.42,19.05,19.67,20.64,22.0,18.59,1.66,0.86,21.4,9.49,1578.96
2889,21.09,22.57,20.36,22.13,22.86,21.27,1.44,0.51,21.02,9.21,2335.71
2890,21.53,21.29,19.66,21.59,20.72,20.08,1.42,3.22,18.04,8.29,2182.69
2891,20.29,21.33,20.49,20.74,22.56,20.31,0.62,-3.97,19.18,7.35,1143.2
2892,20.21,20.71,20.78,23.08,20.35,21.49,0.76,5.46,20.51,6.69,2523.51
2893,19.33,21.12,19.93,22.08,21.04,21.07,1.85,1.86,19.06,4.66,924.93
2894,19.87,21.06,21.16,21.18,21.76,20.21,2.37,5.71,19.42,8.17,1576.44
2895,19.19,20.61,20.38,20.95,22.17,19.77,0.66,11.61,20.59,11.85,2603.56
2896,21.47,22.06,21.79,23.45,20.35,22.15,2.15,-10.86,24.13,6.91,1926.75
2897,20.38,20.33,19.73,22.54,20.25,20.44,3.03,-2.68,20.72,7.79,2100.34
2898,21.41,21.88,21.34,23.55,21.09,19.99,1.62,-5.34,21.53,10.08,2053.54
2899,20.57,21.13,20.31,21.83,21.88,21.8,1.21,14.97,18.38,5.44,2862.59
2900,19.49,22.23,19.74,21.51,21.26,18.24,1.95,4.18,17.73,8.24,1488.26
2901,20.97,21.51,22.74,20.9,21.13,21.13,2.42,2.01,18.4,9.4,2178.02
2902,20.55,23.25,21.7,22.54,22.08,21.36,1.55,8.37,19.74,4.8,2592.51
2903,21.96,20.87,21.63,18.7,21.22,21.55,2.76,0.09,20.55,3.1,2153.42
2904,19.96,19.33,20.86,21.67,22.08,19.27,2.38,3.27,21.07,6.32,2456.87
2905,20.44,20.17,21.42,21.13,21.34,20.83,3.38,-3.19,21.96,9.57,2235.35
2906,21.02,21.63,20.07,21.3,21.23,20.25,0.65,-9.55,22.78,2.59,706.31
2907,20.81,20.14,21.93,22.74,20.68,21.01,0.87,6.28,16.31,7.73,2175.88
2908,19.83,20.12,18.0,19.44,19.86,18.82,1.67,-6.72,18.21,6.44,1015.52
2909,20.6,22.03,18.87,21.57,19.91,20.24,0.93,5.24,23.72,6.33,1310.97
2910,19.99,20.01,20.24,21.71,21.51,20.19,3.26,7.59,20.8,7.9,2730.04
2911,21.72,21.7,20.47,20.76,21.63,20.09,2.19,-15.71,19.87,1.91,663.27
2912,20.97,22.33,19.48,20.59,20.95,19.98,1.74,7.31,16.07,10.57,2061.25
2913,19.94,21.94,20.93,25.3,22.76,20.15,3.24,1.78,17.65,4.33,1996.14
2914,20.6,20.98,21.42,22.52,20.22,19.06,2.23,-6.79,21.94,8.09,1976.28
2915,19.09,20.47,20.19,22.65,22.03,18.87,1.83,-12.18,19.17,9.11,1446.05
2916,18.84,21.7,20.21,22.89,21.07,20.89,1.37,-0.5,21.21,11.38,1927.05
2917,20.61,23.12,21.6,23.8,22.85,20.72,2.44,-1.25,19.3,6.9,2021.69
2918,21.85,21.47,21.25,23.01,20.16,19.6,2.42,7.64,24.98,2.61,3038.78
2919,19.69,20.67,20.13,22.25,20.8,20.22,2.55,0.45,20.0,2.23,2101.93
2920,20.24,21.26,18.55,22.8,22.73,20.3,2.64,-7.61,17.31,10.82,1772.47
2921,18.01,20.75,20.31,20.34,21.83,19.52,3.16,-10.88,21.29,5.32,933.2
2922,19.94,20.34,19.48,19.95,21.01,19.31,1.34,1.03,20.24,5.87,1016.28
2923,20.04,21.65,21.45,22.87,20.84,19.15,3.79,0.03,18.87,3.61,2002.13
2924,20.64,19.98,20.18,20.52,20.94,20.38,3.44,9.24,20.49,5.85,2758.69
2925,20.7,19.03,21.62,20.98,22.4,21.58,3.37,-3.44,22.3,12.23,2306.27
2926,19.88,21.17,20.29,20.68,21.97,19.57,1.84,2.93,19.61,7.1,1270.92
2927,19.36,20.28,19.95,22.35,22.55,21.08,1.43,-0.93,18.26,4.58,809.87
2928,22.57,22.11,20.83,22.62,23.04,19.49,2.08,-18.92,20.51,10.15,1145.08
2929,18.89,20.02,19.82,20.67,21.96,19.49,2.23,5.01,18.84,-0.48,869.28
2930,19.4,19.75,18.98,21.91,20.8,21.58,2.69,-2.98,20.75,6.97,2067.59
2931,19.29,19.81,19.28,21.24,23.15,19.19,1.87,4.61,22.8,5.93,1233.5
2932,20.14,20.53,20.88,21.72,22.28,20.38,2.74,1.18,17.92,6.17,2018.63
2933,20.18,20.22,20.87,21.89,21.88,20.65,1.72,-6.92,16.7,2.69,1329.93
2934,18.25,19.32,21.48,22.84,23.58,18.84,2.04,-1.22,25.26,6.56,1102.32
2935,17.63,20.51,20.64,24.5,21.5,20.42,2.58,-0.22,20.35,5.8,2168.28
2936,20.97,21.51,20.26,23.81,22.9,21.36,2.1,1.29,17.73,4.13,1959.87
2937,21.9,22.17,20.03,21.65,22.53,19.81,1.46,3.59,18.17,5.79,1115.85
2938,20.15,19.62,20.97,20.82,19.4,20.73,1.28,0.21,19.15,1.19,1971.3
2939,20.27,20.75,20.87,23.95,20.97,19.34,2.85,12.22,20.7,13.53,3107.58
2940,21.11,23.09,21.28,22.32,20.85,18.79,2.4,5.88,15.77,-3.28,983.95
2941,18.95,19.29,20.19,23.72,20.39,19.73,3.11,6.97,21.54,6.56,2739.75
2942,19.27,18.25,19.99,23.14,20.94,22.73,2.92,5.77,18.75,6.5,2386.42
2943,19.16,20.43,19.1,23.85,22.85,21.29,1.77,0.53,23.3,5.29,2490.84
2944,20.12,20.96,20.11,22.6,20.69,22.03,2.81,5.12,20.88,6.28,2552.98
2945,20.61,20.65,22.7,23.41,22.27,20.78,2.28,8.74,21.96,8.91,2927.07
2946,20.85,19.54,20.23,23.18,20.86,19.32,1.91,0.88,19.62,3.23,2103.68
2947,20.31,19.77,20.87,22.53,21.82,21.12,4.12,7.36,20.58,1.67,2581.66
2948,21.27,21.77,20.58,23.66,20.83,20.17,3.88,-9.12,23.07,5.4,1909.89
2949,21.03,19.89,19.8,21.79,21.73,19.07,2.52,7.69,18.44,-1.16,2313.88
2950,20.61,22.96,20.23,19.87,21.86,20.56,1.32,-5.4,20.99,4.37,821.01
2951,19.85,19.48,21.43,22.61,22.17,20.59,1.62,-9.13,21.19,5.38,1699.13
2952,19.87,21.82,20.53,20.96,21.57,20.25,1.57,-1.95,23.02,7.28,1180.81
2953,20.3,20.89,21.83,23.26,22.41,21.17,2.65,1.45,18.84,10.87,2220.15
2954,22.58,20.14,20.77,22.47,20.64,19.64,2.31,2.34,18.45,7.89,2171.52
2955,18.37,20.42,20.5,22.12,22.75,20.69,1.75,9.03,22.62,8.03,1743.85
2956,19.11,20.6,20.66,23.52,21.66,19.68,3.65,-3.9,19.64,4.82,1867.98
2957,20.23,20.55,19.37,23.52,19.31,19.68,1.66,11.51,18.36,5.17,2651.57
2958,21.6,21.61,19.97,21.97,20.42,21.19,3.49,11.52,19.11,5.24,2746.39
2959,20.64,21.54,19.53,21.87,20.51,20.95,2.94,1.58,17.49,6.62,2010.58
2960,19.25,21.46,21.48,21.47,22.84,21.38,2.52,-5.79,20.03,5.67,950.08
2961,18.32,20.86,18.53,20.78,20.56,19.95,1.38,17.44,15.06,7.97,2068.15
2962,21.32,21.61,21.25,23.38,21.12,20.27,3.28,12.07,20.63,8.86,3001.77
2963,20.63,22.29,21.81,23.09,21.8,20.47,3.58,1.33,17.22,10.84,2059.16
2964,19.05,19.71,20.84,21.01,22.92,18.16,2.19,-9.54,22.8,7.83,1265.8
2965,20.9,21.42,20.52,23.14,22.27,20.19,3.0,4.34,18.72,7.97,2326.95
2966,19.36,22.48,22.68,22.43,22.09,20.96,2.08,-4.13,18.49,10.47,1705.71
2967,19.56,21.83,20.65,24.72,21.25,20.1,3.2,6.12,20.17,9.16,2604.42
2968,20.98,21.18,20.27,19.3,21.03,20.24,1.24,1.61,20.89,5.92,1056.32
2969,20.39,20.0,18.07,20.19,23.96,18.72,2.79,-11.17,20.16,3.87,784.88
2970,17.14,18.57,19.04,21.64,21.36,21.02,-0.01,-8.26,17.08,5.56,885.01
2971,20.96,20.56,20.54,23.29,22.6,20.58,1.06,-5.34,20.32,4.52,1818.27
2972,21.84,21.6,20.78,22.22,22.34,20.68,1.15,11.49,19.93,7.35,2847.14
2973,19.75,20.79,23.34,24.67,22.23,19.9,2.01,-4.55,19.85,8.47,1906.9
2974,19.88,20.12,19.3,22.92,20.73,19.12,1.29,-15.92,21.28,5.78,1306.2
2975,20.09,21.86,23.34,21.55,20.1,20.01,1.3,-1.41,18.59,5.9,1910.63
2976,20.68,18.5,19.18,21.44,23.15,19.42,1.86,-1.83,17.93,-0.95,608.54
2977,18.64,23.43,20.76,20.96,21.59,19.02,1.9,11.13,21.36,5.29,1473.93
2978,20.95,19.97,21.2,22.59,20.43,19.26,1.08,10.6,16.53,16.41,2634.25
2979,19.35,21.06,18.0,21.39,20.67,19.93,0.93,-9.16,20.66,10.37,1694.42
2980,19.87,22.31,18.78,19.52,19.22,20.74,1.32,2.75,17.79,10.99,1942.46
2981,20.42,21.36,20.1,20.71,21.68,19.66,2.8,5.54,23.11,8.46,1653.62
2982,21.06,20.88,18.72,20.44,20.22,21.31,4.11,-0.85,17.37,9.78,1927.27
2983,17.69,21.7,20.64,23.12,21.99,19.94,3.17,1.23,17.4,5.97,1025.42
2984,18.82,17.78,19.7,22.24,24.16,21.29,1.71,7.74,25.36,4.56,3113.25
2985,19.93,23.27,20.32,21.11,20.43,19.92,2.33,2.05,22.79,11.46,2074.08
2986,20.53,21.39,19.44,23.84,20.97,18.51,2.0,4.69,18.53,3.72,2233.36
2987,20.31,18.35,20.52,21.75,20.67,19.52,1.89,9.85,17.75,8.47,2559.0
2988,20.95,21.07,20.96,23.82,20.93,19.36,2.09,-3.13,18.31,12.35,1916.12
2989,17.54,21.05,21.79,23.73,24.01,19.08,2.22,5.57,20.82,9.9,1893.95
2990,17.48,18.89,20.21,22.88,22.1,20.37,0.6,-3.11,20.66,6.23,1006.99
2991,20.04,19.12,20.7,23.55,21.75,21.13,1.5,7.51,19.3,10.83,2617.01
2992,19.62,21.12,18.44,23.72,22.43,21.51,1.97,-4.35,23.84,7.65,2301.5
2993,21.51,22.15,20.15,21.07,20.05,19.37,3.91,3.04,18.57,6.6,1216.39
2994,20.6,21.27,21.05,23.21,23.51,20.08,2.51,-1.6,16.63,9.22,1783.01
2995,19.99,20.89,20.51,23.53,20.58,18.14,2.88,4.11,26.23,4.36,2990.96
2996,19.76,20.99,20.79,22.83,21.42,21.32,1.91,-5.91,22.01,2.68,1924.02
2997,20.11,20.87,21.7,20.67,21.08,20.8,3.15,-1.94,19.68,6.3,2014.4
2998,21.6,21.44,21.05,23.59,20.49,20.2,2.23,-0.37,20.51,5.04,2158.31
2999,19.63,19.48,20.64,22.32,21.38,19.19,2.66,-7.52,20.33,2.63,1666.92
3000,19.59,18.51,21.61,21.36,22.37,18.06,2.14,-4.25,17.08,7.09,1099.3
3001,21.12,18.68,18.85,20.9,22.2,20.66,2.44,-11.48,20.05,5.38,1454.74
3002,21.47,21.96,23.34,23.21,21.24,19.35,1.62,2.64,20.97,4.14,2359.71
3003,20.04,18.52,19.63,21.47,22.48,19.7,3.46,5.56,20.87,6.95,2601.35
3004,19.07,21.19,19.96,20.84,20.67,19.93,1.61,-9.74,15.83,4.16,748.23
3005,20.69,19.91,20.66,23.13,21.16,18.44,1.24,-8.2,20.47,10.48,1782.46
3006,21.75,22.31,21.2,23.2,19.16,19.4,2.13,-6.71,21.04,12.34,1974.4
3007,19.29,22.1,21.17,21.05,23.38,20.59,3.5,-8.91,19.98,9.1,1467.16
3008,20.76,20.31,20.96,21.34,20.39,20.14,1.45,2.8,17.79,5.72,2080.53
3009,18.08,17.29,18.4,21.82,21.12,18.89,1.86,-4.84,22.9,8.23,1327.03
3010,19.68,18.7,21.06,20.89,22.84,20.38,2.21,1.75,20.02,4.99,2233.39
3011,19.93,22.08,20.4,20.72,21.18,19.82,0.94,-5.23,19.66,9.0,1421.13
3012,19.06,21.31,19.34,21.78,20.69,19.54,0.9,-2.38,19.77,9.17,1453.66
3013,19.3,21.44,20.72,22.74,22.61,19.12,2.9,7.27,17.35,9.36,1845.23
3014,18.76,20.41,19.53,21.9,22.73,19.2,2.06,-8.09,24.42,5.89,1011.91
3015,19.63,20.41,19.01,22.79,22.03,20.26,1.15,-3.93,22.49,9.12,1470.49
3016,18.97,21.61,21.46,23.19,21.43,20.93,1.75,2.92,18.75,8.47,2240.95
3017,20.22,22.04,20.19,21.52,20.61,20.4,1.55,-2.23,16.57,7.79,1192.61
3018,20.74,20.94,18.46,21.8,21.47,20.65,2.01,1.32,21.17,7.27,1230.45
3019,19.4,20.79,21.47,20.55,20.11,20.45,2.16,0.01,21.65,3.78,784.19
3020,19.53,22.13,21.34,23.36,20.75,23.66,0.28,-10.55,20.22,8.25,1561.99
3021,21.34,23.13,21.75,22.25,21.25,19.05,3.07,9.79,19.42,6.16,2688.04
3022,18.91,19.86,18.86,22.49,20.76,18.77,2.06,-0.7,17.0,3.15,692.54
3023,19.52,21.67,20.25,21.7,20.92,19.91,1.49,11.16,21.32,4.88,1430.27
3024,21.03,22.09,21.02,21.35,20.74,20.19,2.71,2.37,16.97,8.29,2038.65
3025,17.72,19.91,18.53,20.63,21.47,20.09,1.17,9.22,20.65,5.55,1392.36
3026,17.92,20.44,20.16,23.65,22.38,18.86,1.75,7.16,21.6,5.28,1275.16
3027,18.84,19.45,20.25,19.24,20.78,21.12,1.03,8.6,19.48,0.76,1047.62
3028,19.13,20.28,18.98,20.83,19.94,20.98,2.6,-1.56,19.58,10.27,1681.36
3029,19.53,19.54,20.27,22.25,21.59,19.82,2.95,12.51,15.61,3.69,2418.67
3030,19.24,20.84,21.47,20.99,22.2,20.16,2.31,-3.3,18.31,7.18,1126.48
3031,19.88,21.14,20.5,23.44,21.99,20.67,1.85,2.54,19.15,5.59,2201.33
3032,19.96,21.49,21.04,20.94,21.98,20.95,0.98,6.04,17.09,7.8,1492.9
3033,21.59,21.56,21.68,23.59,20.9,22.33,1.63,22.21,22.83,7.75,3792.09
3034,19.24,20.53,21.47,20.86,20.9,20.22,2.19,7.66,18.58,6.39,1403.23
3035,20.32,19.76,21.5,23.48,23.33,20.14,1.54,-3.68,19.17,7.84,1873.16
3036,21.93,22.43,20.86,21.27,18.79,21.56,1.64,1.89,24.01,7.06,2677.34
3037,21.62,21.38,21.18,22.1,24.51,20.24,1.1,-9.42,22.25,2.88,1732.72
3038,19.28,20.41,19.29,22.13,19.22,19.57,1.41,10.29,23.95,10.62,2295.51
3039,19.68,20.07,20.76,22.38,23.14,19.59,0.83,-21.89,22.82,11.56,1976.09
3040,19.84,19.8,19.59,22.19,21.61,18.6,2.22,-1.21,21.53,4.36,832.37
3041,21.18,21.71,21.62,20.97,20.24,19.51,2.04,15.37,18.54,2.36,2848.1
3042,19.55,22.54,18.54,20.05,21.59,19.69,2.08,5.32,17.33,10.76,2020.42
3043,18.56,20.59,21.91,23.94,21.4,19.38,1.71,3.43,21.75,3.78,2478.33
3044,18.16,19.58,21.74,21.42,22.07,20.26,1.53,-8.34,19.02,10.88,1793.75
3045,20.92,22.03,21.36,23.25,22.26,19.01,1.76,9.32,15.88,10.49,2381.3
3046,19.99,19.97,18.26,22.48,22.28,18.8,1.66,-6.4,20.98,6.53,1057.94
3047,20.49,21.32,21.51,23.48,19.39,20.07,2.12,-6.34,20.56,6.47,1831.43
3048,21.01,22.56,21.12,23.82,22.08,19.88,3.47,9.3,17.63,4.02,2441.48
3049,21.4,20.46,19.97,21.33,21.5,19.97,1.85,-6.63,23.1,7.2,2078.12
3050,19.67,22.1,20.3,23.24,19.77,19.48,1.53,-10.24,18.41,8.47,1413.11
3051,21.05,20.43,19.35,21.99,21.96,21.54,1.8,-6.75,25.1,8.09,2290.78
3052,20.47,18.97,19.1,21.11,21.52,21.14,1.61,1.32,22.91,8.84,2569.96
3053,19.52,23.95,21.07,23.31,20.55,20.97,1.6,-3.52,22.22,10.18,1676.99
3054,19.6,22.47,21.18,21.91,21.91,18.63,1.53,12.72,18.9,6.86,1713.01
3055,20.46,21.49,19.97,20.17,20.38,18.82,2.55,0.24,20.44,15.46,3038.39
3056,19.94,20.22,18.96,21.05,20.11,20.74,2.54,-8.68,20.63,8.35,1335.46
3057,17.84,20.87,21.23,23.85,22.06,21.61,2.72,-13.08,19.51,8.19,1361.94
3058,20.17,19.85,19.38,20.02,22.51,19.43,2.89,6.3,20.12,8.17,1620.66
3059,19.65,20.39,21.55,20.36,20.87,22.03,1.71,2.1,23.89,8.21,2701.53
3060,20.55,22.28,19.93,22.63,22.04,20.44,0.75,4.26,18.73,8.2,1481.37
3061,19.19,18.13,18.35,21.01,21.28,20.84,3.58,-2.99,21.02,10.14,1679.88
3062,18.84,22.21,21.28,22.07,22.27,20.27,0.19,1.08,18.98,-0.52,653.01
3063,18.78,20.54,22.19,21.09,19.22,19.37,1.73,8.33,17.16,6.27,1401.38
3064,19.94,21.79,21.55,22.75,21.87,19.67,0.86,0.04,22.33,2.06,2290.25
3065,20.29,22.81,18.45,21.48,22.09,19.97,2.32,-8.03,20.91,11.09,1867.8
3066,20.96,21.51,21.66,22.98,19.78,18.38,1.23,5.06,22.16,2.77,2591.79
3067,19.26,20.51,22.86,23.78,21.29,21.98,2.91,-2.44,18.25,4.63,1804.01
3068,20.07,21.6,20.69,21.69,21.07,19.28,2.19,6.76,18.87,5.0,1204.64
3069,21.26,19.9,20.45,20.97,21.4,22.56,3.21,0.18,20.89,3.36,2203.19
3070,20.24,21.29,20.77,21.96,22.44,20.43,2.08,6.03,21.7,6.09,1313.13
3071,21.68,21.26,19.9,23.0,21.03,22.07,2.93,3.55,22.63,0.71,2522.52
3072,19.84,19.72,19.49,22.74,21.32,19.58,1.13,9.09,19.88,11.58,2782.41
3073,20.87,20.34,20.64,21.82,21.95,20.38,2.79,6.73,21.12,8.27,2716.95
3074,19.34,22.39,21.69,20.58,21.45,19.44,1.89,-9.13,24.02,4.71,881.33
3075,22.12,21.91,19.79,22.27,21.77,22.29,2.19,-13.12,19.33,8.72,1346.74
3076,20.85,20.43,20.07,21.98,20.99,19.77,2.74,-0.54,20.66,7.97,2225.43
3077,21.19,21.3,21.35,22.53,21.99,20.16,2.31,4.21,19.8,4.17,2344.68
3078,21.27,22.0,20.97,21.53,20.92,19.58,1.37,-5.08,20.51,9.12,1947.56
3079,19.19,20.73,20.53,21.2,21.79,20.67,1.61,3.12,23.07,6.36,1212.5
3080,18.7,21.02,19.55,22.02,21.93,20.5,1.15,2.82,18.93,10.4,1827.68
3081,20.5,20.96,21.37,22.11,21.21,17.79,2.57,-0.51,18.46,5.54,922.21
3082,19.62,21.11,21.67,23.8,21.97,19.36,1.72,-4.44,21.93,2.95,2007.15
3083,19.87,20.6,19.2,23.33,20.55,19.85,1.64,-7.14,23.36,9.93,2125.97
3084,20.74,19.81,20.13,22.76,22.56,22.72,2.16,17.35,17.36,6.31,2930.03
3085,20.67,20.45,20.96,24.31,22.04,23.19,1.81,-14.85,19.42,6.93,1212.97
3086,19.29,19.54,19.63,20.78,20.6,19.79,2.94,-8.67,20.73,7.8,1247.91
3087,20.42,20.46,20.29,22.24,21.89,19.4,2.63,18.2,20.18,4.05,3221.35
3088,19.84,21.85,21.58,22.2,22.11,20.76,2.58,-7.23,20.37,6.12,1011.65
3089,19.45,20.15,21.73,21.06,21.71,18.12,1.67,-3.94,20.22,5.4,914.26
3090,18.98,21.84,18.48,19.89,21.1,21.01,2.57,4.76,18.66,5.82,1193.36
3091,19.33,24.04,20.01,22.51,22.48,20.4,2.4,3.37,15.55,10.75,1902.23
3092,21.64,22.83,21.37,22.3,23.84,19.87,1.03,3.1,20.03,4.67,988.42
3093,17.5,21.0,18.72,20.46,21.57,17.74,1.8,10.47,19.63,4.52,1346.05
3094,19.03,20.72,19.93,20.4,20.9,19.38,1.86,-6.71,17.3,11.2,1848.83
3095,22.25,21.59,19.55,22.59,21.18,19.13,3.2,1.22,18.77,4.04,2066.96
3096,18.77,20.77,20.26,20.53,20.93,20.19,1.66,-0.38,21.96,7.19,1157.18
3097,17.99,20.88,20.42,20.16,21.97,19.48,2.39,-6.15,19.69,9.05,1447.13
3098,19.81,21.46,19.24,21.65,20.16,19.28,3.04,0.73,20.46,9.03,1491.62
3099,19.21,22.3,21.53,22.51,24.88,18.93,1.26,3.92,18.05,2.78,872.26
3100,19.69,21.59,20.34,21.29,23.14,22.15,2.22,4.09,21.31,4.85,1079.86
3101,20.12,23.0,21.78,21.91,22.22,21.09,3.63,7.49,25.09,1.77,1092.01
3102,19.5,22.11,20.36,22.43,23.28,20.43,0.74,-0.28,21.16,9.5,1526.79
3103,19.1,22.67,20.46,21.56,22.36,20.51,1.51,-7.05,20.99,10.15,1657.73
3104,20.43,20.87,19.7,22.05,22.01,19.76,2.22,-9.69,20.6,10.02,1638.23
3105,18.91,23.02,19.91,21.5,21.06,18.57,2.29,-3.23,18.8,6.93,1094.17
3106,20.7,20.93,21.57,20.73,20.46,20.64,2.13,-9.47,22.11,6.31,1795.33
3107,19.13,21.16,20.24,21.31,21.46,20.29,2.44,-4.97,19.84,5.31,908.82
3108,19.45,21.13,19.76,22.17,21.71,21.41,3.01,-8.27,23.86,2.43,730.16
3109,21.18,19.78,21.13,22.02,21.58,20.6,2.04,-4.58,24.01,8.56,2321.68
3110,20.98,21.72,20.43,23.19,20.86,20.52,1.94,12.48,19.03,4.09,2758.03
3111,21.17,21.19,19.58,20.92,21.19,20.53,2.48,-0.86,21.68,0.86,652.84
3112,18.93,21.38,20.31,21.59,25.41,19.43,3.59,11.01,18.94,10.94,2378.88
3113,19.51,20.9,20.68,21.14,20.69,19.22,2.48,2.92,22.56,5.15,1067.0
3114,19.83,21.31,19.48,23.49,22.11,20.34,2.83,-4.36,18.39,7.73,1765.19
3115,19.14,22.31,21.17,22.65,24.31,20.89,0.74,-0.86,20.57,6.57,1048.9
3116,20.26,21.56,20.3,21.41,22.73,19.49,1.86,-11.55,21.16,10.4,1715.15
3117,20.05,19.44,18.78,22.99,21.46,19.94,1.03,-2.32,21.69,2.59,2098.86
3118,20.8,21.13,22.12,23.21,21.72,21.1,2.01,-9.18,18.13,9.29,1473.56
3119,16.96,21.42,21.09,21.9,21.21,21.55,3.14,4.19,21.02,6.86,1327.11
3120,20.27,20.38,18.54,21.23,22.29,20.86,0.97,-3.04,20.52,8.36,1319.89
3121,18.25,20.49,19.8,20.84,22.25,19.52,3.39,-2.13,17.93,5.79,951.05
3122,20.19,19.04,19.9,23.54,21.19,21.58,2.0,-2.93,22.55,5.88,2222.42
3123,19.92,21.54,21.31,20.83,22.95,21.26,2.71,6.29,23.59,9.76,1933.19
3124,20.12,19.39,21.09,19.36,21.06,20.07,2.82,-6.23,20.21,4.75,860.72
3125,19.46,19.76,22.14,23.35,20.81,19.97,3.6,-6.69,19.82,5.42,1730.89
3126,20.54,20.81,21.87,23.28,21.86,20.26,2.46,2.4,19.36,6.27,2235.4
3127,19.97,21.81,22.38,20.93,21.88,18.84,1.3,7.6,25.88,2.65,1118.9
3128,21.23,19.61,20.62,22.8,23.25,19.86,2.81,2.32,22.06,6.19,2503.96
3129,19.44,22.27,21.77,21.65,22.21,21.2,-0.14,15.31,18.7,6.38,1763.48
3130,19.99,21.26,19.65,21.92,21.46,21.04,1.27,-6.54,17.13,9.06,1406.16
3131,19.58,22.34,20.36,22.96,21.16,20.45,1.54,-15.17,19.25,5.42,905.38
3132,18.17,20.02,20.4,20.81,19.84,20.3,0.32,3.41,19.26,1.35,790.95
3133,18.42,20.97,19.7,19.62,20.64,18.79,3.35,-1.07,20.6,7.09,1146.63
3134,20.38,22.81,21.35,22.63,20.99,20.74,3.06,3.3,20.18,5.57,2361.28
3135,20.52,20.46,20.79,21.96,20.67,20.32,2.36,5.99,22.52,3.44,2707.65
3136,19.16,21.22,20.15,23.55,21.29,19.72,2.78,-10.68,15.32,7.97,1213.92
3137,19.51,20.79,19.36,23.21,23.82,21.27,2.29,-2.01,21.2,8.09,1294.35
3138,20.15,22.26,20.07,21.36,21.71,20.51,2.69,4.1,21.96,8.83,1636.06
3139,19.88,20.92,19.77,21.14,21.54,20.23,3.01,1.79,16.78,8.13,1349.28
3140,19.71,20.9,22.66,21.83,21.72,22.84,0.84,-1.23,18.42,9.21,1964.99
3141,20.28,18.26,20.06,19.73,20.13,21.09,2.73,5.17,19.14,8.01,2416.79
3142,20.04,20.92,19.97,22.09,23.28,19.85,2.9,6.98,21.13,13.07,2700.71
3143,19.72,22.86,21.75,23.72,21.28,19.38,1.53,-14.36,19.27,11.42,1314.16
3144,21.25,22.32,22.55,22.79,22.63,19.72,1.82,11.03,20.02,7.71,2842.61
3145,20.46,20.34,22.99,20.68,22.09,18.72,1.38,-8.56,18.56,1.82,637.29
3146,19.49,21.61,20.3,22.82,20.78,19.04,2.25,4.17,20.21,12.61,2430.37
3147,18.21,21.02,21.55,24.09,21.74,20.33,2.31,-2.31,18.86,6.2,1898.12
3148,20.18,20.73,20.12,21.2,20.58,20.71,2.16,8.78,18.4,8.88,2570.58
3149,19.17,22.4,20.01,22.4,20.09,20.06,1.39,5.05,20.37,8.42,1585.06
3150,19.32,20.51,21.29,24.16,22.18,21.16,3.1,4.13,21.9,6.65,2606.39
3151,20.92,21.34,19.05,18.75,21.14,19.98,1.53,1.55,20.62,5.56,1011.85
3152,21.17,19.33,20.64,24.23,22.93,21.38,2.44,-3.76,19.64,5.97,1888.93
3153,18.14,20.85,21.7,21.04,20.66,20.25,2.63,-6.93,22.22,-1.04,663.68
3154,18.8,20.74,19.86,23.27,20.64,18.49,0.63,-9.68,19.19,3.5,727.57
3155,20.27,22.69,19.09,22.41,20.56,20.62,2.27,-4.38,19.93,5.53,931.8
3156,19.3,20.58,21.25,22.68,21.18,21.3,3.0,6.38,22.58,7.15,2818.82
3157,19.96,21.32,21.13,24.93,22.65,20.8,1.99,-7.01,19.24,8.78,1704.19
3158,19.99,19.85,21.07,22.98,22.11,19.51,2.72,8.46,19.03,5.28,2549.68
3159,19.15,21.94,19.93,20.99,20.54,19.31,1.46,-7.18,21.64,9.05,1455.02
3160,21.25,20.09,19.44,20.07,19.7,19.04,2.84,-1.15,18.18,6.31,1010.27
3161,19.92,20.44,20.22,19.06,20.55,19.27,1.09,3.16,22.65,5.92,1148.11
3162,20.59,20.61,21.26,23.01,21.26,20.83,1.98,7.19,16.55,7.16,2254.0
3163,20.64,20.87,20.27,20.79,20.74,20.18,2.99,-2.57,20.24,9.2,1485.02
3164,20.22,19.38,20.85,19.82,21.49,19.72,2.94,3.37,18.82,6.3,1186.98
3165,21.9,22.59,19.53,21.39,21.48,18.82,0.96,1.49,20.78,8.09,1351.6
3166,17.75,19.47,20.97,21.43,20.95,19.56,1.83,-1.75,23.25,9.24,1507.05
3167,20.16,21.2,19.47,20.46,19.0,19.09,1.52,-7.27,17.89,8.63,1342.57
3168,18.86,21.64,18.88,22.09,21.66,21.59,2.94,3.08,17.45,5.0,1010.25
3169,20.39,22.35,21.04,19.96,20.74,18.71,1.94,0.2,22.53,5.56,967.62
3170,19.95,21.51,19.32,19.32,20.05,19.0,2.12,-2.24,19.63,8.75,1388.37
3171,20.11,19.52,21.02,21.62,21.95,21.02,2.39,0.8,19.92,6.59,2199.79
3172,19.77,21.28,21.18,21.69,22.31,18.17,1.03,4.0,19.56,4.66,1028.54
3173,19.73,19.19,19.06,20.61,21.32,20.63,2.24,-11.76,19.37,7.13,1130.47
3174,21.02,21.57,21.47,22.15,22.45,19.76,1.19,-3.82,18.33,9.33,1808.95
3175,18.5,21.5,21.78,22.3,20.92,19.99,1.61,-6.82,19.6,9.74,1566.27
3176,21.26,22.82,19.49,22.0,21.9,21.51,1.65,-6.29,18.46,10.06,1692.67
3177,20.68,19.43,21.06,22.55,21.53,22.96,2.39,-5.52,22.2,7.1,2057.48
3178,21.17,20.02,19.61,24.29,21.24,21.28,1.37,7.69,19.0,8.15,2543.35
3179,21.3,21.26,20.85,20.31,19.26,19.67,1.62,2.33,22.9,10.31,2656.85
3180,22.52,20.87,20.44,22.39,22.95,22.08,2.26,-7.7,21.48,5.08,1814.33
3181,19.98,22.77,21.83,23.47,20.39,19.97,3.11,1.3,18.17,9.93,2130.26
3182,21.9,20.48,21.67,21.38,20.82,20.17,2.35,3.0,18.06,9.09,2194.34
3183,20.25,22.44,21.28,23.87,22.07,21.11,2.9,-2.51,19.65,9.11,2028.56
3184,19.82,20.37,19.59,18.42,20.9,18.83,0.3,-9.01,18.67,1.93,632.42
3185,20.54,22.13,20.99,22.08,21.41,20.35,3.15,-7.62,18.65,5.35,1551.91
3186,20.88,22.83,20.34,21.32,20.09,19.73,1.31,-11.1,21.85,5.15,900.33
3187,19.62,18.63,19.78,23.87,23.26,22.71,1.51,14.98,20.64,11.27,3210.03
3188,20.73,20.07,17.59,19.37,21.49,21.48,3.55,-12.1,22.72,4.35,856.37
3189,18.64,19.57,18.64,21.65,22.48,19.37,2.14,-8.78,18.04,3.8,750.82
3190,21.45,21.48,20.26,21.88,22.82,19.86,1.4,-0.16,16.72,3.35,1746.96
3191,18.53,22.49,21.33,23.11,22.15,19.22,1.51,-12.79,18.67,5.88,953.7
3192,20.18,22.02,22.14,22.7,19.63,19.59,0.89,-8.11,22.37,8.21,1926.43
3193,19.78,20.73,20.79,21.57,21.92,20.02,2.01,0.8,18.86,12.51,2217.08
3194,21.45,22.19,21.18,22.59,22.37,20.56,1.73,1.42,23.66,5.85,2591.28
3195,19.93,21.84,19.21,21.09,21.33,21.44,2.54,2.87,19.04,4.73,985.67
3196,20.51,20.13,19.98,20.77,21.73,19.55,3.38,5.01,21.29,11.68,2266.9
3197,20.55,21.5,21.5,23.0,21.1,19.32,1.0,-0.28,20.03,12.14,2246.02
3198,19.92,21.66,20.07,22.73,22.8,20.4,2.48,-4.82,16.51,1.72,622.0
3199,18.94,21.63,19.11,21.54,20.74,18.57,0.77,3.2,18.8,5.45,1056.46
3200,19.92,21.09,20.63,22.41,20.29,19.73,2.35,9.73,21.07,7.65,2871.45
3201,21.67,20.42,21.74,22.31,22.56,20.78,1.06,4.32,19.99,7.56,2423.85
3202,18.01,21.58,21.6,21.38,23.08,20.5,0.92,-6.05,19.23,13.65,2469.36
3203,22.5,23.43,22.21,20.89,21.22,21.34,4.04,4.3,19.75,5.35,2385.34
3204,19.5,23.17,21.65,23.25,20.75,20.11,3.72,3.91,20.39,3.56,968.79
3205,20.37,21.97,20.77,21.59,22.37,20.88,1.43,-8.66,15.3,4.68,786.4
3206,21.88,23.18,21.23,22.2,20.74,21.47,3.52,-1.63,19.0,10.27,2048.04
3207,20.2,19.57,20.14,22.04,21.4,19.9,1.97,3.97,18.52,6.96,2254.64
3208,20.69,20.78,21.78,22.08,22.55,19.34,0.9,8.13,21.52,11.8,2890.34
3209,20.13,20.67,18.0,20.18,21.21,19.85,2.52,-4.53,21.67,8.94,1444.11
3210,20.01,20.58,20.95,20.85,20.65,19.34,2.76,-10.2,20.43,4.97,884.16
3211,21.83,20.27,21.47,21.3,22.8,20.95,2.6,3.56,20.31,9.59,2468.09
3212,21.31,21.31,18.6,20.66,21.53,19.9,0.65,-1.74,16.42,10.61,1698.75
3213,20.18,22.37,19.63,21.12,21.93,19.99,1.09,1.68,18.34,11.38,1976.8
3214,19.69,20.35,20.1,23.38,22.34,20.07,2.75,1.33,19.39,2.79,2109.4
3215,19.83,20.53,20.29,20.24,22.06,20.53,1.08,1.04,19.87,7.84,1282.99
3216,20.07,21.41,19.87,22.77,22.79,19.41,2.81,-2.9,20.08,3.66,765.45
3217,18.89,20.73,21.01,22.23,21.75,20.3,1.71,6.35,16.53,6.11,1275.47
3218,19.17,21.6,19.96,23.33,22.95,21.09,0.68,-5.94,22.14,6.3,1030.7
3219,18.76,19.96,18.84,21.96,20.77,21.23,0.94,1.86,18.13,7.85,1302.61
3220,21.4,21.27,20.66,23.59,21.17,21.5,2.36,2.73,16.01,8.44,1961.85
3221,21.01,20.71,20.35,21.69,22.94,21.27,2.4,-1.37,21.72,5.19,2224.61
3222,19.51,22.42,21.21,22.96,20.19,21.17,3.25,5.55,18.33,10.65,2416.14
3223,19.98,20.55,20.91,21.01,22.58,19.23,2.02,-3.26,21.52,11.0,1850.83
3224,19.29,22.79,20.99,20.65,20.62,17.88,1.84,16.08,16.87,7.56,1964.72
3225,19.71,22.48,19.98,20.06,20.5,21.66,3.44,1.66,19.29,12.18,2198.4
3226,18.87,22.58,21.53,23.22,21.83,18.36,1.33,8.67,18.24,6.76,1490.04
3227,19.61,21.7,18.57,19.72,22.31,21.17,1.77,6.22,20.89,1.45,962.6
3228,19.53,21.95,22.88,21.87,23.51,19.18,2.38,9.96,18.37,4.23,1290.91
3229,19.71,21.09,18.51,18.77,22.91,21.15,1.28,0.62,20.89,5.67,980.7
3230,19.67,20.59,20.44,23.04,20.17,20.48,2.36,7.89,19.25,9.76,2622.31
3231,19.64,20.54,19.66,20.92,22.14,20.14,2.0,10.19,18.81,4.06,1287.49
3232,20.93,20.47,21.94,24.26,22.24,21.23,2.91,2.02,21.98,6.82,2489.78
3233,19.4,21.65,18.27,22.33,20.96,18.26,1.67,-4.89,24.42,14.44,2746.06
3234,20.77,20.96,19.73,21.93,20.98,19.15,1.49,12.81,19.37,7.7,1847.15
3235,20.66,22.21,20.05,20.59,20.82,21.85,3.54,0.13,18.59,11.82,2032.54
3236,19.17,21.63,20.84,21.77,20.16,18.96,2.68,0.55,19.81,3.4,771.89
3237,20.36,22.6,21.35,21.15,21.28,20.15,2.87,1.89,20.3,0.93,741.41
3238,18.93,21.15,21.1,22.09,22.25,21.12,2.67,-5.48,16.79,2.17,646.58
3239,20.09,19.36,21.09,20.72,21.01,19.35,1.46,2.38,18.15,10.25,2183.37
3240,18.68,19.76,19.26,21.63,19.6,18.21,1.23,2.44,17.28,6.3,1105.59
3241,20.76,21.06,20.77,20.07,21.68,18.98,1.24,-0.07,17.9,6.02,959.31
3242,19.97,19.85,20.81,21.84,22.28,20.47,1.54,-0.47,23.22,12.17,2558.28
3243,20.66,20.69,21.93,23.25,22.74,21.62,2.96,-1.56,15.98,10.26,1745.17
3244,19.97,20.52,19.58,19.84,18.67,20.03,1.98,-2.66,20.85,8.4,1339.93
3245,18.15,19.42,21.38,24.1,23.21,20.63,2.75,5.09,19.36,10.6,2486.59
3246,20.46,20.71,21.73,22.08,22.53,20.01,2.66,2.03,20.58,6.54,2341.57
3247,18.6,20.53,19.99,20.19,19.75,17.74,3.28,6.52,17.87,8.05,1588.89
3248,20.58,22.79,19.66,21.18,22.01,22.39,2.64,-3.65,19.18,3.36,736.76
3249,19.68,20.93,21.0,20.59,19.93,21.0,2.17,7.89,22.7,4.71,1267.46
3250,20.54,20.22,19.2,21.63,22.37,20.88,0.96,6.24,19.19,6.2,2433.12
3251,20.17,21.87,21.06,21.96,20.49,20.93,3.55,-1.7,23.13,6.92,2389.36
3252,18.85,21.9,19.42,21.93,20.01,21.91,2.85,-4.66,15.29,9.96,1572.26
3253,20.54,21.64,20.94,21.37,21.01,21.98,2.34,4.16,21.2,10.71,2611.79
3254,21.43,22.76,21.08,21.15,22.3,21.22,2.17,-11.1,20.17,15.58,1689.69
3255,20.49,21.34,19.91,22.83,21.3,20.41,0.58,-2.91,17.39,13.9,1853.38
3256,19.73,18.49,21.49,22.22,20.99,20.64,2.34,1.93,22.01,10.43,2553.93
3257,18.32,19.9,18.38,21.31,21.51,20.27,1.58,-1.05,18.64,2.54,671.11
3258,19.02,21.25,19.78,21.85,21.01,17.84,0.69,-7.5,20.56,11.3,1892.86
3259,19.34,20.89,18.52,20.15,21.53,22.21,1.61,0.63,18.2,12.67,2238.11
3260,21.19,20.28,19.04,22.46,21.68,19.45,2.19,-6.99,19.09,7.42,1665.17
3261,20.08,20.04,21.15,20.57,20.77,20.25,2.3,1.83,21.55,1.91,2331.14
3262,21.11,20.99,20.36,20.49,20.85,21.37,1.06,-2.74,25.41,7.62,2544.45
3263,20.03,21.95,21.16,22.2,20.32,20.38,0.91,-0.97,18.36,9.68,1985.66
3264,18.05,21.55,19.15,22.74,20.02,19.17,1.76,-5.75,22.76,7.74,1248.35
3265,21.29,20.29,19.75,22.26,21.84,21.12,2.46,5.42,22.97,5.78,2768.96
3266,19.45,19.58,21.12,19.88,20.36,20.47,1.37,-1.02,21.41,6.77,1089.26
3267,21.12,22.25,22.26,22.88,20.85,21.45,1.64,-5.17,21.69,10.88,2098.16
3268,19.86,19.57,19.62,21.98,20.86,19.53,2.15,-0.85,18.71,8.42,2015.22
3269,21.89,24.2,21.32,22.8,20.32,20.21,1.34,12.14,18.23,11.42,2799.85
3270,20.57,21.9,20.57,21.48,20.72,20.84,0.39,2.34,19.16,10.27,2269.35
3271,19.87,19.26,18.62,23.4,20.99,19.31,2.25,7.53,20.63,6.42,2670.66
3272,19.88,20.9,21.55,22.74,21.42,20.68,0.6,-11.28,19.49,9.52,1473.3
3273,19.02,19.57,19.22,21.38,20.16,18.45,2.26,-1.38,18.64,11.51,1937.39
3274,18.49,18.2,18.63,21.87,21.77,19.52,1.82,-7.0,18.72,7.45,1164.71
3275,19.44,20.84,19.85,22.63,23.32,21.4,1.82,-3.64,19.48,9.02,1431.17
3276,20.7,20.05,18.62,21.94,20.76,20.46,1.12,-5.37,21.89,2.44,1932.15
3277,21.5,23.55,21.53,23.19,21.58,20.51,1.73,9.03,18.03,5.68,2478.16
3278,19.72,21.41,20.29,22.74,20.02,20.69,1.3,5.02,21.26,6.56,2575.49
3279,21.62,21.49,20.95,21.58,22.6,20.98,4.28,-5.29,21.17,3.93,1926.73
3280,20.32,21.37,19.76,23.35,22.2,20.46,1.36,-3.25,19.06,7.39,1878.93
3281,18.39,20.26,20.35,23.2,20.5,18.25,2.83,2.54,20.69,12.09,2228.99
3282,20.95,18.66,21.2,22.15,20.89,19.58,1.55,6.23,22.62,7.93,2815.2
3283,19.97,22.43,21.89,22.99,20.73,19.89,2.19,7.29,19.44,11.01,2627.62
3284,20.73,20.35,24.56,23.46,22.53,21.0,2.01,4.45,18.59,9.13,2333.29
3285,19.32,22.03,22.05,23.23,22.16,20.18,1.87,12.7,18.24,12.16,2851.89
3286,19.74,19.31,20.27,19.31,22.16,19.17,1.84,2.99,18.46,6.81,1221.0
3287,17.77,22.07,20.48,22.3,21.25,21.33,2.2,-3.11,21.74,4.99,895.79
3288,20.56,19.84,19.16,20.26,21.15,19.59,3.1,-5.7,19.97,9.35,1511.63
3289,19.76,22.0,19.84,21.98,20.75,19.19,1.1,-7.56,17.11,2.3,638.62
3290,18.65,19.62,21.89,20.38,20.62,18.92,0.59,-8.47,22.77,8.79,1410.12
3291,21.56,20.61,20.66,22.35,22.16,19.18,1.34,4.72,19.73,0.38,2281.6
3292,18.89,22.15,19.63,20.47,21.04,18.38,2.1,11.14,21.07,4.38,1386.3
3293,19.82,21.67,19.65,21.13,19.92,20.16,1.76,0.73,21.33,8.05,1319.83
3294,18.16,20.97,21.3,20.8,22.97,19.97,3.23,12.8,18.48,3.18,1365.24
3295,19.75,21.4,19.94,22.33,22.17,21.65,3.14,0.19,17.76,5.77,956.41
3296,20.95,20.69,21.12,19.66,20.48,20.4,1.64,4.25,18.23,3.06,910.31
3297,19.56,21.6,20.69,22.22,20.57,18.83,3.24,-11.08,19.7,9.13,1468.23
3298,20.95,21.27,19.03,20.14,20.21,18.93,2.34,5.69,20.98,10.41,2005.01
3299,19.52,20.38,20.07,21.3,20.86,20.26,1.42,-4.46,24.2,7.01,1147.92
3300,20.13,20.57,19.43,21.85,22.36,20.09,1.9,5.81,21.97,13.59,2779.44
3301,19.52,22.25,19.95,21.49,20.48,18.24,1.85,8.98,16.5,6.3,1432.47
3302,21.17,20.82,21.36,21.22,21.06,19.66,1.41,2.13,19.78,3.0,2185.92
3303,20.82,21.1,21.02,20.21,21.48,20.45,1.49,3.03,16.0,2.71,800.28
3304,20.42,21.43,21.13,21.42,20.58,19.21,2.36,0.83,22.11,6.56,1120.4
3305,19.36,18.93,17.73,19.91,21.67,20.48,1.68,4.48,19.69,7.97,1479.67
3306,18.18,20.4,19.81,21.94,22.96,20.17,1.77,13.11,20.16,14.49,3381.29
3307,19.76,20.63,19.12,22.26,24.54,19.27,1.83,0.08,19.62,3.79,766.82
3308,19.11,20.64,21.66,21.69,22.11,19.99,1.87,1.15,20.24,5.1,945.8
3309,20.3,21.35,18.52,21.61,20.71,20.23,2.74,-12.45,18.75,8.43,1333.17
3310,20.81,19.13,20.39,23.4,23.4,21.58,1.34,2.95,20.28,7.29,2369.29
3311,19.15,22.17,20.83,22.45,21.14,20.16,2.18,-5.47,18.26,5.19,878.06
3312,20.8,21.39,21.97,22.39,21.05,19.73,0.79,-1.38,20.68,6.87,2134.84
3313,20.89,22.66,20.66,20.83,20.79,17.23,1.58,3.34,20.64,3.6,924.17
3314,19.02,21.26,19.04,21.69,22.38,19.44,0.95,-11.31,21.07,5.66,945.43
3315,20.87,21.58,18.34,20.55,20.38,19.93,3.29,3.26,19.89,3.67,932.69
3316,21.78,20.08,19.13,21.38,21.16,20.28,2.11,1.76,22.28,10.13,2561.69
3317,19.59,20.84,19.57,19.16,20.87,17.63,1.66,4.92,24.09,9.23,1756.26
3318,20.25,20.01,20.0,22.57,23.55,21.23,0.61,-4.47,17.23,6.84,1604.22
3319,20.65,23.01,21.19,21.74,22.72,21.05,0.93,7.79,17.7,7.05,1476.3
3320,19.28,19.51,20.88,21.22,23.57,18.28,2.68,2.13,19.75,7.67,1325.66
3321,19.97,20.79,19.53,20.18,22.07,21.79,2.28,-4.97,19.2,5.63,937.64
3322,19.43,21.78,18.91,19.69,22.19,20.05,0.85,-9.59,21.06,1.93,661.13
3323,20.85,22.43,19.47,21.02,20.82,19.02,0.85,-3.79,21.06,5.98,980.44
3324,19.75,20.55,20.54,21.52,20.84,19.1,3.48,6.1,20.7,8.46,1668.3
3325,21.1,20.76,19.93,22.49,21.83,20.77,3.08,3.12,17.01,9.86,2122.7
3326,18.97,20.04,20.45,22.2,21.18,18.96,2.24,-15.02,20.48,7.22,1151.37
3327,19.81,24.07,20.55,21.01,19.49,20.54,2.09,-2.33,24.17,5.19,934.07
3328,20.03,20.8,20.15,22.98,21.76,20.35,1.87,0.88,21.15,8.68,2364.37
3329,19.31,20.29,21.92,20.81,22.32,17.84,0.99,13.37,19.95,7.52,1849.16
3330,21.32,22.24,21.16,22.08,20.7,18.85,2.69,9.01,21.37,3.88,2786.17
3331,20.78,21.02,20.38,22.39,22.16,20.02,1.84,-1.25,18.42,1.6,1822.75
3332,19.84,20.02,21.11,20.87,23.19,19.39,2.58,1.27,20.94,5.38,992.43
3333,18.42,20.36,21.23,22.67,21.58,20.64,1.68,-9.54,20.04,11.57,1963.01
3334,18.94,21.06,20.76,21.24,20.5,20.36,2.29,-18.39,17.91,8.67,1357.24
3335,19.09,20.13,20.53,19.67,19.77,18.19,1.62,-2.78,20.59,11.45,1940.83
3336,19.15,21.09,21.04,22.41,21.48,18.18,2.06,7.02,20.17,6.9,1454.63
3337,21.07,21.67,20.28,24.13,22.62,19.66,2.64,1.27,21.77,6.89,2421.56
3338,19.2,20.9,21.31,23.38,20.9,20.85,1.57,-5.24,20.35,-1.08,1718.34
3339,21.32,19.71,19.31,19.03,21.67,20.15,3.62,6.39,20.5,1.26,983.19
3340,20.43,22.74,21.55,22.21,22.55,21.55,1.54,12.55,20.39,8.38,2979.26
3341,19.72,20.4,18.76,23.92,21.82,20.99,2.11,-10.42,20.36,7.57,1586.79
3342,18.55,18.87,21.37,21.3,21.84,20.44,3.11,-0.37,22.51,0.2,661.85
3343,19.41,20.51,19.95,20.88,22.13,21.58,3.16,-3.73,21.58,7.4,1198.43
3344,18.22,21.42,21.68,23.28,22.86,19.68,2.37,0.31,18.29,10.02,1630.88
3345,19.67,20.24,20.92,23.75,20.79,20.18,2.22,-3.19,19.83,7.94,1978.27
3346,19.56,20.93,21.99,21.35,19.87,21.71,2.06,19.54,17.45,5.4,3048.97
3347,20.61,21.42,20.96,21.92,21.16,20.19,3.09,-0.84,23.32,-0.47,2308.49
3348,20.65,22.42,21.27,21.38,19.45,20.02,2.77,2.1,18.73,8.21,2195.45
3349,19.86,21.51,19.82,20.58,20.38,19.73,2.87,1.17,18.61,4.33,864.21
3350,19.23,20.37,19.8,20.64,22.9,21.65,3.31,-8.77,24.11,8.53,1401.12
3351,18.01,20.54,20.81,22.48,21.58,20.88,2.37,1.42,18.92,9.09,1514.73
3352,19.43,20.93,20.19,23.58,22.45,19.6,1.67,-10.3,18.27,9.76,1556.36
3353,20.49,20.56,18.22,20.42,20.31,21.15,2.28,12.62,21.45,8.14,1936.33
3354,20.14,20.65,20.11,19.61,22.02,21.08,2.04,6.32,20.07,5.96,1298.0
3355,18.53,20.99,21.53,23.23,22.77,18.83,1.85,-4.04,18.37,8.76,1374.63
3356,20.4,20.93,22.21,21.92,20.99,21.29,1.68,-1.17,20.77,3.96,2106.43
3357,19.23,19.63,20.62,22.72,23.68,19.45,2.44,7.18,21.39,10.96,2201.2
3358,19.7,18.78,21.22,21.84,22.53,19.67,2.51,1.91,21.9,4.95,2435.84
3359,19.16,20.58,19.77,21.02,21.5,20.4,1.44,-11.56,20.6,12.44,2171.82
3360,18.62,20.91,20.29,23.38,20.86,18.81,2.25,1.18,21.95,6.25,1096.8
3361,21.82,20.84,22.11,24.41,23.18,21.33,3.3,7.6,21.86,8.48,2848.13
3362,19.3,20.88,20.7,20.57,20.68,20.49,1.4,-16.34,19.18,7.38,1155.83
3363,20.98,21.72,20.39,21.09,21.73,20.5,3.1,0.97,23.83,1.6,746.15
3364,18.23,21.07,19.98,22.42,23.92,21.13,1.3,-5.85,21.44,8.61,1370.9
3365,19.65,20.19,20.88,22.06,21.7,20.53,2.29,8.87,23.09,4.69,2963.73
3366,16.52,20.66,19.91,21.21,20.28,20.67,0.58,-3.17,19.81,6.64,1050.37
3367,18.73,20.51,20.54,21.64,20.67,21.41,2.51,-3.89,21.86,7.14,1155.1
3368,20.63,20.91,20.65,21.6,22.24,20.24,1.82,5.79,20.64,3.91,2513.31
3369,21.54,20.24,19.96,22.1,21.5,18.38,0.6,-6.28,22.13,5.19,1950.31
3370,18.72,20.17,21.63,22.11,20.56,18.28,1.62,0.59,19.26,10.77,1803.25
3371,21.16,22.16,20.47,22.25,21.91,19.73,3.41,1.97,19.0,3.05,2118.83
3372,20.05,21.31,19.94,22.29,22.46,20.57,2.46,-1.36,22.72,8.77,1425.4
3373,19.84,19.83,19.99,20.13,20.62,20.24,2.09,-9.13,20.58,5.86,975.32
3374,20.77,20.46,19.05,22.21,22.13,19.57,2.42,-6.1,22.16,10.0,1649.09
3375,19.38,20.05,20.05,20.77,23.04,19.35,2.81,-0.91,17.44,9.12,1437.51
3376,19.34,20.04,20.77,21.62,23.94,21.58,3.22,-13.26,18.53,4.92,863.44
3377,21.72,21.21,20.41,22.15,21.53,20.81,1.77,0.6,19.06,9.05,2144.41
3378,21.03,22.07,21.08,21.21,23.45,20.24,2.47,-1.84,22.87,5.29,936.92
3379,20.05,19.78,21.0,22.38,22.18,20.21,2.38,4.01,22.78,12.13,2789.81
3380,19.91,20.0,21.66,21.73,20.7,22.71,2.09,4.55,20.26,7.36,2471.92
3381,19.85,21.12,20.6,21.88,20.32,19.66,1.85,-7.86,21.08,5.98,991.88
3382,19.73,22.14,21.34,21.67,22.37,20.11,3.28,-3.64,20.43,5.74,971.42
3383,20.03,22.84,22.21,23.27,22.78,20.4,2.21,-6.49,18.18,5.93,1573.34
3384,20.01,21.01,21.09,20.84,19.87,19.32,1.03,-3.68,20.21,6.12,993.01
3385,20.14,20.73,21.74,22.73,20.44,21.46,-0.32,-1.76,18.35,9.15,1913.66
3386,17.26,22.27,21.14,22.69,22.89,22.52,2.76,7.84,19.33,5.51,1321.62
3387,19.41,22.88,20.06,22.52,22.19,19.41,1.66,-4.17,19.64,4.48,818.08
3388,20.31,21.05,20.47,21.94,21.64,21.27,1.88,6.21,23.69,10.22,2968.53
3389,17.72,22.05,20.41,22.26,19.31,18.16,2.33,1.82,20.41,11.08,1951.63
3390,18.24,18.45,20.21,22.36,21.13,21.93,3.97,9.7,19.28,4.66,2649.06
3391,19.9,23.08,20.3,22.8,18.94,20.88,3.08,-2.47,21.36,6.12,2146.61
3392,20.13,21.65,19.7,22.52,21.72,21.15,1.82,-5.69,18.8,10.73,1777.0
3393,19.1,23.01,23.33,23.02,22.66,21.09,2.58,1.01,26.2,8.38,1436.04
3394,21.2,20.1,20.39,21.95,23.22,20.62,1.52,-11.25,20.97,11.8,1677.98
3395,19.42,20.82,20.34,22.51,20.63,19.38,2.62,1.1,15.69,9.1,1465.07
3396,16.85,23.56,20.77,22.07,21.64,19.6,1.34,3.96,18.53,8.45,1516.94
3397,17.29,20.51,19.9,22.9,21.51,19.48,2.15,7.69,24.05,5.91,1398.23
3398,17.96,20.39,20.99,23.02,20.31,20.66,2.17,2.84,20.39,4.07,2316.57
3399,21.02,21.08,21.47,22.13,22.2,21.86,1.16,-1.0,19.16,3.38,1940.29
3400,20.28,20.64,20.41,21.23,20.26,22.17,1.53,13.59,20.92,6.91,3066.03
3401,18.53,22.68,20.87,21.3,23.6,19.55,0.26,-0.07,17.13,11.23,1837.45
3402,18.64,22.02,20.36,22.19,21.8,19.25,1.7,-7.41,18.23,3.86,752.22
3403,19.77,22.46,21.92,24.09,20.24,19.82,2.89,-0.24,17.45,6.63,1896.26
3404,19.51,20.38,20.86,22.99,22.53,19.63,3.6,-9.41,19.36,2.02,1452.44
3405,20.42,20.21,18.79,19.95,21.99,20.66,3.19,-8.64,23.59,11.15,1916.61
3406,20.19,22.39,20.11,22.43,21.38,19.31,1.69,1.69,21.32,4.57,927.02
3407,21.07,22.33,20.87,22.72,22.4,19.76,1.99,-9.28,21.07,13.8,1853.12
3408,18.91,22.04,18.53,21.18,19.92,20.63,1.94,-4.32,18.8,8.39,1317.59
3409,21.36,20.39,21.74,21.87,21.52,21.07,1.83,-8.18,21.71,11.63,1935.25
3410,18.4,20.44,21.81,22.51,22.0,19.56,2.78,0.98,18.59,1.79,698.74
3411,20.3,22.14,20.34,20.35,21.99,18.29,1.56,-4.98,19.68,-0.43,619.0
3412,17.88,20.05,21.0,23.07,20.78,18.95,3.16,3.72,21.66,5.85,1180.11
3413,21.25,21.86,22.23,22.23,21.38,19.96,2.11,3.16,19.92,7.12,2349.87
3414,19.37,21.02,20.07,23.31,22.08,19.89,1.07,-9.13,22.01,8.88,1423.49
3415,20.33,21.39,21.52,21.63,22.45,20.19,1.92,6.45,19.69,11.62,2294.19
3416,20.54,22.49,21.25,22.91,20.27,19.05,2.38,-1.2,23.01,6.07,2379.46
3417,20.05,21.83,19.85,18.55,19.64,20.13,2.78,-8.57,20.94,5.72,969.64
3418,18.33,21.54,21.02,24.25,22.26,22.05,2.6,2.61,18.39,6.32,2152.81
3419,19.29,20.09,20.89,23.8,23.08,21.24,1.75,12.32,19.02,8.1,2825.49
3420,18.18,21.02,20.97,23.01,21.47,21.0,1.59,-1.37,19.64,3.27,725.09
3421,19.86,24.18,20.47,22.74,21.24,17.77,3.38,-11.54,22.1,1.61,686.16
3422,20.46,20.53,19.17,20.44,22.07,21.43,2.02,6.46,24.14,7.98,1620.82
3423,17.67,21.31,20.15,21.15,22.44,20.95,1.09,11.03,17.31,2.95,1226.3
3424,19.09,21.75,21.35,21.53,21.53,21.47,1.53,-7.56,19.32,10.43,1701.16
3425,20.23,20.96,20.98,20.32,21.6,20.21,0.43,-5.57,22.71,0.37,634.83
3426,18.77,21.16,21.34,22.2,22.34,18.37,0.7,0.25,19.97,4.64,838.23
3427,18.16,19.71,19.77,20.18,21.11,18.78,1.58,-13.54,19.78,2.94,704.95
3428,20.83,20.24,21.32,22.32,22.14,21.66,1.36,14.57,21.27,4.98,3119.36
3429,19.02,21.75,19.3,23.78,21.25,21.16,1.45,-0.36,17.56,4.36,785.01
3430,20.7,22.17,20.89,21.57,21.21,19.72,2.62,0.29,21.34,10.38,1734.85
3431,21.04,21.73,19.34,21.18,20.82,18.08,2.7,2.5,20.71,15.43,3143.6
3432,21.8,21.2,20.25,23.0,21.74,17.87,1.07,-1.81,20.49,3.32,2021.79
3433,21.71,19.81,21.03,19.16,20.96,20.05,3.51,-3.61,22.38,4.92,2159.61
3434,19.73,20.23,20.91,22.49,21.26,18.41,2.08,-6.59,19.95,6.57,1056.88
3435,18.43,19.8,19.33,23.11,21.07,19.38,2.01,-8.25,20.17,3.82,774.18
3436,20.4,21.64,20.27,22.38,21.35,20.42,1.37,2.85,20.45,8.68,2406.84
3437,19.83,20.77,19.24,22.01,20.78,21.3,1.76,9.47,16.37,2.84,2284.57
3438,19.25,19.11,20.7,23.01,20.23,19.09,3.62,6.65,22.3,8.83,2845.92
3439,18.82,21.27,19.81,20.75,20.98,19.49,1.13,-2.02,21.31,7.27,1158.63
3440,20.76,20.28,19.61,21.93,22.67,19.1,2.21,-1.35,21.2,9.26,1495.37
3441,20.94,20.54,23.45,22.37,21.02,20.43,1.57,11.33,20.78,6.97,2918.99
3442,20.24,22.1,21.34,21.91,21.37,20.79,0.55,-5.59,23.01,9.2,2160.8
3443,20.84,20.35,20.24,21.98,20.32,19.74,0.77,-11.68,20.52,8.59,1534.85
3444,19.6,20.62,20.1,23.81,22.29,20.54,2.49,1.76,19.66,6.46,2230.12
3445,20.39,22.46,20.99,20.8,20.6,20.77,0.62,5.97,16.89,8.67,1626.16
3446,20.23,20.74,19.65,21.58,20.99,19.91,1.01,-17.42,17.69,11.27,1859.44
3447,20.95,22.42,21.54,20.83,22.11,21.33,2.66,2.79,19.48,1.64,792.42
3448,20.4,23.68,21.65,23.29,21.48,20.09,2.56,-7.9,20.29,0.91,1603.86
3449,19.72,20.15,20.78,22.4,22.83,19.6,2.05,-9.93,18.93,10.89,1802.91
3450,19.99,23.25,21.2,21.67,22.25,20.93,1.06,-2.02,19.63,9.7,1552.24
3451,20.04,22.84,20.45,22.87,24.24,20.77,1.05,-8.08,18.35,11.29,1872.67
3452,20.7,21.91,21.37,22.23,20.33,19.84,0.94,-12.39,22.07,6.68,1610.69
3453,20.49,21.37,20.51,20.78,21.91,21.05,1.89,0.76,19.52,12.26,2160.31
3454,19.7,20.06,20.62,23.04,22.83,20.32,2.51,-0.31,22.6,15.68,2585.06
3455,21.34,20.79,22.84,22.0,23.0,21.73,1.66,-12.03,19.57,10.46,1466.4
3456,20.72,18.71,20.9,22.01,22.43,21.27,2.71,-9.85,20.83,8.75,1698.63
3457,19.46,20.46,20.34,20.04,21.32,19.6,3.29,3.25,21.05,9.2,1659.15
3458,19.78,23.78,21.18,23.54,22.85,20.11,2.31,3.7,20.41,7.51,1380.68
3459,22.14,22.17,20.29,21.11,20.05,19.67,1.0,-18.52,17.99,7.96,861.34
3460,19.38,19.46,20.77,22.54,22.77,22.52,2.07,-8.84,19.41,8.35,1603.78
3461,19.88,22.01,20.09,22.63,21.85,18.37,3.08,-0.58,16.32,13.82,2505.54
3462,19.35,20.24,19.49,21.81,21.16,20.21,1.5,2.96,23.67,4.72,1024.1
3463,19.82,22.33,20.13,20.49,22.04,20.82,1.47,2.88,14.35,6.33,1100.48
3464,20.27,21.69,20.55,19.65,21.82,21.63,2.91,4.22,21.85,7.01,1354.57
3465,19.19,20.61,19.97,22.8,23.09,20.37,0.85,-5.04,20.3,8.88,1405.6
3466,21.44,22.7,21.01,20.98,19.54,19.25,2.16,1.25,16.88,7.74,1253.42
3467,19.64,20.55,19.04,21.0,21.42,19.57,1.51,-2.76,20.62,3.14,725.35
3468,18.79,20.76,19.64,21.35,19.81,21.13,1.65,-3.92,17.98,7.22,1122.95
3469,18.39,20.92,21.09,21.71,21.2,21.93,3.36,-10.58,20.97,6.68,1095.24
3470,19.5,19.4,20.09,22.6,22.93,20.56,1.62,2.08,19.97,6.97,2282.78
3471,20.96,22.3,19.28,20.51,19.34,20.37,2.1,-11.54,20.55,9.52,1536.52
3472,19.35,18.11,19.19,22.21,20.56,20.28,2.83,-8.19,19.36,10.59,1688.33
3473,21.05,22.74,20.01,21.18,22.13,21.28,0.97,4.81,22.94,4.48,1082.48
3474,20.33,20.25,21.5,19.94,20.19,20.89,2.67,-1.16,18.15,12.79,2032.51
3475,19.94,21.21,21.44,22.18,21.21,21.92,1.64,7.36,18.78,2.51,2389.68
3476,20.44,22.59,20.05,22.48,22.18,19.04,0.98,-2.36,19.74,4.87,846.81
3477,20.82,21.57,21.09,22.09,22.37,18.59,1.61,-3.89,19.88,6.33,1019.54
3478,18.62,20.64,19.95,21.66,19.2,20.29,2.05,8.03,17.94,9.11,1836.2
3479,20.07,22.63,21.55,22.51,20.44,17.54,2.19,-2.8,16.45,1.81,622.88
3480,19.87,21.57,20.55,20.56,21.24,23.04,1.4,1.97,20.81,13.65,2589.0
3481,18.92,20.06,22.05,24.08,23.06,19.9,1.83,-1.14,20.75,1.61,2061.64
3482,19.77,21.35,23.2,23.25,21.02,18.26,0.89,0.84,23.81,11.65,2677.91
3483,18.72,21.22,21.76,21.1,20.06,20.43,1.43,-1.55,22.76,5.76,976.06
3484,18.91,19.94,19.7,21.84,22.42,19.48,0.91,6.15,20.22,7.28,1452.35
3485,20.16,20.43,20.51,22.56,23.23,19.18,1.94,0.48,18.77,0.34,636.58
3486,20.21,22.78,21.54,23.44,22.47,20.65,1.33,-2.33,22.48,9.23,2312.27
3487,20.15,19.01,19.18,21.24,21.34,20.23,3.66,1.78,18.45,6.54,2123.21
3488,19.79,21.57,19.03,20.53,21.17,20.49,2.31,-10.84,21.96,10.52,1752.06
3489,20.56,21.39,20.59,21.52,22.23,21.19,0.7,7.09,17.4,2.83,2234.71
3490,21.64,19.46,21.53,22.43,21.83,19.7,1.4,-10.55,24.45,11.29,2056.07
3491,19.57,21.14,20.58,22.14,20.46,21.78,2.56,-4.65,18.05,1.85,1593.14
3492,19.36,20.53,19.37,19.45,22.03,18.59,2.2,-3.17,18.19,7.76,1207.19
3493,21.97,20.54,19.79,22.23,21.1,20.13,0.74,1.75,16.6,2.62,1830.4
3494,20.3,21.34,20.31,22.51,20.43,20.45,1.37,11.34,19.3,12.88,2888.48
3495,19.04,19.86,19.66,20.74,21.56,21.53,2.51,7.22,20.98,9.85,1971.09
3496,19.77,19.13,21.13,22.5,21.21,21.12,2.3,-10.31,18.92,11.78,1537.26
3497,18.04,20.64,20.42,22.92,19.44,19.28,2.46,-6.2,18.38,6.21,998.87
3498,18.81,20.66,19.32,21.99,22.01,20.38,1.78,-9.8,17.38,6.06,963.2
3499,20.9,22.48,19.35,22.06,20.2,20.49,1.31,-9.1,20.66,6.88,1675.21
3500,20.47,21.47,20.82,21.78,20.84,18.32,0.98,-4.13,21.53,6.59,1063.34
3501,20.38,21.57,19.98,21.48,20.82,19.15,2.76,9.17,20.42,5.82,1433.48
3502,20.73,23.17,21.12,23.04,22.42,19.32,3.55,-1.72,21.53,6.36,1059.04
3503,22.06,18.58,20.56,21.87,21.5,20.9,2.22,-0.81,17.79,10.53,1968.03
3504,22.05,21.42,20.76,22.14,21.15,21.41,2.75,1.6,18.85,9.91,2211.06
3505,20.52,19.62,21.8,22.13,21.65,20.66,1.36,-6.58,19.69,3.48,1663.56
3506,19.71,20.25,20.07,19.78,22.58,19.34,1.98,-0.5,22.82,9.14,1488.71
3507,20.65,21.98,21.34,22.04,21.84,21.39,1.95,1.73,22.81,2.81,2464.48
3508,19.43,18.67,20.39,22.73,22.16,20.28,2.31,17.21,21.74,11.48,3464.01
3509,20.86,20.26,21.57,20.83,22.12,21.05,2.06,6.47,21.69,4.14,2664.63
3510,19.85,21.53,20.28,21.52,21.61,21.76,4.22,11.52,18.56,9.38,2088.43
3511,20.67,22.6,21.63,23.54,23.0,21.31,2.64,0.2,20.29,8.91,2252.94
3512,18.22,21.23,20.03,20.69,21.57,20.22,3.04,3.7,17.0,6.09,1157.61
3513,19.62,19.21,18.49,19.12,19.97,18.94,2.22,1.83,21.69,5.85,1077.55
3514,18.74,20.17,18.45,19.09,22.24,21.81,0.3,-12.52,19.59,6.31,1001.5
3515,19.12,20.65,20.5,18.52,20.32,20.82,2.36,-17.24,24.64,8.47,1384.77
3516,20.29,21.62,20.71,20.55,23.13,19.87,2.88,-7.87,20.62,9.53,1547.75
3517,18.58,21.46,20.53,21.18,21.45,18.17,3.11,8.7,18.62,13.64,2916.68
3518,20.23,21.2,20.15,21.51,19.24,20.25,1.95,-2.77,19.54,12.22,2058.73
3519,19.74,18.87,21.35,23.5,21.13,19.8,0.85,5.45,18.86,8.74,2399.22
3520,20.51,22.04,20.71,23.46,24.07,20.22,1.77,9.13,18.95,7.8,1677.46
3521,20.42,20.29,19.04,22.07,19.91,20.78,0.84,-8.98,20.04,5.39,1586.5
3522,19.34,20.08,19.52,22.31,20.68,20.87,3.03,10.33,18.2,8.95,2653.89
3523,20.86,19.82,20.33,21.12,19.83,20.84,2.36,-8.14,19.97,11.12,1758.73
3524,21.58,21.19,21.31,22.06,21.78,20.95,1.59,-1.44,16.49,10.46,1793.36
3525,20.72,18.12,19.76,19.36,21.18,21.54,2.59,-7.56,20.41,7.85,1775.87
3526,21.31,21.66,18.46,20.51,23.12,20.94,3.18,1.66,18.62,5.21,976.4
3527,21.89,21.58,21.9,22.6,21.6,20.84,2.63,-1.13,17.55,7.42,1866.72
3528,20.68,21.65,20.21,21.34,21.89,18.48,3.6,5.58,21.59,9.18,1779.29
3529,20.38,19.73,20.91,21.99,21.44,19.27,1.29,7.0,16.83,10.56,2331.07
3530,20.29,20.9,21.43,23.32,22.85,21.4,2.78,11.06,21.38,7.71,2990.18
3531,22.14,20.68,21.38,24.11,21.62,21.84,0.83,5.26,21.05,9.87,2633.55
3532,21.15,21.96,19.39,20.75,21.03,20.98,3.52,5.7,18.37,10.19,1946.22
3533,20.14,20.36,20.16,21.9,22.28,19.92,2.58,-3.14,19.54,6.13,1003.47
3534,21.05,21.29,22.23,22.7,21.38,18.56,1.7,-1.25,20.63,5.27,2114.75
3535,20.84,19.75,21.69,22.9,21.53,19.83,1.08,2.2,20.56,12.09,2443.89
3536,18.11,19.71,19.29,20.22,20.76,20.73,1.57,-8.69,22.01,9.14,1475.43
3537,19.57,22.76,22.36,22.85,21.81,20.76,1.79,7.86,21.61,8.68,2829.83
3538,19.64,20.81,20.75,20.3,21.36,20.82,2.17,-0.94,22.28,5.38,937.13
3539,20.54,21.04,20.75,19.61,21.19,19.76,1.99,1.36,22.53,0.84,724.41
3540,20.29,21.94,20.97,20.04,22.76,19.87,1.49,-10.63,20.32,8.44,1335.77
3541,21.1,20.57,22.56,21.41,19.63,21.05,2.93,-2.55,19.51,8.46,2001.24
3542,19.08,19.84,19.57,21.06,20.79,20.2,0.64,6.04,19.84,9.06,1731.19
3543,19.76,20.17,21.23,23.7,21.25,20.44,2.46,2.94,19.41,7.0,2286.94
3544,18.97,19.4,19.9,22.88,20.87,18.37,2.15,5.81,23.21,5.32,1227.81
3545,20.36,21.28,19.1,21.03,21.39,22.17,1.99,-2.36,18.62,7.81,1220.7
3546,20.25,21.5,19.63,20.99,20.71,19.58,2.5,0.9,22.5,10.78,1860.54
3547,19.65,20.93,20.03,20.12,18.52,20.38,1.47,-0.73,19.14,8.65,1356.28
3548,18.95,20.99,20.38,22.44,21.53,20.35,1.38,4.65,22.43,2.97,964.27
3549,21.46,21.29,19.77,19.07,21.16,20.46,1.77,1.83,21.6,6.46,1146.02
3550,19.0,19.69,20.44,21.18,22.47,21.0,1.58,-2.68,20.01,5.06,877.27
3551,21.36,19.97,20.66,20.34,23.14,19.0,1.81,-17.92,20.61,11.79,2017.89
3552,20.66,20.88,22.6,21.16,21.09,19.1,2.58,1.19,17.98,6.35,2026.57
3553,18.76,21.71,19.77,22.3,19.95,20.29,2.09,-11.75,21.28,11.49,1961.17
3554,18.53,19.48,22.03,21.4,21.24,19.69,2.02,4.82,22.08,7.67,1472.78
3555,20.59,22.35,21.66,22.05,20.15,20.11,2.18,5.82,22.96,5.77,2787.21
3556,19.98,20.74,21.5,22.56,22.9,20.68,1.74,-15.99,19.44,4.12,1089.7
3557,20.09,22.29,21.61,22.78,19.8,20.32,2.72,2.1,25.03,5.94,2777.24
3558,19.66,19.09,20.1,19.93,19.81,19.2,2.45,1.92,19.46,7.04,1214.63
3559,18.12,20.42,19.72,21.72,23.67,19.42,2.0,2.63,19.2,3.65,882.61
3560,19.89,19.59,19.72,22.7,22.05,20.73,1.09,-8.63,19.75,8.92,1650.79
3561,19.2,20.83,19.99,22.77,21.26,20.76,3.05,3.34,19.77,4.46,2302.15
3562,18.43,21.08,21.61,22.36,20.41,18.73,2.53,-8.81,17.4,2.63,672.0
3563,21.41,21.32,19.32,20.49,20.34,19.73,2.45,4.83,17.94,3.04,942.42
3564,20.61,21.47,20.28,24.3,20.36,18.9,3.36,3.04,17.78,5.56,2108.49
3565,21.07,20.13,18.84,19.32,20.28,19.88,2.56,-2.31,20.56,8.64,1383.6
3566,20.03,20.33,19.52,22.79,21.05,20.11,1.96,2.97,23.33,11.92,2773.02
3567,20.04,18.58,21.59,22.5,22.23,20.07,1.59,-6.63,18.79,6.28,1627.19
3568,19.34,20.72,19.21,23.45,20.52,20.36,1.56,-3.91,19.83,8.0,1929.72
3569,19.95,19.22,19.93,20.9,21.15,20.27,2.22,8.15,18.53,6.79,2503.69
3570,20.06,20.7,19.88,20.67,22.27,20.27,2.77,7.87,21.46,0.61,1044.9
3571,18.76,18.42,21.39,23.42,21.32,20.38,2.78,-7.68,20.63,8.13,1797.39
3572,18.43,20.77,19.9,20.84,20.47,19.85,0.9,-4.33,22.03,6.93,1115.23
3573,21.47,20.69,19.95,20.7,22.87,20.93,2.74,-3.89,18.16,2.27,1658.91
3574,18.24,22.3,18.84,22.54,22.09,18.35,1.76,0.43,20.01,12.07,2102.89
3575,18.5,22.77,21.97,21.33,21.9,20.08,1.53,-0.94,19.62,8.8,1388.88
3576,21.02,20.56,21.63,23.53,21.6,20.92,2.29,9.04,19.75,2.0,2583.93
3577,20.22,20.15,19.09,20.88,20.77,20.47,2.63,10.74,22.19,8.57,1925.02
3578,21.12,17.52,21.55,21.1,21.13,20.39,1.01,12.62,18.97,16.08,2991.13
3579,20.54,21.01,21.77,23.49,20.74,20.5,2.17,15.12,19.2,7.02,2993.95
3580,19.27,21.95,21.78,24.02,21.33,18.75,0.7,-11.06,18.56,9.07,1386.61
3581,20.44,22.54,20.79,22.62,19.71,19.85,2.63,-1.32,24.92,5.3,2549.97
3582,19.46,21.29,20.69,23.63,22.09,20.42,1.11,-4.86,18.26,5.65,1662.78
3583,21.53,21.93,22.21,22.58,21.32,21.06,2.15,-6.28,21.32,11.69,2016.09
3584,20.51,19.59,20.87,23.0,23.15,21.36,1.71,9.86,17.51,8.91,2543.57
3585,20.8,20.84,22.02,20.94,20.18,22.08,1.54,2.95,21.04,10.21,2503.74
3586,19.22,20.12,20.4,22.76,20.86,19.03,0.4,-11.12,17.91,6.29,982.34
3587,21.7,22.09,21.48,21.53,21.43,20.36,0.88,18.15,20.39,8.36,3308.5
3588,20.57,21.72,20.86,23.47,21.51,20.6,1.94,-12.71,20.72,6.77,1468.22
3589,19.36,20.23,19.36,19.92,20.57,19.85,1.26,-2.48,19.94,8.84,1398.96
3590,22.13,20.64,21.26,22.03,21.99,19.12,1.75,0.61,21.56,6.66,2347.96
3591,20.48,19.91,20.52,21.0,21.12,19.84,1.37,-7.92,21.04,12.33,1894.8
3592,18.08,20.19,19.0,22.88,22.89,19.64,1.78,3.85,18.76,6.29,1199.13
3593,17.77,21.05,20.03,19.93,21.39,20.8,1.04,-4.32,21.1,8.28,1312.33
3594,20.23,21.68,20.8,23.09,23.59,20.92,1.62,5.76,20.55,1.6,2454.54
3595,19.54,20.71,21.08,21.57,20.36,19.41,1.79,2.79,22.1,10.57,1901.11
3596,18.85,19.65,20.99,21.59,21.45,20.1,2.02,-17.53,17.37,3.48,718.53
3597,19.38,20.49,18.47,21.59,22.2,19.76,0.54,-10.85,20.31,5.06,870.96
3598,18.31,20.7,20.72,20.94,20.73,20.57,2.04,5.94,20.28,3.29,1033.84
3599,19.29,21.22,20.22,22.05,20.69,20.4,1.11,2.83,19.35,2.73,824.25
3600,20.82,20.33,20.58,21.53,20.35,18.75,0.91,-7.18,22.33,9.92,2013.06
3601,21.13,22.67,20.85,22.45,22.53,20.63,2.99,-4.68,18.71,4.63,1716.1
3602,21.27,20.68,21.11,21.04,21.84,19.06,2.58,-0.62,21.57,2.62,2203.53
3603,16.74,21.85,22.21,22.16,21.14,19.63,2.44,-14.18,18.68,2.44,675.14
3604,21.91,19.19,19.91,21.05,23.21,21.82,1.82,15.9,22.93,10.32,3477.37
3605,21.06,20.5,21.01,22.37,22.93,22.36,1.54,-6.86,20.92,5.91,1818.23
3606,17.79,20.84,19.16,23.39,21.24,20.68,3.19,0.22,17.19,6.85,1085.8
3607,20.0,20.05,19.59,22.88,21.94,22.39,2.11,11.69,22.5,9.77,3170.86
3608,20.59,21.86,20.88,21.53,20.39,20.17,1.28,-1.29,21.25,8.77,2239.47
3609,21.39,22.13,20.58,20.85,20.34,20.68,1.2,2.25,20.27,7.58,2332.57
3610,20.62,21.44,18.8,21.89,19.36,20.08,2.25,-6.7,18.84,10.81,1726.85
3611,18.51,19.68,21.33,22.95,20.92,19.53,1.72,-3.84,18.44,3.14,1698.13
3612,20.34,22.87,22.64,21.76,22.03,18.88,2.83,-6.48,21.13,6.08,1013.04
3613,20.27,20.18,22.66,23.43,20.54,19.47,2.06,8.96,17.22,9.72,2478.64
3614,21.77,21.51,19.94,21.18,22.18,19.68,1.04,-4.67,18.77,12.53,2175.39
3615,20.41,19.83,21.51,20.05,23.3,20.31,3.49,-5.2,21.54,12.87,2311.1
3616,20.61,21.47,19.24,21.48,20.06,21.3,1.18,-6.03,17.45,3.41,1469.27
3617,20.59,19.61,20.99,20.42,20.25,20.86,1.02,2.68,17.53,7.22,2072.26
3618,20.62,20.36,21.37,21.75,21.9,22.1,1.93,4.07,21.16,8.48,2555.93
3619,19.94,20.19,19.83,22.07,21.12,18.75,2.37,-13.98,19.56,6.51,1047.78
3620,21.1,20.22,19.97,21.89,22.07,18.33,1.28,0.47,23.72,9.09,1502.22
3621,20.32,20.96,20.53,21.25,21.74,22.15,2.56,2.11,19.48,13.78,2381.23
3622,20.12,20.5,20.83,23.39,22.38,20.63,1.61,9.84,17.2,4.3,2415.46
3623,20.07,21.21,20.13,21.33,20.62,19.85,3.96,-8.57,22.5,3.24,772.32
3624,19.95,21.2,20.74,23.19,20.79,20.32,2.27,-7.85,17.58,8.91,1493.41
3625,21.83,19.82,20.66,22.12,22.78,19.4,1.13,4.49,18.16,5.61,2212.68
3626,20.35,19.57,19.53,20.09,20.45,18.99,1.44,-0.43,19.42,9.03,1426.95
3627,19.67,18.45,19.36,21.02,21.75,21.45,2.39,9.65,20.41,7.58,2800.7
3628,18.52,21.19,19.69,22.66,22.62,20.87,1.35,7.71,20.87,6.44,1429.03
3629,19.17,21.28,22.42,21.79,20.76,17.34,1.94,1.96,22.11,4.93,985.92
3630,20.9,20.31,22.78,24.24,20.99,20.27,3.58,-0.46,15.53,7.29,1710.65
3631,20.7,21.29,19.95,22.15,19.76,19.8,2.51,-1.1,18.28,5.83,1908.84
3632,18.85,20.84,20.63,20.69,20.43,20.49,2.48,-0.21,22.33,10.35,1721.29
3633,18.06,20.15,20.84,20.11,22.8,20.74,3.59,0.43,18.37,7.31,1180.13
3634,19.55,19.31,21.17,21.58,22.85,20.02,1.39,9.95,19.98,3.18,1214.95
3635,20.16,21.05,20.6,22.51,21.62,19.07,1.99,-14.26,22.98,11.2,1905.47
3636,18.83,21.52,20.0,22.87,21.65,19.96,1.76,-2.94,19.74,6.59,1055.03
3637,18.21,21.48,18.91,20.68,21.29,18.88,1.5,1.43,19.57,13.26,2443.8
3638,21.28,21.78,21.05,21.62,23.0,20.49,1.8,-4.22,19.77,6.19,1869.77
3639,19.36,20.42,19.56,20.24,22.29,20.82,1.64,-2.0,22.85,4.6,859.91
3640,19.26,20.43,20.95,23.0,22.04,18.29,1.47,-3.09,17.11,6.1,963.04
3641,20.4,21.61,20.53,21.98,21.0,21.67,1.76,9.12,24.02,6.7,3101.94
3642,21.35,19.99,19.29,23.48,22.21,20.18,1.48,-2.96,19.64,6.23,1929.29
3643,20.21,21.7,18.66,21.29,19.13,18.86,2.26,-5.05,19.41,5.1,884.89
3644,20.36,21.45,19.49,21.35,20.3,21.0,1.24,5.46,18.52,5.63,1193.99
3645,19.2,20.58,22.29,23.11,21.2,19.64,2.81,-3.74,17.93,11.95,1841.05
3646,20.9,20.42,20.42,22.94,22.73,21.37,2.58,-1.18,15.9,6.24,1674.94
3647,21.1,23.33,20.79,24.44,21.7,20.96,2.36,-7.75,22.69,13.44,2100.84
3648,17.52,19.29,18.91,20.11,22.28,20.01,1.63,-2.84,16.09,10.13,1603.27
3649,20.24,24.37,21.1,21.72,22.78,20.01,2.04,-0.24,19.98,6.81,1088.67
3650,20.81,22.15,20.18,21.93,22.48,20.54,1.9,-8.85,19.22,8.97,1421.38
3651,17.99,21.28,21.85,21.56,21.99,21.0,2.02,-0.7,20.68,5.41,926.03
3652,17.85,20.93,20.87,23.55,21.26,21.34,0.93,3.59,16.45,10.2,2079.3
3653,21.48,19.59,22.0,22.4,20.3,20.0,2.08,-13.94,18.49,10.99,1258.53
3654,18.46,19.15,20.65,19.79,21.19,19.42,2.26,-4.57,21.06,8.79,1409.83
3655,19.05,19.66,18.07,20.65,21.65,19.75,3.16,17.88,20.46,5.48,1835.14
3656,17.26,19.12,19.46,22.8,22.79,21.91,1.19,-1.43,18.8,8.79,1374.38
3657,20.54,19.45,20.79,20.68,18.48,19.67,1.05,7.97,20.29,4.91,2621.65
3658,20.78,22.2,19.21,21.62,21.7,20.3,2.79,-0.19,23.86,2.84,747.66
3659,18.68,22.48,20.97,21.87,21.65,22.25,0.79,-2.31,22.4,7.78,1240.92
3660,18.78,21.36,19.88,22.22,21.26,20.1,3.16,6.53,22.14,2.11,1029.48
3661,20.38,20.49,19.24,20.31,21.0,20.84,2.95,8.38,21.22,5.75,1396.82
3662,20.24,22.52,20.81,21.95,22.28,21.14,2.46,-6.25,20.45,8.1,1291.38
3663,19.69,21.1,21.47,24.49,22.6,20.32,0.79,-7.68,18.76,11.69,1662.71
3664,21.28,20.53,20.01,20.23,23.15,22.49,1.87,-9.58,20.2,5.08,1571.09
3665,19.12,19.32,20.37,21.29,20.6,20.65,1.96,-6.15,24.45,3.96,2179.95
3666,19.07,21.79,22.41,22.17,22.89,21.18,2.23,7.95,22.02,9.37,1919.41
3667,19.83,18.4,20.44,22.68,19.68,19.5,2.44,0.22,19.38,7.65,2132.99
3668,20.13,21.45,20.81,20.08,21.03,20.44,1.4,8.29,16.29,7.22,1514.26
3669,21.11,20.57,19.07,20.96,22.62,19.2,2.85,-7.23,21.67,2.54,714.0
3670,20.16,21.99,20.52,22.18,21.24,19.81,2.42,-7.02,22.06,10.26,1699.45
3671,21.85,18.72,18.59,19.1,20.92,21.7,2.41,-2.75,19.02,0.67,1780.24
3672,19.34,21.1,21.03,21.76,23.87,20.6,1.82,2.08,18.79,7.59,1291.0
3673,20.44,21.57,22.61,24.03,21.13,18.23,2.31,-0.98,16.53,10.68,1835.42
3674,20.78,21.85,19.37,20.97,20.43,19.63,0.29,4.89,22.77,7.34,1417.93
3675,18.04,21.65,19.04,22.7,20.5,20.39,2.32,2.9,19.27,6.26,1156.98
3676,19.13,19.19,20.91,20.99,22.15,20.41,3.33,3.41,20.62,3.89,966.57
3677,18.43,21.32,20.4,21.99,20.89,19.58,2.62,4.79,18.0,5.29,1131.52
3678,18.84,21.82,20.08,20.95,19.39,20.16,2.53,7.67,17.38,13.58,2829.47
3679,19.54,20.57,21.53,21.37,20.63,19.7,2.62,-17.22,23.33,5.36,947.56
3680,20.12,20.51,20.42,22.69,20.65,19.69,2.97,-0.09,19.32,8.37,2129.38
3681,18.67,21.18,19.49,20.79,21.72,20.24,1.84,5.9,18.63,4.5,1106.4
3682,19.39,19.25,19.68,21.39,20.58,21.25,2.79,17.67,26.85,6.09,3898.88
3683,17.94,20.41,19.18,21.93,21.38,19.65,2.37,-0.7,22.17,2.11,693.1
3684,19.7,21.05,19.87,21.9,21.12,20.28,2.05,-15.38,18.69,6.85,1081.72
3685,19.05,20.12,18.75,21.58,20.2,19.6,3.08,9.98,21.62,5.91,1500.24
3686,20.45,22.31,17.33,22.23,21.7,21.11,1.45,-8.52,17.11,11.05,1810.88
3687,20.45,19.44,19.64,24.09,22.57,19.81,1.48,3.22,19.45,4.46,2248.41
3688,20.94,21.6,19.84,23.2,21.76,20.16,0.11,3.77,18.47,5.71,2194.4
3689,21.01,22.26,19.71,22.46,19.99,20.33,1.26,0.88,20.94,9.71,2359.21
3690,19.34,21.86,21.35,22.48,22.38,18.93,1.65,-14.94,23.7,6.9,1132.24
3691,20.13,21.08,21.98,24.76,23.09,21.52,1.96,-2.54,16.96,6.51,1697.74
3692,19.75,24.18,21.39,22.08,22.22,21.19,2.36,-10.99,24.18,6.48,1088.79
3693,20.92,21.72,21.8,22.62,21.89,20.89,2.7,3.18,21.65,4.03,2468.55
3694,18.55,20.29,22.0,24.23,21.69,16.91,0.94,-6.2,18.18,5.7,918.55
3695,20.33,20.92,20.04,21.5,22.41,19.83,2.09,-14.87,18.21,7.24,1131.22
3696,21.53,21.75,20.64,21.68,22.56,18.8,1.21,4.98,18.7,3.51,976.55
3697,19.46,21.16,20.39,22.86,20.24,18.92,0.94,-8.87,18.42,3.81,743.24
3698,21.02,22.31,21.47,21.37,22.96,20.87,2.26,0.94,18.48,10.65,1793.71
3699,18.89,19.09,20.55,23.72,20.75,18.43,2.08,-5.16,16.75,8.5,1561.15
3700,19.57,20.86,19.46,22.21,20.8,20.13,2.39,6.08,19.7,7.91,1554.86
3701,19.57,20.6,21.03,21.15,22.03,20.41,2.46,5.78,21.64,5.37,1224.05
3702,20.59,21.93,21.03,21.52,21.71,20.32,1.61,1.67,18.96,7.66,1279.38
3703,19.13,19.87,19.88,20.61,20.05,19.92,2.88,-0.75,20.69,-0.21,639.97
3704,18.98,19.2,19.82,21.74,22.74,20.96,1.27,-3.09,22.48,3.38,757.6
3705,19.5,20.92,20.62,20.06,20.44,20.06,1.16,-8.43,17.3,8.88,1374.99
3706,19.37,20.94,21.64,24.89,23.01,19.28,2.32,-4.12,18.79,4.98,1760.34
3707,20.84,21.7,21.03,24.88,23.23,21.69,2.17,3.35,17.28,6.37,2083.92
3708,22.64,19.11,19.87,20.69,20.8,18.23,1.35,13.68,17.46,8.08,2745.56
3709,19.89,20.24,19.14,19.92,22.16,19.59,1.33,4.0,23.01,4.74,1070.33
3710,22.86,22.81,22.6,23.78,21.86,20.01,2.3,5.01,19.1,5.14,2340.93
3711,20.81,20.91,20.8,20.8,22.34,19.82,2.2,-0.75,21.04,5.92,987.23
3712,20.76,20.04,20.18,19.71,20.39,23.39,1.17,3.68,20.42,7.45,2429.26
3713,19.7,20.85,21.58,23.8,23.58,19.97,1.49,-15.03,21.56,2.11,1316.46
3714,22.19,20.7,19.07,20.19,22.09,20.06,1.27,-5.05,20.38,7.91,1246.8
3715,21.15,21.66,20.36,21.56,21.15,18.9,0.3,4.93,20.3,6.93,1337.56
3716,19.22,20.91,19.32,21.07,21.75,20.36,3.09,5.05,17.32,7.33,1397.58
3717,18.44,21.53,19.83,22.24,21.77,18.59,2.19,-3.8,20.16,4.78,858.37
3718,19.62,20.25,18.86,23.92,21.13,20.47,2.93,-9.16,20.13,6.85,1636.31
3719,20.94,21.4,21.34,22.44,21.57,19.39,1.76,-0.5,18.28,9.87,2018.4
3720,21.85,22.82,19.58,21.33,19.43,20.21,1.22,-3.04,16.33,9.04,1647.94
3721,18.46,19.9,20.64,20.58,20.78,21.03,1.3,6.58,20.58,10.68,2093.76
3722,18.98,19.8,20.24,20.4,19.86,19.77,1.3,4.92,22.7,4.3,1075.28
3723,19.98,21.24,21.27,22.49,23.02,20.31,1.59,10.84,16.83,9.05,1948.73
3724,19.56,19.44,19.84,21.28,21.71,20.99,0.76,7.77,19.75,5.13,1263.19
3725,20.39,20.27,20.99,19.77,22.62,20.76,1.69,-1.92,16.07,0.19,578.4
3726,21.52,18.67,21.24,23.6,22.71,22.41,1.54,2.44,21.43,9.8,2506.41
3727,19.99,20.94,20.8,21.99,21.35,19.46,2.7,14.24,22.61,9.32,2237.38
3728,18.99,21.11,21.29,21.61,20.86,20.17,2.43,-2.8,19.89,11.45,1942.15
3729,18.4,20.95,21.44,22.3,21.86,19.49,1.69,1.22,21.38,2.61,763.89
3730,18.7,19.98,19.62,22.01,20.99,20.88,2.38,-0.03,20.21,7.49,1192.96
3731,20.98,21.98,21.06,22.54,23.18,21.11,1.12,0.12,18.23,6.33,1972.09
3732,20.01,21.58,21.29,23.49,23.08,19.97,0.99,-6.12,19.82,10.43,1839.31
3733,18.57,21.56,20.74,23.06,20.45,20.81,1.92,9.16,20.03,2.83,1162.83
3734,20.01,22.33,20.24,21.87,21.26,21.39,2.08,-6.42,19.8,6.24,1013.58
3735,20.81,21.0,20.74,21.05,21.58,19.3,1.89,13.01,20.85,7.28,1811.83
3736,20.63,21.9,21.17,22.85,22.61,20.51,3.08,11.47,20.35,9.22,2943.53
3737,18.88,21.4,18.92,20.02,21.8,20.39,2.55,1.76,19.7,8.24,1397.44
3738,19.3,21.04,21.82,22.04,20.96,20.08,2.83,0.04,18.84,6.9,2058.11
3739,19.64,21.54,20.66,23.67,22.16,19.14,1.56,-5.44,21.11,6.07,999.92
3740,21.62,22.44,20.12,20.88,21.79,18.68,2.27,0.5,20.97,6.73,1117.09
3741,18.64,19.25,19.51,22.3,20.3,18.31,1.17,7.56,20.44,9.26,1857.78
3742,19.86,22.08,20.58,22.91,21.84,20.98,1.41,-4.79,18.49,4.52,1670.86
3743,20.45,20.82,20.64,22.39,20.06,19.74,2.26,10.28,17.94,6.3,2563.08
3744,17.69,18.35,18.7,21.54,21.02,19.53,1.29,7.18,21.49,6.3,1387.64
3745,19.84,21.19,19.72,19.64,22.68,20.39,1.37,-0.74,18.37,0.74,606.89
3746,20.46,19.63,19.09,20.35,22.15,21.67,2.34,5.57,19.42,1.13,914.26
3747,21.46,22.44,20.76,22.57,22.03,20.78,1.39,-6.39,17.19,2.53,1405.59
3748,19.96,20.54,20.11,23.81,21.75,19.46,2.77,-0.72,21.0,6.36,2218.71
3749,19.4,20.59,20.32,22.12,20.49,20.38,1.83,15.52,17.74,8.5,2897.8
3750,19.48,22.26,22.93,21.55,22.43,20.49,1.86,8.36,17.65,5.15,1280.21
3751,20.05,20.21,20.31,20.66,21.83,19.23,2.2,3.49,18.19,2.13,827.11
3752,19.56,19.57,20.79,22.06,20.4,19.07,1.89,0.48,20.97,9.83,2343.08
3753,19.61,21.9,20.79,21.59,21.78,22.25,2.22,-0.52,19.66,7.84,1236.48
3754,19.3,19.34,21.85,22.64,21.14,19.89,1.27,-0.2,18.85,6.33,2015.97
3755,18.13,19.81,19.37,22.63,22.61,21.88,-0.18,-5.42,23.69,7.73,1236.21
3756,18.56,20.62,20.91,21.15,21.91,19.2,0.87,4.56,21.16,3.84,998.84
3757,20.43,21.02,20.36,21.9,21.06,19.93,1.64,7.31,16.46,10.1,2306.08
3758,18.97,20.73,20.26,23.05,24.16,20.94,2.39,-1.76,18.41,7.96,1244.48
3759,20.7,22.35,21.15,22.58,22.2,19.24,3.73,3.27,16.48,6.56,1197.74
3760,20.96,23.17,21.65,24.21,22.66,19.04,1.53,-5.09,19.15,5.98,1748.51
3761,20.65,21.41,20.48,23.92,22.4,19.2,1.48,-0.47,22.28,7.21,2363.55
3762,20.19,20.56,20.92,22.32,24.36,22.11,2.27,-5.92,20.59,8.45,1899.81
3763,20.4,19.2,19.43,21.77,21.03,20.08,2.18,-1.59,19.62,1.77,1927.74
3764,20.07,19.31,19.43,21.31,20.37,21.92,2.2,0.84,19.16,4.65,2085.3
3765,19.78,21.43,20.65,24.13,20.32,20.02,1.8,4.23,20.74,6.01,2470.01
3766,19.03,20.34,21.3,21.6,22.39,20.63,0.42,-4.29,16.96,5.89,923.58
3767,19.22,21.88,20.71,22.55,20.56,19.08,2.16,3.33,19.85,4.86,1027.08
3768,19.76,19.52,18.88,21.76,21.56,20.49,1.96,-6.69,20.43,9.33,1501.2
3769,19.57,19.02,18.25,21.3,21.92,21.02,0.73,2.22,17.68,4.93,942.54
3770,18.73,19.39,18.31,19.91,20.59,19.34,2.47,15.48,18.38,3.79,1528.65
3771,20.88,22.02,19.09,22.99,22.32,19.3,2.58,-2.6,24.45,5.6,984.75
3772,20.79,23.07,21.92,23.44,22.39,19.38,2.45,-9.34,21.17,11.52,1817.12
3773,19.84,20.77,21.29,21.23,22.22,20.63,1.67,6.28,16.94,7.04,1399.73
3774,21.46,20.67,20.64,21.77,22.02,20.3,2.18,2.0,18.63,5.55,2120.52
3775,21.78,22.74,21.24,22.51,20.8,19.39,1.28,3.21,20.03,6.01,2333.9
3776,19.76,20.52,21.02,24.02,20.44,22.43,0.89,8.9,25.3,1.74,3113.83
3777,20.13,20.25,23.34,22.77,21.17,19.44,1.92,-4.98,21.96,6.44,2048.22
3778,20.9,20.34,19.92,21.52,20.9,19.59,0.8,-4.77,22.4,7.71,2122.26
3779,19.35,20.19,21.06,19.32,20.69,21.26,1.89,3.81,20.9,8.31,1513.78
3780,21.57,21.45,20.4,23.06,21.27,20.07,1.96,7.28,18.2,6.52,2412.39
3781,18.7,22.26,21.32,23.84,21.69,22.15,1.35,1.66,23.56,4.76,2568.96
3782,20.72,21.83,21.1,21.68,21.7,18.67,3.55,-0.5,21.88,9.71,1601.9
3783,19.68,20.32,20.84,23.26,21.49,19.46,1.52,2.26,22.82,5.88,2554.29
3784,18.34,21.5,20.93,20.92,22.12,20.0,2.17,5.13,23.81,4.06,1082.32
3785,19.51,20.9,20.97,22.82,22.06,21.25,1.85,-10.14,23.47,4.69,1856.26
3786,20.65,20.86,20.82,21.48,20.24,19.51,2.75,-6.93,20.05,5.99,1743.17
3787,19.17,21.33,19.41,21.73,21.7,21.82,1.73,-0.62,20.64,6.11,1001.19
3788,20.52,21.12,19.36,23.79,22.45,19.03,0.99,4.83,20.48,5.38,2459.35
3789,19.58,21.22,21.03,21.74,19.16,17.77,2.33,15.2,22.04,7.93,2037.82
3790,19.29,20.04,18.66,20.84,22.95,21.44,0.8,-0.79,20.76,6.74,1074.78
3791,20.89,21.89,20.49,22.1,21.16,19.22,1.32,1.72,20.38,9.65,1639.94
3792,19.08,20.83,19.94,21.54,21.33,19.21,1.59,-4.66,19.87,7.24,1144.74
3793,19.95,21.79,19.93,22.49,22.77,18.62,1.62,4.6,19.79,5.93,1198.96
3794,21.66,21.48,21.44,22.52,21.12,20.29,1.72,-7.69,20.7,5.48,1740.08
3795,20.26,18.9,20.35,19.72,20.7,18.52,1.66,-0.08,22.87,5.8,986.58
3796,20.17,21.97,22.31,22.43,22.54,19.92,2.1,-6.65,18.26,3.77,1528.35
3797,20.21,21.39,19.26,19.11,19.26,19.55,1.46,-14.79,20.23,6.29,1016.37
3798,21.74,20.88,21.99,22.11,20.99,20.99,2.35,18.86,20.79,8.44,3406.47
3799,19.88,20.41,18.53,21.16,20.78,20.06,1.33,5.61,23.7,9.33,1804.15
3800,20.3,22.38,18.37,22.57,19.99,20.32,0.98,5.66,19.24,7.54,1457.81
3801,20.71,22.25,21.13,22.51,21.1,20.8,1.09,6.36,18.58,17.15,2600.76
3802,19.05,19.0,20.32,23.44,21.86,20.99,1.67,9.98,23.36,7.97,3115.39
3803,20.13,20.05,19.24,22.01,21.99,21.02,2.78,1.14,21.14,1.8,2249.74
3804,20.96,22.42,19.9,21.67,22.25,20.72,1.98,6.08,19.25,8.24,1602.21
3805,21.66,23.53,20.05,22.28,21.68,19.69,1.63,-3.5,22.32,10.39,1723.17
3806,21.88,21.36,20.22,21.79,20.64,20.43,1.97,-1.21,16.65,6.2,1742.07
3807,20.06,21.3,21.06,21.89,21.51,21.33,1.03,-10.75,19.98,2.61,1422.46
3808,19.06,19.8,19.71,23.26,22.6,22.02,0.63,1.41,20.69,1.57,2197.55
3809,20.63,21.78,20.91,22.02,20.09,19.77,1.21,-3.71,21.31,6.71,2059.67
3810,21.02,21.78,19.5,22.7,18.5,19.19,1.16,-0.93,18.49,3.96,1889.88
3811,18.87,22.38,23.02,22.22,22.67,19.1,3.92,5.8,18.46,6.37,1326.05
3812,19.41,19.43,21.31,23.71,20.74,21.24,3.54,2.11,23.43,5.87,2626.81
3813,19.89,20.07,19.19,22.45,21.37,21.65,3.53,7.21,20.12,11.4,2711.47
3814,18.9,19.38,21.25,21.34,21.34,19.82,1.03,-4.14,20.41,9.51,1526.24
3815,19.49,18.94,20.73,22.11,20.79,21.28,3.4,2.67,18.67,5.31,2171.76
3816,21.52,21.51,19.75,22.12,21.46,21.35,1.43,-4.48,18.33,5.75,1700.54
3817,20.06,21.24,19.14,21.85,21.41,19.38,3.32,-1.23,18.98,9.79,1585.65
3818,18.78,21.4,20.75,22.96,21.63,21.76,2.35,-2.15,22.64,7.36,2309.65
3819,21.31,21.85,19.56,21.31,20.03,20.97,1.21,-7.1,18.87,7.95,1638.47
3820,19.0,20.62,19.08,21.3,21.73,21.48,3.32,-2.89,19.62,10.54,1744.04
3821,19.07,19.55,21.73,22.47,20.03,20.72,3.29,4.04,23.6,4.68,2736.75
3822,20.11,21.63,20.77,22.23,21.18,20.59,1.15,-6.41,24.87,9.86,2317.87
3823,19.76,22.73,21.53,22.35,22.26,21.62,2.26,-4.65,17.35,5.82,939.61
3824,21.35,22.67,20.41,23.35,20.28,18.73,0.45,8.71,16.24,0.27,2159.59
3825,20.79,20.6,19.77,19.74,20.01,19.28,1.68,9.93,18.7,3.5,1228.62
3826,21.07,19.92,20.66,21.89,21.23,20.25,1.69,5.82,18.21,4.22,2278.29
3827,19.67,19.25,21.12,24.82,21.42,19.89,1.67,11.96,21.07,11.02,3066.4
3828,20.59,20.53,20.52,22.33,21.97,20.44,3.29,9.55,20.06,6.62,2750.21
3829,18.93,20.8,20.47,19.81,20.25,20.38,0.93,-0.62,19.83,6.09,984.04
3830,20.14,19.64,18.33,20.39,22.72,20.86,1.82,13.92,21.93,11.49,2655.9
3831,21.08,20.96,21.1,21.67,20.7,18.85,2.6,10.92,16.24,4.67,2402.48
3832,20.3,23.67,22.09,22.62,20.91,20.24,0.95,-0.51,18.88,5.82,1988.22
3833,20.92,22.49,21.35,22.88,22.32,21.34,1.29,1.76,19.85,7.09,2249.03
3834,19.43,22.16,20.26,23.71,19.96,22.04,2.89,-4.63,22.27,6.84,2120.49
3835,19.35,21.9,21.03,23.27,20.16,20.64,3.08,-0.67,19.97,8.01,2153.74
3836,19.77,23.04,21.6,20.46,23.51,19.96,1.65,-10.88,20.93,8.64,1378.44
3837,18.81,19.87,21.5,21.61,22.83,20.91,2.69,-4.11,19.44,4.51,832.23
3838,18.11,18.57,21.33,22.95,21.31,19.63,3.25,5.56,20.0,1.39,2398.85
3839,20.16,21.04,21.4,22.46,21.92,20.03,1.67,-7.17,19.51,8.19,1705.92
3840,18.83,21.19,22.21,23.85,23.15,21.85,2.63,-2.19,19.63,1.44,1891.0
3841,16.78,20.7,18.28,21.38,21.33,18.8,1.66,3.91,20.24,7.97,1454.68
3842,19.51,19.57,19.28,21.71,22.46,19.76,0.92,-2.03,23.21,9.2,1487.25
3843,20.07,19.94,20.69,21.81,20.02,19.57,2.0,8.06,20.94,10.38,2811.45
3844,19.52,20.36,18.15,19.97,21.22,20.1,1.8,8.38,19.68,6.61,1476.19
3845,20.31,21.51,20.89,21.86,21.45,19.78,1.26,-4.33,21.21,13.02,2326.88
3846,19.32,21.53,21.41,21.82,22.42,20.15,1.73,-3.06,20.45,2.83,708.25
3847,20.64,18.63,20.81,20.28,19.25,20.16,1.82,0.31,21.3,11.37,2400.17
3848,20.4,20.72,21.28,22.52,22.97,19.76,2.22,-4.66,19.31,4.7,1771.87
3849,22.71,20.73,21.6,21.74,21.2,20.75,2.83,11.44,21.1,7.11,2968.1
3850,20.01,21.88,21.04,22.08,24.35,19.96,2.83,-2.89,21.14,7.47,1205.26
3851,19.57,22.86,20.06,23.16,21.39,21.0,1.93,6.38,17.43,11.04,2135.43
3852,18.45,22.59,18.84,22.64,21.55,18.58,1.56,-10.48,19.33,3.71,750.96
3853,20.02,21.45,20.46,21.3,20.72,20.76,3.07,-5.41,19.74,13.41,2430.66
3854,18.91,21.35,19.12,20.44,20.95,19.9,1.92,-7.6,19.44,0.57,621.38
3855,19.04,20.88,20.17,22.8,22.96,20.18,1.52,-8.71,18.12,6.76,1057.65
3856,19.69,21.45,21.07,22.64,21.07,19.27,2.14,-3.61,15.69,8.72,1338.49
3857,20.65,20.67,20.27,22.51,22.22,20.69,0.54,2.57,22.26,10.1,2592.9
3858,20.04,19.28,19.59,21.25,21.57,20.72,1.62,10.73,16.17,2.71,2336.69
3859,19.65,19.68,21.03,22.29,21.5,19.77,1.57,-1.42,24.48,1.09,2406.49
3860,20.67,21.05,21.69,21.85,21.41,18.43,1.37,0.57,19.62,10.93,2234.1
3861,20.1,20.85,18.74,19.67,20.25,19.96,2.3,2.37,18.79,7.73,1331.31
3862,19.18,19.58,19.17,21.24,20.89,20.85,2.86,-5.1,17.2,1.29,620.36
3863,20.75,20.41,19.88,22.78,22.56,20.4,3.35,-0.17,17.01,5.47,1838.16
3864,20.75,20.81,21.38,23.39,22.16,19.12,1.6,14.61,18.37,4.78,2831.36
3865,21.77,22.0,20.97,21.24,20.36,20.17,1.77,2.72,20.47,10.4,2442.74
3866,18.9,18.91,21.41,20.77,22.47,22.56,1.46,14.61,23.13,5.91,3328.64
3867,19.59,20.16,19.4,21.65,21.56,20.4,2.43,0.17,17.2,6.45,1023.87
3868,20.77,20.59,21.72,20.72,22.69,19.47,0.51,-4.34,20.82,6.23,1005.6
3869,21.5,22.96,20.6,22.61,20.41,19.56,1.69,7.3,16.69,12.01,2370.3
3870,20.22,21.03,21.05,20.91,21.82,19.28,2.23,8.85,18.35,9.72,1997.12
3871,18.53,20.62,20.78,20.16,21.2,20.1,1.5,-3.48,21.12,9.07,1454.43
3872,20.3,21.59,20.92,23.44,20.99,21.24,1.66,2.55,18.14,7.61,2141.89
3873,20.3,21.04,20.81,24.45,22.45,21.61,2.79,-0.45,23.44,7.58,2500.77
3874,21.45,22.58,21.02,19.87,20.98,19.34,1.95,-9.67,21.66,4.27,823.24
3875,19.67,19.79,20.45,20.5,21.98,19.86,2.96,-9.26,21.11,9.61,1568.29
3876,20.02,20.39,21.11,22.36,20.81,18.19,3.31,-1.44,19.0,5.87,1968.55
3877,20.41,21.11,19.57,22.66,22.83,19.46,2.42,8.05,18.42,3.16,1114.57
3878,20.16,21.28,20.68,22.29,22.28,19.45,1.77,5.95,19.19,6.56,1343.78
3879,17.96,21.36,20.62,23.37,21.38,19.25,3.27,-6.41,20.59,7.04,1139.54
3880,19.14,21.96,20.9,23.03,23.09,20.48,-0.02,-7.86,20.59,11.04,1828.3
3881,21.22,20.63,21.45,22.28,20.83,20.09,0.76,-6.12,18.51,9.57,1687.25
3882,20.44,21.54,19.2,19.69,23.72,20.64,2.62,-6.7,18.68,4.04,781.8
3883,20.79,21.99,19.72,22.73,21.32,20.04,3.98,-6.17,17.21,10.12,1595.77
3884,19.92,20.11,19.2,21.61,21.29,20.07,2.55,-14.18,25.23,-0.79,682.3
3885,21.11,23.02,21.44,22.57,23.05,21.76,2.15,-17.1,18.36,8.25,1000.61
3886,17.92,20.16,19.7,20.39,22.37,20.19,1.63,-17.92,16.97,4.94,832.41
3887,20.29,23.13,20.95,23.37,20.73,19.84,2.44,-10.85,15.66,2.79,1000.31
3888,20.58,21.26,20.35,20.59,20.82,21.32,2.93,8.16,18.78,3.46,2471.35
3889,19.9,22.74,20.72,22.85,23.04,20.18,2.6,25.24,20.92,11.4,3200.5
3890,18.59,22.61,20.61,23.85,21.13,19.81,2.05,14.14,19.88,8.36,2027.91
3891,19.89,20.43,18.56,22.51,23.8,20.46,2.83,1.74,19.71,8.13,1377.95
3892,18.4,20.58,18.69,19.18,20.66,20.37,2.24,-5.43,21.61,9.91,1625.75
3893,19.62,21.72,21.21,21.93,21.3,20.03,2.41,-3.02,21.29,6.3,1036.46
3894,20.06,20.16,21.08,22.71,22.24,22.23,2.78,0.98,18.36,11.13,2150.15
3895,20.84,19.76,20.86,23.79,22.46,20.84,1.25,14.47,20.62,6.33,3074.92
3896,20.57,20.48,18.83,20.23,22.05,19.51,1.98,-6.94,20.23,-2.45,687.47
3897,22.78,22.15,20.76,23.05,23.22,20.92,2.09,0.02,18.93,11.82,2155.96
3898,21.52,21.7,17.15,22.18,20.9,20.64,1.04,0.68,23.17,-1.85,714.08
3899,20.33,21.55,20.42,22.7,23.13,21.04,1.13,-0.62,18.58,6.2,1960.88
3900,19.18,19.53,18.98,22.6,21.52,20.44,1.5,-14.06,18.96,9.26,1466.76
3901,21.04,20.18,18.91,22.75,19.8,20.35,2.83,-1.93,19.15,-0.05,1830.93
3902,20.55,20.16,20.41,21.34,20.74,19.98,1.84,-9.47,22.04,6.56,1788.81
3903,20.72,21.98,21.69,23.54,20.98,19.64,2.1,16.02,22.39,6.51,3356.37
3904,19.69,22.08,21.42,21.16,21.72,18.59,2.25,4.0,22.99,9.75,1807.94
3905,21.25,22.08,21.3,23.08,21.48,20.76,2.5,7.82,21.7,8.45,2839.33
3906,19.48,21.34,20.81,23.38,21.77,21.12,2.4,-6.19,19.89,2.98,1706.25
3907,20.51,21.66,22.47,21.18,20.32,19.67,2.05,-3.14,22.11,5.05,2149.93
3908,21.4,20.76,20.38,20.39,21.62,21.58,1.89,14.29,20.85,3.78,3043.32
3909,20.5,20.82,20.6,20.75,20.38,20.33,2.88,7.17,19.84,1.43,2476.1
3910,19.9,22.1,19.75,19.92,20.74,20.7,1.61,2.95,19.17,5.05,1013.58
3911,20.04,19.01,20.51,21.48,21.08,20.52,3.09,9.41,19.74,11.45,2803.73
3912,19.39,19.27,19.23,22.93,21.02,20.69,1.54,13.73,19.15,8.33,2926.81
3913,20.69,22.11,21.09,21.72,20.92,18.33,1.77,10.62,20.94,8.28,1849.68
3914,21.15,21.18,20.55,20.15,21.76,17.85,2.57,7.35,19.66,3.37,1108.56
3915,18.91,19.78,19.64,20.65,20.92,19.95,3.89,8.02,21.09,1.15,1069.33
3916,20.53,18.59,20.81,21.42,21.87,19.94,0.45,-2.31,21.13,8.7,2156.89
3917,20.02,23.5,20.37,22.13,21.18,20.12,2.69,1.37,20.1,10.03,1709.07
3918,21.18,21.36,20.18,21.76,20.35,21.15,2.38,4.76,19.2,7.49,2384.26
3919,18.56,20.31,21.09,22.92,21.15,21.14,1.64,2.23,18.34,9.28,2172.69
3920,18.74,20.83,20.7,23.01,21.71,20.4,2.29,3.52,19.87,6.0,1162.26
3921,18.8,20.82,19.51,20.73,19.91,19.68,1.04,-0.99,20.68,7.17,1136.03
3922,17.38,22.0,20.19,22.9,20.25,19.89,1.37,-19.11,17.52,4.84,826.8
3923,19.56,19.89,20.53,21.35,21.57,19.63,2.34,4.74,16.81,8.16,1496.13
3924,20.78,21.79,20.1,22.18,21.54,21.33,1.19,0.76,19.84,6.44,2174.72
3925,19.92,23.49,22.18,22.51,20.81,20.78,2.12,0.89,18.37,8.82,2091.93
3926,20.96,21.9,21.26,19.54,21.56,17.67,1.47,15.41,22.22,9.35,2284.91
3927,18.85,21.33,20.3,22.74,21.22,19.5,1.64,2.5,22.89,5.94,1125.95
3928,20.31,22.35,21.33,20.54,21.01,20.75,2.86,-5.63,18.15,8.54,1346.31
3929,20.13,20.46,22.39,19.66,21.62,19.45,1.07,4.82,16.94,4.91,1064.3
3930,18.19,19.7,20.33,24.12,20.45,18.86,1.97,0.6,21.28,12.39,2435.22
3931,20.3,20.37,19.09,21.98,20.42,20.64,2.38,7.81,20.5,11.23,2773.25
3932,19.33,20.11,19.55,19.76,20.35,20.78,2.21,-4.18,20.89,7.88,1257.5
3933,20.64,22.57,20.84,21.11,19.34,19.74,1.53,-5.7,21.69,4.72,860.67
3934,19.81,21.92,21.27,22.37,23.08,20.27,2.29,-3.78,19.26,7.73,1218.6
3935,19.78,19.36,21.07,21.45,21.26,20.31,1.18,-12.1,19.69,3.36,1327.84
3936,22.0,18.71,20.25,22.76,21.6,19.8,1.61,-3.06,21.79,8.23,2181.66
3937,18.95,20.36,19.12,22.78,21.38,19.75,3.27,11.13,21.0,0.61,1209.42
3938,18.88,20.25,22.29,21.65,20.59,19.81,2.51,-5.09,24.65,3.77,2265.73
3939,20.74,22.3,21.34,22.58,22.79,20.06,2.0,-9.5,20.68,8.1,1683.54
3940,19.68,20.91,20.59,20.84,21.35,20.84,2.36,-3.7,20.61,11.18,1882.47
3941,19.46,20.56,19.54,23.08,21.25,20.3,1.36,1.54,21.94,8.1,2467.01
3942,19.26,19.85,21.55,21.37,22.45,19.86,2.23,-5.22,24.69,6.04,1032.88
3943,22.58,20.46,20.65,22.58,20.64,21.24,1.64,0.5,21.57,4.11,2289.92
3944,20.69,21.49,22.02,21.52,22.76,19.52,1.54,1.76,19.52,5.47,1003.35
3945,19.7,21.44,19.76,21.21,21.21,20.37,1.9,0.01,18.8,1.7,640.43
3946,20.01,20.9,18.38,21.42,21.19,19.87,1.52,-0.63,20.41,5.81,961.19
3947,21.68,19.67,20.56,21.74,23.02,19.99,2.11,12.35,17.99,13.61,2837.98
3948,19.1,20.07,19.82,22.1,20.25,19.46,2.33,1.24,21.43,7.38,1250.39
3949,18.54,19.69,20.49,21.72,21.77,20.39,1.78,-5.54,20.69,8.25,1312.21
3950,22.31,21.68,20.97,21.61,22.73,20.4,-0.28,5.28,21.15,1.42,2465.27
3951,18.12,19.98,20.55,21.99,21.29,20.66,1.31,-0.42,16.81,11.22,1842.44
3952,18.05,19.29,19.39,21.06,22.27,21.01,1.13,0.5,22.98,11.56,2008.29
3953,19.79,19.97,21.88,21.41,22.05,21.93,2.3,7.09,17.96,7.65,2401.38
3954,18.93,19.6,19.85,22.86,19.44,20.05,1.42,9.39,17.71,8.84,2529.06
3955,18.68,18.07,18.37,20.86,20.89,21.34,1.6,-7.97,16.42,4.99,831.74
3956,19.14,22.0,20.18,23.08,21.49,21.2,2.67,12.12,18.91,6.17,1607.47
3957,18.7,21.76,19.08,20.62,21.28,18.59,1.38,-0.45,20.4,15.08,2899.07
3958,20.48,22.57,20.19,21.97,22.19,21.72,2.16,-0.4,19.88,5.6,938.34
3959,21.16,22.22,21.0,20.86,21.96,21.93,1.51,-7.07,21.53,12.49,1998.42
3960,17.66,20.96,19.19,20.23,22.58,20.82,1.62,5.23,22.82,13.16,2641.04
3961,20.8,19.71,21.91,22.79,20.42,19.37,1.07,-9.95,23.01,8.33,1886.32
3962,18.87,22.06,21.29,22.8,22.66,20.69,1.58,3.77,19.58,6.64,1245.9
3963,20.79,19.8,21.05,20.31,21.5,21.66,2.41,11.56,19.79,3.03,2762.69
3964,20.44,20.81,20.45,21.78,22.64,21.7,1.23,-2.2,19.81,8.62,2039.97
3965,19.93,21.92,22.14,23.33,23.07,19.3,1.43,7.57,19.27,7.05,1485.63
3966,19.23,20.65,18.96,20.59,20.4,20.97,3.75,0.57,24.59,6.68,1160.17
3967,20.12,20.46,20.98,22.31,21.18,22.65,2.21,-9.75,20.72,5.57,1626.68
3968,22.23,21.62,20.6,21.81,20.61,19.33,2.27,0.84,21.13,7.9,2349.51
3969,20.67,20.2,18.76,21.09,20.96,20.01,1.5,-1.3,21.5,8.4,1341.07
3970,19.53,21.05,20.11,21.56,21.43,20.32,2.83,6.28,22.68,6.9,1447.92
3971,19.94,20.12,19.89,22.0,21.49,21.29,2.96,-2.54,19.63,10.53,2054.25
3972,19.79,19.62,19.0,21.36,21.28,19.08,1.52,3.49,21.14,6.94,1288.54
3973,19.68,18.98,19.84,19.63,22.64,21.62,2.85,-7.39,21.3,6.55,1074.73
3974,21.61,22.46,19.55,18.82,20.5,20.01,3.07,3.01,17.18,3.63,888.18
3975,19.54,23.33,21.57,23.2,20.56,20.64,0.34,0.17,19.13,6.37,2058.48
3976,19.73,22.47,21.17,23.93,21.41,20.84,2.69,-0.89,19.76,6.8,2091.09
3977,18.27,21.68,21.27,20.34,20.47,18.45,1.39,0.22,22.17,-0.37,653.22
3978,20.91,22.37,19.17,20.97,20.46,20.36,3.06,-2.05,28.48,8.54,1436.6
3979,17.07,20.32,18.67,23.14,20.19,20.16,1.36,0.99,19.23,9.75,1611.98
3980,21.64,21.0,19.85,20.83,20.63,23.04,2.49,-1.38,19.15,13.6,2133.69
3981,20.11,21.35,20.11,21.34,22.02,19.65,0.59,-6.81,20.99,4.21,799.24
3982,19.91,20.31,20.75,20.95,21.31,19.58,2.89,-9.07,16.9,6.67,1045.47
3983,20.44,20.84,19.33,22.59,23.89,21.95,2.06,-3.46,16.8,8.36,1664.9
3984,17.95,20.92,19.07,22.16,21.79,20.93,3.03,-2.22,19.81,6.83,1100.77
3985,21.58,21.13,21.48,22.13,21.18,20.02,1.43,-21.03,19.03,4.75,756.36
3986,18.25,18.78,19.75,22.17,22.57,21.06,2.17,0.14,22.46,2.59,723.77
3987,21.07,19.35,21.12,22.39,20.11,19.13,3.22,15.42,19.35,7.22,3042.72
3988,19.0,19.66,20.93,20.81,21.1,20.01,1.98,4.83,17.63,10.69,1982.81
3989,19.54,22.4,22.9,24.05,22.21,21.13,2.34,-1.2,18.14,7.01,1909.02
3990,19.29,20.17,21.16,21.49,21.16,19.5,2.56,-5.71,22.62,6.81,1119.19
3991,21.95,21.25,20.71,18.94,20.53,20.89,0.76,-11.89,18.67,8.16,1329.73
3992,20.78,21.57,19.2,21.88,21.4,20.66,1.58,6.22,19.41,9.26,1785.02
3993,21.01,19.99,21.56,23.62,21.16,19.54,2.91,2.98,19.49,7.99,2320.93
3994,20.02,19.08,19.0,22.99,20.1,19.58,0.36,-8.64,18.95,3.29,1452.24
3995,19.76,21.1,20.87,22.49,22.91,20.63,2.89,6.74,20.71,8.38,1680.6
3996,18.42,22.25,20.59,22.81,22.75,20.1,1.53,5.88,23.98,5.12,1212.23
3997,20.53,21.83,20.51,21.83,20.22,19.41,3.64,-4.7,21.22,4.84,888.11
3998,19.22,20.35,21.12,23.13,20.98,20.92,2.35,-2.04,21.8,3.76,2160.52
3999,21.03,22.78,20.25,24.7,23.01,22.65,1.36,1.75,18.24,6.74,2082.05
4000,19.48,20.73,19.69,22.97,22.11,21.1,2.78,3.87,20.85,5.39,2457.17
4001,19.49,21.71,21.59,22.46,19.73,19.94,3.15,-7.66,23.03,6.12,2002.34
4002,18.9,20.39,21.73,23.52,22.72,21.08,2.48,3.97,19.62,4.01,2310.27
4003,19.6,19.55,20.28,23.89,21.99,20.41,1.64,0.41,20.08,9.69,2248.2
4004,19.5,21.4,20.1,22.13,18.96,20.87,3.15,7.78,21.68,5.83,2785.93
4005,18.75,19.95,20.0,22.61,20.9,19.19,1.26,5.34,23.41,4.82,1149.84
4006,20.72,21.67,21.72,21.65,18.6,20.14,2.86,0.4,22.62,1.93,2358.14
4007,19.55,19.76,19.52,21.64,22.03,20.13,0.07,6.42,17.69,12.05,2354.39
4008,22.62,20.3,21.69,22.95,20.83,20.34,2.09,-10.57,20.77,2.34,1517.04
4009,20.18,20.22,19.57,21.84,20.46,21.32,1.55,-2.62,18.9,7.86,1911.15
4010,21.17,21.89,21.14,23.6,21.85,19.85,0.9,-6.81,19.45,8.99,1731.09
4011,21.66,20.91,19.57,20.12,18.81,21.39,3.04,-3.89,17.63,5.84,1682.38
4012,20.0,21.38,19.56,21.61,21.59,19.96,0.28,-3.97,19.56,8.26,1285.76
4013,20.1,21.22,19.57,22.95,22.6,20.48,3.11,-8.84,18.45,8.49,1339.76
4014,20.18,22.78,19.57,22.44,20.71,20.09,0.77,6.67,19.77,9.52,1852.12
4015,20.96,21.9,20.09,21.46,22.32,20.75,2.84,5.26,21.1,8.81,1683.55
4016,18.83,20.0,20.41,21.8,21.83,21.65,1.38,-4.25,20.66,6.06,994.41
4017,20.08,20.15,20.73,20.12,21.16,19.15,0.44,-16.21,21.94,5.8,963.04
4018,19.12,20.92,19.85,21.8,20.54,19.43,1.64,-3.54,19.13,13.15,2340.46
4019,21.61,21.76,18.57,21.57,22.06,20.09,2.45,-0.34,16.96,10.28,1652.41
4020,19.35,20.0,18.1,22.55,24.13,21.0,1.28,9.5,23.56,4.91,1367.67
4021,21.32,20.89,20.21,21.71,22.49,22.52,2.21,-3.95,21.22,7.99,2072.31
4022,19.97,20.8,22.11,22.02,22.94,21.6,2.55,6.85,21.32,8.18,2735.13
4023,20.87,21.46,22.22,22.15,22.17,21.52,3.19,-3.53,21.2,6.94,2082.82
4024,20.19,22.11,22.61,22.04,21.75,20.78,2.05,3.98,20.61,12.27,2569.62
4025,19.71,20.02,20.62,22.95,23.49,20.02,2.93,5.65,22.18,6.69,2726.26
4026,18.29,21.28,22.0,22.09,21.12,19.76,2.68,4.05,18.81,6.75,1279.58
4027,21.63,21.17,19.81,21.18,22.05,22.14,1.93,-6.7,21.73,9.47,1984.62
4028,19.91,22.28,21.91,23.32,21.18,18.96,2.92,-2.54,20.81,4.17,2044.08
4029,20.17,21.25,19.83,23.11,22.04,18.6,2.72,4.11,20.35,5.42,1132.48
4030,18.74,19.7,18.87,22.21,19.03,19.49,1.87,-11.06,19.12,11.41,1918.0
4031,20.16,19.98,20.7,22.31,19.78,21.2,2.57,5.53,20.6,6.91,2561.42
4032,18.57,20.82,21.43,22.89,21.26,18.98,2.22,-8.49,19.67,4.59,836.28
4033,20.09,21.17,19.69,20.26,20.18,19.27,2.44,-9.46,21.88,7.52,1213.56
4034,19.85,19.34,17.56,19.99,22.04,22.33,3.51,-3.73,19.18,7.43,1181.33
4035,20.15,22.44,23.08,22.58,22.77,21.79,1.36,-4.8,18.12,11.01,1763.4
4036,21.68,19.21,19.98,22.15,21.2,21.4,2.2,1.27,21.25,10.26,2433.48
4037,18.82,21.71,19.33,20.88,20.07,18.19,2.02,1.87,24.8,7.61,1343.79
4038,22.54,19.27,21.37,20.48,19.92,20.62,2.63,0.49,20.61,11.97,2361.69
4039,20.89,20.37,20.28,21.3,21.27,19.34,1.64,-6.88,19.8,10.83,1804.95
4040,21.3,22.33,19.94,21.82,21.32,20.05,1.55,8.46,24.02,8.07,1731.55
4041,21.01,19.74,21.3,21.52,22.26,20.25,1.95,0.45,21.03,4.46,2245.16
4042,20.88,22.36,20.89,20.55,20.54,20.96,2.38,6.51,19.79,12.37,2482.6
4043,18.97,19.88,20.3,23.1,20.71,20.14,1.63,-16.05,23.85,10.8,1657.27
4044,18.86,19.86,19.25,20.8,22.43,19.15,-0.12,3.75,18.66,3.37,890.72
4045,19.67,19.79,20.43,21.45,22.34,20.22,1.24,-4.01,19.43,5.22,885.08
4046,18.55,19.85,19.18,20.75,19.87,18.2,3.13,5.31,20.78,3.0,1001.71
4047,21.05,21.94,21.63,22.66,22.46,23.26,3.24,12.5,26.64,3.78,3525.97
4048,19.98,20.53,20.74,21.83,21.87,20.14,1.6,-8.18,18.31,10.81,1772.73
4049,19.45,21.14,18.49,21.92,20.35,20.81,3.44,6.01,17.93,7.27,1446.56
4050,20.8,20.05,21.78,24.51,21.51,20.25,1.74,-4.19,20.55,5.01,1926.36
4051,19.5,20.14,20.38,23.18,20.06,19.55,0.77,-13.1,23.31,9.27,1741.81
4052,20.18,20.78,20.31,20.83,19.9,21.25,1.76,6.49,21.98,9.52,2800.43
4053,19.24,20.91,19.75,24.14,22.91,18.85,2.58,12.74,18.78,11.01,2467.73
4054,19.59,19.93,21.03,20.64,21.57,20.89,1.55,14.78,17.91,8.83,2117.05
4055,20.62,22.05,20.39,22.56,22.26,20.46,2.48,2.1,18.81,8.92,2215.53
4056,18.56,21.1,20.98,24.44,23.12,21.53,2.21,-10.11,20.3,4.53,1540.39
4057,18.89,20.3,19.02,20.46,21.25,19.38,1.77,-1.45,20.73,7.29,1161.88
4058,19.43,20.19,20.83,21.42,20.25,19.2,2.62,-0.76,19.61,6.91,1104.41
4059,21.57,20.8,21.25,20.1,21.1,20.72,2.98,7.67,19.56,-0.04,2449.02
4060,19.8,19.45,20.7,22.3,21.03,18.51,2.15,-0.17,19.54,8.07,2131.26
4061,20.3,21.31,21.49,23.78,21.06,20.08,2.47,-14.53,21.34,1.88,1329.79
4062,21.69,20.76,20.95,23.93,20.89,19.56,0.83,4.41,20.8,9.16,2541.09
4063,18.7,20.71,20.15,21.47,21.24,19.59,3.11,0.5,21.38,5.84,1016.69
4064,20.05,21.16,20.81,20.99,21.01,20.92,1.57,6.33,20.78,5.89,1292.15
4065,19.77,20.79,20.66,21.97,22.88,21.05,1.31,1.74,16.66,5.5,970.06
4066,20.88,22.09,22.43,22.62,21.54,19.65,2.71,4.82,20.11,5.17,2436.6
4067,20.73,19.74,19.95,22.58,22.57,20.89,1.69,0.1,18.78,6.31,2033.45
4068,20.15,22.0,19.92,22.37,20.47,19.85,1.44,1.99,23.53,9.78,1708.12
4069,20.44,20.04,21.01,24.01,22.59,21.15,1.77,-6.45,17.91,3.75,1502.26
4070,19.73,21.96,18.74,20.76,22.79,21.96,1.03,2.48,16.59,7.03,1197.45
4071,19.5,22.19,23.05,25.23,20.65,20.41,1.44,-1.3,21.74,13.33,2381.47
4072,18.52,20.93,18.9,22.68,23.39,21.36,2.82,3.43,20.59,4.99,1059.3
4073,18.71,19.3,20.01,20.74,22.16,19.3,2.93,-8.28,20.37,6.95,1121.8
4074,20.33,21.19,20.28,21.32,21.56,21.52,2.05,9.79,20.92,9.52,2895.71
4075,20.99,18.96,19.66,22.82,21.94,22.64,1.46,1.74,19.9,13.55,2386.89
4076,20.12,19.06,20.64,21.56,20.84,20.13,2.33,5.55,19.18,11.66,2513.32
4077,21.06,22.22,20.88,23.64,20.79,20.76,0.48,0.03,20.42,6.58,2186.41
4078,20.43,20.2,21.76,21.57,19.5,20.29,2.94,4.22,18.06,8.18,2256.56
4079,19.78,21.95,21.87,22.7,21.55,20.35,1.94,-15.72,23.3,6.38,1541.15
4080,19.68,20.37,20.03,23.5,20.07,19.39,1.17,-0.75,18.82,10.28,2057.54
4081,18.23,21.32,20.55,20.28,21.22,20.27,3.19,-5.55,17.79,6.64,1054.08
4082,20.22,21.51,20.23,22.34,21.21,21.73,2.03,-2.52,20.88,12.11,2203.73
4083,19.23,20.0,20.11,22.11,21.43,22.21,1.66,7.07,18.49,1.21,2319.13
4084,19.48,19.82,18.9,20.13,21.75,18.72,3.64,-11.2,22.63,8.84,1446.69
4085,21.03,17.7,18.87,21.72,20.44,20.53,1.58,5.18,16.45,9.24,2160.07
4086,20.99,21.7,18.36,20.06,21.73,22.45,2.6,3.23,17.03,-0.56,764.96
4087,19.29,21.52,19.01,24.31,21.2,21.73,2.55,8.96,19.35,2.1,2544.93
4088,19.22,19.73,19.4,21.48,22.71,21.68,1.32,-14.52,20.35,10.94,1816.92
4089,19.54,20.26,21.95,21.47,21.36,20.59,1.89,4.13,18.65,8.56,2307.75
4090,20.44,19.19,19.15,21.23,21.16,19.81,1.8,1.77,19.56,9.38,2272.89
4091,21.22,22.65,21.14,22.36,21.67,19.61,0.59,-0.37,23.88,12.04,2615.4
4092,18.67,17.65,20.42,22.76,22.37,20.98,0.43,10.11,18.73,5.96,2608.21
4093,21.0,21.93,22.13,21.64,20.67,19.69,0.26,-14.76,17.1,12.01,1072.65
4094,21.88,20.26,20.1,20.58,21.33,20.77,1.64,0.88,19.62,15.78,2350.9
4095,19.24,19.8,18.28,19.48,21.35,18.73,1.21,7.16,17.94,10.8,2119.26
4096,18.46,21.37,21.19,22.29,21.41,19.66,1.25,-11.38,21.27,8.3,1320.84
4097,18.95,20.89,20.73,21.45,23.92,20.99,1.66,4.16,21.11,6.83,1307.61
4098,19.39,19.49,19.37,22.06,21.23,20.1,2.0,2.28,19.82,7.63,1318.83
4099,20.29,22.19,20.81,24.71,21.72,21.37,1.75,-14.91,20.86,7.53,1363.54
4100,20.2,21.32,20.39,22.54,21.17,20.53,1.44,7.68,18.05,7.08,2428.36
4101,20.76,20.0,20.89,20.38,23.94,19.67,3.54,-6.24,22.08,3.69,796.55
4102,20.25,21.31,19.84,20.5,19.48,20.96,1.84,11.05,18.98,8.28,1850.69
4103,19.72,22.35,20.9,22.33,21.73,21.23,2.8,4.02,23.76,7.7,1462.09
4104,20.99,20.9,19.26,19.05,19.33,19.93,1.01,2.1,19.45,11.1,1946.75
4105,19.97,20.98,18.17,20.05,20.48,20.83,3.07,7.09,19.2,8.71,1739.52
4106,19.17,20.69,21.18,21.52,21.85,19.76,1.56,6.26,19.69,4.81,1161.9
4107,21.42,21.39,20.51,21.49,21.12,19.81,4.24,-13.71,21.3,3.71,1428.0
4108,18.14,20.82,20.76,20.6,19.84,21.1,0.95,-11.93,23.21,6.98,1133.48
4109,20.85,22.86,20.05,23.19,23.13,21.67,1.15,-1.0,20.82,4.4,2124.64
4110,19.75,19.65,19.84,19.23,20.7,19.52,1.85,-7.52,24.87,7.43,1220.95
4111,20.23,22.71,22.01,22.6,22.19,19.27,1.72,11.62,18.5,4.97,1432.26
4112,20.09,20.07,18.96,22.69,21.97,19.63,1.06,-6.94,19.68,10.83,1786.88
4113,19.99,20.0,18.71,22.66,21.29,21.72,3.18,0.64,17.98,8.76,2049.26
4114,19.64,21.67,19.42,21.38,22.93,19.39,3.1,4.08,19.1,9.98,1825.48
4115,20.13,20.96,19.23,22.29,21.47,20.63,1.73,17.11,18.8,6.51,1889.88
4116,20.91,23.14,22.61,23.23,21.31,19.84,2.81,8.05,17.35,7.59,2402.08
4117,18.29,18.98,19.98,22.14,20.75,20.54,3.14,-4.63,22.05,9.75,1604.67
4118,22.48,23.3,21.02,23.61,20.31,20.62,1.99,3.67,21.31,8.1,2538.52
4119,20.48,22.18,19.54,22.23,20.51,18.85,1.46,4.89,19.3,9.13,1688.76
4120,19.21,20.5,20.47,21.83,21.93,19.43,3.03,4.35,20.74,4.96,1107.27
4121,19.35,23.43,20.16,21.05,22.33,20.6,2.9,-6.86,19.27,9.57,1544.81
4122,19.53,20.73,19.8,21.5,22.87,21.89,1.0,14.22,19.64,5.25,1597.24
4123,17.98,20.81,19.01,24.28,20.87,19.54,3.13,-8.57,21.13,13.26,2403.9
4124,19.8,19.97,18.6,20.37,22.15,20.88,1.18,4.76,20.05,7.58,1430.81
4125,20.62,22.79,21.35,20.52,20.35,19.77,2.3,-6.18,20.12,10.31,1694.02
4126,19.64,21.94,21.15,21.54,20.24,19.15,1.35,2.74,16.59,5.67,1039.24
4127,17.0,20.52,21.21,19.78,23.99,20.17,2.13,-1.37,21.8,6.36,1048.37
4128,20.19,19.25,21.4,22.65,21.37,22.22,2.09,-9.12,22.88,6.21,1892.13
4129,20.35,19.88,21.55,23.28,22.47,20.21,3.79,-17.32,22.26,1.72,1264.57
4130,20.84,21.04,19.56,20.52,20.85,18.53,0.7,6.2,19.04,-0.91,921.06
4131,19.56,20.34,19.74,21.77,22.55,19.61,1.38,-3.92,22.15,6.14,1013.73
4132,20.69,19.69,20.3,23.19,21.42,18.78,1.63,0.97,20.97,1.33,2203.42
4133,18.09,20.42,21.02,21.07,20.92,19.36,2.26,12.6,18.42,7.86,1858.66
4134,19.93,22.28,22.05,22.11,22.05,20.37,1.75,4.37,19.49,6.52,1261.36
4135,20.68,23.36,20.06,21.24,19.94,20.35,0.24,-20.29,19.89,-1.46,624.51
4136,19.4,20.13,19.79,20.55,21.41,20.22,2.59,-8.57,15.91,5.4,876.22
4137,18.86,21.43,19.49,21.72,22.59,19.54,3.07,-12.89,20.48,6.93,1119.91
4138,21.0,20.99,20.71,21.46,20.1,21.71,2.35,-5.84,17.95,11.23,1698.59
4139,20.27,21.15,18.98,21.92,18.92,18.67,1.63,-1.9,18.07,5.63,920.86
4140,21.72,17.98,20.36,22.06,20.65,20.16,2.16,17.88,20.4,2.08,3181.98
4141,21.38,21.33,20.21,22.17,20.88,19.71,1.03,7.05,19.41,1.69,2411.36
4142,20.86,20.39,19.14,22.22,21.31,20.31,2.85,2.49,18.17,5.44,2108.5
4143,19.12,20.57,18.99,21.01,21.29,20.35,2.4,3.11,20.39,4.04,951.15
4144,19.52,20.0,19.77,22.93,20.81,19.84,1.57,3.33,18.43,6.38,2190.82
4145,19.96,19.8,20.91,21.29,20.23,18.68,2.07,-12.27,18.43,7.51,1174.02
4146,17.99,21.4,19.86,22.06,22.17,19.01,2.83,-9.87,22.59,8.61,1397.99
4147,21.96,21.06,21.55,24.12,22.26,20.58,2.93,3.19,20.41,8.7,2440.28
4148,19.37,21.07,18.19,22.09,21.63,18.02,1.94,0.03,20.76,5.2,903.88
4149,21.05,20.79,19.37,21.31,19.86,20.93,3.72,2.12,23.49,8.89,2696.64
4150,19.21,20.24,20.84,20.19,20.57,19.43,3.09,11.24,19.62,2.42,1252.08
4151,20.65,21.49,20.96,21.76,22.82,19.49,2.42,-4.84,18.85,7.41,1165.64
4152,18.49,19.63,20.34,22.83,22.03,20.79,1.68,-2.59,18.88,7.64,1906.8
4153,19.54,20.63,19.29,20.75,21.39,19.95,1.71,1.73,24.17,7.38,1291.11
4154,20.92,20.32,21.52,22.18,21.47,20.43,2.16,-11.91,19.9,3.89,1378.31
4155,20.88,21.77,21.65,21.87,20.61,18.91,1.91,-10.31,18.3,4.22,1320.55
4156,19.56,19.65,20.29,19.92,20.48,19.85,3.36,9.54,20.36,8.94,1918.94
4157,20.52,21.3,19.71,23.52,22.42,19.2,1.25,-2.06,18.87,5.75,1895.17
4158,19.64,20.26,17.99,20.17,19.88,18.67,2.4,-3.43,19.28,8.77,1392.31
4159,21.16,22.92,20.72,22.7,19.88,18.97,0.4,1.69,23.64,5.17,2577.77
4160,20.47,21.46,20.57,21.63,20.81,19.96,2.3,-11.69,20.34,15.56,3051.7
4161,20.63,19.81,19.61,19.78,21.4,19.15,2.7,-2.15,17.67,6.16,989.24
4162,18.69,22.1,19.16,21.97,22.13,20.59,3.15,-4.02,19.22,10.58,1748.43
4163,19.58,20.04,19.09,20.62,19.76,19.7,1.53,2.57,16.69,14.13,2709.71
4164,24.07,22.54,21.06,23.25,21.14,20.2,1.43,-14.77,18.62,10.33,1201.36
4165,20.43,21.31,20.26,20.66,21.58,20.06,2.82,-5.61,22.2,5.94,1008.84
4166,19.29,21.12,20.38,21.84,22.01,21.3,2.96,-3.22,18.68,6.71,1073.14
4167,21.25,21.51,20.48,22.42,23.24,21.88,1.82,-3.39,26.16,-2.92,2377.39
4168,19.34,19.69,19.98,22.33,21.06,21.01,0.43,7.36,15.47,-0.02,1997.29
4169,19.22,23.0,19.31,20.79,22.34,20.78,1.15,-5.51,19.21,6.95,1092.51
4170,20.67,19.77,21.66,22.59,21.36,20.21,1.93,21.53,20.31,5.25,3451.99
4171,19.85,21.01,19.81,20.34,19.76,19.46,0.87,5.23,20.21,3.65,1010.53
4172,21.59,21.89,19.82,22.41,22.54,19.64,2.58,-3.41,21.25,7.1,2092.78
4173,20.64,21.61,21.79,21.56,21.17,19.22,1.38,4.23,19.54,5.23,1101.95
4174,19.94,19.2,19.24,22.37,20.76,19.24,1.94,5.09,22.77,4.09,2689.1
4175,19.41,21.77,20.99,21.63,22.03,17.93,2.88,-2.17,17.76,10.01,1614.8
4176,16.74,20.49,19.57,21.12,21.83,18.57,2.29,8.06,19.61,3.13,1124.81
4177,19.65,21.63,19.07,23.36,22.34,21.05,3.56,-6.83,17.97,9.09,1446.96
4178,18.69,20.4,20.24,20.31,21.29,19.78,3.12,4.1,19.12,7.72,1428.9
4179,19.84,19.97,20.21,21.54,21.44,21.2,1.17,-0.73,19.58,11.1,2152.47
4180,19.72,20.33,21.7,23.29,21.24,20.09,2.47,2.03,21.37,5.58,2401.25
4181,19.08,22.4,19.55,23.76,22.25,20.6,2.12,1.6,18.15,2.96,773.64
4182,20.02,22.03,18.93,21.71,23.25,20.66,2.95,0.13,19.53,5.1,895.21
4183,19.86,23.18,20.84,24.91,21.7,19.59,2.42,13.84,20.13,6.88,3009.1
4184,19.48,20.9,19.98,21.65,21.63,19.95,1.6,-4.1,20.38,9.96,1615.8
4185,18.57,19.42,21.48,22.57,22.79,20.66,2.38,-5.53,17.97,9.42,1680.81
4186,19.81,19.07,20.51,21.2,21.26,21.28,1.7,-0.62,20.56,6.35,2167.69
4187,19.72,20.82,19.5,21.37,21.51,19.71,1.48,9.12,22.57,6.77,1559.35
4188,18.39,20.27,20.2,22.88,21.42,20.83,1.91,0.27,22.54,9.09,1488.03
4189,19.79,19.27,20.72,23.41,21.03,20.0,2.2,-0.5,19.53,10.17,2152.93
4190,19.1,21.16,20.71,23.35,21.81,20.03,3.04,-3.89,21.16,7.98,1285.15
4191,20.79,19.02,21.03,21.84,20.12,19.07,1.6,-3.41,19.76,7.86,1949.1
4192,20.01,19.19,22.44,22.12,20.48,20.64,0.47,7.49,22.34,7.71,2845.66
4193,19.29,20.53,19.09,20.3,22.02,18.96,1.84,-0.44,21.5,7.81,1245.76
4194,20.89,20.58,20.09,20.95,21.51,21.81,2.21,1.78,17.89,7.81,2080.37
4195,19.76,19.66,19.96,22.22,20.36,20.12,2.15,-4.89,19.78,4.01,1791.3
4196,22.23,20.09,21.43,22.56,20.86,20.61,1.8,5.44,18.81,2.15,2274.31
4197,21.04,20.83,19.35,22.06,21.18,20.5,2.76,8.56,19.9,4.37,2624.46
4198,18.88,21.64,20.66,22.87,22.0,20.13,2.25,-6.49,17.9,5.61,917.47
4199,18.78,20.34,20.03,21.86,19.65,19.12,2.48,-6.32,19.85,8.97,1433.44
4200,19.76,20.9,19.29,21.69,22.17,21.71,0.53,-5.91,19.78,6.19,991.96
4201,19.69,20.09,22.15,22.89,20.34,18.52,1.86,7.25,19.83,7.61,2592.98
4202,19.51,20.56,20.94,22.47,22.3,20.07,1.89,-6.73,20.6,7.21,1148.43
4203,19.22,19.76,20.65,25.27,21.69,19.98,3.35,-2.41,17.22,8.49,1785.78
4204,22.78,23.56,19.35,22.26,19.02,20.3,1.92,-6.89,21.72,5.72,1895.4
4205,19.9,21.17,20.57,22.23,20.86,21.39,1.47,11.84,21.84,4.82,3011.47
4206,20.24,18.64,19.17,18.43,22.36,21.45,1.42,-3.72,23.12,2.06,691.62
4207,19.57,21.63,20.82,21.78,21.72,18.79,2.78,11.64,19.89,8.0,1854.62
4208,18.77,19.67,21.03,23.38,22.45,19.86,1.54,-0.19,20.62,-1.98,2031.93
4209,22.59,20.36,21.21,21.38,20.82,21.13,1.32,-3.45,22.3,7.49,2192.01
4210,20.66,21.49,20.26,23.13,22.24,19.84,2.73,5.59,18.72,9.67,2432.53
4211,20.1,22.86,20.5,20.13,23.18,20.92,2.31,-0.27,21.1,6.55,1070.23
4212,20.27,20.9,21.01,23.04,20.97,19.4,1.81,9.87,18.66,8.1,2642.63
4213,20.12,18.52,21.11,21.17,21.39,21.01,0.94,-1.52,21.15,5.71,2151.67
4214,22.29,21.83,20.53,22.82,22.71,20.35,2.44,-3.16,20.89,6.98,2069.42
4215,20.12,22.03,20.8,21.44,21.15,19.6,2.66,-3.19,18.36,6.52,1039.9
4216,19.72,22.34,20.68,23.21,20.15,18.19,1.24,8.7,21.14,9.08,1886.79
4217,20.5,22.26,23.3,23.88,23.36,19.62,2.29,1.76,19.22,6.15,2179.55
4218,20.34,19.49,19.03,21.08,19.22,21.21,1.92,-5.16,19.76,3.44,1759.75
4219,20.98,23.57,20.99,21.57,21.51,20.82,1.29,-10.05,21.79,7.98,1272.02
4220,21.22,20.08,20.87,21.4,21.02,19.92,1.64,1.48,22.37,6.62,2479.06
4221,22.37,21.75,21.06,22.28,20.49,20.32,1.96,-6.57,20.94,4.91,1823.73
4222,18.81,19.98,19.46,21.97,20.71,18.74,0.95,-12.38,20.11,8.94,1416.58
4223,18.63,20.54,21.6,21.56,22.97,19.75,2.46,7.62,21.55,12.99,2713.83
4224,18.86,22.35,20.52,19.65,20.32,19.15,1.43,-8.63,19.44,8.41,1320.23
4225,21.1,20.8,21.99,21.77,20.11,19.87,1.46,-12.51,21.97,9.39,1652.36
4226,20.37,22.15,18.99,20.15,20.48,19.66,2.4,-0.96,18.88,7.46,1172.48
4227,18.95,19.5,21.43,21.66,21.0,19.29,1.64,-2.1,19.65,11.29,1893.69
4228,22.26,21.46,21.91,21.44,22.34,19.72,1.83,-6.11,18.3,8.96,1665.67
4229,21.15,21.63,19.97,23.25,21.93,19.27,1.92,1.53,19.92,5.33,2215.07
4230,20.93,23.12,20.26,21.36,20.2,19.5,1.38,-2.08,23.37,8.79,1421.93
4231,20.8,21.3,18.45,22.66,19.66,20.53,1.59,15.39,23.39,8.3,3450.92
4232,20.34,21.63,19.48,20.94,19.93,18.83,1.99,-1.35,23.64,5.81,995.15
4233,21.01,21.17,20.02,22.71,22.33,21.15,1.99,-8.91,18.84,10.73,1588.61
4234,21.45,21.68,20.62,23.29,19.69,20.67,2.42,2.1,26.33,3.21,2852.32
4235,20.39,21.56,22.1,22.44,22.82,21.25,2.46,2.68,22.61,8.12,2614.3
4236,18.82,19.35,20.84,19.92,22.42,19.82,2.97,-2.35,22.24,5.71,982.04
4237,19.03,20.62,19.68,21.39,23.87,20.83,0.79,-11.64,20.59,2.18,668.27
4238,19.58,21.16,21.3,24.06,21.98,19.57,2.73,10.83,17.18,7.35,2548.28
4239,18.92,20.37,22.18,22.03,22.49,19.94,1.73,-8.84,18.87,5.76,941.59
4240,20.8,21.93,19.23,21.19,20.43,20.66,2.53,6.19,19.26,5.25,1207.66
4241,20.26,23.01,19.81,20.54,20.45,21.17,2.27,8.63,19.79,3.82,1203.2
4242,18.1,20.86,21.19,22.1,21.09,19.55,1.54,-2.17,19.25,13.03,2310.15
4243,19.7,19.85,20.72,24.42,22.54,20.91,3.22,6.16,20.03,-0.38,2400.38
4244,20.23,22.09,21.12,22.3,20.7,19.9,2.61,6.77,21.07,0.51,2554.47
4245,19.97,20.75,19.96,19.44,20.61,19.71,2.34,-7.51,20.24,8.57,1366.1
4246,19.1,19.49,19.92,22.37,22.17,20.47,3.75,10.3,19.69,8.39,1858.37
4247,21.42,21.27,19.02,22.44,21.77,19.43,1.22,2.31,19.57,2.83,2169.39
4248,19.56,20.27,19.53,21.53,22.26,19.65,2.02,-15.15,23.14,5.21,927.26
4249,19.44,20.62,21.18,22.35,22.3,19.45,2.45,1.39,19.32,8.88,1479.72
4250,18.69,21.3,23.57,23.23,22.59,20.08,1.15,-3.91,21.71,6.17,2075.6
4251,22.19,23.51,22.44,23.78,23.54,19.03,1.47,3.12,20.13,9.39,2407.21
4252,19.52,20.32,20.84,21.7,20.3,19.33,2.8,-4.48,16.67,6.86,1069.01
4253,18.24,21.19,20.38,23.51,21.06,20.32,1.6,-4.44,25.33,5.43,964.75
4254,20.1,21.29,19.81,22.62,23.03,20.59,2.7,-7.25,22.72,2.63,726.94
4255,19.04,20.77,18.57,22.37,22.39,20.64,1.5,1.57,25.19,6.8,1209.57
4256,20.39,19.42,19.53,20.7,21.82,20.79,3.62,3.64,21.94,5.08,1098.48
4257,18.65,21.13,20.23,21.78,21.96,18.89,0.13,-0.02,20.2,9.99,1605.11
4258,19.48,21.01,17.98,21.56,19.18,19.37,2.81,-2.06,21.27,9.87,1619.37
4259,21.32,20.37,19.18,18.98,22.12,19.78,2.2,0.68,19.15,6.26,1044.39
4260,19.69,19.21,20.54,22.9,20.57,19.94,0.78,7.4,18.45,6.89,2439.97
4261,20.52,18.57,19.52,23.31,21.65,18.99,1.82,-7.28,24.77,5.89,2182.61
4262,20.58,20.03,19.54,21.74,20.13,19.51,0.46,-9.36,19.52,5.41,1508.4
4263,20.19,21.04,20.76,22.79,22.09,19.09,2.28,-8.41,20.37,3.79,775.63
4264,19.63,20.12,19.98,23.0,18.72,19.9,1.52,-11.47,21.05,7.2,1582.2
4265,21.83,20.91,19.32,21.31,21.82,20.89,0.44,-7.1,19.62,6.13,1669.0
4266,20.07,21.7,20.58,22.45,20.94,20.01,2.13,7.99,22.12,11.47,2948.54
4267,20.46,19.04,20.74,23.96,23.14,20.57,2.12,-11.9,19.89,5.94,1420.3
4268,20.27,20.91,18.99,20.86,20.03,20.45,3.69,-1.76,28.56,14.22,2734.61
4269,17.99,20.91,21.2,21.62,22.31,20.16,2.66,4.67,16.6,12.42,2369.78
4270,20.36,20.32,20.0,21.61,23.65,21.09,0.09,0.08,18.79,4.84,832.44
4271,20.94,19.99,20.33,22.91,22.18,21.35,1.58,6.11,22.37,6.77,2758.71
4272,20.76,19.07,21.57,24.13,22.19,21.75,2.88,-4.06,17.17,2.34,1552.68
4273,20.16,20.38,20.13,22.22,23.29,18.2,0.7,-3.45,20.48,5.74,946.88
4274,19.62,22.52,21.88,21.71,22.35,21.49,1.38,-2.73,19.43,8.12,1272.64
4275,18.19,21.41,20.46,22.94,22.01,19.29,2.0,3.87,19.85,7.62,1394.57
4276,19.52,20.54,20.33,22.75,21.4,20.49,1.58,19.11,22.67,4.58,3528.49
4277,20.9,22.05,21.67,22.49,22.63,19.58,3.27,-0.05,20.38,6.77,2206.58
4278,21.29,20.39,19.1,21.02,20.88,18.28,2.15,-1.66,18.63,8.5,1334.94
4279,19.87,21.9,19.89,23.36,21.86,21.66,2.03,-6.74,22.24,6.62,1975.89
4280,18.42,18.06,19.97,23.13,20.94,20.85,1.27,12.18,20.56,11.05,3025.25
4281,21.69,20.62,19.7,23.78,22.46,21.12,1.12,-2.71,17.5,6.73,1737.48
4282,20.15,20.42,20.25,22.27,23.07,20.14,2.08,-4.33,18.79,2.24,662.72
4283,21.27,20.54,19.31,20.55,22.45,20.48,1.94,-1.47,19.92,2.2,671.86
4284,20.87,20.41,19.93,20.16,22.58,21.19,1.03,12.76,21.69,5.87,1613.18
4285,20.39,21.71,21.81,21.65,23.67,22.03,2.19,-3.93,19.83,3.43,1843.24
4286,18.65,19.91,19.56,22.07,22.24,21.03,2.05,-0.18,22.1,2.14,692.0
4287,18.4,21.75,19.94,23.22,22.96,21.24,1.75,-17.61,20.23,5.72,952.13
4288,20.65,19.61,21.66,22.65,22.86,21.22,2.95,6.86,18.77,9.39,2511.55
4289,20.64,19.43,20.6,21.24,21.66,20.87,1.99,-2.0,20.2,5.61,2037.94
4290,19.42,20.71,20.28,21.59,22.14,21.56,1.81,6.38,21.61,7.99,1594.82
4291,19.86,20.94,19.57,21.42,22.53,20.01,2.9,4.44,19.72,11.31,2134.67
4292,18.02,21.23,19.52,22.82,21.18,19.88,1.88,1.11,17.99,8.15,1324.48
4293,20.39,21.68,21.51,22.55,20.99,21.33,1.68,-3.15,20.48,4.2,1966.2
4294,20.84,21.13,20.37,22.29,20.5,20.41,1.06,0.44,18.34,6.93,2014.59
4295,20.35,19.88,20.76,21.99,21.8,19.29,2.05,-9.38,23.33,5.69,1911.73
4296,20.55,20.02,20.01,18.32,21.89,20.9,2.75,1.57,22.51,8.51,1460.22
4297,17.25,21.15,20.73,21.42,22.18,18.07,1.67,3.87,19.62,7.56,1381.29
4298,19.91,20.79,19.64,24.97,20.3,21.01,0.94,0.57,21.02,6.15,2273.89
4299,20.05,20.05,19.97,20.79,21.58,18.06,2.81,0.25,19.91,7.24,1169.81
4300,17.91,20.84,18.79,20.92,19.37,20.35,2.84,-4.24,23.34,6.04,1027.69
4301,19.55,19.61,20.76,22.01,22.51,22.04,2.47,-1.12,17.1,2.21,1717.35
4302,19.23,22.6,20.31,20.36,21.58,19.11,2.08,-7.68,20.48,1.18,644.41
4303,20.63,21.44,21.48,22.12,23.03,19.94,2.34,-3.82,18.26,9.62,1816.74
4304,20.16,19.88,19.64,21.51,19.68,19.39,0.76,14.45,20.95,10.08,3176.63
4305,19.26,19.5,21.52,21.63,20.91,20.1,1.53,0.62,16.64,7.56,1872.05
4306,20.37,22.42,20.04,23.07,21.82,20.77,2.54,3.4,20.76,9.83,2504.84
4307,18.66,21.33,19.95,23.26,22.21,20.35,2.27,-0.18,24.38,12.15,2142.63
4308,20.26,19.72,19.87,22.86,21.26,19.47,2.72,0.46,19.02,5.65,2074.12
4309,18.81,21.58,20.96,23.13,20.51,18.98,3.23,0.94,17.27,4.8,886.15
4310,20.12,21.92,20.0,21.08,21.97,20.71,1.01,-1.69,21.46,9.21,1475.37
4311,19.72,21.39,18.2,22.16,19.99,18.17,2.39,4.15,19.46,11.19,2084.04
4312,20.7,22.74,20.57,22.85,20.0,19.99,1.79,-5.01,22.07,4.98,2031.65
4313,18.49,20.36,21.91,22.0,20.61,18.37,1.64,-10.38,22.42,11.42,1947.96
4314,19.96,20.81,20.78,22.32,21.38,19.17,3.98,1.38,22.27,5.87,1079.41
4315,19.91,20.6,19.9,21.04,20.86,18.81,0.74,7.83,20.03,7.67,1593.64
4316,20.05,22.16,20.0,22.11,20.72,18.44,1.85,-4.54,24.1,5.91,1010.5
4317,19.96,21.38,20.28,21.54,20.61,20.38,1.81,5.49,21.75,7.75,1515.03
4318,21.45,21.18,20.74,24.31,21.62,20.77,2.04,4.71,18.68,3.85,2253.25
4319,19.22,21.39,20.06,22.27,22.89,20.91,0.42,10.92,18.82,10.09,2160.25
4320,18.22,22.37,18.88,20.26,21.27,19.8,1.22,13.05,22.88,2.09,1342.4
4321,20.07,22.44,21.78,23.54,22.78,21.57,2.04,4.06,21.47,4.2,2500.91
4322,19.93,20.39,19.63,21.37,20.68,19.68,0.88,-0.84,18.69,10.89,1785.65
4323,20.08,22.02,22.02,20.94,20.83,19.32,2.76,-11.31,19.38,13.79,2529.33
4324,18.72,20.74,19.25,21.75,22.77,20.5,2.46,6.84,19.96,5.42,1263.5
4325,19.6,19.85,21.16,19.99,22.33,21.62,0.73,7.92,21.8,11.6,2370.38
4326,20.66,19.51,20.09,21.15,20.9,19.3,1.82,-1.8,19.64,10.88,2096.45
4327,19.22,22.65,21.1,23.66,21.95,19.67,2.3,2.46,22.91,8.22,1456.46
4328,19.42,19.86,21.1,23.01,21.28,20.76,0.9,-7.19,20.83,5.56,1775.47
4329,20.8,20.86,21.26,21.15,19.08,19.83,0.74,-4.19,23.02,11.21,2286.9
4330,18.99,20.51,21.11,21.56,21.72,18.98,1.23,-9.25,17.91,6.44,1008.84
4331,18.32,23.62,18.59,21.84,21.55,20.77,4.15,1.88,23.34,8.4,1477.48
4332,19.44,20.2,17.75,18.99,21.16,20.25,2.88,-2.8,22.58,0.51,659.51
4333,19.75,21.39,19.21,22.11,21.55,19.87,1.51,8.75,20.24,5.79,1396.17
4334,19.55,20.31,20.45,23.14,23.03,21.63,0.94,1.64,19.06,5.17,2120.78
4335,19.1,20.6,20.97,21.87,19.51,19.62,1.34,2.47,22.88,7.38,1314.76
4336,19.15,22.09,20.16,21.03,21.52,21.21,3.22,0.08,19.19,6.06,1000.8
4337,18.96,21.26,21.12,21.56,21.3,20.13,3.63,11.06,20.07,5.48,1495.8
4338,20.81,20.78,20.78,22.32,20.03,19.67,1.35,10.17,21.13,6.99,2881.07
4339,21.26,19.97,20.02,21.28,19.74,18.47,2.25,-1.2,17.93,4.68,1840.79
4340,22.27,21.96,20.93,21.73,21.78,20.74,1.79,2.09,19.72,2.03,2161.87
4341,19.45,19.75,20.23,20.17,21.6,21.61,3.02,9.9,18.32,5.66,1433.85
4342,20.51,23.07,22.07,23.9,21.89,18.83,1.12,-8.23,17.19,6.32,1367.07
4343,19.51,22.88,20.45,20.44,20.41,19.68,2.78,2.11,24.74,9.25,1635.69
4344,20.89,21.42,21.82,20.85,21.54,20.92,0.93,-2.45,18.81,6.38,1876.19
4345,22.64,22.06,19.72,22.96,20.09,20.17,2.76,10.31,21.38,8.17,2952.48
4346,20.47,21.19,21.24,22.6,22.79,21.24,1.32,3.71,24.77,4.83,2814.9
4347,18.24,21.19,20.25,21.2,21.29,19.53,1.75,-12.16,18.85,6.95,1092.63
4348,22.48,20.96,19.4,21.46,22.0,20.35,1.48,-2.91,17.71,1.81,1652.5
4349,20.73,22.04,20.72,21.46,20.81,20.12,3.57,9.83,23.96,5.12,1431.11
4350,19.49,21.43,21.06,22.38,20.36,20.71,2.8,6.24,18.3,-1.17,2212.09
4351,20.75,19.82,18.37,21.7,20.95,21.95,1.67,-7.3,19.28,3.43,1577.8
4352,19.49,20.19,20.36,20.53,21.75,20.23,1.34,-6.85,18.97,3.18,709.3
4353,17.94,19.36,20.35,23.66,23.01,21.0,3.05,0.55,20.4,8.85,2285.4
4354,19.61,20.6,21.27,20.16,22.44,20.97,-0.72,-0.38,16.74,8.06,1210.67
4355,19.67,22.39,21.97,21.66,22.55,19.67,2.38,-1.8,21.37,10.2,1681.86
4356,20.66,21.26,21.27,22.55,22.54,20.87,1.23,-2.82,21.04,3.04,2014.81
4357,21.55,20.65,18.84,20.69,19.39,21.5,3.8,-4.12,21.9,9.46,2175.58
4358,20.82,21.25,20.87,23.52,20.06,20.5,4.18,15.79,21.86,5.27,3285.29
4359,22.28,20.92,20.4,22.19,21.97,20.85,2.02,-2.56,21.02,12.38,2220.6
4360,21.48,23.02,20.57,19.23,20.61,19.5,1.71,-4.61,19.48,6.46,1034.63
4361,20.31,22.14,21.96,22.19,20.98,19.41,2.05,3.54,20.2,11.82,2494.46
4362,20.5,21.95,19.7,22.97,20.83,20.44,1.5,-0.71,18.82,15.63,2173.26
4363,20.17,22.97,21.59,20.2,19.81,20.0,1.36,-6.45,20.48,8.27,1310.45
4364,19.01,21.04,19.43,21.39,21.99,21.14,2.19,-1.75,18.56,12.35,2135.16
4365,19.48,21.35,20.1,21.09,20.89,20.09,2.5,-0.42,20.36,6.01,995.86
4366,19.92,22.26,20.45,21.85,20.85,18.74,2.11,3.01,19.22,10.93,1966.38
4367,20.57,21.81,19.07,22.72,19.31,20.29,2.23,2.19,18.51,6.81,2145.02
4368,20.37,20.34,19.7,20.15,20.54,19.9,1.49,-7.11,22.31,8.7,1398.34
4369,20.84,21.5,20.22,23.89,21.73,19.07,1.25,4.26,21.74,8.51,2616.62
4370,19.75,20.53,19.17,20.36,19.93,17.96,1.25,6.24,20.2,6.47,1349.69
4371,17.85,19.4,20.72,22.42,22.96,20.73,2.62,-7.53,16.87,2.55,661.36
4372,19.59,20.35,20.84,22.29,22.91,21.38,2.06,-5.44,18.4,2.93,1597.35
4373,19.98,22.46,19.07,21.35,22.14,20.77,2.16,-1.23,19.93,10.48,1723.12
4374,18.58,20.58,21.17,23.0,21.39,22.23,2.27,1.54,21.06,7.56,2377.61
4375,21.6,22.68,21.43,22.2,21.79,19.65,1.95,1.8,21.09,9.92,2441.24
4376,20.46,21.09,22.04,23.04,22.78,23.0,2.09,-0.3,20.56,5.5,2173.07
4377,19.54,21.36,20.61,20.48,21.9,18.02,3.04,-10.02,20.15,5.96,990.66
4378,20.01,22.1,20.48,20.46,20.24,20.79,2.62,7.08,19.66,5.93,1333.71
4379,20.08,23.77,21.2,20.16,21.23,20.42,1.86,-6.94,18.86,1.99,652.03
4380,19.35,22.49,21.12,21.72,20.28,20.62,1.62,9.45,23.7,5.96,1482.6
4381,20.12,20.91,19.77,20.92,23.7,21.51,2.82,8.17,22.27,6.06,1429.81
4382,19.64,21.11,19.65,22.76,21.05,19.62,2.27,-7.79,21.29,6.97,1125.53
4383,21.02,21.19,21.49,22.98,20.32,19.75,1.75,2.47,17.93,6.25,2089.47
4384,20.19,21.37,20.43,20.28,21.66,20.02,0.97,9.53,17.85,11.09,2297.83
4385,20.18,22.0,21.18,21.87,22.6,22.09,3.36,4.12,20.02,5.26,2391.28
4386,18.07,21.74,21.56,22.78,20.78,19.09,1.1,-11.88,19.08,9.51,1514.26
4387,20.21,20.66,20.12,24.05,21.05,21.41,2.23,-0.26,17.92,7.9,1961.39
4388,20.33,22.15,19.77,22.21,22.3,19.44,3.46,5.84,20.3,7.09,1438.54
4389,19.75,21.21,22.48,19.26,20.86,20.22,1.73,11.77,16.64,9.25,2030.53
4390,20.56,21.18,21.01,22.24,21.32,19.05,1.96,-0.95,19.9,5.99,2077.2
4391,18.57,20.72,22.15,23.26,22.34,20.31,2.68,-11.66,21.14,5.43,1555.06
4392,19.99,21.61,20.52,21.66,21.61,19.13,1.05,15.32,21.07,5.92,1744.05
4393,19.47,20.65,20.58,22.56,22.59,20.9,0.66,-0.86,16.77,7.62,1788.26
4394,20.1,20.25,20.13,22.42,21.67,21.46,1.71,10.11,16.69,1.5,2326.88
4395,20.64,22.7,19.34,22.02,21.35,19.97,2.06,-1.81,19.66,6.5,1046.49
4396,19.56,23.08,20.67,22.1,21.48,20.89,2.06,3.85,18.86,9.08,1632.93
4397,18.64,21.09,21.74,22.92,21.23,18.7,3.13,-4.8,17.78,6.93,1093.26
4398,19.59,20.99,19.8,21.59,20.33,21.81,1.24,-4.66,16.2,7.35,1505.71
4399,20.64,22.25,19.72,22.41,22.33,21.25,1.89,12.67,18.39,8.38,1942.7
4400,19.57,21.94,20.05,21.35,20.67,20.15,3.21,6.58,19.88,7.26,1490.7
4401,19.66,19.64,19.75,22.84,22.64,20.41,1.78,-0.2,19.62,2.13,2015.24
4402,19.06,21.34,20.52,22.63,20.59,22.34,3.59,6.54,17.81,11.37,2443.16
4403,20.55,20.69,20.76,21.76,22.83,22.13,1.81,-4.75,18.17,14.84,1851.43
4404,20.48,21.57,20.72,22.61,23.48,20.73,1.44,0.01,19.41,11.57,2194.42
4405,19.89,20.84,21.58,21.77,19.91,18.56,1.97,0.72,18.49,6.36,1050.69
4406,19.77,21.97,20.01,22.88,22.8,20.39,2.21,-5.31,20.74,4.34,823.35
4407,18.28,20.82,19.99,22.3,21.17,21.04,1.67,-6.23,21.24,11.54,1969.41
4408,20.87,21.14,19.59,21.6,21.62,18.02,2.32,-13.22,21.02,7.43,1189.9
4409,20.32,21.98,21.33,22.66,20.9,20.96,1.88,-6.77,18.0,9.79,1612.38
4410,19.61,20.07,21.93,23.51,22.0,21.62,3.02,12.8,20.77,4.02,2959.71
4411,17.87,20.11,19.31,21.91,21.23,20.3,2.41,-12.44,20.82,8.53,1366.02
4412,20.84,21.5,21.27,23.78,21.86,21.79,2.01,-0.24,23.3,8.16,2503.52
4413,21.0,19.93,20.22,23.75,22.25,20.72,1.75,1.07,24.47,11.15,2755.95
4414,20.37,19.61,20.48,24.23,23.22,21.14,2.64,-1.75,22.74,9.45,2389.84
4415,18.97,19.6,19.54,21.85,19.22,20.59,2.02,6.12,19.19,7.5,2462.07
4416,21.19,20.68,21.7,24.0,22.51,20.69,1.64,-1.93,18.59,12.68,2019.03
4417,20.16,21.41,22.21,22.57,20.98,21.81,1.42,6.67,19.69,6.19,2512.13
4418,21.03,21.15,21.15,20.62,20.52,21.16,2.56,3.84,18.97,11.6,2389.62
4419,21.54,19.9,21.58,22.19,21.87,21.43,1.62,-9.47,24.76,8.7,2102.48
4420,21.5,22.21,21.31,22.0,21.23,22.17,1.76,8.13,22.1,9.23,2904.65
4421,19.23,21.52,20.44,22.62,21.61,19.92,2.44,-2.2,21.38,15.92,3175.98
4422,19.55,20.05,19.97,21.88,21.61,20.45,2.86,-12.54,21.77,0.58,653.23
4423,19.69,20.77,19.11,20.07,20.0,19.11,2.48,3.3,23.04,2.83,903.71
4424,20.29,19.73,19.0,21.14,19.05,19.68,2.68,-2.01,21.37,10.52,2257.22
4425,20.54,20.51,20.39,23.7,20.5,20.71,2.57,11.4,19.71,9.75,2878.11
4426,21.23,20.94,19.62,21.99,23.91,19.79,2.01,7.67,21.63,7.38,1569.18
4427,18.2,20.66,19.35,20.82,22.03,22.2,2.32,-6.32,21.61,10.36,1715.48
4428,19.04,21.46,18.73,20.22,21.49,19.87,3.46,6.64,17.96,3.65,1082.93
4429,19.82,20.12,19.9,21.85,19.53,20.35,1.84,-4.87,25.54,12.87,2542.84
4430,19.96,21.76,19.6,22.21,19.95,18.72,1.13,-11.6,18.89,11.16,1851.46
4431,21.89,20.94,22.55,23.14,20.51,20.76,-0.02,-4.3,23.44,12.06,2331.24
4432,20.43,22.08,20.47,20.54,20.65,20.18,3.55,-9.3,19.77,2.28,690.91
4433,17.34,21.37,19.97,21.25,20.28,20.8,3.58,-0.1,22.55,10.2,1708.09
4434,21.19,23.06,22.68,21.62,21.64,19.87,1.21,13.51,20.19,7.0,2987.13
4435,19.08,22.02,20.53,21.18,22.12,19.46,3.03,0.55,17.39,14.16,2639.89
4436,19.26,21.64,19.78,21.18,21.86,21.64,2.83,3.23,22.35,7.78,1423.85
4437,21.5,20.25,20.89,22.44,22.91,20.58,2.51,-7.02,23.27,4.34,2022.44
4438,20.31,20.96,21.58,23.7,21.26,20.69,2.4,-3.78,20.07,8.75,1983.15
4439,18.72,21.28,19.86,19.95,21.88,19.78,1.4,3.82,21.88,1.92,864.67
4440,20.04,20.31,22.13,23.52,21.74,20.87,2.1,-0.48,18.74,10.17,2075.16
4441,21.01,19.59,19.56,22.77,21.34,20.15,2.28,-5.05,20.21,5.72,1861.18
4442,19.99,20.5,22.12,22.62,23.64,20.54,2.06,7.02,22.44,6.46,2818.72
4443,20.06,20.0,19.5,21.9,22.41,20.32,1.96,0.98,20.87,7.75,1283.08
4444,18.52,20.95,18.79,21.23,21.59,20.2,3.04,14.39,21.14,6.06,1731.43
4445,18.91,20.57,19.68,21.85,19.45,20.29,2.81,4.62,22.26,11.88,2295.79
4446,21.31,21.9,19.78,21.51,21.55,20.62,2.7,-7.94,23.78,6.15,2057.53
4447,21.12,20.68,20.65,21.73,20.67,19.49,2.75,0.81,22.49,8.55,2499.56
4448,19.49,20.17,18.63,21.32,20.98,21.03,2.18,-8.43,20.76,8.68,1385.05
4449,21.94,20.06,20.66,21.97,20.72,20.49,2.93,14.03,20.06,7.13,3024.97
4450,17.55,19.83,20.31,22.16,22.32,21.98,1.04,-6.92,20.48,4.63,834.3
4451,18.18,20.36,19.44,21.68,22.02,18.87,2.06,7.8,17.67,0.16,990.63
4452,19.8,18.61,21.51,21.88,21.32,18.76,2.57,6.68,20.63,10.32,2702.45
4453,20.96,20.37,18.79,18.61,20.59,19.19,2.43,-4.78,17.91,3.89,760.05
4454,20.66,23.06,19.52,23.44,20.66,19.64,2.3,2.3,19.35,13.03,2435.46
4455,20.38,21.09,20.93,20.59,20.03,19.44,2.74,1.79,21.65,5.14,1002.54
4456,19.96,21.45,20.57,21.13,21.4,19.92,3.15,5.83,19.31,10.81,2089.93
4457,19.48,20.53,20.97,22.0,21.02,19.12,1.15,1.24,23.12,7.39,1253.14
4458,20.63,23.79,20.83,22.82,20.62,20.15,2.24,-4.68,20.0,11.75,2007.25
4459,19.53,20.72,19.87,22.24,21.47,21.76,1.42,3.93,22.66,8.14,2683.09
4460,19.44,21.45,20.01,22.74,21.63,19.48,2.86,3.95,19.54,8.44,1539.77
4461,20.4,20.85,20.84,22.65,22.87,19.33,2.58,-6.52,19.87,3.53,1698.98
4462,19.8,22.34,21.51,24.08,22.23,19.02,1.22,-16.14,22.54,9.28,1489.75
4463,22.54,21.51,21.53,24.89,23.96,21.22,1.99,4.14,19.73,9.79,2443.1
4464,20.62,21.82,21.0,22.43,22.33,21.01,0.8,2.61,20.85,7.52,2405.36
4465,20.57,20.94,21.06,19.01,20.46,20.55,2.76,3.02,19.25,10.3,1836.83
4466,21.63,22.58,20.85,21.59,21.42,21.99,1.57,9.23,15.97,8.23,2336.42
4467,19.92,21.2,20.8,20.85,20.85,20.31,1.1,6.13,18.92,10.64,2044.81
4468,19.26,20.45,21.08,21.71,21.72,20.13,1.72,9.05,23.25,7.36,1645.2
4469,19.04,18.45,20.95,21.63,20.18,18.68,2.47,5.48,20.77,10.33,2641.87
4470,20.1,22.73,20.87,24.21,20.99,19.78,2.23,1.01,21.96,7.79,2439.95
4471,20.94,20.51,19.38,21.22,21.31,19.25,1.61,-8.61,22.04,13.17,2376.63
4472,18.99,22.26,21.44,21.3,21.77,21.53,1.92,10.79,21.71,5.99,1539.21
4473,19.28,19.96,19.02,19.9,21.09,19.61,1.77,-1.47,23.56,6.72,1109.54
4474,18.89,19.44,20.07,23.54,23.39,21.54,1.25,-4.24,19.46,5.01,1808.26
4475,19.51,20.09,17.52,22.19,23.23,19.94,0.51,4.46,23.3,5.84,1204.82
4476,21.96,21.77,21.69,22.93,22.26,19.38,1.99,-12.85,21.48,5.45,1510.68
4477,19.26,21.03,21.8,24.52,22.87,21.42,2.47,-5.17,21.0,13.18,2083.33
4478,19.66,21.29,20.35,22.55,21.2,21.11,1.99,-4.4,16.35,13.28,1661.42
4479,19.34,20.3,20.55,20.72,20.72,18.58,3.64,-4.6,20.91,6.64,1091.54
4480,18.1,18.88,19.13,20.19,19.84,19.95,1.52,13.55,22.02,11.27,2587.22
4481,20.63,20.82,20.33,20.84,21.83,21.32,1.97,-0.58,20.56,6.52,2175.48
4482,19.66,22.55,20.69,21.57,21.38,19.73,2.39,-4.47,22.76,8.3,1342.26
4483,18.24,20.83,20.7,23.38,21.3,20.6,2.35,-0.34,22.86,11.61,2004.04
4484,21.53,21.74,20.34,19.19,18.88,19.22,1.8,5.98,19.53,6.3,1314.31
4485,20.63,20.01,20.47,19.94,21.84,20.73,1.96,-13.34,20.31,4.0,789.59
4486,21.95,21.15,19.63,20.84,20.69,18.73,1.93,0.8,19.56,8.41,1368.09
4487,19.7,21.11,19.91,23.0,23.07,20.28,2.55,-3.17,19.26,4.58,830.81
4488,20.72,21.91,18.57,22.02,22.3,21.0,1.44,1.89,20.29,7.11,1222.58
4489,19.14,21.78,19.92,25.13,20.45,17.56,0.05,-8.02,20.56,7.98,1246.61
4490,20.82,22.26,20.14,23.78,19.94,21.36,1.73,-1.26,16.3,9.04,1755.68
4491,16.59,21.06,19.38,17.88,20.0,19.82,3.35,-0.96,20.01,9.08,1463.18
4492,19.93,20.82,19.62,22.88,21.8,19.52,2.64,-8.89,20.92,7.92,1268.33
4493,18.93,22.33,20.31,22.92,21.88,22.14,0.75,13.05,20.35,9.58,2186.44
4494,20.86,23.36,21.65,21.81,20.68,20.88,2.54,2.9,19.94,11.69,2432.05
4495,20.01,20.42,21.43,23.57,21.23,19.7,2.17,6.45,18.15,9.56,2419.42
4496,19.36,18.03,19.83,22.37,21.82,19.65,1.7,-2.48,17.63,10.17,1842.07
4497,21.92,21.67,21.59,20.84,21.29,20.0,1.14,1.5,19.04,4.33,2096.59
4498,19.57,19.99,20.02,22.02,20.13,19.49,1.35,-8.41,16.76,7.69,1342.25
4499,19.46,22.1,22.24,25.8,22.15,20.52,1.55,-4.48,20.0,8.26,1918.27
4500,20.66,22.41,21.33,22.68,22.23,21.79,3.47,-6.29,18.46,13.99,1787.48
4501,21.06,22.07,19.79,19.08,21.74,19.38,2.51,2.08,20.49,0.43,740.46
4502,19.17,22.04,20.4,21.5,20.8,18.95,1.43,11.95,18.99,9.67,2142.65
4503,21.01,21.62,20.5,20.76,22.44,18.83,1.57,6.32,16.54,8.67,1649.5
4504,18.04,19.91,21.87,22.19,22.28,18.88,1.97,12.68,18.21,9.22,2091.85
4505,20.52,21.79,20.08,22.08,21.74,22.63,1.65,5.56,20.46,2.93,2460.77
4506,19.15,20.39,21.6,22.22,22.46,19.79,2.01,2.94,21.71,7.6,1367.87
4507,20.13,20.79,20.51,21.55,20.65,21.15,1.88,-6.46,19.54,12.64,1845.0
4508,20.36,23.67,20.51,24.72,23.45,20.48,2.08,2.26,20.6,3.56,2292.31
4509,21.76,19.66,19.92,19.57,21.92,22.48,0.4,-3.32,19.72,9.16,1966.36
4510,19.9,22.64,20.65,20.84,19.05,19.25,2.64,5.82,19.66,5.26,1196.06
4511,20.14,23.13,21.68,22.97,22.68,19.71,1.55,-9.51,18.52,12.04,2054.57
4512,20.0,21.5,19.77,20.57,21.92,19.7,2.73,-0.76,20.02,9.52,1540.46
4513,19.73,22.81,19.76,20.38,21.05,19.83,3.76,0.12,18.89,8.43,1347.56
4514,19.79,22.59,20.83,23.93,20.38,19.99,0.84,12.51,23.05,4.78,3162.91
4515,21.82,21.66,20.21,22.78,21.59,20.13,2.08,-7.16,18.77,6.57,1603.33
4516,20.09,19.8,19.56,21.31,21.56,22.45,1.66,8.18,20.44,5.92,2673.95
4517,19.84,22.93,19.34,20.2,22.5,19.74,2.32,5.76,18.05,4.38,1089.6
4518,20.07,22.25,20.99,22.59,21.1,20.4,0.31,-1.79,19.69,6.55,1997.88
4519,18.9,22.24,22.67,21.98,22.95,19.92,1.71,2.87,18.16,1.16,759.35
4520,20.38,18.8,19.45,22.57,20.94,20.72,1.35,-1.75,18.97,9.18,1994.91
4521,20.79,22.02,20.12,21.79,21.88,19.41,3.3,0.1,22.14,5.76,994.9
4522,20.19,19.8,22.43,21.06,21.88,18.07,3.49,5.27,19.99,4.89,1141.94
4523,20.79,20.03,18.98,22.35,21.55,19.93,1.77,17.81,21.82,2.7,3326.67
4524,19.64,20.84,20.2,22.21,20.69,19.88,1.08,6.75,19.67,8.26,1633.59
4525,20.48,19.48,22.7,22.43,21.52,19.78,1.33,1.73,21.62,12.79,2539.26
4526,21.01,21.28,20.14,23.97,23.38,20.16,2.03,9.97,21.8,6.1,2923.77
4527,21.06,20.99,20.66,20.57,22.57,20.5,0.88,-9.94,21.57,11.12,1866.02
4528,19.38,21.42,19.2,22.82,21.52,19.16,2.42,-2.83,22.09,8.74,1413.2
4529,19.83,22.5,21.58,22.03,20.79,20.95,1.84,0.47,21.09,6.52,2290.37
4530,21.24,21.01,20.88,22.49,21.32,20.47,2.29,-7.27,19.24,12.84,1773.31
4531,18.95,18.82,22.56,22.23,20.95,20.89,2.32,-3.79,17.43,1.82,1580.64
4532,18.63,23.73,20.22,22.89,21.02,17.67,3.1,-11.59,18.61,7.43,1174.79
4533,21.33,22.2,22.42,21.46,21.5,19.18,2.51,-8.95,20.89,5.94,1702.0
4534,22.0,22.97,20.1,20.62,23.06,19.06,2.23,-1.72,22.45,7.95,1281.26
4535,21.51,22.38,21.31,22.17,21.82,21.93,2.2,-6.58,21.09,3.53,1811.4
4536,20.14,19.67,20.17,20.78,22.75,20.98,0.42,2.95,19.47,9.42,1636.69
4537,21.35,21.83,21.81,21.26,21.25,20.24,2.14,1.87,19.25,2.12,2105.28
4538,20.39,22.69,21.33,21.99,21.86,21.19,2.49,2.5,20.16,8.93,2374.18
4539,21.7,21.34,20.51,19.4,20.45,20.33,1.9,-3.53,21.34,5.49,938.51
4540,20.27,20.89,19.28,21.87,20.33,20.27,3.33,7.58,20.16,8.39,2674.68
4541,20.66,20.83,21.15,22.36,21.41,21.73,0.81,3.51,19.11,4.88,2230.5
4542,19.73,20.46,19.43,20.79,19.68,21.83,1.41,1.57,18.45,4.44,2048.43
4543,19.27,20.89,19.98,21.16,20.35,19.39,1.49,1.63,18.7,11.76,2070.54
4544,18.64,20.3,19.9,21.73,20.08,19.97,2.01,-1.45,18.74,12.11,2078.78
4545,19.9,20.86,21.23,21.93,19.72,18.83,1.48,9.23,19.96,3.57,2638.71
4546,19.26,20.57,19.82,21.09,22.14,20.31,1.01,7.99,18.52,7.48,1556.6
4547,21.56,22.0,21.09,22.24,19.59,20.21,1.72,-2.56,18.99,9.32,1954.88
4548,19.92,21.85,20.07,23.62,22.12,19.38,2.81,1.15,21.51,6.8,1170.01
4549,19.54,20.51,20.35,23.85,21.74,19.6,2.6,-2.78,21.3,6.9,2133.47
4550,21.04,21.46,21.99,23.34,21.88,20.15,1.44,17.26,23.8,9.17,3617.7
4551,20.87,21.9,21.32,21.71,22.34,19.48,1.7,-1.79,20.78,8.64,1375.4
4552,20.14,22.49,20.81,19.68,20.98,20.12,1.38,8.37,17.45,5.65,1330.06
4553,20.48,21.64,20.66,23.05,21.17,19.12,0.99,18.75,17.22,8.58,3031.92
4554,19.45,23.23,20.26,22.89,20.23,17.38,2.34,2.22,20.34,6.21,1128.88
4555,20.87,21.68,20.32,21.25,20.46,19.64,0.98,-12.19,19.99,5.93,966.33
4556,20.66,20.73,20.36,20.83,21.22,21.06,2.53,10.57,19.59,4.79,2720.98
4557,19.64,20.05,19.12,21.19,23.22,18.89,3.45,-3.58,17.85,4.8,847.62
4558,19.65,21.04,21.46,23.33,20.62,19.69,2.3,-4.81,18.24,7.78,1719.25
4559,18.58,21.38,19.03,22.62,20.38,18.37,2.5,12.45,22.37,2.41,1333.57
4560,19.64,21.01,19.05,21.27,21.58,20.34,2.48,-9.11,22.24,2.33,704.79
4561,19.96,20.4,21.54,24.45,22.21,21.2,1.61,10.04,20.62,6.5,2816.5
4562,22.24,21.05,21.54,22.87,21.29,19.77,2.3,-1.57,21.38,7.01,2211.07
4563,19.84,21.64,20.63,21.19,21.0,19.12,2.25,-12.97,17.91,3.85,755.2
4564,21.75,21.9,21.62,21.15,24.31,21.1,1.5,6.19,20.73,12.25,2709.16
4565,20.16,19.85,20.98,21.82,21.72,19.79,-0.01,-15.76,18.82,4.76,1037.48
4566,20.39,22.08,19.26,20.58,20.05,18.9,1.16,-0.32,22.75,5.04,897.03
4567,19.8,20.58,21.27,23.46,23.0,19.14,1.25,-11.44,21.08,4.79,1534.96
4568,19.91,20.86,20.91,21.25,22.02,21.42,2.4,-2.3,17.21,9.85,1569.9
4569,20.4,22.52,23.38,22.42,20.33,19.66,0.82,4.88,17.78,12.09,2324.77
4570,17.91,19.96,20.5,22.71,23.7,20.61,3.5,2.96,19.92,4.1,956.29
4571,22.91,22.43,19.71,21.98,20.98,19.4,3.3,1.46,18.34,9.52,2148.34
4572,20.69,20.12,21.41,24.47,21.56,21.48,2.84,7.06,22.46,7.8,2857.92
4573,20.19,22.44,18.7,21.11,21.94,20.25,1.59,-0.0,16.69,4.71,806.73
4574,21.08,20.69,19.96,19.59,21.76,19.59,0.34,-1.51,19.95,7.79,1212.57
4575,20.15,18.81,21.24,23.28,21.8,20.33,2.67,2.0,17.14,3.04,1926.53
4576,22.2,21.25,21.0,21.58,21.98,21.82,1.4,-4.63,19.34,6.25,1802.28
4577,20.68,21.95,20.28,20.3,21.72,18.94,2.63,6.04,17.74,4.0,1068.29
4578,20.66,21.38,21.11,22.94,21.16,20.68,2.48,0.49,19.95,5.99,2173.88
4579,20.09,20.58,20.84,22.3,21.6,22.3,1.65,5.01,18.33,7.21,2298.26
4580,20.39,20.92,20.28,22.38,22.51,20.31,1.02,-1.24,18.74,11.48,2045.62
4581,20.41,21.23,21.59,20.61,22.72,20.9,2.15,3.49,22.34,7.16,1335.74
4582,21.92,21.68,21.06,20.98,21.18,20.47,0.74,4.66,19.21,4.01,2292.54
4583,21.27,19.45,19.93,22.69,21.99,20.59,2.22,-14.14,15.27,7.05,847.25
4584,19.35,20.35,19.83,21.67,21.07,20.46,2.38,-10.23,19.75,0.78,632.18
4585,19.12,20.92,22.31,23.96,21.15,20.38,1.47,-3.91,23.14,9.57,2288.93
4586,19.99,20.47,18.64,21.76,20.73,18.56,0.8,-0.92,20.82,4.57,829.98
4587,20.37,20.34,20.56,22.63,20.87,18.39,3.3,8.93,22.03,12.7,3030.31
4588,18.48,18.96,18.29,21.05,22.82,20.81,1.57,3.18,18.9,9.74,1715.72
4589,19.74,22.42,19.53,20.71,22.01,20.93,1.83,3.66,21.41,7.32,1354.42
4590,19.15,20.66,18.69,20.68,22.75,20.31,2.87,10.79,19.19,6.11,1537.95
4591,20.18,19.33,21.56,21.49,21.07,19.37,1.55,9.63,20.74,5.71,2786.05
4592,20.76,21.73,20.46,21.27,21.17,19.91,1.39,-7.06,22.58,5.91,990.82
4593,20.11,21.3,20.84,22.83,23.12,22.81,3.61,8.63,18.04,6.98,2503.2
4594,18.98,21.91,20.83,23.14,19.89,18.37,1.41,0.73,16.78,5.79,955.09
4595,19.71,21.4,19.33,21.79,21.55,20.6,2.97,-3.61,19.26,8.67,1379.24
4596,21.38,20.46,20.91,23.27,22.61,20.74,2.12,-2.05,20.76,11.41,2206.05
4597,18.75,21.25,20.13,21.05,20.33,20.28,2.11,-4.38,23.68,7.31,1193.82
4598,20.69,20.18,20.95,23.28,20.44,19.74,1.59,0.99,20.26,10.32,2312.2
4599,18.95,22.16,21.29,23.21,22.65,19.09,1.84,-0.58,21.38,3.03,728.27
4600,18.68,20.8,21.99,21.69,20.86,20.14,3.43,8.65,18.75,8.07,1710.62
4601,19.76,21.32,20.39,21.13,22.12,20.36,2.68,13.53,18.81,7.26,1822.57
4602,19.23,19.8,21.5,22.77,24.38,21.66,0.91,-2.84,20.79,2.82,1980.25
4603,19.95,20.83,20.17,22.31,21.09,20.02,1.21,-9.07,23.54,6.23,1950.58
4604,19.96,20.87,18.81,24.43,21.73,21.55,2.31,4.67,20.13,9.57,2512.57
4605,19.16,23.4,18.39,22.34,20.82,18.65,2.51,6.59,20.63,-1.07,977.95
4606,19.54,20.26,21.75,24.92,20.5,18.44,2.61,2.66,18.76,6.4,2196.01
4607,19.78,21.53,20.44,21.4,19.91,19.11,1.94,-10.77,18.98,5.64,932.44
4608,20.98,19.87,20.81,23.28,23.25,19.35,1.32,-5.55,22.47,7.81,2089.16
4609,17.85,21.56,21.26,22.4,22.74,20.8,1.35,1.03,17.36,9.72,1585.37
4610,21.6,21.31,21.15,24.56,21.16,20.75,0.16,-4.31,18.61,9.1,1790.43
4611,18.31,18.75,20.42,22.94,21.87,20.86,3.31,-6.98,19.61,9.92,1778.98
4612,18.82,20.41,19.35,22.48,20.49,20.29,-0.1,15.01,20.31,10.54,2468.71
4613,19.09,21.08,19.86,20.32,21.11,20.13,1.81,-7.0,19.91,5.91,970.98
4614,20.42,22.19,19.41,22.22,21.06,20.27,0.58,8.45,21.74,-0.28,1050.27
4615,21.56,19.63,21.28,23.19,21.08,20.14,1.53,2.89,26.99,9.02,3072.21
4616,18.51,22.18,19.33,20.14,21.22,20.29,2.46,4.26,18.07,3.98,979.19
4617,20.24,21.4,21.4,23.4,21.04,19.13,0.17,7.97,20.64,7.85,2704.93
4618,19.64,20.45,20.87,21.69,22.43,19.56,2.28,-4.82,18.78,2.75,692.65
4619,19.94,21.1,21.22,21.81,22.2,20.99,2.7,-2.1,22.04,4.78,2205.21
4620,20.03,20.99,21.38,22.86,20.29,19.52,1.67,3.31,24.15,8.74,2809.23
4621,19.87,21.8,20.26,24.13,22.38,22.22,4.19,-12.94,19.97,5.67,1381.63
4622,21.28,20.17,22.64,23.19,21.67,21.09,0.2,11.55,22.21,1.99,2960.32
4623,18.11,20.05,19.32,22.15,21.46,19.99,0.63,0.81,18.23,2.94,719.19
4624,19.21,21.78,21.92,21.26,21.42,20.65,1.76,-6.59,22.8,10.38,1726.81
4625,17.76,19.9,20.98,24.61,20.78,19.45,1.77,7.66,23.87,5.94,2986.72
4626,19.46,21.92,20.15,21.61,20.15,19.79,2.09,0.64,19.82,6.01,1016.01
4627,19.25,21.35,20.69,20.59,22.82,20.85,2.74,-5.05,21.48,5.17,915.0
4628,20.34,22.08,20.67,22.61,20.1,19.33,1.0,6.62,17.73,2.44,2234.44
4629,20.33,21.09,20.6,21.8,20.7,20.31,0.91,-16.28,18.88,6.2,1047.22
4630,18.83,22.14,18.1,23.1,21.04,18.93,1.44,2.94,21.21,10.71,1926.38
4631,20.63,22.97,20.6,23.05,20.67,21.26,2.82,9.17,25.47,4.67,3223.26
4632,19.16,23.03,20.41,21.7,22.75,20.29,2.65,-5.83,16.74,1.33,613.59
4633,20.14,20.51,21.28,22.8,20.04,18.3,1.94,-8.97,20.48,9.32,1721.34
4634,21.13,21.12,20.34,19.43,22.26,20.23,1.59,2.96,22.79,7.25,1320.12
4635,20.48,22.31,22.73,22.23,20.8,19.24,1.88,-4.74,24.12,7.57,2302.92
4636,17.99,22.71,21.22,20.4,21.39,20.85,2.29,15.74,19.69,8.14,2075.31
4637,21.26,22.61,21.93,23.36,22.14,21.95,2.08,-3.71,22.86,1.77,2124.59
4638,19.33,20.37,20.94,21.73,21.57,20.34,0.87,-1.36,21.63,6.66,1072.58
4639,20.06,22.31,21.75,21.93,22.28,20.67,0.82,3.65,23.99,7.73,1431.25
4640,20.44,22.15,20.21,22.0,22.02,20.58,1.79,-12.73,19.69,6.87,1091.45
4641,20.7,21.97,21.0,22.89,20.45,19.8,2.58,0.42,20.28,6.85,2221.84
4642,19.55,20.17,21.02,23.59,22.35,20.72,1.15,7.84,18.88,10.47,2582.82
4643,21.37,21.66,19.51,19.7,21.21,20.2,2.33,-0.57,19.5,8.32,1316.51
4644,21.49,22.03,19.27,19.73,20.98,17.6,0.57,-8.04,19.49,8.89,1394.5
4645,18.87,23.18,20.89,22.21,21.25,21.61,2.06,-3.04,18.51,6.53,1037.69
4646,21.39,22.34,21.48,23.99,22.33,20.63,1.37,-13.4,24.04,-0.68,1604.3
4647,20.78,21.9,20.02,22.96,19.76,19.99,0.33,-2.04,20.21,6.02,2028.41
4648,19.13,21.88,19.73,21.14,21.68,19.38,1.56,7.77,19.14,6.93,1478.03
4649,20.99,20.87,19.63,19.61,21.45,18.3,0.99,-4.37,19.3,6.42,1019.7
4650,18.93,20.0,20.61,24.3,21.96,20.02,1.78,4.89,17.21,6.77,2172.68
4651,20.14,22.52,19.94,23.14,22.25,20.58,2.33,-10.38,21.35,7.64,1224.14
4652,20.01,22.32,22.34,24.18,23.05,19.06,2.37,13.16,18.42,9.85,2857.34
4653,18.38,19.81,20.37,23.75,21.61,19.76,0.42,7.92,18.89,4.43,2464.72
4654,19.84,18.58,20.74,21.48,20.33,19.74,2.46,-3.45,22.51,6.38,2200.06
4655,19.84,21.74,19.51,19.35,21.69,20.03,2.33,-9.26,19.04,11.61,1967.34
4656,20.27,23.78,20.55,21.32,20.75,19.53,1.66,-3.56,21.03,2.14,676.75
4657,20.51,21.64,21.87,22.63,20.9,18.82,0.99,1.97,19.01,6.17,2158.69
4658,18.55,22.65,21.21,22.73,22.12,19.95,1.67,7.6,19.09,0.45,995.03
4659,21.05,19.8,19.0,23.63,22.12,21.16,3.29,-14.77,18.86,6.23,1161.62
4660,20.63,22.7,22.59,21.49,21.53,20.35,2.48,8.44,19.72,7.31,2654.51
4661,20.91,19.56,20.76,24.08,20.19,20.18,2.78,1.8,17.48,1.55,1921.43
4662,20.1,21.41,20.17,24.34,22.0,23.17,1.21,-8.14,21.68,7.63,1848.24
4663,18.93,21.74,19.63,23.02,20.46,20.68,1.57,-17.84,26.6,4.97,925.61
4664,20.58,20.3,18.0,21.7,21.18,21.75,0.96,0.96,21.32,10.24,2407.84
4665,17.67,21.46,20.66,22.9,22.51,20.25,1.47,1.54,18.32,8.43,1389.58
4666,19.91,20.31,20.2,22.45,22.66,21.66,3.09,-4.31,21.49,5.37,2033.36
4667,19.26,21.0,19.9,20.74,22.2,18.35,1.64,6.38,17.21,6.38,1318.7
4668,19.9,20.98,20.17,20.41,22.1,19.64,1.45,14.24,18.6,11.65,2674.44
4669,21.54,23.24,21.57,24.19,20.41,19.74,2.19,-2.8,19.22,6.65,1915.95
4670,18.92,20.49,21.02,22.29,20.43,18.51,1.54,-5.23,22.3,2.96,729.13
4671,20.7,22.58,19.69,22.64,22.06,20.47,2.07,12.02,21.54,3.57,1367.84
4672,20.63,22.77,21.38,21.61,23.26,20.97,1.55,-1.54,17.41,6.44,1005.89
4673,18.73,22.09,21.73,21.13,22.09,20.93,2.15,4.62,21.79,10.37,1951.48
4674,19.74,18.72,22.1,22.41,20.37,20.7,1.7,-4.25,19.0,5.53,1776.48
4675,20.87,21.81,21.37,21.58,21.98,19.31,1.11,7.98,21.34,3.72,1163.79
4676,20.2,17.61,19.39,21.84,20.02,20.1,2.84,-8.71,18.62,7.03,1512.66
4677,20.62,19.35,21.84,22.54,20.1,19.66,3.45,1.02,19.87,7.98,2247.68
4678,20.46,20.8,19.63,20.88,20.45,19.34,2.4,2.07,18.5,8.55,1447.23
4679,19.71,21.29,20.25,22.44,21.98,20.31,0.8,-1.28,19.88,1.9,646.55
4680,21.3,20.95,21.42,24.37,21.58,20.74,1.82,-4.45,17.84,7.95,1699.88
4681,20.91,22.01,21.26,20.69,22.36,20.63,2.2,12.55,18.44,7.78,1844.75
4682,20.64,23.55,20.42,23.7,20.54,20.83,0.65,5.66,18.85,5.68,2349.99
4683,20.27,20.75,20.45,21.5,20.15,18.46,1.57,-6.06,18.23,10.41,1687.13
4684,19.27,20.54,22.33,22.33,21.19,21.3,0.88,-13.19,19.34,8.36,1322.66
4685,22.06,19.9,20.51,21.98,21.12,18.87,1.18,10.35,20.25,4.43,2751.56
4686,20.81,20.92,20.11,18.43,19.85,19.79,2.27,-6.48,22.94,8.41,1363.51
4687,19.8,20.71,20.47,19.63,21.6,18.05,1.96,0.43,17.96,1.34,642.94
4688,19.07,20.06,21.78,22.01,19.56,19.6,1.12,0.64,18.11,5.57,1978.46
4689,19.44,21.03,18.8,21.93,21.65,20.15,1.95,2.0,20.15,5.77,1057.24
4690,20.43,20.5,20.57,22.57,20.47,20.48,1.71,-11.82,17.05,8.98,1196.31
4691,21.11,21.46,20.1,23.21,22.85,21.01,2.71,-2.44,20.58,16.12,2265.56
4692,19.95,22.97,19.06,23.06,20.57,18.74,0.34,-0.11,20.12,6.12,984.97
4693,22.49,23.44,20.62,21.79,20.15,20.14,1.41,-0.39,21.21,11.39,2345.4
4694,20.46,20.13,20.07,20.39,21.73,19.09,3.21,5.0,25.12,11.07,2159.0
4695,20.52,21.23,20.95,22.73,21.26,20.52,1.07,1.15,20.2,3.01,2166.56
4696,20.88,21.66,18.31,21.64,22.65,19.98,1.14,3.12,19.03,11.02,1976.71
4697,20.21,22.45,22.41,23.06,21.86,20.71,1.59,-4.19,22.11,4.89,2078.61
4698,19.81,21.93,21.76,23.9,20.51,19.5,3.02,11.95,20.06,7.03,2900.1
4699,21.13,20.69,21.4,22.67,21.56,21.63,2.32,-2.03,19.76,13.89,2160.44
4700,20.13,21.31,19.62,18.42,21.3,20.3,1.15,2.3,24.02,8.55,1498.67
4701,20.53,22.08,21.91,21.69,20.88,20.32,1.93,0.8,21.65,5.07,2338.65
4702,20.4,20.45,19.85,23.08,21.72,22.01,1.72,3.16,18.26,8.34,2203.56
4703,19.63,21.55,19.51,19.76,22.27,20.29,2.36,8.4,18.32,2.41,1089.28
4704,20.62,20.62,20.95,24.3,20.91,20.12,1.97,-5.89,17.57,10.19,1631.89
4705,19.75,23.1,21.08,21.9,20.92,20.12,2.16,5.78,17.99,5.07,1149.91
4706,19.86,20.71,22.12,22.2,22.9,21.04,1.74,5.16,22.48,-0.38,2572.51
4707,18.44,20.61,20.85,22.8,23.1,19.47,3.06,1.21,19.09,5.92,1035.67
4708,17.81,21.14,19.15,21.72,19.77,20.47,1.97,1.59,16.8,5.46,968.07
4709,20.27,21.94,20.61,22.48,22.84,21.34,1.5,-8.09,21.03,8.5,1807.8
4710,21.01,20.54,20.62,21.06,22.68,22.15,2.85,-2.38,20.43,3.54,2005.49
4711,20.28,22.8,20.99,23.44,22.92,19.17,2.47,-13.35,19.2,8.05,1268.48
4712,18.22,20.03,19.05,22.95,21.26,22.04,1.27,-2.14,18.85,4.96,1873.43
4713,19.5,19.2,22.49,22.07,22.02,19.15,-1.15,-0.44,20.12,6.79,2113.66
4714,20.62,21.1,20.62,22.17,21.06,20.04,2.43,-9.79,20.23,10.2,1668.55
4715,19.93,20.34,20.62,22.52,20.68,20.15,1.65,2.09,20.91,10.3,2444.96
4716,21.19,21.72,20.44,22.82,22.69,20.73,2.03,8.45,16.86,10.83,2436.35
4717,16.58,19.08,18.65,21.51,22.76,20.49,2.95,1.51,18.0,4.71,911.35
4718,20.03,20.96,19.66,20.02,22.45,20.49,1.24,-0.04,19.21,7.89,1233.01
4719,20.87,20.76,20.16,22.1,21.02,20.59,1.1,-3.68,17.58,8.02,1713.25
4720,20.22,20.67,19.25,22.18,21.65,20.28,0.88,2.6,21.07,10.76,1912.75
4721,21.12,20.48,20.92,21.95,21.75,20.44,3.76,-7.11,21.49,6.02,1884.07
4722,19.88,20.06,21.6,20.53,21.22,19.55,2.95,-16.88,18.9,2.53,687.71
4723,19.3,20.16,21.59,21.6,22.91,18.89,2.54,11.06,21.46,9.55,2110.33
4724,20.89,21.78,19.1,22.65,21.83,20.35,0.46,6.73,20.55,11.02,2687.68
4725,20.9,19.75,21.75,23.0,20.57,20.78,0.86,-7.69,20.56,7.95,1766.85
4726,18.61,20.46,20.07,21.48,21.02,19.84,2.56,-10.12,15.06,3.72,713.07
4727,20.61,21.2,21.54,22.48,21.69,22.03,2.32,0.74,19.7,13.5,2313.55
4728,20.93,21.01,19.94,20.78,22.58,21.85,1.78,0.45,18.92,7.36,2088.21
4729,19.86,21.84,23.14,23.17,22.2,20.21,0.92,5.71,19.8,5.02,2438.14
4730,20.96,19.06,19.76,22.48,21.28,21.8,2.84,-2.34,19.25,10.29,2024.44
4731,19.26,21.73,19.29,24.34,20.19,19.56,3.43,8.08,17.82,11.99,2546.92
4732,21.22,21.29,20.62,23.31,22.08,19.05,2.35,-1.52,19.42,2.18,1923.52
4733,20.43,22.22,20.66,23.05,22.94,20.05,1.4,8.49,19.27,8.61,1777.58
4734,21.63,20.46,19.87,21.0,22.15,21.37,3.22,-1.27,21.98,10.89,2376.94
4735,21.28,20.92,17.96,21.24,21.35,21.73,2.13,-6.05,19.81,6.69,1776.93
4736,20.77,22.86,20.08,22.48,21.63,20.41,3.3,-2.62,18.97,7.44,1182.35
4737,18.55,23.11,22.36,24.41,21.5,20.74,1.71,4.58,17.73,6.61,2202.39
4738,21.77,20.53,21.07,21.97,21.61,19.75,3.65,2.48,26.38,11.61,3058.02
4739,19.14,20.93,19.19,22.87,21.47,20.05,1.64,0.37,22.19,3.69,797.23
4740,19.58,20.47,19.76,21.88,22.31,19.38,1.47,-7.31,20.42,6.23,1011.18
4741,19.45,20.32,18.95,23.79,21.4,20.17,2.66,-0.42,17.43,13.45,2018.37
4742,20.78,20.16,22.54,21.74,21.39,19.63,1.94,-4.57,17.26,5.14,1580.16
4743,20.49,21.74,20.62,20.64,21.53,20.37,2.31,-4.75,23.74,2.38,717.88
4744,19.93,19.37,20.24,21.97,20.1,19.71,1.19,6.97,23.6,6.97,2933.57
4745,19.12,21.35,19.25,22.05,22.95,19.54,1.2,-5.36,20.65,10.24,1671.83
4746,18.8,19.82,21.25,23.4,22.06,19.73,1.69,-5.76,18.52,6.89,1664.96
4747,20.62,21.79,21.94,22.02,23.43,20.88,2.29,2.2,19.01,5.54,2172.01
4748,20.83,23.85,22.62,22.07,23.38,19.82,1.38,-6.41,18.41,8.5,1325.84
4749,18.65,21.76,18.83,20.59,21.6,19.7,2.86,-3.88,24.72,14.47,2769.62
4750,19.29,21.6,19.6,21.95,21.66,19.46,1.91,13.48,19.68,6.23,1683.93
4751,19.76,21.57,19.65,21.25,23.9,21.42,3.37,-1.17,21.78,13.22,2404.42
4752,19.03,18.93,20.17,22.39,19.97,18.25,1.16,4.73,22.09,8.24,1551.32
4753,18.92,21.91,20.92,24.47,21.0,21.48,2.27,17.61,17.66,4.41,2938.5
4754,18.97,20.08,20.61,23.18,20.88,19.3,2.37,1.4,20.24,11.99,2376.41
4755,20.48,22.53,21.22,22.56,20.78,20.72,2.22,3.67,19.53,5.95,2321.3
4756,20.46,21.87,18.85,19.47,20.81,19.09,1.96,2.19,22.85,2.33,815.62
4757,20.37,19.97,21.04,19.49,20.72,19.31,2.68,-2.28,21.33,7.88,1267.33
4758,17.65,19.9,19.1,22.79,21.87,20.74,1.01,0.88,19.98,5.6,972.81
4759,20.56,20.56,20.71,22.46,21.32,20.29,2.23,-1.25,20.38,12.44,2241.3
4760,19.67,21.03,19.46,21.51,21.58,18.89,1.21,-6.38,18.75,8.22,1280.73
4761,18.38,19.24,20.44,21.87,22.53,19.26,1.54,5.83,18.27,5.4,1184.08
4762,19.84,20.03,21.72,22.95,23.11,19.83,2.21,-12.67,18.62,9.61,1320.36
4763,20.57,20.92,20.76,20.15,20.66,21.06,2.76,0.05,21.11,7.01,1137.45
4764,18.18,19.5,20.13,23.29,23.98,21.33,0.9,-1.95,22.02,7.98,1270.15
4765,20.57,22.01,23.16,22.35,22.82,20.78,3.32,-7.25,21.4,-0.15,1739.16
4766,20.31,22.25,20.38,21.76,21.42,20.22,2.8,4.36,17.17,3.54,945.45
4767,20.05,21.08,21.82,23.29,22.33,21.34,2.03,-7.15,20.75,7.69,1825.68
4768,19.19,20.75,19.29,20.84,20.55,19.71,1.15,-2.85,21.36,3.15,729.7
4769,17.94,18.19,19.61,22.28,21.22,20.93,3.22,5.09,23.82,5.22,2828.92
4770,20.45,19.44,21.61,23.21,21.81,19.74,2.37,-13.48,17.57,9.78,1172.32
4771,21.16,22.96,21.03,22.35,21.83,19.02,2.37,7.54,22.36,8.55,1759.11
4772,19.31,19.04,20.34,23.37,21.17,18.93,1.46,-0.25,23.56,10.5,2569.15
4773,20.37,20.71,19.9,23.25,21.98,20.27,2.16,-2.16,18.0,7.04,1838.62
4774,20.27,21.86,21.08,21.45,19.85,18.58,1.5,-9.66,21.43,4.95,880.23
4775,19.53,22.0,22.5,23.32,22.01,22.09,2.97,0.63,16.95,11.24,1991.96
4776,21.82,20.88,19.34,22.21,22.07,21.05,2.99,0.17,20.03,7.14,2190.63
4777,19.8,21.53,19.21,22.74,19.29,19.59,1.88,3.83,18.1,3.79,940.49
4778,20.08,21.22,18.05,24.02,22.36,21.36,1.53,-3.29,21.5,11.9,2212.3
4779,20.31,21.42,21.81,21.17,21.69,20.71,2.63,-6.83,19.99,7.2,1765.03
4780,20.97,21.87,19.97,21.74,19.39,19.44,2.52,2.2,19.4,9.94,2301.49
4781,21.27,21.53,20.69,21.51,23.43,20.66,1.07,-4.04,21.35,7.89,1249.72
4782,20.53,22.02,22.39,22.98,20.82,20.76,1.77,3.53,18.44,9.93,2277.32
4783,20.2,21.13,21.5,20.88,20.85,19.56,3.75,-7.22,20.13,8.93,1444.53
4784,18.99,20.85,19.57,21.34,22.9,20.65,1.99,5.56,21.53,6.09,1290.73
4785,18.58,18.87,18.63,22.74,20.28,19.7,2.19,10.43,19.43,5.91,1492.83
4786,19.73,21.45,20.35,21.16,22.11,20.89,2.44,-1.17,20.35,9.14,1468.53
4787,19.77,20.53,20.16,20.42,23.3,20.48,1.55,9.44,19.58,7.35,1628.87
4788,21.35,21.36,20.01,22.03,22.9,21.03,2.61,5.27,23.17,6.98,2804.62
4789,19.34,22.31,19.87,22.58,19.92,18.89,2.3,2.36,23.13,5.7,1099.09
4790,20.0,21.03,21.26,22.12,22.23,20.68,2.9,-0.09,19.92,6.2,2143.58
4791,18.43,19.81,19.05,22.43,21.04,20.59,0.65,-3.81,19.85,2.47,673.94
4792,19.47,19.87,19.27,21.29,21.08,20.73,2.28,8.38,18.16,8.53,1754.5
4793,19.87,20.79,20.23,22.12,21.61,19.0,2.17,6.97,25.17,5.08,1280.86
4794,18.18,21.88,22.31,21.43,20.78,18.07,0.87,-7.32,21.72,7.33,1164.67
4795,22.6,21.61,21.7,21.13,22.89,21.92,1.79,0.81,21.98,6.81,2404.77
4796,21.71,20.89,20.87,20.96,22.81,18.55,2.32,-5.7,23.16,7.59,1234.07
4797,19.87,21.51,20.04,22.03,20.96,18.98,2.04,3.33,19.99,7.1,1295.15
4798,21.12,22.22,19.75,25.06,20.46,18.56,1.98,5.24,19.55,8.37,2461.44
4799,21.89,19.85,20.86,24.08,20.13,22.48,1.99,-10.94,23.32,4.37,1788.07
4800,21.8,21.14,19.98,23.38,21.6,21.79,1.63,-0.58,19.03,6.78,2024.92
4801,19.78,19.76,21.71,23.47,22.29,20.09,3.6,2.97,19.72,7.09,2332.92
4802,17.96,22.83,21.14,21.99,20.82,18.77,2.26,0.64,20.72,4.42,861.35
4803,18.81,21.81,19.93,21.58,21.49,19.77,2.25,12.49,18.02,4.06,1393.95
4804,21.28,21.81,18.79,20.62,20.27,19.14,0.94,-11.01,21.76,5.3,910.54
4805,18.15,19.77,20.35,20.72,21.82,19.77,1.75,9.49,21.22,7.52,1673.69
4806,20.28,20.56,19.27,21.97,20.84,20.42,1.58,-6.18,19.03,3.74,1626.82
4807,19.62,21.1,20.98,21.39,20.38,18.09,1.98,-15.0,22.57,9.83,1618.05
4808,19.5,21.2,21.38,23.06,21.93,20.15,1.74,2.24,17.86,5.16,2045.95
4809,20.02,20.23,19.48,23.97,20.96,19.63,1.51,-0.88,19.36,6.98,2042.04
4810,19.94,21.29,21.27,21.89,21.48,21.53,1.82,0.65,23.32,9.01,2573.79
4811,19.59,20.75,19.88,22.28,21.82,19.76,1.13,3.65,19.82,2.58,864.1
4812,20.6,21.51,19.74,23.96,21.45,21.62,2.48,3.85,17.32,11.09,2212.9
4813,18.43,20.26,19.29,22.56,21.35,20.5,2.64,-3.72,20.58,4.35,825.58
4814,18.94,20.94,19.75,23.7,22.4,20.39,2.4,5.68,19.53,10.98,2116.2
4815,19.83,21.85,20.75,22.16,22.05,17.53,2.68,-14.12,21.17,8.56,1376.78
4816,19.8,22.23,20.95,23.03,20.72,19.7,2.63,-0.66,22.41,1.59,679.56
4817,20.13,19.78,18.57,20.44,20.87,20.76,0.97,7.91,19.95,6.55,1439.11
4818,19.48,20.87,20.23,21.82,22.16,20.94,3.19,2.0,15.84,4.65,906.82
4819,20.96,21.23,20.21,24.05,22.75,20.07,2.7,0.35,21.24,11.92,2414.25
4820,20.29,21.68,21.71,22.91,21.02,20.17,0.47,-2.41,18.16,7.63,1833.97
4821,18.86,20.03,19.56,22.42,23.17,20.88,1.39,2.43,21.14,1.19,766.4
4822,20.61,20.31,19.57,23.74,22.62,21.82,1.01,-1.96,21.9,10.79,2301.72
4823,19.66,22.23,20.57,19.14,19.75,21.85,2.35,4.39,22.34,8.65,1618.45
4824,21.75,20.81,21.83,21.47,21.68,19.83,1.57,-3.64,21.86,8.25,2154.61
4825,21.31,20.41,20.2,22.73,21.45,21.22,2.02,10.68,19.48,7.07,2755.52
4826,18.91,19.3,19.62,19.99,21.54,19.29,3.39,3.83,19.85,2.74,904.98
4827,20.69,22.3,22.51,21.58,20.42,18.34,3.16,12.69,20.96,11.74,2660.21
4828,19.17,19.18,20.95,21.63,20.19,18.92,1.23,-2.72,21.79,6.28,1030.19
4829,20.26,20.55,20.21,22.38,23.47,20.52,2.37,8.57,18.19,11.32,2587.63
4830,19.13,22.01,19.99,21.47,20.98,20.16,3.46,-8.86,22.02,7.04,1156.97
4831,19.55,21.13,22.21,22.49,21.01,17.67,1.27,5.05,16.75,6.43,1246.11
4832,19.62,20.95,19.08,21.24,23.1,19.53,2.77,-0.81,16.3,1.81,625.94
4833,20.06,20.22,19.95,19.93,20.56,20.33,1.87,0.83,17.03,4.88,870.0
4834,20.93,21.98,20.5,21.19,21.68,19.64,1.25,5.11,21.16,10.97,2088.26
4835,20.52,19.2,19.23,21.9,21.68,19.64,3.21,5.2,21.37,9.16,2670.76
4836,21.5,22.24,19.39,20.94,20.84,19.77,1.66,5.87,20.5,8.57,1654.61
4837,21.02,21.15,21.49,20.53,21.6,20.18,1.88,2.46,18.98,8.78,2245.27
4838,20.17,21.81,20.59,23.43,20.81,19.83,1.72,3.79,21.06,7.01,2495.41
4839,19.65,20.25,20.27,21.52,24.2,21.09,2.84,-1.55,18.78,5.59,934.51
4840,20.81,20.32,20.71,23.82,21.85,21.07,2.79,-4.51,19.44,4.6,1797.14
4841,20.01,22.73,20.14,20.72,22.41,18.95,1.41,1.17,18.47,5.63,977.93
4842,19.56,20.79,21.41,20.47,22.78,18.57,2.09,-15.02,21.43,7.42,1191.71
4843,19.24,20.4,18.56,21.59,20.37,20.36,2.3,2.93,18.95,4.69,981.33
4844,21.0,21.85,21.59,19.92,20.53,20.19,2.78,6.09,20.88,7.05,1441.5
4845,19.63,22.0,20.54,20.7,21.01,18.5,1.51,4.34,20.26,7.24,1365.07
4846,21.48,21.04,23.41,24.53,21.39,18.57,3.11,-4.28,23.57,6.45,2263.79
4847,20.57,20.3,21.86,21.06,22.09,19.23,2.65,-14.31,20.23,2.07,1235.67
4848,18.61,20.21,21.57,21.14,22.03,18.46,1.24,4.59,22.75,3.85,1022.9
4849,21.87,21.29,21.2,22.35,21.22,20.47,2.39,-5.52,21.78,6.51,2006.02
4850,21.38,20.73,22.52,24.01,21.83,20.54,2.39,-9.01,17.95,0.59,1296.53
4851,20.19,21.18,21.95,18.7,20.7,20.78,1.43,6.64,19.0,10.08,1955.46
4852,19.47,20.53,20.75,23.48,20.93,18.46,2.34,-9.49,19.55,10.9,1630.32
4853,20.27,21.68,20.14,20.54,20.57,19.64,2.0,-1.2,21.21,9.56,1550.05
4854,20.36,22.48,20.81,21.84,22.34,19.86,0.77,12.44,21.71,7.85,1867.54
4855,22.24,20.62,20.08,24.14,22.09,20.75,-0.56,-4.67,21.44,3.3,1927.75
4856,19.82,21.21,20.78,21.43,21.18,20.42,3.64,-7.46,18.55,7.92,1253.79
4857,18.42,20.13,20.19,22.49,22.62,20.02,1.9,3.55,20.05,11.21,2058.85
4858,19.38,21.18,19.4,20.31,21.12,20.16,2.09,2.29,19.26,3.6,862.7
4859,21.05,20.99,21.25,21.88,22.69,21.77,1.18,-11.6,20.84,14.66,1699.0
4860,19.57,19.77,18.56,20.97,19.9,19.33,1.52,0.37,17.07,9.45,1500.38
4861,19.88,20.83,21.44,22.74,22.57,21.79,3.73,8.25,20.04,3.82,2618.43
4862,18.76,20.93,20.26,21.1,22.37,20.29,3.93,9.8,16.84,3.97,1257.39
4863,20.71,21.64,20.14,22.89,21.44,20.09,0.52,-1.82,18.02,5.48,1813.46
4864,19.61,20.32,20.14,19.59,21.21,20.79,2.05,3.47,23.65,6.84,1301.32
4865,21.52,22.35,20.2,25.56,21.3,21.15,3.49,3.79,23.79,5.87,2765.0
4866,19.01,20.16,20.3,21.76,21.11,20.43,2.16,7.06,18.82,-1.4,987.37
4867,18.19,19.84,19.99,23.76,18.58,19.09,2.55,-0.64,21.1,3.09,2165.95
4868,21.53,21.49,20.75,24.11,21.1,21.21,1.86,9.07,21.08,6.98,2815.18
4869,20.85,19.9,19.59,20.71,20.81,19.08,2.41,-5.11,23.02,7.57,1231.34
4870,18.58,19.56,21.78,21.84,20.79,18.58,3.16,5.46,20.59,9.71,1855.96
4871,19.82,22.28,19.9,24.11,21.01,19.09,2.42,-7.01,18.09,5.0,860.35
4872,22.48,22.69,20.86,24.6,23.54,19.87,1.03,-12.53,18.5,7.45,1263.81
4873,18.59,22.35,20.18,21.5,21.05,19.38,1.5,4.29,20.9,7.03,1336.65
4874,21.69,21.5,20.8,22.07,21.8,21.53,2.62,20.69,16.73,4.49,3036.56
4875,21.07,22.52,22.32,23.73,22.77,19.76,1.95,2.24,16.92,8.86,2027.24
4876,20.84,20.82,19.37,21.6,22.24,20.33,1.56,-1.46,21.86,8.44,1350.41
4877,19.53,21.06,20.77,24.41,21.44,18.71,1.13,8.69,26.16,13.95,3433.39
4878,18.14,19.5,19.44,21.42,20.0,18.26,1.2,-3.11,18.87,10.2,1646.86
4879,19.21,21.45,20.72,19.48,20.77,20.26,1.43,-12.35,19.76,2.36,672.3
4880,20.11,19.96,18.99,21.91,20.79,20.32,2.37,6.6,19.92,9.8,2611.68
4881,21.75,21.0,21.16,22.29,22.63,20.08,1.59,10.88,20.58,2.71,2787.37
4882,20.15,21.02,19.88,22.06,21.84,19.22,2.14,0.9,18.44,11.42,1958.34
4883,19.31,21.71,19.84,20.77,20.29,20.32,2.13,2.19,19.88,6.12,1109.17
4884,20.21,20.7,19.46,20.47,20.2,18.3,2.62,-4.26,21.75,7.95,1279.45
4885,19.46,21.88,20.4,23.55,23.44,20.16,1.34,-1.14,18.96,10.94,1805.68
4886,20.07,21.6,20.87,24.15,21.89,21.21,3.29,1.56,20.11,8.41,2310.14
4887,20.46,20.03,20.77,20.51,21.46,20.25,0.59,0.31,22.28,9.44,1541.02
4888,19.67,20.32,20.41,23.74,19.91,18.37,1.74,0.25,20.02,5.05,2142.01
4889,21.02,20.24,21.39,21.58,20.64,17.97,1.66,-21.99,17.22,4.2,508.87
4890,18.22,22.34,19.87,23.43,22.43,19.54,1.37,1.15,16.0,7.08,1135.04
4891,19.58,21.85,20.57,21.83,19.83,19.82,0.24,-9.29,17.92,8.98,1389.33
4892,19.36,21.29,20.59,21.41,19.71,19.35,2.97,3.33,22.61,6.7,1274.01
4893,20.96,21.12,20.23,22.55,19.94,19.94,2.66,7.4,19.57,11.93,2670.92
4894,18.44,20.43,21.13,21.7,20.74,19.45,2.4,3.92,20.8,8.7,1588.2
4895,18.89,21.48,22.16,21.82,19.34,20.05,1.42,-8.04,22.87,6.09,1016.26
4896,20.59,20.6,19.98,22.27,20.32,20.66,1.6,-5.84,17.73,6.53,1575.69
4897,20.46,19.37,22.05,22.83,22.61,20.5,1.73,-0.47,26.22,5.35,2723.07
4898,19.19,19.0,22.03,20.52,22.32,19.86,1.81,5.97,19.88,8.42,1631.07
4899,19.74,23.06,20.36,23.04,22.02,19.83,2.64,6.96,21.19,5.82,1329.12
4900,18.62,22.25,21.44,21.0,22.64,21.34,1.6,2.52,18.72,7.6,1310.53
4901,20.2,21.57,20.69,21.44,21.27,22.96,1.31,-6.75,18.24,11.59,1668.58
4902,21.98,21.62,20.59,20.44,21.05,19.33,2.12,8.22,20.14,8.37,1739.0
4903,19.89,20.79,20.68,21.42,20.54,20.43,2.03,-0.18,18.9,6.85,2041.72
4904,20.21,20.97,20.64,21.67,22.02,21.38,2.4,-2.78,20.27,6.34,2015.82
4905,20.01,21.62,20.13,21.32,20.82,21.29,3.11,-3.41,16.23,10.96,1795.6
4906,20.11,20.61,21.66,23.99,23.2,19.34,1.67,-10.65,17.51,8.17,1296.18
4907,19.96,21.31,21.17,23.75,20.9,20.47,2.75,7.7,19.07,9.27,2586.45
4908,21.01,19.81,20.66,21.68,20.79,19.42,2.11,-0.88,17.92,5.26,1870.54
4909,20.48,21.54,20.38,22.67,18.92,19.38,2.82,-4.85,27.22,3.01,2523.92
4910,20.61,21.48,21.66,21.31,21.88,21.56,2.99,4.25,20.46,10.85,2553.0
4911,20.15,21.39,21.06,21.5,20.66,19.74,1.39,5.51,20.63,10.2,1940.79
4912,20.27,19.61,20.34,21.02,21.62,20.23,3.58,-12.13,18.01,3.83,1190.98
4913,20.34,20.45,20.27,23.03,21.73,20.61,2.14,10.85,18.73,9.51,2740.95
4914,20.77,20.93,20.01,21.06,21.06,19.87,1.08,15.55,19.1,11.11,2617.69
4915,19.34,21.35,20.37,20.07,20.76,21.99,1.09,0.71,22.53,5.83,1013.63
4916,19.76,21.05,20.36,22.69,20.21,17.43,3.18,1.68,17.43,6.86,1165.2
4917,20.94,20.6,20.87,22.39,21.83,19.64,3.05,16.75,19.41,12.74,3236.91
4918,22.8,22.36,21.11,20.77,24.02,19.14,2.88,-7.65,20.99,10.79,1807.34
4919,19.3,22.83,21.57,23.0,21.22,20.45,1.57,-3.65,15.94,4.8,807.05
4920,17.76,20.94,20.85,23.27,22.79,20.03,1.7,4.07,17.01,5.08,1052.86
4921,20.05,20.12,19.19,20.72,20.63,18.6,0.74,8.03,17.45,6.31,1383.98
4922,20.49,21.67,20.17,21.14,20.65,21.5,1.77,0.27,19.72,7.79,2167.55
4923,19.76,20.28,17.97,22.93,23.3,21.23,2.14,-5.7,19.19,8.59,1357.47
4924,17.87,20.92,21.52,22.29,22.21,19.71,3.2,9.02,22.04,3.25,1212.32
4925,21.77,22.09,20.13,20.8,22.21,22.18,1.78,-0.05,16.09,5.17,1730.68
4926,19.69,21.71,20.67,20.93,23.1,18.67,1.73,0.01,19.27,1.39,635.21
4927,21.17,21.23,20.81,23.11,22.32,20.74,2.23,6.51,22.59,9.29,2863.79
4928,19.91,20.18,21.23,20.35,22.78,22.06,2.68,10.54,17.16,7.16,1639.41
4929,20.82,23.0,20.38,19.41,22.61,21.69,3.24,1.68,19.85,6.34,1120.52
4930,19.86,21.01,19.39,22.49,20.62,18.87,1.44,3.35,21.65,5.72,1130.13
4931,20.11,22.01,21.81,22.97,21.58,19.94,1.86,7.32,23.12,6.52,2905.79
4932,18.83,19.92,21.53,24.35,19.93,19.81,2.11,-1.58,17.72,8.22,1868.19
4933,19.83,20.39,19.54,22.37,18.87,22.16,1.79,-3.84,20.85,3.43,1946.14
4934,19.19,21.19,20.94,21.4,20.94,20.28,1.5,-2.57,20.17,4.79,852.03
4935,19.87,21.93,19.49,21.14,21.2,17.51,1.79,-6.44,18.1,3.95,759.15
4936,21.0,19.78,20.16,23.6,22.29,19.3,1.03,-7.61,17.76,-0.71,1319.84
4937,20.22,22.42,20.66,22.49,21.98,21.12,1.52,15.55,17.7,12.34,2970.42
4938,19.48,21.16,21.05,24.37,21.32,20.66,1.01,-6.26,29.12,9.04,2730.35
4939,20.68,20.26,21.11,23.0,23.28,20.33,2.01,1.9,22.6,4.56,2490.36
4940,18.73,20.29,20.58,21.4,21.77,20.61,1.69,-0.6,20.22,7.72,1219.01
4941,19.02,18.81,18.68,20.02,21.92,20.82,1.56,7.34,18.46,3.51,1094.07
4942,21.31,20.84,18.76,21.17,21.42,20.23,2.01,0.81,21.25,8.5,1401.75
4943,21.73,21.56,20.58,20.29,23.32,21.5,0.02,9.71,17.78,14.21,3086.24
4944,19.9,22.49,21.28,22.48,21.27,19.73,1.75,-0.91,20.75,9.86,1603.06
4945,19.69,22.43,19.94,21.27,22.6,19.74,2.16,1.72,21.84,1.06,742.32
4946,20.77,21.71,20.7,23.96,21.45,22.19,2.78,5.26,19.76,2.4,2372.84
4947,21.88,21.37,20.37,23.26,22.8,20.64,2.49,1.39,18.92,2.54,2054.47
4948,20.36,21.37,20.8,19.22,21.28,18.47,3.02,3.69,19.08,5.74,1139.83
4949,19.78,21.18,20.27,20.49,21.97,21.25,0.85,1.99,22.13,6.8,1196.21
4950,19.78,20.24,21.27,22.9,22.44,20.39,2.84,-9.9,19.99,11.23,1663.46
4951,20.33,21.26,20.25,21.21,22.0,20.73,2.24,5.36,23.7,2.93,1016.24
4952,19.43,21.67,21.14,23.64,22.05,20.13,1.57,8.24,16.73,7.07,2330.06
4953,21.37,22.14,20.68,21.82,22.34,19.49,2.09,-0.91,17.69,-0.91,609.97
4954,19.35,21.55,20.85,19.93,20.4,19.17,4.5,-1.44,20.25,3.91,804.8
4955,21.79,22.16,19.84,20.79,19.26,19.26,2.12,2.05,21.01,2.98,827.09
4956,20.79,21.48,20.8,22.98,20.6,19.61,2.06,13.62,19.95,0.58,2850.52
4957,18.51,20.58,22.16,21.6,22.33,19.22,2.69,-1.99,23.11,9.28,1521.0
4958,21.21,22.66,20.37,23.27,21.2,21.12,1.82,4.36,18.28,5.04,2213.78
4959,19.26,22.54,21.1,20.86,21.89,18.56,1.37,-1.22,20.12,7.54,1185.72
4960,20.58,19.4,20.38,21.57,22.39,21.53,3.12,4.18,22.39,2.85,2581.84
4961,20.85,20.58,19.88,21.64,22.86,19.95,0.85,-8.93,24.0,10.53,1756.53
4962,21.46,22.97,21.24,20.0,21.24,21.07,2.03,12.57,19.68,4.14,1419.43
4963,21.57,20.02,19.82,22.82,21.77,20.86,1.95,2.57,26.27,10.34,3010.75
4964,22.37,21.28,19.06,20.61,21.47,19.65,1.33,-1.95,20.27,10.22,1664.5
4965,20.1,18.93,20.53,22.45,20.99,18.7,0.95,-1.76,23.8,7.77,2445.75
4966,20.64,20.58,19.05,20.24,20.48,20.89,1.9,1.95,19.41,8.06,1362.78
4967,21.08,22.16,19.29,22.41,22.26,20.51,2.29,14.02,19.78,3.96,1484.03
4968,20.55,19.26,20.24,23.14,22.73,20.48,2.84,10.83,22.58,2.14,2983.62
4969,20.99,19.84,21.53,22.84,22.01,20.17,1.38,-1.88,21.8,7.57,2237.33
4970,19.45,19.66,21.0,21.93,21.8,19.72,1.37,0.66,20.05,7.65,2216.14
4971,19.09,21.42,20.67,23.75,21.54,20.13,3.22,1.01,18.1,5.87,2024.17
4972,19.71,22.79,20.05,23.09,22.5,19.34,1.63,-13.66,26.12,4.54,877.79
4973,20.02,20.82,19.59,22.39,20.63,17.76,1.73,-1.61,19.54,4.41,813.13
4974,18.73,19.36,18.84,21.13,20.47,21.35,2.98,1.47,20.23,2.56,777.58
4975,19.02,19.52,22.36,20.54,20.92,19.67,0.68,-6.35,16.57,9.87,1547.75
4976,19.45,21.14,21.33,23.2,22.17,20.74,1.04,12.09,18.99,4.91,2738.27
4977,20.6,21.89,20.22,21.91,20.74,20.41,3.11,-7.88,21.95,4.16,1840.41
4978,20.83,22.19,20.54,24.06,21.61,21.71,1.52,-7.11,19.8,8.89,1750.91
4979,21.37,20.82,20.95,21.01,22.45,19.78,1.57,4.84,26.19,5.42,3038.68
4980,20.32,19.7,20.4,19.68,21.16,20.26,1.64,1.95,20.68,5.21,995.69
4981,20.28,20.61,20.21,22.95,21.87,19.82,1.74,-3.17,18.93,10.39,1933.32
4982,19.91,20.29,20.2,21.71,21.89,19.9,1.63,7.05,23.83,3.55,1137.37
4983,20.37,22.19,21.02,24.71,21.55,20.92,2.11,1.71,25.67,3.72,2770.27
4984,18.97,22.14,19.67,20.87,21.39,19.77,3.0,12.94,22.98,1.32,1326.33
4985,21.01,19.42,19.96,22.41,21.65,23.17,1.36,-12.45,20.36,6.92,1448.74
4986,19.73,21.38,21.14,23.93,20.79,20.62,1.53,-3.65,19.72,5.23,1878.21
4987,20.11,21.64,19.44,22.68,21.03,20.64,2.03,11.58,17.05,12.58,2675.58
4988,18.89,20.46,20.23,23.24,22.46,20.27,3.26,3.36,20.81,5.22,1086.57
4989,19.96,20.2,20.31,20.04,21.72,18.45,1.76,-0.74,20.9,8.95,1430.34
4990,20.74,20.11,18.5,20.91,21.11,21.97,1.28,-2.82,17.92,4.39,1727.41
4991,17.81,21.59,20.13,20.65,20.79,20.75,0.38,2.45,20.24,9.45,1627.64
4992,22.68,21.01,19.2,19.02,21.06,21.41,1.39,-8.01,22.47,11.36,2010.65
4993,20.07,22.08,19.93,23.39,23.32,21.24,1.31,-10.04,19.53,5.43,1475.48
4994,19.25,21.07,18.8,21.09,23.24,19.63,1.05,3.94,20.75,6.49,1243.07
4995,20.02,20.75,18.42,21.15,21.11,18.86,2.06,5.99,16.43,6.35,1292.02
4996,19.7,21.09,20.23,22.88,21.85,20.86,1.79,6.59,24.1,7.81,2984.79
4997,19.95,21.07,19.78,23.12,22.69,21.49,3.14,-3.01,18.78,9.97,1935.67
4998,19.78,20.25,18.57,21.95,22.2,21.05,2.17,-3.28,19.5,5.13,883.59
4999,22.02,23.14,21.01,21.05,22.02,21.75,2.81,-0.02,20.61,10.15,2296.5
5000,20.52,20.64,19.42,21.16,22.53,20.84,1.86,-6.95,19.69,7.61,1200.83
